source,backend,test_id,test_mode,outcome,parity,provenance,has_output_hash,has_ref_output_hash,reverie_sha_known,hermit_sha
scorecard.csv,ptrace,applications/timed-progress-bar,verify,pass,1,ci-enforced-measured,True,False,False,9429005ca04b6ae0b3d0aedbdc18969f3b770603
scorecard.csv,sabre,applications/timed-progress-bar,verify,unavailable,,ci-enforced-unhashed,False,False,False,9429005ca04b6ae0b3d0aedbdc18969f3b770603
scorecard.csv,dbi,c-programs/add-key-enosys,verify,pass,1,ci-enforced-measured,True,False,False,9429005ca04b6ae0b3d0aedbdc18969f3b770603
scorecard.csv,dbi,c-programs/cachestat-enosys,verify,pass,1,ci-enforced-measured,True,False,False,9429005ca04b6ae0b3d0aedbdc18969f3b770603
scorecard.csv,dbi,c-programs/futex-waitv-enosys,verify,pass,1,ci-enforced-measured,True,False,False,9429005ca04b6ae0b3d0aedbdc18969f3b770603
scorecard.csv,dbi,c-programs/get-robust-list-self,verify,pass,1,ci-enforced-measured,True,False,False,9429005ca04b6ae0b3d0aedbdc18969f3b770603
scorecard.csv,dbi,c-programs/ioctl-fioclex,verify,pass,1,ci-enforced-measured,True,False,False,9429005ca04b6ae0b3d0aedbdc18969f3b770603
scorecard.csv,dbi,c-programs/kcmp-eperm,verify,pass,1,ci-enforced-measured,True,False,False,9429005ca04b6ae0b3d0aedbdc18969f3b770603
scorecard.csv,dbi,c-programs/keyctl-enosys,verify,pass,1,ci-enforced-measured,True,False,False,9429005ca04b6ae0b3d0aedbdc18969f3b770603
scorecard.csv,dbi,c-programs/listmount-enosys,verify,pass,1,ci-enforced-measured,True,False,False,9429005ca04b6ae0b3d0aedbdc18969f3b770603
scorecard.csv,ptrace,c-programs/add-key-enosys,verify,pass,1,ci-enforced-measured,True,False,False,9429005ca04b6ae0b3d0aedbdc18969f3b770603
scorecard.csv,ptrace,c-programs/cachestat-enosys,verify,pass,1,ci-enforced-measured,True,False,False,9429005ca04b6ae0b3d0aedbdc18969f3b770603
scorecard.csv,ptrace,c-programs/futex-waitv-enosys,verify,pass,1,ci-enforced-measured,True,False,False,9429005ca04b6ae0b3d0aedbdc18969f3b770603
scorecard.csv,ptrace,c-programs/get-robust-list-self,verify,pass,1,ci-enforced-measured,True,False,False,9429005ca04b6ae0b3d0aedbdc18969f3b770603
scorecard.csv,ptrace,c-programs/ioctl-fioclex,verify,pass,1,ci-enforced-measured,True,False,False,9429005ca04b6ae0b3d0aedbdc18969f3b770603
scorecard.csv,ptrace,c-programs/kcmp-eperm,verify,pass,1,ci-enforced-measured,True,False,False,9429005ca04b6ae0b3d0aedbdc18969f3b770603
scorecard.csv,ptrace,c-programs/keyctl-enosys,verify,pass,1,ci-enforced-measured,True,False,False,9429005ca04b6ae0b3d0aedbdc18969f3b770603
scorecard.csv,ptrace,c-programs/listmount-enosys,verify,pass,1,ci-enforced-measured,True,False,False,9429005ca04b6ae0b3d0aedbdc18969f3b770603
scorecard.csv,sabre,c-programs/get-robust-list-self,verify,unavailable,,ci-enforced-unhashed,False,False,False,9429005ca04b6ae0b3d0aedbdc18969f3b770603
scorecard.csv,sabre,c-programs/ioctl-fioclex,verify,unavailable,,ci-enforced-unhashed,False,False,False,9429005ca04b6ae0b3d0aedbdc18969f3b770603
scorecard.csv,sabre,c-programs/kcmp-eperm,verify,unavailable,,ci-enforced-unhashed,False,False,False,9429005ca04b6ae0b3d0aedbdc18969f3b770603
scorecard.csv,ptrace,data-handling/archive-roundtrip,verify,pass,,ci-enforced-unhashed,False,False,False,9429005ca04b6ae0b3d0aedbdc18969f3b770603
scorecard.csv,ptrace,data-handling/shell-pipeline,verify,pass,,ci-enforced-unhashed,False,False,False,9429005ca04b6ae0b3d0aedbdc18969f3b770603
scorecard.csv,sabre,data-handling/archive-roundtrip,verify,unavailable,,ci-enforced-unhashed,False,False,False,9429005ca04b6ae0b3d0aedbdc18969f3b770603
scorecard.csv,ptrace,determinism-stress/order-violation,chaos,pass,1,ci-enforced-measured,True,False,False,9429005ca04b6ae0b3d0aedbdc18969f3b770603
scorecard.csv,ptrace,determinism-stress/order-violation,verify,pass,1,ci-enforced-measured,True,False,False,9429005ca04b6ae0b3d0aedbdc18969f3b770603
scorecard.csv,ptrace,determinism-stress/process-chains,verify,pass,,ci-enforced-unhashed,False,False,False,9429005ca04b6ae0b3d0aedbdc18969f3b770603
scorecard.csv,ptrace,determinism-stress/thread-contention,verify,pass,,ci-enforced-unhashed,False,False,False,9429005ca04b6ae0b3d0aedbdc18969f3b770603
scorecard.csv,ptrace,determinism-stress/thread-output,verify,pass,1,ci-enforced-measured,True,False,False,9429005ca04b6ae0b3d0aedbdc18969f3b770603
scorecard.csv,ptrace,determinism-stress-c/producer-consumer,verify,pass,1,ci-enforced-measured,True,False,False,9429005ca04b6ae0b3d0aedbdc18969f3b770603
scorecard.csv,ptrace,language-runtimes/bash-loop-pipe-time,verify,pass,1,ci-enforced-measured,True,False,False,9429005ca04b6ae0b3d0aedbdc18969f3b770603
scorecard.csv,ptrace,language-runtimes/gawk-random,verify,pass,1,ci-enforced-measured,True,False,False,9429005ca04b6ae0b3d0aedbdc18969f3b770603
scorecard.csv,ptrace,language-runtimes/perl-io-subprocess-time,verify,pass,1,ci-enforced-measured,True,False,False,9429005ca04b6ae0b3d0aedbdc18969f3b770603
scorecard.csv,ptrace,language-runtimes/python-hash-determinism,verify,pass,1,ci-enforced-measured,True,False,False,9429005ca04b6ae0b3d0aedbdc18969f3b770603
scorecard.csv,ptrace,language-runtimes/python-io-subprocess-time,verify,pass,1,ci-enforced-measured,True,False,False,9429005ca04b6ae0b3d0aedbdc18969f3b770603
scorecard.csv,ptrace,language-runtimes/python-random,verify,pass,1,ci-enforced-measured,True,False,False,9429005ca04b6ae0b3d0aedbdc18969f3b770603
scorecard.csv,ptrace,system-utils/clock-determinism,custom,pass,1,ci-enforced-measured,True,False,False,9429005ca04b6ae0b3d0aedbdc18969f3b770603
scorecard.csv,ptrace,system-utils/clock-determinism,verify,pass,1,ci-enforced-measured,True,False,False,9429005ca04b6ae0b3d0aedbdc18969f3b770603
scorecard.csv,ptrace,system-utils/date-nanoseconds,verify,pass,1,ci-enforced-measured,True,False,False,9429005ca04b6ae0b3d0aedbdc18969f3b770603
scorecard.csv,ptrace,system-utils/openssl-passwd,verify,pass,1,ci-enforced-measured,True,False,False,9429005ca04b6ae0b3d0aedbdc18969f3b770603
scorecard.csv,ptrace,system-utils/random-device,verify,pass,1,ci-enforced-measured,True,False,False,9429005ca04b6ae0b3d0aedbdc18969f3b770603
scorecard.csv,ptrace,system-utils/record-getpid,replay,pass,1,ci-enforced-measured,True,False,False,9429005ca04b6ae0b3d0aedbdc18969f3b770603
scorecard.csv,ptrace,system-utils/record-getpid,verify,pass,1,ci-enforced-measured,True,False,False,9429005ca04b6ae0b3d0aedbdc18969f3b770603
scorecard.csv,ptrace,system-utils/ssh-keygen-ed25519,verify,pass,1,ci-enforced-measured,True,False,False,9429005ca04b6ae0b3d0aedbdc18969f3b770603
scorecard.csv,sabre,system-utils/date-nanoseconds,verify,unavailable,,ci-enforced-unhashed,False,False,False,9429005ca04b6ae0b3d0aedbdc18969f3b770603
scorecard.csv,sabre,system-utils/random-device,verify,unavailable,,ci-enforced-unhashed,False,False,False,9429005ca04b6ae0b3d0aedbdc18969f3b770603
scorecard.csv,ptrace,backend-parity-spst/hello_stdout,verify,pass,1,gap-probe-not-in-ci,True,False,True,464cbd9f9bb43d5505c914783819e1d349630283
scorecard.csv,liteinst,backend-parity-spst/hello_stdout,verify,pass,1,gap-probe-not-in-ci,True,False,True,464cbd9f9bb43d5505c914783819e1d349630283
scorecard.csv,ptrace,backend-parity-spst/argument_forwarding,verify,pass,1,gap-probe-not-in-ci,True,False,True,464cbd9f9bb43d5505c914783819e1d349630283
scorecard.csv,liteinst,backend-parity-spst/argument_forwarding,verify,pass,1,gap-probe-not-in-ci,True,False,True,464cbd9f9bb43d5505c914783819e1d349630283
scorecard.csv,ptrace,backend-parity-spst/exit_zero,verify,pass,1,gap-probe-not-in-ci,True,False,True,464cbd9f9bb43d5505c914783819e1d349630283
scorecard.csv,liteinst,backend-parity-spst/exit_zero,verify,pass,1,gap-probe-not-in-ci,True,False,True,464cbd9f9bb43d5505c914783819e1d349630283
scorecard.csv,ptrace,backend-parity-spst/exit_status,verify,pass,1,gap-probe-not-in-ci,True,False,True,464cbd9f9bb43d5505c914783819e1d349630283
scorecard.csv,liteinst,backend-parity-spst/exit_status,verify,pass,1,gap-probe-not-in-ci,True,False,True,464cbd9f9bb43d5505c914783819e1d349630283
scorecard.csv,ptrace,backend-parity-spst/file_read,verify,pass,1,gap-probe-not-in-ci,True,False,True,464cbd9f9bb43d5505c914783819e1d349630283
scorecard.csv,liteinst,backend-parity-spst/file_read,verify,pass,1,gap-probe-not-in-ci,True,False,True,464cbd9f9bb43d5505c914783819e1d349630283
scorecard.csv,ptrace,backend-parity-spst/file_mutation,verify,pass,1,gap-probe-not-in-ci,True,False,True,464cbd9f9bb43d5505c914783819e1d349630283
scorecard.csv,liteinst,backend-parity-spst/file_mutation,verify,pass,1,gap-probe-not-in-ci,True,False,True,464cbd9f9bb43d5505c914783819e1d349630283
scorecard.csv,ptrace,backend-parity-spst/file_metadata,verify,pass,1,gap-probe-not-in-ci,True,False,True,464cbd9f9bb43d5505c914783819e1d349630283
scorecard.csv,liteinst,backend-parity-spst/file_metadata,verify,pass,1,gap-probe-not-in-ci,True,False,True,464cbd9f9bb43d5505c914783819e1d349630283
scorecard.csv,ptrace,backend-parity-spst/io_uring_fallback,verify,pass,1,gap-probe-not-in-ci,True,False,True,464cbd9f9bb43d5505c914783819e1d349630283
scorecard.csv,liteinst,backend-parity-spst/io_uring_fallback,verify,pass,1,gap-probe-not-in-ci,True,False,True,464cbd9f9bb43d5505c914783819e1d349630283
scorecard.csv,ptrace,backend-parity-spst/listmount_unavailable,verify,pass,1,gap-probe-not-in-ci,True,False,True,464cbd9f9bb43d5505c914783819e1d349630283
scorecard.csv,liteinst,backend-parity-spst/listmount_unavailable,verify,pass,1,gap-probe-not-in-ci,True,False,True,464cbd9f9bb43d5505c914783819e1d349630283
scorecard.csv,ptrace,backend-parity-spst/process_vm_readv_refusal,verify,pass,1,gap-probe-not-in-ci,True,False,True,464cbd9f9bb43d5505c914783819e1d349630283
scorecard.csv,liteinst,backend-parity-spst/process_vm_readv_refusal,verify,pass,1,gap-probe-not-in-ci,True,False,True,464cbd9f9bb43d5505c914783819e1d349630283
scorecard.csv,ptrace,backend-parity-spst/process_vm_writev_refusal,verify,pass,1,gap-probe-not-in-ci,True,False,True,464cbd9f9bb43d5505c914783819e1d349630283
scorecard.csv,liteinst,backend-parity-spst/process_vm_writev_refusal,verify,pass,1,gap-probe-not-in-ci,True,False,True,464cbd9f9bb43d5505c914783819e1d349630283
scorecard.csv,ptrace,backend-parity-spst/executable_mmap,verify,pass,1,gap-probe-not-in-ci,True,False,True,464cbd9f9bb43d5505c914783819e1d349630283
scorecard.csv,liteinst,backend-parity-spst/executable_mmap,verify,pass,1,gap-probe-not-in-ci,True,False,True,464cbd9f9bb43d5505c914783819e1d349630283
scorecard.csv,ptrace,backend-parity-spst/memory_advice,verify,pass,1,gap-probe-not-in-ci,True,False,True,464cbd9f9bb43d5505c914783819e1d349630283
scorecard.csv,liteinst,backend-parity-spst/memory_advice,verify,pass,1,gap-probe-not-in-ci,True,False,True,464cbd9f9bb43d5505c914783819e1d349630283
scorecard.csv,ptrace,backend-parity-spst/heap_growth,verify,pass,1,gap-probe-not-in-ci,True,False,True,464cbd9f9bb43d5505c914783819e1d349630283
scorecard.csv,liteinst,backend-parity-spst/heap_growth,verify,fail,0,gap-probe-not-in-ci,False,False,True,464cbd9f9bb43d5505c914783819e1d349630283
scorecard.csv,ptrace,backend-parity-spst/anonymous_mmap_layout,verify,pass,1,gap-probe-not-in-ci,True,False,True,464cbd9f9bb43d5505c914783819e1d349630283
scorecard.csv,liteinst,backend-parity-spst/anonymous_mmap_layout,verify,pass,1,gap-probe-not-in-ci,True,False,True,464cbd9f9bb43d5505c914783819e1d349630283
scorecard.csv,ptrace,backend-parity-spst/shared_anonymous_mmap,verify,pass,1,gap-probe-not-in-ci,True,False,True,464cbd9f9bb43d5505c914783819e1d349630283
scorecard.csv,liteinst,backend-parity-spst/shared_anonymous_mmap,verify,pass,1,gap-probe-not-in-ci,True,False,True,464cbd9f9bb43d5505c914783819e1d349630283
scorecard.csv,ptrace,backend-parity-spst/cpuid_policy,verify,pass,1,gap-probe-not-in-ci,True,False,True,464cbd9f9bb43d5505c914783819e1d349630283
scorecard.csv,liteinst,backend-parity-spst/cpuid_policy,verify,pass,1,gap-probe-not-in-ci,True,False,True,464cbd9f9bb43d5505c914783819e1d349630283
scorecard.csv,ptrace,backend-parity-spst/virtual_clock,verify,pass,1,gap-probe-not-in-ci,True,False,True,464cbd9f9bb43d5505c914783819e1d349630283
scorecard.csv,liteinst,backend-parity-spst/virtual_clock,verify,pass,0,gap-probe-not-in-ci,True,False,True,464cbd9f9bb43d5505c914783819e1d349630283
scorecard.csv,ptrace,backend-parity-spst/random_sources,verify,pass,1,gap-probe-not-in-ci,True,False,True,464cbd9f9bb43d5505c914783819e1d349630283
scorecard.csv,liteinst,backend-parity-spst/random_sources,verify,pass,1,gap-probe-not-in-ci,True,False,True,464cbd9f9bb43d5505c914783819e1d349630283
scorecard.csv,ptrace,backend-parity-spst/virtual_pid,verify,pass,1,gap-probe-not-in-ci,True,False,True,464cbd9f9bb43d5505c914783819e1d349630283
scorecard.csv,liteinst,backend-parity-spst/virtual_pid,verify,pass,1,gap-probe-not-in-ci,True,False,True,464cbd9f9bb43d5505c914783819e1d349630283
scorecard.csv,kvm,backend-parity-c/cpuid-probe,verify,pass,1,gap-probe-not-in-ci,True,False,True,82a8e853357584a3a567fd80812e015572a607c7
scorecard.csv,kvm,backend-parity-c/pid-probe,verify,pass,0,gap-probe-not-in-ci,True,False,True,82a8e853357584a3a567fd80812e015572a607c7
scorecard.csv,kvm,backend-parity-c/pthread-lifecycle,verify,pass,1,gap-probe-not-in-ci,True,False,True,82a8e853357584a3a567fd80812e015572a607c7
scorecard.csv,kvm,bin-c/posix-timer-test,verify,fail,0,gap-probe-not-in-ci,True,False,True,82a8e853357584a3a567fd80812e015572a607c7
scorecard.csv,kvm,bin-c/robust-futex-test,verify,fail,,gap-probe-not-in-ci,True,False,True,82a8e853357584a3a567fd80812e015572a607c7
scorecard.csv,kvm,chaos-c/lock-granularity,verify,pass,1,gap-probe-not-in-ci,True,False,True,82a8e853357584a3a567fd80812e015572a607c7
scorecard.csv,kvm,c-programs/acct-refusal-probe,verify,pass,1,gap-probe-not-in-ci,True,False,True,82a8e853357584a3a567fd80812e015572a607c7
scorecard.csv,kvm,c-programs/add-key-enosys,verify,pass,1,gap-probe-not-in-ci,True,False,True,82a8e853357584a3a567fd80812e015572a607c7
scorecard.csv,kvm,c-programs/adjtimex-deterministic,verify,pass,1,gap-probe-not-in-ci,True,False,True,82a8e853357584a3a567fd80812e015572a607c7
scorecard.csv,kvm,c-programs/arch-prctl-determinism,verify,pass,1,gap-probe-not-in-ci,True,False,True,82a8e853357584a3a567fd80812e015572a607c7
scorecard.csv,kvm,c-programs/bpf-enosys,verify,pass,1,gap-probe-not-in-ci,True,False,True,82a8e853357584a3a567fd80812e015572a607c7
scorecard.csv,kvm,c-programs/cachestat-enosys,verify,pass,1,gap-probe-not-in-ci,True,False,True,82a8e853357584a3a567fd80812e015572a607c7
scorecard.csv,kvm,c-programs/clock-adjtime-deterministic,verify,pass,1,gap-probe-not-in-ci,True,False,True,82a8e853357584a3a567fd80812e015572a607c7
scorecard.csv,kvm,c-programs/clone,verify,fail,0,gap-probe-not-in-ci,True,False,True,82a8e853357584a3a567fd80812e015572a607c7
scorecard.csv,kvm,c-programs/copy-file-range-refusal-probe,verify,pass,1,gap-probe-not-in-ci,True,False,True,82a8e853357584a3a567fd80812e015572a607c7
scorecard.csv,kvm,c-programs/dbi-copied-tiocgpgrp,verify,pass,1,gap-probe-not-in-ci,True,False,True,82a8e853357584a3a567fd80812e015572a607c7
scorecard.csv,kvm,c-programs/dbi-exec-failure,verify,pass,1,gap-probe-not-in-ci,True,False,True,82a8e853357584a3a567fd80812e015572a607c7
scorecard.csv,kvm,c-programs/dbi-execveat-unsupported,verify,pass,1,gap-probe-not-in-ci,True,False,True,82a8e853357584a3a567fd80812e015572a607c7
scorecard.csv,kvm,c-programs/dbi-mmap-exec,verify,pass,1,gap-probe-not-in-ci,True,False,True,82a8e853357584a3a567fd80812e015572a607c7
scorecard.csv,kvm,c-programs/dbi-pid-virtualization,verify,fail,0,gap-probe-not-in-ci,True,False,True,82a8e853357584a3a567fd80812e015572a607c7
scorecard.csv,kvm,c-programs/dbi-prlimit-self,verify,pass,1,gap-probe-not-in-ci,True,False,True,82a8e853357584a3a567fd80812e015572a607c7
scorecard.csv,kvm,c-programs/dbi-self-sigqueue,verify,fail,0,gap-probe-not-in-ci,True,False,True,82a8e853357584a3a567fd80812e015572a607c7
scorecard.csv,kvm,c-programs/dbi-unsupported-syscall,verify,fail,0,gap-probe-not-in-ci,True,False,True,82a8e853357584a3a567fd80812e015572a607c7
scorecard.csv,kvm,c-programs/dbi-wait-lifecycle,verify,fail,0,gap-probe-not-in-ci,True,False,True,82a8e853357584a3a567fd80812e015572a607c7
scorecard.csv,kvm,c-programs/epoll-determinism,verify,fail,,ci-enforced-measured,True,False,True,82a8e853357584a3a567fd80812e015572a607c7
scorecard.csv,kvm,c-programs/fp-reduction-nondeterminism,verify,fail,0,gap-probe-not-in-ci,True,False,True,82a8e853357584a3a567fd80812e015572a607c7
scorecard.csv,kvm,c-programs/futex-requeue-enosys,verify,pass,1,gap-probe-not-in-ci,True,False,True,82a8e853357584a3a567fd80812e015572a607c7
scorecard.csv,kvm,c-programs/futex-waitv-enosys,verify,pass,1,gap-probe-not-in-ci,True,False,True,82a8e853357584a3a567fd80812e015572a607c7
scorecard.csv,kvm,c-programs/futex-wake-enosys,verify,pass,1,gap-probe-not-in-ci,True,False,True,82a8e853357584a3a567fd80812e015572a607c7
scorecard.csv,kvm,c-programs/getcpu,verify,pass,1,gap-probe-not-in-ci,True,False,True,82a8e853357584a3a567fd80812e015572a607c7
scorecard.csv,kvm,c-programs/getitimer-determinism-probe,verify,pass,1,gap-probe-not-in-ci,True,False,True,82a8e853357584a3a567fd80812e015572a607c7
scorecard.csv,kvm,c-programs/get-robust-list-child,verify,fail,0,gap-probe-not-in-ci,True,False,True,82a8e853357584a3a567fd80812e015572a607c7
scorecard.csv,kvm,c-programs/get-robust-list-self,verify,pass,1,gap-probe-not-in-ci,True,False,True,82a8e853357584a3a567fd80812e015572a607c7
scorecard.csv,kvm,c-programs/get-robust-list-thread,verify,fail,0,gap-probe-not-in-ci,True,False,True,82a8e853357584a3a567fd80812e015572a607c7
scorecard.csv,kvm,c-programs/getsockopt-null,verify,pass,1,gap-probe-not-in-ci,True,False,True,82a8e853357584a3a567fd80812e015572a607c7
scorecard.csv,kvm,c-programs/hello-alarm,verify,fail,0,gap-probe-not-in-ci,True,False,True,82a8e853357584a3a567fd80812e015572a607c7
scorecard.csv,kvm,c-programs/hello-nostdlib,verify,pass,1,gap-probe-not-in-ci,True,False,True,82a8e853357584a3a567fd80812e015572a607c7
scorecard.csv,kvm,c-programs/hello-signals,verify,fail,0,gap-probe-not-in-ci,True,False,True,82a8e853357584a3a567fd80812e015572a607c7
scorecard.csv,kvm,c-programs/ioctl-fioclex,verify,pass,1,gap-probe-not-in-ci,True,False,True,82a8e853357584a3a567fd80812e015572a607c7
scorecard.csv,kvm,c-programs/ioctl-siocethtool,verify,pass,1,gap-probe-not-in-ci,True,False,True,82a8e853357584a3a567fd80812e015572a607c7
scorecard.csv,kvm,c-programs/io-uring-fallback,verify,pass,1,gap-probe-not-in-ci,True,False,True,82a8e853357584a3a567fd80812e015572a607c7
scorecard.csv,kvm,c-programs/io-uring-ring-determinism,verify,pass,1,gap-probe-not-in-ci,True,False,True,82a8e853357584a3a567fd80812e015572a607c7
scorecard.csv,kvm,c-programs/ipc-determinism,verify,fail,,gap-probe-not-in-ci,True,False,True,82a8e853357584a3a567fd80812e015572a607c7
scorecard.csv,kvm,c-programs/just-spin,verify,pass,1,gap-probe-not-in-ci,True,False,True,82a8e853357584a3a567fd80812e015572a607c7
scorecard.csv,kvm,c-programs/kcmp-eperm,verify,pass,1,gap-probe-not-in-ci,True,False,True,82a8e853357584a3a567fd80812e015572a607c7
scorecard.csv,kvm,c-programs/keyctl-enosys,verify,pass,1,gap-probe-not-in-ci,True,False,True,82a8e853357584a3a567fd80812e015572a607c7
scorecard.csv,kvm,c-programs/keyctl-passthrough,verify,pass,1,gap-probe-not-in-ci,True,False,True,82a8e853357584a3a567fd80812e015572a607c7
scorecard.csv,kvm,c-programs/listmount-enosys,verify,pass,1,gap-probe-not-in-ci,True,False,True,82a8e853357584a3a567fd80812e015572a607c7
scorecard.csv,kvm,c-programs/liteinst-advanced,verify,fail,,gap-probe-not-in-ci,True,False,True,82a8e853357584a3a567fd80812e015572a607c7
scorecard.csv,kvm,c-programs/lsm-get-self-attr-enosys,verify,pass,1,gap-probe-not-in-ci,True,False,True,82a8e853357584a3a567fd80812e015572a607c7
scorecard.csv,kvm,c-programs/lsm-list-modules-enosys,verify,pass,1,gap-probe-not-in-ci,True,False,True,82a8e853357584a3a567fd80812e015572a607c7
scorecard.csv,kvm,c-programs/lsm-set-self-attr-enosys,verify,pass,1,gap-probe-not-in-ci,True,False,True,82a8e853357584a3a567fd80812e015572a607c7
scorecard.csv,kvm,c-programs/madvise-determinism,verify,fail,0,ci-enforced-measured,True,False,True,82a8e853357584a3a567fd80812e015572a607c7
scorecard.csv,kvm,c-programs/map-shadow-stack-enosys,verify,pass,1,gap-probe-not-in-ci,True,False,True,82a8e853357584a3a567fd80812e015572a607c7
scorecard.csv,kvm,c-programs/memfd-secret-enosys,verify,pass,1,gap-probe-not-in-ci,True,False,True,82a8e853357584a3a567fd80812e015572a607c7
scorecard.csv,kvm,c-programs/meminfo-available-deterministic,verify,pass,1,gap-probe-not-in-ci,True,False,True,82a8e853357584a3a567fd80812e015572a607c7
scorecard.csv,kvm,c-programs/meminfo-cached-deterministic,verify,pass,1,gap-probe-not-in-ci,True,False,True,82a8e853357584a3a567fd80812e015572a607c7
scorecard.csv,kvm,c-programs/meminfo-free-deterministic,verify,pass,1,gap-probe-not-in-ci,True,False,True,82a8e853357584a3a567fd80812e015572a607c7
scorecard.csv,kvm,c-programs/memorypress,verify,pass,1,gap-probe-not-in-ci,True,False,True,82a8e853357584a3a567fd80812e015572a607c7
scorecard.csv,kvm,c-programs/mmap-determinism,verify,fail,,ci-enforced-measured,True,False,True,82a8e853357584a3a567fd80812e015572a607c7
scorecard.csv,kvm,c-programs/mmap-stress-determinism,verify,pass,1,gap-probe-not-in-ci,True,False,True,82a8e853357584a3a567fd80812e015572a607c7
scorecard.csv,kvm,c-programs/name-to-handle-at-eopnotsupp,verify,pass,1,gap-probe-not-in-ci,True,False,True,82a8e853357584a3a567fd80812e015572a607c7
scorecard.csv,kvm,c-programs/name-to-handle-directory-eopnotsupp,verify,pass,1,gap-probe-not-in-ci,True,False,True,82a8e853357584a3a567fd80812e015572a607c7
scorecard.csv,kvm,c-programs/name-to-handle-empty-path-eopnotsupp,verify,pass,1,gap-probe-not-in-ci,True,False,True,82a8e853357584a3a567fd80812e015572a607c7
scorecard.csv,kvm,c-programs/name-to-handle-regular-eopnotsupp,verify,pass,1,gap-probe-not-in-ci,True,False,True,82a8e853357584a3a567fd80812e015572a607c7
scorecard.csv,kvm,c-programs/nanosleep-par,verify,pass,1,gap-probe-not-in-ci,True,False,True,82a8e853357584a3a567fd80812e015572a607c7
scorecard.csv,kvm,c-programs/nanosleep-threads-nocrash,verify,pass,1,gap-probe-not-in-ci,True,False,True,82a8e853357584a3a567fd80812e015572a607c7
scorecard.csv,kvm,c-programs/nanosleep-threads-simple,verify,pass,,gap-probe-not-in-ci,True,False,True,82a8e853357584a3a567fd80812e015572a607c7
scorecard.csv,kvm,c-programs/netlink-autobind-generic,verify,pass,1,ci-enforced-measured,True,False,True,82a8e853357584a3a567fd80812e015572a607c7
scorecard.csv,kvm,c-programs/netlink-autobind-route,verify,pass,1,ci-enforced-measured,True,False,True,82a8e853357584a3a567fd80812e015572a607c7
scorecard.csv,kvm,c-programs/netlink-autobind-usersock,verify,pass,1,ci-enforced-measured,True,False,True,82a8e853357584a3a567fd80812e015572a607c7
scorecard.csv,kvm,c-programs/netns-cookie-tcp4,verify,pass,1,gap-probe-not-in-ci,True,False,True,82a8e853357584a3a567fd80812e015572a607c7
scorecard.csv,kvm,c-programs/netns-cookie-tcp6,verify,pass,1,gap-probe-not-in-ci,True,False,True,82a8e853357584a3a567fd80812e015572a607c7
scorecard.csv,kvm,c-programs/netns-cookie-udp4,verify,pass,1,gap-probe-not-in-ci,True,False,True,82a8e853357584a3a567fd80812e015572a607c7
scorecard.csv,kvm,c-programs/perf-event-hardware-enosys,verify,pass,1,gap-probe-not-in-ci,True,False,True,82a8e853357584a3a567fd80812e015572a607c7
scorecard.csv,kvm,c-programs/perf-event-open-enosys,verify,pass,1,gap-probe-not-in-ci,True,False,True,82a8e853357584a3a567fd80812e015572a607c7
scorecard.csv,kvm,c-programs/perf-event-software-enosys,verify,pass,1,gap-probe-not-in-ci,True,False,True,82a8e853357584a3a567fd80812e015572a607c7
scorecard.csv,kvm,c-programs/perf-event-watchpoint-enosys,verify,pass,1,gap-probe-not-in-ci,True,False,True,82a8e853357584a3a567fd80812e015572a607c7
scorecard.csv,kvm,c-programs/periodic-setitimer-delivery,verify,fail,0,gap-probe-not-in-ci,True,False,True,82a8e853357584a3a567fd80812e015572a607c7
scorecard.csv,kvm,c-programs/pidfd-open-self,verify,pass,1,gap-probe-not-in-ci,True,False,True,82a8e853357584a3a567fd80812e015572a607c7
scorecard.csv,kvm,c-programs/pidfd-poll-self,verify,pass,1,gap-probe-not-in-ci,True,False,True,82a8e853357584a3a567fd80812e015572a607c7
scorecard.csv,kvm,c-programs/pidfd-waitid-child,verify,fail,0,gap-probe-not-in-ci,True,False,True,82a8e853357584a3a567fd80812e015572a607c7
scorecard.csv,kvm,c-programs/ppoll-readv,verify,fail,0,gap-probe-not-in-ci,True,False,True,82a8e853357584a3a567fd80812e015572a607c7
scorecard.csv,kvm,c-programs/ppoll-simulation,verify,fail,0,gap-probe-not-in-ci,True,False,True,82a8e853357584a3a567fd80812e015572a607c7
scorecard.csv,kvm,c-programs/prctl-dumpable,verify,pass,1,gap-probe-not-in-ci,True,False,True,82a8e853357584a3a567fd80812e015572a607c7
scorecard.csv,kvm,c-programs/pread64-nostdlib,verify,pass,1,gap-probe-not-in-ci,True,False,True,82a8e853357584a3a567fd80812e015572a607c7
scorecard.csv,kvm,c-programs/printf-with-threads,verify,pass,1,gap-probe-not-in-ci,True,False,True,82a8e853357584a3a567fd80812e015572a607c7
scorecard.csv,kvm,c-programs/print-memaddrs,verify,pass,0,gap-probe-not-in-ci,True,False,True,82a8e853357584a3a567fd80812e015572a607c7
scorecard.csv,kvm,c-programs/process-mrelease-enosys,verify,pass,1,gap-probe-not-in-ci,True,False,True,82a8e853357584a3a567fd80812e015572a607c7
scorecard.csv,kvm,c-programs/process-vm-readv-refusal-probe,verify,pass,1,gap-probe-not-in-ci,True,False,True,82a8e853357584a3a567fd80812e015572a607c7
scorecard.csv,kvm,c-programs/process-vm-writev-refusal-probe,verify,pass,1,gap-probe-not-in-ci,True,False,True,82a8e853357584a3a567fd80812e015572a607c7
scorecard.csv,kvm,c-programs/proc-fdinfo,verify,fail,0,gap-probe-not-in-ci,True,False,True,82a8e853357584a3a567fd80812e015572a607c7
scorecard.csv,kvm,c-programs/proc-fd-link-aliases,verify,fail,0,gap-probe-not-in-ci,True,False,True,82a8e853357584a3a567fd80812e015572a607c7
scorecard.csv,kvm,c-programs/procfs-positioned-probe,verify,pass,1,gap-probe-not-in-ci,True,False,True,82a8e853357584a3a567fd80812e015572a607c7
scorecard.csv,kvm,c-programs/proc-locks,verify,pass,1,gap-probe-not-in-ci,True,False,True,82a8e853357584a3a567fd80812e015572a607c7
scorecard.csv,kvm,c-programs/prodcons-determinism,verify,pass,1,gap-probe-not-in-ci,True,False,True,82a8e853357584a3a567fd80812e015572a607c7
scorecard.csv,kvm,c-programs/pselect6-simulation,verify,fail,0,gap-probe-not-in-ci,True,False,True,82a8e853357584a3a567fd80812e015572a607c7
scorecard.csv,kvm,c-programs/ptrace-attach-eperm,verify,fail,0,gap-probe-not-in-ci,True,False,True,82a8e853357584a3a567fd80812e015572a607c7
scorecard.csv,kvm,c-programs/ptrace-eperm,verify,pass,1,gap-probe-not-in-ci,True,False,True,82a8e853357584a3a567fd80812e015572a607c7
scorecard.csv,kvm,c-programs/ptrace-seize-eperm,verify,fail,0,gap-probe-not-in-ci,True,False,True,82a8e853357584a3a567fd80812e015572a607c7
scorecard.csv,kvm,c-programs/ptrace-traceme-eperm,verify,pass,1,gap-probe-not-in-ci,True,False,True,82a8e853357584a3a567fd80812e015572a607c7
scorecard.csv,kvm,c-programs/pty-nr-count,verify,fail,0,gap-probe-not-in-ci,True,False,True,82a8e853357584a3a567fd80812e015572a607c7
scorecard.csv,kvm,c-programs/racewrite-nostdlib,verify,pass,1,gap-probe-not-in-ci,True,False,True,82a8e853357584a3a567fd80812e015572a607c7
scorecard.csv,kvm,c-programs/random-sources,verify,pass,0,gap-probe-not-in-ci,True,False,True,82a8e853357584a3a567fd80812e015572a607c7
scorecard.csv,kvm,c-programs/rcx-canonicalization,verify,pass,1,gap-probe-not-in-ci,True,False,True,82a8e853357584a3a567fd80812e015572a607c7
scorecard.csv,kvm,c-programs/record-replay-fd-close,verify,fail,0,gap-probe-not-in-ci,True,False,True,82a8e853357584a3a567fd80812e015572a607c7
scorecard.csv,kvm,c-programs/record-replay-file-state,verify,fail,0,gap-probe-not-in-ci,True,False,True,82a8e853357584a3a567fd80812e015572a607c7
scorecard.csv,kvm,c-programs/record-replay-lseek-seek-cur,verify,fail,,gap-probe-not-in-ci,True,False,True,82a8e853357584a3a567fd80812e015572a607c7
scorecard.csv,kvm,c-programs/record-replay-setsockopt,verify,pass,1,gap-probe-not-in-ci,True,False,True,82a8e853357584a3a567fd80812e015572a607c7
scorecard.csv,kvm,c-programs/recvmsg-scm-rights-mmap,verify,fail,0,gap-probe-not-in-ci,True,False,True,82a8e853357584a3a567fd80812e015572a607c7
scorecard.csv,kvm,c-programs/remap-file-pages-anonymous-enosys,verify,pass,1,gap-probe-not-in-ci,True,False,True,82a8e853357584a3a567fd80812e015572a607c7
scorecard.csv,kvm,c-programs/remap-file-pages-memfd-enosys,verify,fail,0,gap-probe-not-in-ci,True,False,True,82a8e853357584a3a567fd80812e015572a607c7
scorecard.csv,kvm,c-programs/remap-file-pages-tmpfile-enosys,verify,pass,1,gap-probe-not-in-ci,True,False,True,82a8e853357584a3a567fd80812e015572a607c7
scorecard.csv,kvm,c-programs/request-key-enosys,verify,pass,1,gap-probe-not-in-ci,True,False,True,82a8e853357584a3a567fd80812e015572a607c7
scorecard.csv,kvm,c-programs/resource-determinism,verify,fail,0,gap-probe-not-in-ci,True,False,True,82a8e853357584a3a567fd80812e015572a607c7
scorecard.csv,kvm,c-programs/sched-setattr-batch,verify,pass,1,gap-probe-not-in-ci,True,False,True,82a8e853357584a3a567fd80812e015572a607c7
scorecard.csv,kvm,c-programs/sched-setattr-idle,verify,pass,1,gap-probe-not-in-ci,True,False,True,82a8e853357584a3a567fd80812e015572a607c7
scorecard.csv,kvm,c-programs/sched-setattr-other,verify,pass,1,gap-probe-not-in-ci,True,False,True,82a8e853357584a3a567fd80812e015572a607c7
scorecard.csv,kvm,c-programs/scheduler-policy-queries,verify,pass,1,gap-probe-not-in-ci,True,False,True,82a8e853357584a3a567fd80812e015572a607c7
scorecard.csv,kvm,c-programs/sched-yield-progress,verify,pass,1,gap-probe-not-in-ci,True,False,True,82a8e853357584a3a567fd80812e015572a607c7
scorecard.csv,kvm,c-programs/setitimer-determinism,verify,pass,0,gap-probe-not-in-ci,True,False,True,82a8e853357584a3a567fd80812e015572a607c7
scorecard.csv,kvm,c-programs/sigmask-preemption,verify,pass,1,gap-probe-not-in-ci,True,False,True,82a8e853357584a3a567fd80812e015572a607c7
scorecard.csv,kvm,c-programs/signal-determinism,verify,fail,,gap-probe-not-in-ci,True,False,True,82a8e853357584a3a567fd80812e015572a607c7
scorecard.csv,kvm,c-programs/sigpipe-siginfo,verify,fail,0,gap-probe-not-in-ci,True,False,True,82a8e853357584a3a567fd80812e015572a607c7
scorecard.csv,kvm,c-programs/sigtimedwait-no-timeout,verify,pass,1,gap-probe-not-in-ci,True,False,True,82a8e853357584a3a567fd80812e015572a607c7
scorecard.csv,kvm,c-programs/sigtimedwait-timeout-0s,verify,pass,0,gap-probe-not-in-ci,True,False,True,82a8e853357584a3a567fd80812e015572a607c7
scorecard.csv,kvm,c-programs/sigtimedwait-timeout-1s,verify,pass,1,gap-probe-not-in-ci,True,False,True,82a8e853357584a3a567fd80812e015572a607c7
scorecard.csv,kvm,c-programs/socket-cookie-tcp,verify,pass,0,gap-probe-not-in-ci,True,False,True,82a8e853357584a3a567fd80812e015572a607c7
scorecard.csv,kvm,c-programs/socket-cookie-udp,verify,pass,0,gap-probe-not-in-ci,True,False,True,82a8e853357584a3a567fd80812e015572a607c7
scorecard.csv,kvm,c-programs/socket-cookie-unix,verify,pass,0,gap-probe-not-in-ci,True,False,True,82a8e853357584a3a567fd80812e015572a607c7
scorecard.csv,kvm,c-programs/socket-ioctl-timestamp,verify,fail,,gap-probe-not-in-ci,True,False,True,82a8e853357584a3a567fd80812e015572a607c7
scorecard.csv,kvm,c-programs/socket-timestamp-edge-cases,verify,fail,0,gap-probe-not-in-ci,True,False,True,82a8e853357584a3a567fd80812e015572a607c7
scorecard.csv,kvm,c-programs/socket-timestamp-timespec,verify,fail,0,gap-probe-not-in-ci,True,False,True,82a8e853357584a3a567fd80812e015572a607c7
scorecard.csv,kvm,c-programs/socket-timestamp-timeval,verify,fail,0,gap-probe-not-in-ci,True,False,True,82a8e853357584a3a567fd80812e015572a607c7
scorecard.csv,kvm,c-programs/so-incoming-cpu-tcp4,verify,fail,0,gap-probe-not-in-ci,True,False,True,82a8e853357584a3a567fd80812e015572a607c7
scorecard.csv,kvm,c-programs/so-incoming-cpu-tcp6,verify,fail,0,gap-probe-not-in-ci,True,False,True,82a8e853357584a3a567fd80812e015572a607c7
scorecard.csv,kvm,c-programs/so-incoming-cpu-udp4,verify,fail,0,gap-probe-not-in-ci,True,False,True,82a8e853357584a3a567fd80812e015572a607c7
scorecard.csv,kvm,c-programs/splice-enosys,verify,pass,1,gap-probe-not-in-ci,True,False,True,82a8e853357584a3a567fd80812e015572a607c7
scorecard.csv,kvm,c-programs/statmount-enosys,verify,pass,1,gap-probe-not-in-ci,True,False,True,82a8e853357584a3a567fd80812e015572a607c7
scorecard.csv,kvm,c-programs/syscall-file-io,verify,pass,1,gap-probe-not-in-ci,True,False,True,82a8e853357584a3a567fd80812e015572a607c7
scorecard.csv,kvm,c-programs/syscall-file-metadata,verify,pass,1,gap-probe-not-in-ci,True,False,True,82a8e853357584a3a567fd80812e015572a607c7
scorecard.csv,kvm,c-programs/syscall-quick-wins,verify,fail,0,gap-probe-not-in-ci,True,False,True,82a8e853357584a3a567fd80812e015572a607c7
scorecard.csv,kvm,c-programs/sysfs-enosys,verify,pass,1,gap-probe-not-in-ci,True,False,True,82a8e853357584a3a567fd80812e015572a607c7
scorecard.csv,kvm,c-programs/sysinfo,verify,pass,0,gap-probe-not-in-ci,True,False,True,82a8e853357584a3a567fd80812e015572a607c7
scorecard.csv,kvm,c-programs/sysinfo-uptime,verify,pass,0,gap-probe-not-in-ci,True,False,True,82a8e853357584a3a567fd80812e015572a607c7
scorecard.csv,kvm,c-programs/syslog-deterministic,verify,pass,1,gap-probe-not-in-ci,True,False,True,82a8e853357584a3a567fd80812e015572a607c7
scorecard.csv,kvm,c-programs/sysv-sem-enosys,verify,pass,1,gap-probe-not-in-ci,True,False,True,82a8e853357584a3a567fd80812e015572a607c7
scorecard.csv,kvm,c-programs/sysv-shm-enosys,verify,pass,1,gap-probe-not-in-ci,True,False,True,82a8e853357584a3a567fd80812e015572a607c7
scorecard.csv,kvm,c-programs/tcp-info-accept4,verify,fail,0,gap-probe-not-in-ci,True,False,True,82a8e853357584a3a567fd80812e015572a607c7
scorecard.csv,kvm,c-programs/tcp-info-accept6,verify,fail,0,gap-probe-not-in-ci,True,False,True,82a8e853357584a3a567fd80812e015572a607c7
scorecard.csv,kvm,c-programs/tcp-info-client4,verify,fail,0,gap-probe-not-in-ci,True,False,True,82a8e853357584a3a567fd80812e015572a607c7
scorecard.csv,kvm,c-programs/tee-enosys,verify,pass,1,gap-probe-not-in-ci,True,False,True,82a8e853357584a3a567fd80812e015572a607c7
scorecard.csv,kvm,c-programs/threadexhaustion,verify,pass,1,gap-probe-not-in-ci,True,False,True,82a8e853357584a3a567fd80812e015572a607c7
scorecard.csv,kvm,c-programs/thread-self-procfs-handoff,verify,fail,0,gap-probe-not-in-ci,True,False,True,82a8e853357584a3a567fd80812e015572a607c7
scorecard.csv,kvm,c-programs/thread-sync-determinism,verify,fail,,ci-enforced-measured,True,False,True,82a8e853357584a3a567fd80812e015572a607c7
scorecard.csv,kvm,c-programs/timer-create-determinism,verify,pass,1,gap-probe-not-in-ci,True,False,True,82a8e853357584a3a567fd80812e015572a607c7
scorecard.csv,kvm,c-programs/uname,verify,pass,1,gap-probe-not-in-ci,True,False,True,82a8e853357584a3a567fd80812e015572a607c7
scorecard.csv,kvm,c-programs/unix-autobind-dgram,verify,pass,1,gap-probe-not-in-ci,True,False,True,82a8e853357584a3a567fd80812e015572a607c7
scorecard.csv,kvm,c-programs/unix-autobind-seqpacket,verify,fail,0,gap-probe-not-in-ci,True,False,True,82a8e853357584a3a567fd80812e015572a607c7
scorecard.csv,kvm,c-programs/unix-autobind-stream,verify,pass,1,gap-probe-not-in-ci,True,False,True,82a8e853357584a3a567fd80812e015572a607c7
scorecard.csv,kvm,c-programs/ustat-enosys,verify,pass,1,gap-probe-not-in-ci,True,False,True,82a8e853357584a3a567fd80812e015572a607c7
scorecard.csv,kvm,c-programs/vforkexec,verify,pass,0,gap-probe-not-in-ci,True,False,True,82a8e853357584a3a567fd80812e015572a607c7
scorecard.csv,kvm,c-programs/vmsplice-enosys,verify,pass,1,gap-probe-not-in-ci,True,False,True,82a8e853357584a3a567fd80812e015572a607c7
scorecard.csv,kvm,c-programs/wait-on-child,verify,pass,0,gap-probe-not-in-ci,True,False,True,82a8e853357584a3a567fd80812e015572a607c7
scorecard.csv,kvm,c-programs/writev-determinism,verify,fail,0,gap-probe-not-in-ci,True,False,True,82a8e853357584a3a567fd80812e015572a607c7
scorecard.csv,kvm,debugger-c/debuggee,verify,pass,0,gap-probe-not-in-ci,True,False,True,82a8e853357584a3a567fd80812e015572a607c7
scorecard.csv,kvm,determinism-stress-c/fork-tree,verify,pass,1,gap-probe-not-in-ci,True,False,True,82a8e853357584a3a567fd80812e015572a607c7
scorecard.csv,kvm,determinism-stress-c/lock-free,verify,pass,1,gap-probe-not-in-ci,True,False,True,82a8e853357584a3a567fd80812e015572a607c7
scorecard.csv,kvm,determinism-stress-c/mmap-fork-shared,verify,fail,0,gap-probe-not-in-ci,True,False,True,82a8e853357584a3a567fd80812e015572a607c7
scorecard.csv,kvm,determinism-stress-c/pid-tid,verify,fail,0,gap-probe-not-in-ci,True,False,True,82a8e853357584a3a567fd80812e015572a607c7
scorecard.csv,kvm,determinism-stress-c/pipe-chain,verify,fail,0,gap-probe-not-in-ci,True,False,True,82a8e853357584a3a567fd80812e015572a607c7
scorecard.csv,kvm,determinism-stress-c/pipe-prefill,verify,fail,0,gap-probe-not-in-ci,True,False,True,82a8e853357584a3a567fd80812e015572a607c7
scorecard.csv,kvm,determinism-stress-c/producer-consumer,verify,pass,1,gap-probe-not-in-ci,True,False,True,82a8e853357584a3a567fd80812e015572a607c7
scorecard.csv,kvm,determinism-stress-c/signal-order,verify,fail,0,gap-probe-not-in-ci,True,False,True,82a8e853357584a3a567fd80812e015572a607c7
scorecard.csv,kvm,determinism-stress-c/thread-contention,verify,fail,,gap-probe-not-in-ci,True,False,True,82a8e853357584a3a567fd80812e015572a607c7
scorecard.csv,kvm,determinism-stress-c/thread-stress,verify,fail,0,gap-probe-not-in-ci,True,False,True,82a8e853357584a3a567fd80812e015572a607c7
scorecard.csv,kvm,determinism-stress/order-violation,verify,pass,1,gap-probe-not-in-ci,True,False,True,82a8e853357584a3a567fd80812e015572a607c7
scorecard.csv,kvm,shared-futex-c/qemu-exec-init,verify,fail,,gap-probe-not-in-ci,True,False,True,82a8e853357584a3a567fd80812e015572a607c7
scorecard.csv,kvm,shared-futex-c/qemu-hello,verify,fail,,gap-probe-not-in-ci,True,False,True,82a8e853357584a3a567fd80812e015572a607c7
scorecard.csv,kvm,shared-futex-c/qemu-init,verify,fail,,gap-probe-not-in-ci,True,False,True,82a8e853357584a3a567fd80812e015572a607c7
scorecard.csv,kvm,shared-futex-c/qemu-net-init,verify,fail,,gap-probe-not-in-ci,True,False,True,82a8e853357584a3a567fd80812e015572a607c7
scorecard.csv,kvm,system-utils/clock-determinism,verify,pass,0,gap-probe-not-in-ci,True,False,True,82a8e853357584a3a567fd80812e015572a607c7
scorecard.csv,kvm,system-utils/record-getpid,verify,pass,0,gap-probe-not-in-ci,True,False,True,82a8e853357584a3a567fd80812e015572a607c7
scorecard.csv,kvm,util-c/pmu-skid,verify,fail,,gap-probe-not-in-ci,True,False,True,82a8e853357584a3a567fd80812e015572a607c7
scorecard.csv,kvm,applications/timed-progress-bar,verify,pass,1,expansion-candidate,True,False,True,82a8e853357584a3a567fd80812e015572a607c7
scorecard.csv,kvm,data-handling/archive-roundtrip,verify,fail,0,expansion-candidate,True,False,True,82a8e853357584a3a567fd80812e015572a607c7
scorecard.csv,kvm,data-handling/shell-pipeline,verify,fail,0,expansion-candidate,True,False,True,82a8e853357584a3a567fd80812e015572a607c7
scorecard.csv,kvm,determinism-stress/process-chains,verify,fail,0,expansion-candidate,True,False,True,82a8e853357584a3a567fd80812e015572a607c7
scorecard.csv,kvm,determinism-stress/thread-contention,verify,fail,0,expansion-candidate,True,False,True,82a8e853357584a3a567fd80812e015572a607c7
scorecard.csv,kvm,determinism-stress/thread-output,verify,pass,1,expansion-candidate,True,False,True,82a8e853357584a3a567fd80812e015572a607c7
scorecard.csv,kvm,language-runtimes/bash-loop-pipe-time,verify,fail,0,expansion-candidate,True,False,True,82a8e853357584a3a567fd80812e015572a607c7
scorecard.csv,kvm,language-runtimes/gawk-random,verify,pass,0,expansion-candidate,True,False,True,82a8e853357584a3a567fd80812e015572a607c7
scorecard.csv,kvm,language-runtimes/perl-io-subprocess-time,verify,fail,0,expansion-candidate,True,False,True,82a8e853357584a3a567fd80812e015572a607c7
scorecard.csv,kvm,language-runtimes/python-hash-determinism,verify,pass,1,expansion-candidate,True,False,True,82a8e853357584a3a567fd80812e015572a607c7
scorecard.csv,kvm,language-runtimes/python-io-subprocess-time,verify,fail,0,expansion-candidate,True,False,True,82a8e853357584a3a567fd80812e015572a607c7
scorecard.csv,kvm,language-runtimes/python-random,verify,pass,1,expansion-candidate,True,False,True,82a8e853357584a3a567fd80812e015572a607c7
scorecard.csv,kvm,system-utils/date-nanoseconds,verify,fail,0,expansion-candidate,True,False,True,82a8e853357584a3a567fd80812e015572a607c7
scorecard.csv,kvm,system-utils/openssl-passwd,verify,pass,0,expansion-candidate,True,False,True,82a8e853357584a3a567fd80812e015572a607c7
scorecard.csv,kvm,system-utils/proc-uptime,verify,pass,1,expansion-candidate,True,False,True,82a8e853357584a3a567fd80812e015572a607c7
scorecard.csv,kvm,system-utils/random-device,verify,pass,1,expansion-candidate,True,False,True,82a8e853357584a3a567fd80812e015572a607c7
scorecard.csv,liteinst,applications/timed-progress-bar,verify,fail,0,gap-probe-not-in-ci,True,False,True,464cbd9f9bb43d5505c914783819e1d349630283
scorecard.csv,liteinst,backend-parity-c/cpuid-probe,verify,pass,1,gap-probe-not-in-ci,True,False,True,464cbd9f9bb43d5505c914783819e1d349630283
scorecard.csv,liteinst,backend-parity-c/pid-probe,verify,pass,1,gap-probe-not-in-ci,True,False,True,464cbd9f9bb43d5505c914783819e1d349630283
scorecard.csv,liteinst,backend-parity-c/pthread-lifecycle,verify,skip,,gap-probe-not-in-ci,False,False,True,464cbd9f9bb43d5505c914783819e1d349630283
scorecard.csv,liteinst,bin-c/posix-timer-test,verify,pass,1,gap-probe-not-in-ci,True,False,True,464cbd9f9bb43d5505c914783819e1d349630283
scorecard.csv,liteinst,bin-c/robust-futex-test,verify,skip,,gap-probe-not-in-ci,False,False,True,464cbd9f9bb43d5505c914783819e1d349630283
scorecard.csv,liteinst,c-programs/acct-refusal-probe,verify,pass,1,gap-probe-not-in-ci,True,False,True,464cbd9f9bb43d5505c914783819e1d349630283
scorecard.csv,liteinst,c-programs/add-key-enosys,verify,pass,1,gap-probe-not-in-ci,True,False,True,464cbd9f9bb43d5505c914783819e1d349630283
scorecard.csv,liteinst,c-programs/adjtimex-deterministic,verify,pass,1,gap-probe-not-in-ci,True,False,True,464cbd9f9bb43d5505c914783819e1d349630283
scorecard.csv,liteinst,c-programs/arch-prctl-determinism,verify,fail,0,gap-probe-not-in-ci,True,False,True,464cbd9f9bb43d5505c914783819e1d349630283
scorecard.csv,liteinst,c-programs/bpf-enosys,verify,pass,1,gap-probe-not-in-ci,True,False,True,464cbd9f9bb43d5505c914783819e1d349630283
scorecard.csv,liteinst,c-programs/cachestat-enosys,verify,pass,1,gap-probe-not-in-ci,True,False,True,464cbd9f9bb43d5505c914783819e1d349630283
scorecard.csv,liteinst,c-programs/clock-adjtime-deterministic,verify,pass,1,gap-probe-not-in-ci,True,False,True,464cbd9f9bb43d5505c914783819e1d349630283
scorecard.csv,liteinst,c-programs/clone,verify,skip,,gap-probe-not-in-ci,False,False,True,464cbd9f9bb43d5505c914783819e1d349630283
scorecard.csv,liteinst,c-programs/copy-file-range-refusal-probe,verify,pass,1,gap-probe-not-in-ci,True,False,True,464cbd9f9bb43d5505c914783819e1d349630283
scorecard.csv,liteinst,c-programs/dbi-copied-tiocgpgrp,verify,skip,,gap-probe-not-in-ci,False,False,True,464cbd9f9bb43d5505c914783819e1d349630283
scorecard.csv,liteinst,c-programs/dbi-exec-failure,verify,pass,1,gap-probe-not-in-ci,True,False,True,464cbd9f9bb43d5505c914783819e1d349630283
scorecard.csv,liteinst,c-programs/dbi-execveat-unsupported,verify,fail,0,gap-probe-not-in-ci,True,False,True,464cbd9f9bb43d5505c914783819e1d349630283
scorecard.csv,liteinst,c-programs/dbi-mmap-exec,verify,pass,1,gap-probe-not-in-ci,True,False,True,464cbd9f9bb43d5505c914783819e1d349630283
scorecard.csv,liteinst,c-programs/dbi-pid-virtualization,verify,skip,,gap-probe-not-in-ci,False,False,True,464cbd9f9bb43d5505c914783819e1d349630283
scorecard.csv,liteinst,c-programs/dbi-prlimit-self,verify,pass,1,gap-probe-not-in-ci,True,False,True,464cbd9f9bb43d5505c914783819e1d349630283
scorecard.csv,liteinst,c-programs/dbi-self-sigqueue,verify,pass,1,gap-probe-not-in-ci,True,False,True,464cbd9f9bb43d5505c914783819e1d349630283
scorecard.csv,liteinst,c-programs/dbi-unsupported-syscall,verify,pass,1,gap-probe-not-in-ci,True,False,True,464cbd9f9bb43d5505c914783819e1d349630283
scorecard.csv,liteinst,c-programs/dbi-wait-lifecycle,verify,skip,,gap-probe-not-in-ci,False,False,True,464cbd9f9bb43d5505c914783819e1d349630283
scorecard.csv,liteinst,c-programs/epoll-determinism,verify,skip,,gap-probe-not-in-ci,False,False,True,464cbd9f9bb43d5505c914783819e1d349630283
scorecard.csv,liteinst,c-programs/fp-reduction-nondeterminism,verify,skip,,gap-probe-not-in-ci,False,False,True,464cbd9f9bb43d5505c914783819e1d349630283
scorecard.csv,liteinst,c-programs/futex-requeue-enosys,verify,pass,1,gap-probe-not-in-ci,True,False,True,464cbd9f9bb43d5505c914783819e1d349630283
scorecard.csv,liteinst,c-programs/futex-waitv-enosys,verify,pass,1,gap-probe-not-in-ci,True,False,True,464cbd9f9bb43d5505c914783819e1d349630283
scorecard.csv,liteinst,c-programs/futex-wake-enosys,verify,pass,1,gap-probe-not-in-ci,True,False,True,464cbd9f9bb43d5505c914783819e1d349630283
scorecard.csv,liteinst,c-programs/get-robust-list-child,verify,skip,,gap-probe-not-in-ci,False,False,True,464cbd9f9bb43d5505c914783819e1d349630283
scorecard.csv,liteinst,c-programs/get-robust-list-self,verify,pass,1,gap-probe-not-in-ci,True,False,True,464cbd9f9bb43d5505c914783819e1d349630283
scorecard.csv,liteinst,c-programs/get-robust-list-thread,verify,skip,,gap-probe-not-in-ci,False,False,True,464cbd9f9bb43d5505c914783819e1d349630283
scorecard.csv,liteinst,c-programs/getcpu,verify,pass,1,gap-probe-not-in-ci,True,False,True,464cbd9f9bb43d5505c914783819e1d349630283
scorecard.csv,liteinst,c-programs/getitimer-determinism-probe,verify,pass,1,gap-probe-not-in-ci,True,False,True,464cbd9f9bb43d5505c914783819e1d349630283
scorecard.csv,liteinst,c-programs/getsockopt-null,verify,pass,1,gap-probe-not-in-ci,True,False,True,464cbd9f9bb43d5505c914783819e1d349630283
scorecard.csv,liteinst,c-programs/hello-alarm,verify,pass,1,gap-probe-not-in-ci,True,False,True,464cbd9f9bb43d5505c914783819e1d349630283
scorecard.csv,liteinst,c-programs/hello-nostdlib,verify,skip,,gap-probe-not-in-ci,False,False,True,464cbd9f9bb43d5505c914783819e1d349630283
scorecard.csv,liteinst,c-programs/hello-signals,verify,pass,1,gap-probe-not-in-ci,True,False,True,464cbd9f9bb43d5505c914783819e1d349630283
scorecard.csv,liteinst,c-programs/io-uring-fallback,verify,pass,1,gap-probe-not-in-ci,True,False,True,464cbd9f9bb43d5505c914783819e1d349630283
scorecard.csv,liteinst,c-programs/io-uring-ring-determinism,verify,pass,1,gap-probe-not-in-ci,True,False,True,464cbd9f9bb43d5505c914783819e1d349630283
scorecard.csv,liteinst,c-programs/ioctl-fioclex,verify,pass,1,gap-probe-not-in-ci,True,False,True,464cbd9f9bb43d5505c914783819e1d349630283
scorecard.csv,liteinst,c-programs/ioctl-siocethtool,verify,pass,1,gap-probe-not-in-ci,True,False,True,464cbd9f9bb43d5505c914783819e1d349630283
scorecard.csv,liteinst,c-programs/ipc-determinism,verify,skip,,gap-probe-not-in-ci,False,False,True,464cbd9f9bb43d5505c914783819e1d349630283
scorecard.csv,liteinst,c-programs/just-spin,verify,skip,,gap-probe-not-in-ci,False,False,True,464cbd9f9bb43d5505c914783819e1d349630283
scorecard.csv,liteinst,c-programs/kcmp-eperm,verify,pass,1,gap-probe-not-in-ci,True,False,True,464cbd9f9bb43d5505c914783819e1d349630283
scorecard.csv,liteinst,c-programs/keyctl-enosys,verify,pass,1,gap-probe-not-in-ci,True,False,True,464cbd9f9bb43d5505c914783819e1d349630283
scorecard.csv,liteinst,c-programs/keyctl-passthrough,verify,pass,1,gap-probe-not-in-ci,True,False,True,464cbd9f9bb43d5505c914783819e1d349630283
scorecard.csv,liteinst,c-programs/listmount-enosys,verify,pass,1,gap-probe-not-in-ci,True,False,True,464cbd9f9bb43d5505c914783819e1d349630283
scorecard.csv,liteinst,c-programs/liteinst-advanced,verify,skip,,gap-probe-not-in-ci,False,False,True,464cbd9f9bb43d5505c914783819e1d349630283
scorecard.csv,liteinst,c-programs/lsm-get-self-attr-enosys,verify,skip,,gap-probe-not-in-ci,False,False,True,464cbd9f9bb43d5505c914783819e1d349630283
scorecard.csv,liteinst,c-programs/lsm-list-modules-enosys,verify,pass,1,gap-probe-not-in-ci,True,False,True,464cbd9f9bb43d5505c914783819e1d349630283
scorecard.csv,liteinst,c-programs/lsm-set-self-attr-enosys,verify,pass,1,gap-probe-not-in-ci,True,False,True,464cbd9f9bb43d5505c914783819e1d349630283
scorecard.csv,liteinst,c-programs/madvise-determinism,verify,pass,1,gap-probe-not-in-ci,True,False,True,464cbd9f9bb43d5505c914783819e1d349630283
scorecard.csv,liteinst,c-programs/map-shadow-stack-enosys,verify,pass,1,gap-probe-not-in-ci,True,False,True,464cbd9f9bb43d5505c914783819e1d349630283
scorecard.csv,liteinst,c-programs/memfd-secret-enosys,verify,pass,1,gap-probe-not-in-ci,True,False,True,464cbd9f9bb43d5505c914783819e1d349630283
scorecard.csv,liteinst,c-programs/meminfo-available-deterministic,verify,pass,1,gap-probe-not-in-ci,True,False,True,464cbd9f9bb43d5505c914783819e1d349630283
scorecard.csv,liteinst,c-programs/meminfo-cached-deterministic,verify,pass,1,gap-probe-not-in-ci,True,False,True,464cbd9f9bb43d5505c914783819e1d349630283
scorecard.csv,liteinst,c-programs/meminfo-free-deterministic,verify,pass,1,gap-probe-not-in-ci,True,False,True,464cbd9f9bb43d5505c914783819e1d349630283
scorecard.csv,liteinst,c-programs/memorypress,verify,pass,1,gap-probe-not-in-ci,True,False,True,464cbd9f9bb43d5505c914783819e1d349630283
scorecard.csv,liteinst,c-programs/mmap-determinism,verify,skip,,gap-probe-not-in-ci,False,False,True,464cbd9f9bb43d5505c914783819e1d349630283
scorecard.csv,liteinst,c-programs/mmap-stress-determinism,verify,pass,1,gap-probe-not-in-ci,True,False,True,464cbd9f9bb43d5505c914783819e1d349630283
scorecard.csv,liteinst,c-programs/name-to-handle-at-eopnotsupp,verify,pass,1,gap-probe-not-in-ci,True,False,True,464cbd9f9bb43d5505c914783819e1d349630283
scorecard.csv,liteinst,c-programs/name-to-handle-directory-eopnotsupp,verify,pass,1,gap-probe-not-in-ci,True,False,True,464cbd9f9bb43d5505c914783819e1d349630283
scorecard.csv,liteinst,c-programs/name-to-handle-empty-path-eopnotsupp,verify,pass,1,gap-probe-not-in-ci,True,False,True,464cbd9f9bb43d5505c914783819e1d349630283
scorecard.csv,liteinst,c-programs/name-to-handle-regular-eopnotsupp,verify,pass,1,gap-probe-not-in-ci,True,False,True,464cbd9f9bb43d5505c914783819e1d349630283
scorecard.csv,liteinst,c-programs/nanosleep-par,verify,skip,,gap-probe-not-in-ci,False,False,True,464cbd9f9bb43d5505c914783819e1d349630283
scorecard.csv,liteinst,c-programs/nanosleep-threads-nocrash,verify,skip,,gap-probe-not-in-ci,False,False,True,464cbd9f9bb43d5505c914783819e1d349630283
scorecard.csv,liteinst,c-programs/nanosleep-threads-simple,verify,skip,,gap-probe-not-in-ci,False,False,True,464cbd9f9bb43d5505c914783819e1d349630283
scorecard.csv,liteinst,c-programs/netlink-autobind-generic,verify,pass,1,gap-probe-not-in-ci,True,False,True,464cbd9f9bb43d5505c914783819e1d349630283
scorecard.csv,liteinst,c-programs/netlink-autobind-route,verify,pass,1,gap-probe-not-in-ci,True,False,True,464cbd9f9bb43d5505c914783819e1d349630283
scorecard.csv,liteinst,c-programs/netlink-autobind-usersock,verify,pass,1,gap-probe-not-in-ci,True,False,True,464cbd9f9bb43d5505c914783819e1d349630283
scorecard.csv,liteinst,c-programs/netns-cookie-tcp4,verify,pass,1,gap-probe-not-in-ci,True,False,True,464cbd9f9bb43d5505c914783819e1d349630283
scorecard.csv,liteinst,c-programs/netns-cookie-tcp6,verify,pass,1,gap-probe-not-in-ci,True,False,True,464cbd9f9bb43d5505c914783819e1d349630283
scorecard.csv,liteinst,c-programs/netns-cookie-udp4,verify,pass,1,gap-probe-not-in-ci,True,False,True,464cbd9f9bb43d5505c914783819e1d349630283
scorecard.csv,liteinst,c-programs/perf-event-hardware-enosys,verify,pass,1,gap-probe-not-in-ci,True,False,True,464cbd9f9bb43d5505c914783819e1d349630283
scorecard.csv,liteinst,c-programs/perf-event-open-enosys,verify,pass,1,gap-probe-not-in-ci,True,False,True,464cbd9f9bb43d5505c914783819e1d349630283
scorecard.csv,liteinst,c-programs/perf-event-software-enosys,verify,pass,1,gap-probe-not-in-ci,True,False,True,464cbd9f9bb43d5505c914783819e1d349630283
scorecard.csv,liteinst,c-programs/perf-event-watchpoint-enosys,verify,pass,1,gap-probe-not-in-ci,True,False,True,464cbd9f9bb43d5505c914783819e1d349630283
scorecard.csv,liteinst,c-programs/periodic-setitimer-delivery,verify,pass,1,gap-probe-not-in-ci,True,False,True,464cbd9f9bb43d5505c914783819e1d349630283
scorecard.csv,liteinst,c-programs/pidfd-open-self,verify,pass,1,gap-probe-not-in-ci,True,False,True,464cbd9f9bb43d5505c914783819e1d349630283
scorecard.csv,liteinst,c-programs/pidfd-poll-self,verify,pass,1,gap-probe-not-in-ci,True,False,True,464cbd9f9bb43d5505c914783819e1d349630283
scorecard.csv,liteinst,c-programs/pidfd-waitid-child,verify,skip,,gap-probe-not-in-ci,False,False,True,464cbd9f9bb43d5505c914783819e1d349630283
scorecard.csv,liteinst,c-programs/ppoll-readv,verify,pass,1,gap-probe-not-in-ci,True,False,True,464cbd9f9bb43d5505c914783819e1d349630283
scorecard.csv,liteinst,c-programs/ppoll-simulation,verify,skip,,gap-probe-not-in-ci,False,False,True,464cbd9f9bb43d5505c914783819e1d349630283
scorecard.csv,liteinst,c-programs/prctl-dumpable,verify,pass,1,gap-probe-not-in-ci,True,False,True,464cbd9f9bb43d5505c914783819e1d349630283
scorecard.csv,liteinst,c-programs/pread64-nostdlib,verify,skip,,gap-probe-not-in-ci,False,False,True,464cbd9f9bb43d5505c914783819e1d349630283
scorecard.csv,liteinst,c-programs/print-memaddrs,verify,pass,0,gap-probe-not-in-ci,True,False,True,464cbd9f9bb43d5505c914783819e1d349630283
scorecard.csv,liteinst,c-programs/printf-with-threads,verify,skip,,gap-probe-not-in-ci,False,False,True,464cbd9f9bb43d5505c914783819e1d349630283
scorecard.csv,liteinst,c-programs/proc-fd-link-aliases,verify,pass,0,gap-probe-not-in-ci,True,False,True,464cbd9f9bb43d5505c914783819e1d349630283
scorecard.csv,liteinst,c-programs/proc-fdinfo,verify,pass,0,gap-probe-not-in-ci,True,False,True,464cbd9f9bb43d5505c914783819e1d349630283
scorecard.csv,liteinst,c-programs/proc-locks,verify,pass,1,gap-probe-not-in-ci,True,False,True,464cbd9f9bb43d5505c914783819e1d349630283
scorecard.csv,liteinst,c-programs/process-mrelease-enosys,verify,pass,1,gap-probe-not-in-ci,True,False,True,464cbd9f9bb43d5505c914783819e1d349630283
scorecard.csv,liteinst,c-programs/process-vm-readv-refusal-probe,verify,pass,1,gap-probe-not-in-ci,True,False,True,464cbd9f9bb43d5505c914783819e1d349630283
scorecard.csv,liteinst,c-programs/process-vm-writev-refusal-probe,verify,pass,1,gap-probe-not-in-ci,True,False,True,464cbd9f9bb43d5505c914783819e1d349630283
scorecard.csv,liteinst,c-programs/procfs-positioned-probe,verify,pass,1,gap-probe-not-in-ci,True,False,True,464cbd9f9bb43d5505c914783819e1d349630283
scorecard.csv,liteinst,c-programs/prodcons-determinism,verify,skip,,gap-probe-not-in-ci,False,False,True,464cbd9f9bb43d5505c914783819e1d349630283
scorecard.csv,liteinst,c-programs/pselect6-simulation,verify,skip,,gap-probe-not-in-ci,False,False,True,464cbd9f9bb43d5505c914783819e1d349630283
scorecard.csv,liteinst,c-programs/ptrace-attach-eperm,verify,skip,,gap-probe-not-in-ci,False,False,True,464cbd9f9bb43d5505c914783819e1d349630283
scorecard.csv,liteinst,c-programs/ptrace-eperm,verify,pass,1,gap-probe-not-in-ci,True,False,True,464cbd9f9bb43d5505c914783819e1d349630283
scorecard.csv,liteinst,c-programs/ptrace-seize-eperm,verify,skip,,gap-probe-not-in-ci,False,False,True,464cbd9f9bb43d5505c914783819e1d349630283
scorecard.csv,liteinst,c-programs/ptrace-traceme-eperm,verify,pass,1,gap-probe-not-in-ci,True,False,True,464cbd9f9bb43d5505c914783819e1d349630283
scorecard.csv,liteinst,c-programs/pty-nr-count,verify,pass,1,gap-probe-not-in-ci,True,False,True,464cbd9f9bb43d5505c914783819e1d349630283
scorecard.csv,liteinst,c-programs/racewrite-nostdlib,verify,skip,,gap-probe-not-in-ci,False,False,True,464cbd9f9bb43d5505c914783819e1d349630283
scorecard.csv,liteinst,c-programs/random-sources,verify,skip,,gap-probe-not-in-ci,False,False,True,464cbd9f9bb43d5505c914783819e1d349630283
scorecard.csv,liteinst,c-programs/rcx-canonicalization,verify,pass,1,gap-probe-not-in-ci,True,False,True,464cbd9f9bb43d5505c914783819e1d349630283
scorecard.csv,liteinst,c-programs/record-replay-fd-close,verify,fail,0,gap-probe-not-in-ci,True,False,True,464cbd9f9bb43d5505c914783819e1d349630283
scorecard.csv,liteinst,c-programs/record-replay-file-state,verify,skip,,gap-probe-not-in-ci,False,False,True,464cbd9f9bb43d5505c914783819e1d349630283
scorecard.csv,liteinst,c-programs/record-replay-lseek-seek-cur,verify,skip,,gap-probe-not-in-ci,False,False,True,464cbd9f9bb43d5505c914783819e1d349630283
scorecard.csv,liteinst,c-programs/record-replay-setsockopt,verify,pass,1,gap-probe-not-in-ci,True,False,True,464cbd9f9bb43d5505c914783819e1d349630283
scorecard.csv,liteinst,c-programs/recvmsg-scm-rights-mmap,verify,pass,1,gap-probe-not-in-ci,True,False,True,464cbd9f9bb43d5505c914783819e1d349630283
scorecard.csv,liteinst,c-programs/remap-file-pages-anonymous-enosys,verify,pass,1,gap-probe-not-in-ci,True,False,True,464cbd9f9bb43d5505c914783819e1d349630283
scorecard.csv,liteinst,c-programs/remap-file-pages-memfd-enosys,verify,pass,1,gap-probe-not-in-ci,True,False,True,464cbd9f9bb43d5505c914783819e1d349630283
scorecard.csv,liteinst,c-programs/remap-file-pages-tmpfile-enosys,verify,pass,1,gap-probe-not-in-ci,True,False,True,464cbd9f9bb43d5505c914783819e1d349630283
scorecard.csv,liteinst,c-programs/request-key-enosys,verify,pass,1,gap-probe-not-in-ci,True,False,True,464cbd9f9bb43d5505c914783819e1d349630283
scorecard.csv,liteinst,c-programs/resource-determinism,verify,skip,,gap-probe-not-in-ci,False,False,True,464cbd9f9bb43d5505c914783819e1d349630283
scorecard.csv,liteinst,c-programs/sched-setattr-batch,verify,pass,1,gap-probe-not-in-ci,True,False,True,464cbd9f9bb43d5505c914783819e1d349630283
scorecard.csv,liteinst,c-programs/sched-setattr-idle,verify,pass,1,gap-probe-not-in-ci,True,False,True,464cbd9f9bb43d5505c914783819e1d349630283
scorecard.csv,liteinst,c-programs/sched-setattr-other,verify,pass,1,gap-probe-not-in-ci,True,False,True,464cbd9f9bb43d5505c914783819e1d349630283
scorecard.csv,liteinst,c-programs/sched-yield-progress,verify,skip,,gap-probe-not-in-ci,False,False,True,464cbd9f9bb43d5505c914783819e1d349630283
scorecard.csv,liteinst,c-programs/scheduler-policy-queries,verify,pass,1,gap-probe-not-in-ci,True,False,True,464cbd9f9bb43d5505c914783819e1d349630283
scorecard.csv,liteinst,c-programs/setitimer-determinism,verify,pass,1,gap-probe-not-in-ci,True,False,True,464cbd9f9bb43d5505c914783819e1d349630283
scorecard.csv,liteinst,c-programs/sigmask-preemption,verify,skip,,gap-probe-not-in-ci,False,False,True,464cbd9f9bb43d5505c914783819e1d349630283
scorecard.csv,liteinst,c-programs/signal-determinism,verify,skip,,gap-probe-not-in-ci,False,False,True,464cbd9f9bb43d5505c914783819e1d349630283
scorecard.csv,liteinst,c-programs/sigpipe-siginfo,verify,pass,1,gap-probe-not-in-ci,True,False,True,464cbd9f9bb43d5505c914783819e1d349630283
scorecard.csv,liteinst,c-programs/sigtimedwait-no-timeout,verify,skip,,gap-probe-not-in-ci,False,False,True,464cbd9f9bb43d5505c914783819e1d349630283
scorecard.csv,liteinst,c-programs/sigtimedwait-timeout-0s,verify,skip,,gap-probe-not-in-ci,False,False,True,464cbd9f9bb43d5505c914783819e1d349630283
scorecard.csv,liteinst,c-programs/sigtimedwait-timeout-1s,verify,skip,,gap-probe-not-in-ci,False,False,True,464cbd9f9bb43d5505c914783819e1d349630283
scorecard.csv,liteinst,c-programs/so-incoming-cpu-tcp4,verify,pass,1,gap-probe-not-in-ci,True,False,True,464cbd9f9bb43d5505c914783819e1d349630283
scorecard.csv,liteinst,c-programs/so-incoming-cpu-tcp6,verify,pass,1,gap-probe-not-in-ci,True,False,True,464cbd9f9bb43d5505c914783819e1d349630283
scorecard.csv,liteinst,c-programs/so-incoming-cpu-udp4,verify,pass,1,gap-probe-not-in-ci,True,False,True,464cbd9f9bb43d5505c914783819e1d349630283
scorecard.csv,liteinst,c-programs/socket-cookie-tcp,verify,pass,0,gap-probe-not-in-ci,True,False,True,464cbd9f9bb43d5505c914783819e1d349630283
scorecard.csv,liteinst,c-programs/socket-cookie-udp,verify,pass,0,gap-probe-not-in-ci,True,False,True,464cbd9f9bb43d5505c914783819e1d349630283
scorecard.csv,liteinst,c-programs/socket-cookie-unix,verify,pass,0,gap-probe-not-in-ci,True,False,True,464cbd9f9bb43d5505c914783819e1d349630283
scorecard.csv,liteinst,c-programs/socket-ioctl-timestamp,verify,skip,,gap-probe-not-in-ci,False,False,True,464cbd9f9bb43d5505c914783819e1d349630283
scorecard.csv,liteinst,c-programs/socket-timestamp-edge-cases,verify,fail,0,gap-probe-not-in-ci,True,False,True,464cbd9f9bb43d5505c914783819e1d349630283
scorecard.csv,liteinst,c-programs/socket-timestamp-timespec,verify,pass,0,gap-probe-not-in-ci,True,False,True,464cbd9f9bb43d5505c914783819e1d349630283
scorecard.csv,liteinst,c-programs/socket-timestamp-timeval,verify,pass,0,gap-probe-not-in-ci,True,False,True,464cbd9f9bb43d5505c914783819e1d349630283
scorecard.csv,liteinst,c-programs/splice-enosys,verify,pass,1,gap-probe-not-in-ci,True,False,True,464cbd9f9bb43d5505c914783819e1d349630283
scorecard.csv,liteinst,c-programs/statmount-enosys,verify,pass,1,gap-probe-not-in-ci,True,False,True,464cbd9f9bb43d5505c914783819e1d349630283
scorecard.csv,liteinst,c-programs/syscall-file-io,verify,pass,1,gap-probe-not-in-ci,True,False,True,464cbd9f9bb43d5505c914783819e1d349630283
scorecard.csv,liteinst,c-programs/syscall-file-metadata,verify,pass,1,gap-probe-not-in-ci,True,False,True,464cbd9f9bb43d5505c914783819e1d349630283
scorecard.csv,liteinst,c-programs/syscall-quick-wins,verify,pass,1,gap-probe-not-in-ci,True,False,True,464cbd9f9bb43d5505c914783819e1d349630283
scorecard.csv,liteinst,c-programs/sysfs-enosys,verify,pass,1,gap-probe-not-in-ci,True,False,True,464cbd9f9bb43d5505c914783819e1d349630283
scorecard.csv,liteinst,c-programs/sysinfo,verify,pass,0,gap-probe-not-in-ci,True,False,True,464cbd9f9bb43d5505c914783819e1d349630283
scorecard.csv,liteinst,c-programs/sysinfo-uptime,verify,skip,,gap-probe-not-in-ci,False,False,True,464cbd9f9bb43d5505c914783819e1d349630283
scorecard.csv,liteinst,c-programs/syslog-deterministic,verify,pass,1,gap-probe-not-in-ci,True,False,True,464cbd9f9bb43d5505c914783819e1d349630283
scorecard.csv,liteinst,c-programs/sysv-sem-enosys,verify,pass,1,gap-probe-not-in-ci,True,False,True,464cbd9f9bb43d5505c914783819e1d349630283
scorecard.csv,liteinst,c-programs/sysv-shm-enosys,verify,pass,1,gap-probe-not-in-ci,True,False,True,464cbd9f9bb43d5505c914783819e1d349630283
scorecard.csv,liteinst,c-programs/tcp-info-accept4,verify,pass,1,gap-probe-not-in-ci,True,False,True,464cbd9f9bb43d5505c914783819e1d349630283
scorecard.csv,liteinst,c-programs/tcp-info-accept6,verify,pass,1,gap-probe-not-in-ci,True,False,True,464cbd9f9bb43d5505c914783819e1d349630283
scorecard.csv,liteinst,c-programs/tcp-info-client4,verify,pass,1,gap-probe-not-in-ci,True,False,True,464cbd9f9bb43d5505c914783819e1d349630283
scorecard.csv,liteinst,c-programs/tee-enosys,verify,pass,1,gap-probe-not-in-ci,True,False,True,464cbd9f9bb43d5505c914783819e1d349630283
scorecard.csv,liteinst,c-programs/thread-self-procfs-handoff,verify,skip,,gap-probe-not-in-ci,False,False,True,464cbd9f9bb43d5505c914783819e1d349630283
scorecard.csv,liteinst,c-programs/thread-sync-determinism,verify,skip,,gap-probe-not-in-ci,False,False,True,464cbd9f9bb43d5505c914783819e1d349630283
scorecard.csv,liteinst,c-programs/threadexhaustion,verify,skip,,gap-probe-not-in-ci,False,False,True,464cbd9f9bb43d5505c914783819e1d349630283
scorecard.csv,liteinst,c-programs/timer-create-determinism,verify,pass,1,gap-probe-not-in-ci,True,False,True,464cbd9f9bb43d5505c914783819e1d349630283
scorecard.csv,liteinst,c-programs/uname,verify,pass,1,gap-probe-not-in-ci,True,False,True,464cbd9f9bb43d5505c914783819e1d349630283
scorecard.csv,liteinst,c-programs/unix-autobind-dgram,verify,pass,1,gap-probe-not-in-ci,True,False,True,464cbd9f9bb43d5505c914783819e1d349630283
scorecard.csv,liteinst,c-programs/unix-autobind-seqpacket,verify,pass,1,gap-probe-not-in-ci,True,False,True,464cbd9f9bb43d5505c914783819e1d349630283
scorecard.csv,liteinst,c-programs/unix-autobind-stream,verify,pass,1,gap-probe-not-in-ci,True,False,True,464cbd9f9bb43d5505c914783819e1d349630283
scorecard.csv,liteinst,c-programs/ustat-enosys,verify,pass,1,gap-probe-not-in-ci,True,False,True,464cbd9f9bb43d5505c914783819e1d349630283
scorecard.csv,liteinst,c-programs/vforkexec,verify,skip,,gap-probe-not-in-ci,False,False,True,464cbd9f9bb43d5505c914783819e1d349630283
scorecard.csv,liteinst,c-programs/vmsplice-enosys,verify,pass,1,gap-probe-not-in-ci,True,False,True,464cbd9f9bb43d5505c914783819e1d349630283
scorecard.csv,liteinst,c-programs/wait-on-child,verify,skip,,gap-probe-not-in-ci,False,False,True,464cbd9f9bb43d5505c914783819e1d349630283
scorecard.csv,liteinst,c-programs/writev-determinism,verify,skip,,gap-probe-not-in-ci,False,False,True,464cbd9f9bb43d5505c914783819e1d349630283
scorecard.csv,liteinst,chaos-c/lock-granularity,verify,skip,,gap-probe-not-in-ci,False,False,True,464cbd9f9bb43d5505c914783819e1d349630283
scorecard.csv,liteinst,data-handling/archive-roundtrip,verify,skip,,gap-probe-not-in-ci,False,False,True,464cbd9f9bb43d5505c914783819e1d349630283
scorecard.csv,liteinst,data-handling/shell-pipeline,verify,skip,,gap-probe-not-in-ci,False,False,True,464cbd9f9bb43d5505c914783819e1d349630283
scorecard.csv,liteinst,debugger-c/debuggee,verify,pass,1,gap-probe-not-in-ci,True,False,True,464cbd9f9bb43d5505c914783819e1d349630283
scorecard.csv,liteinst,determinism-stress-c/fork-tree,verify,skip,,gap-probe-not-in-ci,False,False,True,464cbd9f9bb43d5505c914783819e1d349630283
scorecard.csv,liteinst,determinism-stress-c/lock-free,verify,skip,,gap-probe-not-in-ci,False,False,True,464cbd9f9bb43d5505c914783819e1d349630283
scorecard.csv,liteinst,determinism-stress-c/mmap-fork-shared,verify,skip,,gap-probe-not-in-ci,False,False,True,464cbd9f9bb43d5505c914783819e1d349630283
scorecard.csv,liteinst,determinism-stress-c/pid-tid,verify,skip,,gap-probe-not-in-ci,False,False,True,464cbd9f9bb43d5505c914783819e1d349630283
scorecard.csv,liteinst,determinism-stress-c/pipe-chain,verify,skip,,gap-probe-not-in-ci,False,False,True,464cbd9f9bb43d5505c914783819e1d349630283
scorecard.csv,liteinst,determinism-stress-c/pipe-prefill,verify,skip,,gap-probe-not-in-ci,False,False,True,464cbd9f9bb43d5505c914783819e1d349630283
scorecard.csv,liteinst,determinism-stress-c/producer-consumer,verify,skip,,gap-probe-not-in-ci,False,False,True,464cbd9f9bb43d5505c914783819e1d349630283
scorecard.csv,liteinst,determinism-stress-c/signal-order,verify,skip,,gap-probe-not-in-ci,False,False,True,464cbd9f9bb43d5505c914783819e1d349630283
scorecard.csv,liteinst,determinism-stress-c/thread-contention,verify,skip,,gap-probe-not-in-ci,False,False,True,464cbd9f9bb43d5505c914783819e1d349630283
scorecard.csv,liteinst,determinism-stress-c/thread-stress,verify,skip,,gap-probe-not-in-ci,False,False,True,464cbd9f9bb43d5505c914783819e1d349630283
scorecard.csv,liteinst,determinism-stress/order-violation,verify,skip,,gap-probe-not-in-ci,False,False,True,464cbd9f9bb43d5505c914783819e1d349630283
scorecard.csv,liteinst,determinism-stress/process-chains,verify,skip,,gap-probe-not-in-ci,False,False,True,464cbd9f9bb43d5505c914783819e1d349630283
scorecard.csv,liteinst,determinism-stress/thread-contention,verify,skip,,gap-probe-not-in-ci,False,False,True,464cbd9f9bb43d5505c914783819e1d349630283
scorecard.csv,liteinst,determinism-stress/thread-output,verify,skip,,gap-probe-not-in-ci,False,False,True,464cbd9f9bb43d5505c914783819e1d349630283
scorecard.csv,liteinst,language-runtimes/bash-loop-pipe-time,verify,skip,,gap-probe-not-in-ci,False,False,True,464cbd9f9bb43d5505c914783819e1d349630283
scorecard.csv,liteinst,language-runtimes/gawk-random,verify,fail,0,gap-probe-not-in-ci,True,False,True,464cbd9f9bb43d5505c914783819e1d349630283
scorecard.csv,liteinst,language-runtimes/perl-io-subprocess-time,verify,skip,,gap-probe-not-in-ci,False,False,True,464cbd9f9bb43d5505c914783819e1d349630283
scorecard.csv,liteinst,language-runtimes/python-hash-determinism,verify,fail,0,gap-probe-not-in-ci,True,False,True,464cbd9f9bb43d5505c914783819e1d349630283
scorecard.csv,liteinst,language-runtimes/python-io-subprocess-time,verify,skip,,gap-probe-not-in-ci,False,False,True,464cbd9f9bb43d5505c914783819e1d349630283
scorecard.csv,liteinst,language-runtimes/python-random,verify,fail,0,gap-probe-not-in-ci,True,False,True,464cbd9f9bb43d5505c914783819e1d349630283
scorecard.csv,liteinst,shared-futex-c/qemu-exec-init,verify,skip,,gap-probe-not-in-ci,False,False,True,464cbd9f9bb43d5505c914783819e1d349630283
scorecard.csv,liteinst,shared-futex-c/qemu-hello,verify,skip,,gap-probe-not-in-ci,False,False,True,464cbd9f9bb43d5505c914783819e1d349630283
scorecard.csv,liteinst,shared-futex-c/qemu-init,verify,skip,,gap-probe-not-in-ci,False,False,True,464cbd9f9bb43d5505c914783819e1d349630283
scorecard.csv,liteinst,shared-futex-c/qemu-net-init,verify,skip,,gap-probe-not-in-ci,False,False,True,464cbd9f9bb43d5505c914783819e1d349630283
scorecard.csv,liteinst,system-utils/clock-determinism,verify,pass,0,gap-probe-not-in-ci,True,False,True,464cbd9f9bb43d5505c914783819e1d349630283
scorecard.csv,liteinst,system-utils/date-nanoseconds,verify,skip,,gap-probe-not-in-ci,False,False,True,464cbd9f9bb43d5505c914783819e1d349630283
scorecard.csv,liteinst,system-utils/openssl-passwd,verify,fail,0,gap-probe-not-in-ci,True,False,True,464cbd9f9bb43d5505c914783819e1d349630283
scorecard.csv,liteinst,system-utils/proc-uptime,verify,fail,0,gap-probe-not-in-ci,True,False,True,464cbd9f9bb43d5505c914783819e1d349630283
scorecard.csv,liteinst,system-utils/random-device,verify,fail,0,gap-probe-not-in-ci,True,False,True,464cbd9f9bb43d5505c914783819e1d349630283
scorecard.csv,liteinst,system-utils/record-getpid,verify,pass,1,gap-probe-not-in-ci,True,False,True,464cbd9f9bb43d5505c914783819e1d349630283
scorecard.csv,liteinst,util-c/pmu-skid,verify,skip,,gap-probe-not-in-ci,False,False,True,464cbd9f9bb43d5505c914783819e1d349630283
scorecard.csv,ptrace,backend-parity/hello_stdout,strict,pass,1,ci-enforced-unhashed,False,False,False,09d7bd0c6f9833a51e4681357c552d24b71b6cf1
scorecard.csv,ptrace,backend-parity/argument_forwarding,strict,pass,1,ci-enforced-unhashed,False,False,False,09d7bd0c6f9833a51e4681357c552d24b71b6cf1
scorecard.csv,ptrace,backend-parity/exit_zero,strict,pass,1,ci-enforced-unhashed,False,False,False,09d7bd0c6f9833a51e4681357c552d24b71b6cf1
scorecard.csv,ptrace,backend-parity/exit_status,strict,pass,1,ci-enforced-unhashed,False,False,False,09d7bd0c6f9833a51e4681357c552d24b71b6cf1
scorecard.csv,ptrace,backend-parity/file_read,strict,pass,1,ci-enforced-unhashed,False,False,False,09d7bd0c6f9833a51e4681357c552d24b71b6cf1
scorecard.csv,ptrace,backend-parity/file_mutation,strict,pass,1,ci-enforced-unhashed,False,False,False,09d7bd0c6f9833a51e4681357c552d24b71b6cf1
scorecard.csv,ptrace,backend-parity/file_metadata,strict,pass,1,ci-enforced-unhashed,False,False,False,09d7bd0c6f9833a51e4681357c552d24b71b6cf1
scorecard.csv,ptrace,backend-parity/io_uring_fallback,strict,pass,1,ci-enforced-unhashed,False,False,False,09d7bd0c6f9833a51e4681357c552d24b71b6cf1
scorecard.csv,ptrace,backend-parity/listmount_unavailable,strict,pass,1,ci-enforced-unhashed,False,False,False,09d7bd0c6f9833a51e4681357c552d24b71b6cf1
scorecard.csv,ptrace,backend-parity/process_vm_readv_refusal,strict,pass,1,ci-enforced-unhashed,False,False,False,09d7bd0c6f9833a51e4681357c552d24b71b6cf1
scorecard.csv,ptrace,backend-parity/process_vm_writev_refusal,strict,pass,1,ci-enforced-unhashed,False,False,False,09d7bd0c6f9833a51e4681357c552d24b71b6cf1
scorecard.csv,ptrace,backend-parity/executable_mmap,strict,pass,1,ci-enforced-unhashed,False,False,False,09d7bd0c6f9833a51e4681357c552d24b71b6cf1
scorecard.csv,ptrace,backend-parity/memory_advice,strict,pass,1,ci-enforced-unhashed,False,False,False,09d7bd0c6f9833a51e4681357c552d24b71b6cf1
scorecard.csv,ptrace,backend-parity/heap_growth,strict,pass,1,ci-enforced-unhashed,False,False,False,09d7bd0c6f9833a51e4681357c552d24b71b6cf1
scorecard.csv,ptrace,backend-parity/anonymous_mmap_layout,strict,pass,1,ci-enforced-unhashed,False,False,False,09d7bd0c6f9833a51e4681357c552d24b71b6cf1
scorecard.csv,ptrace,backend-parity/shared_anonymous_mmap,strict,pass,1,ci-enforced-unhashed,False,False,False,09d7bd0c6f9833a51e4681357c552d24b71b6cf1
scorecard.csv,ptrace,backend-parity/pthread_lifecycle,strict,pass,1,ci-enforced-unhashed,False,False,False,09d7bd0c6f9833a51e4681357c552d24b71b6cf1
scorecard.csv,ptrace,backend-parity/process_wait_accounting,strict,pass,1,ci-enforced-unhashed,False,False,False,09d7bd0c6f9833a51e4681357c552d24b71b6cf1
scorecard.csv,ptrace,backend-parity/process_wait_lifecycle,strict,pass,1,ci-enforced-unhashed,False,False,False,09d7bd0c6f9833a51e4681357c552d24b71b6cf1
scorecard.csv,ptrace,backend-parity/cpuid_policy,strict,pass,1,ci-enforced-unhashed,False,False,False,09d7bd0c6f9833a51e4681357c552d24b71b6cf1
scorecard.csv,ptrace,backend-parity/virtual_clock,strict,pass,1,ci-enforced-unhashed,False,False,False,09d7bd0c6f9833a51e4681357c552d24b71b6cf1
scorecard.csv,ptrace,backend-parity/random_sources,strict,pass,1,ci-enforced-unhashed,False,False,False,09d7bd0c6f9833a51e4681357c552d24b71b6cf1
scorecard.csv,ptrace,backend-parity/virtual_pid,strict,pass,1,ci-enforced-unhashed,False,False,False,09d7bd0c6f9833a51e4681357c552d24b71b6cf1
scorecard.csv,ptrace,backend-parity/scheduler_policy_queries,strict,pass,1,ci-enforced-unhashed,False,False,False,09d7bd0c6f9833a51e4681357c552d24b71b6cf1
scorecard.csv,ptrace,backend-parity/hello_stdout,verify,pass,1,ci-enforced-unhashed,False,False,False,09d7bd0c6f9833a51e4681357c552d24b71b6cf1
scorecard.csv,ptrace,backend-parity/argument_forwarding,verify,pass,1,ci-enforced-unhashed,False,False,False,09d7bd0c6f9833a51e4681357c552d24b71b6cf1
scorecard.csv,ptrace,backend-parity/exit_zero,verify,pass,1,ci-enforced-unhashed,False,False,False,09d7bd0c6f9833a51e4681357c552d24b71b6cf1
scorecard.csv,ptrace,backend-parity/exit_status,verify,pass,1,ci-enforced-unhashed,False,False,False,09d7bd0c6f9833a51e4681357c552d24b71b6cf1
scorecard.csv,ptrace,backend-parity/file_read,verify,pass,1,ci-enforced-unhashed,False,False,False,09d7bd0c6f9833a51e4681357c552d24b71b6cf1
scorecard.csv,ptrace,backend-parity/file_mutation,verify,pass,1,ci-enforced-unhashed,False,False,False,09d7bd0c6f9833a51e4681357c552d24b71b6cf1
scorecard.csv,ptrace,backend-parity/file_metadata,verify,pass,1,ci-enforced-unhashed,False,False,False,09d7bd0c6f9833a51e4681357c552d24b71b6cf1
scorecard.csv,ptrace,backend-parity/io_uring_fallback,verify,pass,1,ci-enforced-unhashed,False,False,False,09d7bd0c6f9833a51e4681357c552d24b71b6cf1
scorecard.csv,ptrace,backend-parity/listmount_unavailable,verify,pass,1,ci-enforced-unhashed,False,False,False,09d7bd0c6f9833a51e4681357c552d24b71b6cf1
scorecard.csv,ptrace,backend-parity/process_vm_readv_refusal,verify,pass,1,ci-enforced-unhashed,False,False,False,09d7bd0c6f9833a51e4681357c552d24b71b6cf1
scorecard.csv,ptrace,backend-parity/process_vm_writev_refusal,verify,pass,1,ci-enforced-unhashed,False,False,False,09d7bd0c6f9833a51e4681357c552d24b71b6cf1
scorecard.csv,ptrace,backend-parity/executable_mmap,verify,pass,1,ci-enforced-unhashed,False,False,False,09d7bd0c6f9833a51e4681357c552d24b71b6cf1
scorecard.csv,ptrace,backend-parity/memory_advice,verify,pass,1,ci-enforced-unhashed,False,False,False,09d7bd0c6f9833a51e4681357c552d24b71b6cf1
scorecard.csv,ptrace,backend-parity/heap_growth,verify,pass,1,ci-enforced-unhashed,False,False,False,09d7bd0c6f9833a51e4681357c552d24b71b6cf1
scorecard.csv,ptrace,backend-parity/anonymous_mmap_layout,verify,pass,1,ci-enforced-unhashed,False,False,False,09d7bd0c6f9833a51e4681357c552d24b71b6cf1
scorecard.csv,ptrace,backend-parity/shared_anonymous_mmap,verify,pass,1,ci-enforced-unhashed,False,False,False,09d7bd0c6f9833a51e4681357c552d24b71b6cf1
scorecard.csv,ptrace,backend-parity/pthread_lifecycle,verify,pass,1,ci-enforced-unhashed,False,False,False,09d7bd0c6f9833a51e4681357c552d24b71b6cf1
scorecard.csv,ptrace,backend-parity/process_wait_accounting,verify,pass,1,ci-enforced-unhashed,False,False,False,09d7bd0c6f9833a51e4681357c552d24b71b6cf1
scorecard.csv,ptrace,backend-parity/process_wait_lifecycle,verify,pass,1,ci-enforced-unhashed,False,False,False,09d7bd0c6f9833a51e4681357c552d24b71b6cf1
scorecard.csv,ptrace,backend-parity/cpuid_policy,verify,pass,1,ci-enforced-unhashed,False,False,False,09d7bd0c6f9833a51e4681357c552d24b71b6cf1
scorecard.csv,ptrace,backend-parity/virtual_clock,verify,pass,1,ci-enforced-unhashed,False,False,False,09d7bd0c6f9833a51e4681357c552d24b71b6cf1
scorecard.csv,ptrace,backend-parity/random_sources,verify,pass,1,ci-enforced-unhashed,False,False,False,09d7bd0c6f9833a51e4681357c552d24b71b6cf1
scorecard.csv,ptrace,backend-parity/virtual_pid,verify,pass,1,ci-enforced-unhashed,False,False,False,09d7bd0c6f9833a51e4681357c552d24b71b6cf1
scorecard.csv,ptrace,backend-parity/scheduler_policy_queries,verify,pass,1,ci-enforced-unhashed,False,False,False,09d7bd0c6f9833a51e4681357c552d24b71b6cf1
scorecard.csv,dbi,backend-parity/hello_stdout,strict,pass,1,ci-enforced-unhashed,False,False,False,75edd7455dc99f26953c06d8b2c8fb757c580c04
scorecard.csv,dbi,backend-parity/argument_forwarding,strict,pass,1,ci-enforced-unhashed,False,False,False,75edd7455dc99f26953c06d8b2c8fb757c580c04
scorecard.csv,dbi,backend-parity/exit_zero,strict,pass,1,ci-enforced-unhashed,False,False,False,75edd7455dc99f26953c06d8b2c8fb757c580c04
scorecard.csv,dbi,backend-parity/exit_status,strict,pass,1,ci-enforced-unhashed,False,False,False,75edd7455dc99f26953c06d8b2c8fb757c580c04
scorecard.csv,dbi,backend-parity/file_read,strict,pass,1,ci-enforced-unhashed,False,False,False,75edd7455dc99f26953c06d8b2c8fb757c580c04
scorecard.csv,dbi,backend-parity/file_mutation,strict,pass,1,ci-enforced-unhashed,False,False,False,75edd7455dc99f26953c06d8b2c8fb757c580c04
scorecard.csv,dbi,backend-parity/file_metadata,strict,fail,0,ci-enforced-unhashed,False,False,False,75edd7455dc99f26953c06d8b2c8fb757c580c04
scorecard.csv,dbi,backend-parity/io_uring_fallback,strict,pass,1,ci-enforced-unhashed,False,False,False,75edd7455dc99f26953c06d8b2c8fb757c580c04
scorecard.csv,dbi,backend-parity/listmount_unavailable,strict,pass,1,ci-enforced-unhashed,False,False,False,75edd7455dc99f26953c06d8b2c8fb757c580c04
scorecard.csv,dbi,backend-parity/process_vm_readv_refusal,strict,pass,1,ci-enforced-unhashed,False,False,False,75edd7455dc99f26953c06d8b2c8fb757c580c04
scorecard.csv,dbi,backend-parity/process_vm_writev_refusal,strict,pass,1,ci-enforced-unhashed,False,False,False,75edd7455dc99f26953c06d8b2c8fb757c580c04
scorecard.csv,dbi,backend-parity/executable_mmap,strict,pass,1,ci-enforced-unhashed,False,False,False,75edd7455dc99f26953c06d8b2c8fb757c580c04
scorecard.csv,dbi,backend-parity/memory_advice,strict,pass,1,ci-enforced-unhashed,False,False,False,75edd7455dc99f26953c06d8b2c8fb757c580c04
scorecard.csv,dbi,backend-parity/heap_growth,strict,pass,1,ci-enforced-unhashed,False,False,False,75edd7455dc99f26953c06d8b2c8fb757c580c04
scorecard.csv,dbi,backend-parity/anonymous_mmap_layout,strict,pass,1,ci-enforced-unhashed,False,False,False,75edd7455dc99f26953c06d8b2c8fb757c580c04
scorecard.csv,dbi,backend-parity/shared_anonymous_mmap,strict,pass,1,ci-enforced-unhashed,False,False,False,75edd7455dc99f26953c06d8b2c8fb757c580c04
scorecard.csv,dbi,backend-parity/pthread_lifecycle,strict,gap,,gap-probe-not-in-ci,False,False,False,75edd7455dc99f26953c06d8b2c8fb757c580c04
scorecard.csv,dbi,backend-parity/process_wait_accounting,strict,pass,1,ci-enforced-unhashed,False,False,False,75edd7455dc99f26953c06d8b2c8fb757c580c04
scorecard.csv,dbi,backend-parity/process_wait_lifecycle,strict,pass,1,ci-enforced-unhashed,False,False,False,75edd7455dc99f26953c06d8b2c8fb757c580c04
scorecard.csv,dbi,backend-parity/cpuid_policy,strict,pass,1,ci-enforced-unhashed,False,False,False,75edd7455dc99f26953c06d8b2c8fb757c580c04
scorecard.csv,dbi,backend-parity/virtual_clock,strict,pass,1,ci-enforced-unhashed,False,False,False,75edd7455dc99f26953c06d8b2c8fb757c580c04
scorecard.csv,dbi,backend-parity/random_sources,strict,pass,1,ci-enforced-unhashed,False,False,False,75edd7455dc99f26953c06d8b2c8fb757c580c04
scorecard.csv,dbi,backend-parity/virtual_pid,strict,pass,1,ci-enforced-unhashed,False,False,False,75edd7455dc99f26953c06d8b2c8fb757c580c04
scorecard.csv,dbi,backend-parity/scheduler_policy_queries,strict,pass,1,ci-enforced-unhashed,False,False,False,75edd7455dc99f26953c06d8b2c8fb757c580c04
scorecard.csv,dbi,backend-parity/signal_disposition,strict,pass,1,ci-enforced-unhashed,False,False,False,75edd7455dc99f26953c06d8b2c8fb757c580c04
scorecard.csv,dbi,backend-parity/sigaction_state,strict,pass,1,ci-enforced-unhashed,False,False,False,75edd7455dc99f26953c06d8b2c8fb757c580c04
scorecard.csv,dbi,backend-parity/sigprocmask_state,strict,pass,1,ci-enforced-unhashed,False,False,False,75edd7455dc99f26953c06d8b2c8fb757c580c04
scorecard.csv,dbi,backend-parity/sigaltstack_state,strict,pass,1,ci-enforced-unhashed,False,False,False,75edd7455dc99f26953c06d8b2c8fb757c580c04
scorecard.csv,dbi,backend-parity/hello_stdout,strict,pass,1,ci-enforced-unhashed,False,False,False,52d56e5ceb386d24ec809edbfdb6920e8484271e
scorecard.csv,dbi,backend-parity/argument_forwarding,strict,pass,1,ci-enforced-unhashed,False,False,False,52d56e5ceb386d24ec809edbfdb6920e8484271e
scorecard.csv,dbi,backend-parity/exit_zero,strict,pass,1,ci-enforced-unhashed,False,False,False,52d56e5ceb386d24ec809edbfdb6920e8484271e
scorecard.csv,dbi,backend-parity/exit_status,strict,pass,1,ci-enforced-unhashed,False,False,False,52d56e5ceb386d24ec809edbfdb6920e8484271e
scorecard.csv,dbi,backend-parity/file_read,strict,pass,1,ci-enforced-unhashed,False,False,False,52d56e5ceb386d24ec809edbfdb6920e8484271e
scorecard.csv,dbi,backend-parity/file_mutation,strict,pass,1,ci-enforced-unhashed,False,False,False,52d56e5ceb386d24ec809edbfdb6920e8484271e
scorecard.csv,dbi,backend-parity/file_metadata,strict,gap,,gap-probe-not-in-ci,False,False,False,52d56e5ceb386d24ec809edbfdb6920e8484271e
scorecard.csv,dbi,backend-parity/io_uring_fallback,strict,pass,1,ci-enforced-unhashed,False,False,False,52d56e5ceb386d24ec809edbfdb6920e8484271e
scorecard.csv,dbi,backend-parity/listmount_unavailable,strict,pass,1,ci-enforced-unhashed,False,False,False,52d56e5ceb386d24ec809edbfdb6920e8484271e
scorecard.csv,dbi,backend-parity/process_vm_readv_refusal,strict,pass,1,ci-enforced-unhashed,False,False,False,52d56e5ceb386d24ec809edbfdb6920e8484271e
scorecard.csv,dbi,backend-parity/process_vm_writev_refusal,strict,pass,1,ci-enforced-unhashed,False,False,False,52d56e5ceb386d24ec809edbfdb6920e8484271e
scorecard.csv,dbi,backend-parity/executable_mmap,strict,pass,1,ci-enforced-unhashed,False,False,False,52d56e5ceb386d24ec809edbfdb6920e8484271e
scorecard.csv,dbi,backend-parity/memory_advice,strict,pass,1,ci-enforced-unhashed,False,False,False,52d56e5ceb386d24ec809edbfdb6920e8484271e
scorecard.csv,dbi,backend-parity/heap_growth,strict,pass,1,ci-enforced-unhashed,False,False,False,52d56e5ceb386d24ec809edbfdb6920e8484271e
scorecard.csv,dbi,backend-parity/anonymous_mmap_layout,strict,pass,1,ci-enforced-unhashed,False,False,False,52d56e5ceb386d24ec809edbfdb6920e8484271e
scorecard.csv,dbi,backend-parity/shared_anonymous_mmap,strict,pass,1,ci-enforced-unhashed,False,False,False,52d56e5ceb386d24ec809edbfdb6920e8484271e
scorecard.csv,dbi,backend-parity/pthread_lifecycle,strict,gap,,gap-probe-not-in-ci,False,False,False,52d56e5ceb386d24ec809edbfdb6920e8484271e
scorecard.csv,dbi,backend-parity/process_wait_accounting,strict,pass,1,ci-enforced-unhashed,False,False,False,52d56e5ceb386d24ec809edbfdb6920e8484271e
scorecard.csv,dbi,backend-parity/process_wait_lifecycle,strict,pass,1,ci-enforced-unhashed,False,False,False,52d56e5ceb386d24ec809edbfdb6920e8484271e
scorecard.csv,dbi,backend-parity/cpuid_policy,strict,pass,1,ci-enforced-unhashed,False,False,False,52d56e5ceb386d24ec809edbfdb6920e8484271e
scorecard.csv,dbi,backend-parity/virtual_clock,strict,pass,1,ci-enforced-unhashed,False,False,False,52d56e5ceb386d24ec809edbfdb6920e8484271e
scorecard.csv,dbi,backend-parity/random_sources,strict,pass,1,ci-enforced-unhashed,False,False,False,52d56e5ceb386d24ec809edbfdb6920e8484271e
scorecard.csv,dbi,backend-parity/virtual_pid,strict,pass,1,ci-enforced-unhashed,False,False,False,52d56e5ceb386d24ec809edbfdb6920e8484271e
scorecard.csv,dbi,backend-parity/scheduler_policy_queries,strict,pass,1,ci-enforced-unhashed,False,False,False,52d56e5ceb386d24ec809edbfdb6920e8484271e
scorecard.csv,dbi,backend-parity/signal_disposition,strict,pass,1,ci-enforced-unhashed,False,False,False,52d56e5ceb386d24ec809edbfdb6920e8484271e
scorecard.csv,dbi,backend-parity/sigaction_state,strict,pass,1,ci-enforced-unhashed,False,False,False,52d56e5ceb386d24ec809edbfdb6920e8484271e
scorecard.csv,dbi,backend-parity/sigprocmask_state,strict,pass,1,ci-enforced-unhashed,False,False,False,52d56e5ceb386d24ec809edbfdb6920e8484271e
scorecard.csv,dbi,backend-parity/sigaltstack_state,strict,pass,1,ci-enforced-unhashed,False,False,False,52d56e5ceb386d24ec809edbfdb6920e8484271e
scorecard.csv,dbi,backend-parity/hello_stdout,strict,pass,1,ci-enforced-unhashed,False,False,False,fc49593ac21c7655e841a3de825ef86692ad117c
scorecard.csv,dbi,backend-parity/argument_forwarding,strict,pass,1,ci-enforced-unhashed,False,False,False,fc49593ac21c7655e841a3de825ef86692ad117c
scorecard.csv,dbi,backend-parity/exit_zero,strict,pass,1,ci-enforced-unhashed,False,False,False,fc49593ac21c7655e841a3de825ef86692ad117c
scorecard.csv,dbi,backend-parity/exit_status,strict,pass,1,ci-enforced-unhashed,False,False,False,fc49593ac21c7655e841a3de825ef86692ad117c
scorecard.csv,dbi,backend-parity/file_read,strict,pass,1,ci-enforced-unhashed,False,False,False,fc49593ac21c7655e841a3de825ef86692ad117c
scorecard.csv,dbi,backend-parity/file_mutation,strict,pass,1,ci-enforced-unhashed,False,False,False,fc49593ac21c7655e841a3de825ef86692ad117c
scorecard.csv,dbi,backend-parity/file_metadata,strict,gap,,gap-probe-not-in-ci,False,False,False,fc49593ac21c7655e841a3de825ef86692ad117c
scorecard.csv,dbi,backend-parity/io_uring_fallback,strict,pass,1,ci-enforced-unhashed,False,False,False,fc49593ac21c7655e841a3de825ef86692ad117c
scorecard.csv,dbi,backend-parity/listmount_unavailable,strict,pass,1,ci-enforced-unhashed,False,False,False,fc49593ac21c7655e841a3de825ef86692ad117c
scorecard.csv,dbi,backend-parity/process_vm_readv_refusal,strict,pass,1,ci-enforced-unhashed,False,False,False,fc49593ac21c7655e841a3de825ef86692ad117c
scorecard.csv,dbi,backend-parity/process_vm_writev_refusal,strict,pass,1,ci-enforced-unhashed,False,False,False,fc49593ac21c7655e841a3de825ef86692ad117c
scorecard.csv,dbi,backend-parity/executable_mmap,strict,pass,1,ci-enforced-unhashed,False,False,False,fc49593ac21c7655e841a3de825ef86692ad117c
scorecard.csv,dbi,backend-parity/memory_advice,strict,pass,1,ci-enforced-unhashed,False,False,False,fc49593ac21c7655e841a3de825ef86692ad117c
scorecard.csv,dbi,backend-parity/heap_growth,strict,pass,1,ci-enforced-unhashed,False,False,False,fc49593ac21c7655e841a3de825ef86692ad117c
scorecard.csv,dbi,backend-parity/anonymous_mmap_layout,strict,pass,1,ci-enforced-unhashed,False,False,False,fc49593ac21c7655e841a3de825ef86692ad117c
scorecard.csv,dbi,backend-parity/shared_anonymous_mmap,strict,pass,1,ci-enforced-unhashed,False,False,False,fc49593ac21c7655e841a3de825ef86692ad117c
scorecard.csv,dbi,backend-parity/pthread_lifecycle,strict,gap,,gap-probe-not-in-ci,False,False,False,fc49593ac21c7655e841a3de825ef86692ad117c
scorecard.csv,dbi,backend-parity/process_wait_accounting,strict,pass,1,ci-enforced-unhashed,False,False,False,fc49593ac21c7655e841a3de825ef86692ad117c
scorecard.csv,dbi,backend-parity/process_wait_lifecycle,strict,pass,1,ci-enforced-unhashed,False,False,False,fc49593ac21c7655e841a3de825ef86692ad117c
scorecard.csv,dbi,backend-parity/cpuid_policy,strict,pass,1,ci-enforced-unhashed,False,False,False,fc49593ac21c7655e841a3de825ef86692ad117c
scorecard.csv,dbi,backend-parity/virtual_clock,strict,pass,1,ci-enforced-unhashed,False,False,False,fc49593ac21c7655e841a3de825ef86692ad117c
scorecard.csv,dbi,backend-parity/random_sources,strict,pass,1,ci-enforced-unhashed,False,False,False,fc49593ac21c7655e841a3de825ef86692ad117c
scorecard.csv,dbi,backend-parity/virtual_pid,strict,pass,1,ci-enforced-unhashed,False,False,False,fc49593ac21c7655e841a3de825ef86692ad117c
scorecard.csv,dbi,backend-parity/scheduler_policy_queries,strict,pass,1,ci-enforced-unhashed,False,False,False,fc49593ac21c7655e841a3de825ef86692ad117c
scorecard.csv,dbi,backend-parity/signal_disposition,strict,pass,1,ci-enforced-unhashed,False,False,False,fc49593ac21c7655e841a3de825ef86692ad117c
scorecard.csv,dbi,backend-parity/sigaction_state,strict,pass,1,ci-enforced-unhashed,False,False,False,fc49593ac21c7655e841a3de825ef86692ad117c
scorecard.csv,dbi,backend-parity/sigprocmask_state,strict,pass,1,ci-enforced-unhashed,False,False,False,fc49593ac21c7655e841a3de825ef86692ad117c
scorecard.csv,dbi,backend-parity/sigaltstack_state,strict,pass,1,ci-enforced-unhashed,False,False,False,fc49593ac21c7655e841a3de825ef86692ad117c
fullcorpus-scorecard.csv,ptrace,applications/timed-progress-bar,verify,pass,,expansion-candidate,True,False,True,82a8e853357584a3a567fd80812e015572a607c7
fullcorpus-scorecard.csv,ptrace,backend-parity-c/cpuid-probe,verify,pass,,gap-probe-not-in-ci,True,False,True,82a8e853357584a3a567fd80812e015572a607c7
fullcorpus-scorecard.csv,ptrace,backend-parity-c/pid-probe,verify,pass,,gap-probe-not-in-ci,True,False,True,82a8e853357584a3a567fd80812e015572a607c7
fullcorpus-scorecard.csv,ptrace,backend-parity-c/pthread-lifecycle,verify,pass,,gap-probe-not-in-ci,True,False,True,82a8e853357584a3a567fd80812e015572a607c7
fullcorpus-scorecard.csv,ptrace,bin-c/posix-timer-test,verify,pass,,gap-probe-not-in-ci,True,False,True,82a8e853357584a3a567fd80812e015572a607c7
fullcorpus-scorecard.csv,ptrace,bin-c/robust-futex-test,verify,timeout,,gap-probe-not-in-ci,True,False,True,82a8e853357584a3a567fd80812e015572a607c7
fullcorpus-scorecard.csv,ptrace,chaos-c/lock-granularity,verify,pass,,gap-probe-not-in-ci,True,False,True,82a8e853357584a3a567fd80812e015572a607c7
fullcorpus-scorecard.csv,ptrace,c-programs/acct-refusal-probe,verify,pass,,gap-probe-not-in-ci,True,False,True,82a8e853357584a3a567fd80812e015572a607c7
fullcorpus-scorecard.csv,ptrace,c-programs/add-key-enosys,verify,pass,,gap-probe-not-in-ci,True,False,True,82a8e853357584a3a567fd80812e015572a607c7
fullcorpus-scorecard.csv,ptrace,c-programs/adjtimex-deterministic,verify,pass,,gap-probe-not-in-ci,True,False,True,82a8e853357584a3a567fd80812e015572a607c7
fullcorpus-scorecard.csv,ptrace,c-programs/arch-prctl-determinism,verify,pass,,gap-probe-not-in-ci,True,False,True,82a8e853357584a3a567fd80812e015572a607c7
fullcorpus-scorecard.csv,ptrace,c-programs/bpf-enosys,verify,pass,,gap-probe-not-in-ci,True,False,True,82a8e853357584a3a567fd80812e015572a607c7
fullcorpus-scorecard.csv,ptrace,c-programs/cachestat-enosys,verify,pass,,gap-probe-not-in-ci,True,False,True,82a8e853357584a3a567fd80812e015572a607c7
fullcorpus-scorecard.csv,ptrace,c-programs/clock-adjtime-deterministic,verify,pass,,gap-probe-not-in-ci,True,False,True,82a8e853357584a3a567fd80812e015572a607c7
fullcorpus-scorecard.csv,ptrace,c-programs/clone,verify,pass,,gap-probe-not-in-ci,True,False,True,82a8e853357584a3a567fd80812e015572a607c7
fullcorpus-scorecard.csv,ptrace,c-programs/copy-file-range-refusal-probe,verify,pass,,gap-probe-not-in-ci,True,False,True,82a8e853357584a3a567fd80812e015572a607c7
fullcorpus-scorecard.csv,ptrace,c-programs/dbi-copied-tiocgpgrp,verify,pass,,gap-probe-not-in-ci,True,False,True,82a8e853357584a3a567fd80812e015572a607c7
fullcorpus-scorecard.csv,ptrace,c-programs/dbi-exec-failure,verify,pass,,gap-probe-not-in-ci,True,False,True,82a8e853357584a3a567fd80812e015572a607c7
fullcorpus-scorecard.csv,ptrace,c-programs/dbi-execveat-unsupported,verify,pass,,gap-probe-not-in-ci,True,False,True,82a8e853357584a3a567fd80812e015572a607c7
fullcorpus-scorecard.csv,ptrace,c-programs/dbi-mmap-exec,verify,pass,,gap-probe-not-in-ci,True,False,True,82a8e853357584a3a567fd80812e015572a607c7
fullcorpus-scorecard.csv,ptrace,c-programs/dbi-pid-virtualization,verify,pass,,gap-probe-not-in-ci,True,False,True,82a8e853357584a3a567fd80812e015572a607c7
fullcorpus-scorecard.csv,ptrace,c-programs/dbi-prlimit-self,verify,pass,,gap-probe-not-in-ci,True,False,True,82a8e853357584a3a567fd80812e015572a607c7
fullcorpus-scorecard.csv,ptrace,c-programs/dbi-self-sigqueue,verify,pass,,gap-probe-not-in-ci,True,False,True,82a8e853357584a3a567fd80812e015572a607c7
fullcorpus-scorecard.csv,ptrace,c-programs/dbi-unsupported-syscall,verify,pass,,gap-probe-not-in-ci,True,False,True,82a8e853357584a3a567fd80812e015572a607c7
fullcorpus-scorecard.csv,ptrace,c-programs/dbi-wait-lifecycle,verify,pass,,gap-probe-not-in-ci,True,False,True,82a8e853357584a3a567fd80812e015572a607c7
fullcorpus-scorecard.csv,ptrace,c-programs/epoll-determinism,verify,diverge,,ci-enforced-measured,True,False,True,82a8e853357584a3a567fd80812e015572a607c7
fullcorpus-scorecard.csv,ptrace,c-programs/fp-reduction-nondeterminism,verify,pass,,gap-probe-not-in-ci,True,False,True,82a8e853357584a3a567fd80812e015572a607c7
fullcorpus-scorecard.csv,ptrace,c-programs/futex-requeue-enosys,verify,pass,,gap-probe-not-in-ci,True,False,True,82a8e853357584a3a567fd80812e015572a607c7
fullcorpus-scorecard.csv,ptrace,c-programs/futex-waitv-enosys,verify,pass,,gap-probe-not-in-ci,True,False,True,82a8e853357584a3a567fd80812e015572a607c7
fullcorpus-scorecard.csv,ptrace,c-programs/futex-wake-enosys,verify,pass,,gap-probe-not-in-ci,True,False,True,82a8e853357584a3a567fd80812e015572a607c7
fullcorpus-scorecard.csv,ptrace,c-programs/getcpu,verify,pass,,gap-probe-not-in-ci,True,False,True,82a8e853357584a3a567fd80812e015572a607c7
fullcorpus-scorecard.csv,ptrace,c-programs/getitimer-determinism-probe,verify,pass,,gap-probe-not-in-ci,True,False,True,82a8e853357584a3a567fd80812e015572a607c7
fullcorpus-scorecard.csv,ptrace,c-programs/get-robust-list-child,verify,pass,,gap-probe-not-in-ci,True,False,True,82a8e853357584a3a567fd80812e015572a607c7
fullcorpus-scorecard.csv,ptrace,c-programs/get-robust-list-self,verify,pass,,gap-probe-not-in-ci,True,False,True,82a8e853357584a3a567fd80812e015572a607c7
fullcorpus-scorecard.csv,ptrace,c-programs/get-robust-list-thread,verify,pass,,gap-probe-not-in-ci,True,False,True,82a8e853357584a3a567fd80812e015572a607c7
fullcorpus-scorecard.csv,ptrace,c-programs/getsockopt-null,verify,pass,,gap-probe-not-in-ci,True,False,True,82a8e853357584a3a567fd80812e015572a607c7
fullcorpus-scorecard.csv,ptrace,c-programs/hello-alarm,verify,pass,,gap-probe-not-in-ci,True,False,True,82a8e853357584a3a567fd80812e015572a607c7
fullcorpus-scorecard.csv,ptrace,c-programs/hello-nostdlib,verify,pass,,gap-probe-not-in-ci,True,False,True,82a8e853357584a3a567fd80812e015572a607c7
fullcorpus-scorecard.csv,ptrace,c-programs/hello-signals,verify,pass,,gap-probe-not-in-ci,True,False,True,82a8e853357584a3a567fd80812e015572a607c7
fullcorpus-scorecard.csv,ptrace,c-programs/ioctl-fioclex,verify,pass,,gap-probe-not-in-ci,True,False,True,82a8e853357584a3a567fd80812e015572a607c7
fullcorpus-scorecard.csv,ptrace,c-programs/ioctl-siocethtool,verify,pass,,gap-probe-not-in-ci,True,False,True,82a8e853357584a3a567fd80812e015572a607c7
fullcorpus-scorecard.csv,ptrace,c-programs/io-uring-fallback,verify,pass,,gap-probe-not-in-ci,True,False,True,82a8e853357584a3a567fd80812e015572a607c7
fullcorpus-scorecard.csv,ptrace,c-programs/io-uring-ring-determinism,verify,pass,,gap-probe-not-in-ci,True,False,True,82a8e853357584a3a567fd80812e015572a607c7
fullcorpus-scorecard.csv,ptrace,c-programs/ipc-determinism,verify,diverge,,gap-probe-not-in-ci,True,False,True,82a8e853357584a3a567fd80812e015572a607c7
fullcorpus-scorecard.csv,ptrace,c-programs/just-spin,verify,pass,,gap-probe-not-in-ci,True,False,True,82a8e853357584a3a567fd80812e015572a607c7
fullcorpus-scorecard.csv,ptrace,c-programs/kcmp-eperm,verify,pass,,gap-probe-not-in-ci,True,False,True,82a8e853357584a3a567fd80812e015572a607c7
fullcorpus-scorecard.csv,ptrace,c-programs/keyctl-enosys,verify,pass,,gap-probe-not-in-ci,True,False,True,82a8e853357584a3a567fd80812e015572a607c7
fullcorpus-scorecard.csv,ptrace,c-programs/keyctl-passthrough,verify,pass,,gap-probe-not-in-ci,True,False,True,82a8e853357584a3a567fd80812e015572a607c7
fullcorpus-scorecard.csv,ptrace,c-programs/listmount-enosys,verify,pass,,gap-probe-not-in-ci,True,False,True,82a8e853357584a3a567fd80812e015572a607c7
fullcorpus-scorecard.csv,ptrace,c-programs/liteinst-advanced,verify,diverge,,gap-probe-not-in-ci,True,False,True,82a8e853357584a3a567fd80812e015572a607c7
fullcorpus-scorecard.csv,ptrace,c-programs/lsm-get-self-attr-enosys,verify,pass,,gap-probe-not-in-ci,True,False,True,82a8e853357584a3a567fd80812e015572a607c7
fullcorpus-scorecard.csv,ptrace,c-programs/lsm-list-modules-enosys,verify,pass,,gap-probe-not-in-ci,True,False,True,82a8e853357584a3a567fd80812e015572a607c7
fullcorpus-scorecard.csv,ptrace,c-programs/lsm-set-self-attr-enosys,verify,pass,,gap-probe-not-in-ci,True,False,True,82a8e853357584a3a567fd80812e015572a607c7
fullcorpus-scorecard.csv,ptrace,c-programs/madvise-determinism,verify,pass,,ci-enforced-measured,True,False,True,82a8e853357584a3a567fd80812e015572a607c7
fullcorpus-scorecard.csv,ptrace,c-programs/map-shadow-stack-enosys,verify,pass,,gap-probe-not-in-ci,True,False,True,82a8e853357584a3a567fd80812e015572a607c7
fullcorpus-scorecard.csv,ptrace,c-programs/memfd-secret-enosys,verify,pass,,gap-probe-not-in-ci,True,False,True,82a8e853357584a3a567fd80812e015572a607c7
fullcorpus-scorecard.csv,ptrace,c-programs/meminfo-available-deterministic,verify,pass,,gap-probe-not-in-ci,True,False,True,82a8e853357584a3a567fd80812e015572a607c7
fullcorpus-scorecard.csv,ptrace,c-programs/meminfo-cached-deterministic,verify,pass,,gap-probe-not-in-ci,True,False,True,82a8e853357584a3a567fd80812e015572a607c7
fullcorpus-scorecard.csv,ptrace,c-programs/meminfo-free-deterministic,verify,pass,,gap-probe-not-in-ci,True,False,True,82a8e853357584a3a567fd80812e015572a607c7
fullcorpus-scorecard.csv,ptrace,c-programs/memorypress,verify,pass,,gap-probe-not-in-ci,True,False,True,82a8e853357584a3a567fd80812e015572a607c7
fullcorpus-scorecard.csv,ptrace,c-programs/mmap-determinism,verify,diverge,,ci-enforced-measured,True,False,True,82a8e853357584a3a567fd80812e015572a607c7
fullcorpus-scorecard.csv,ptrace,c-programs/mmap-stress-determinism,verify,pass,,gap-probe-not-in-ci,True,False,True,82a8e853357584a3a567fd80812e015572a607c7
fullcorpus-scorecard.csv,ptrace,c-programs/name-to-handle-at-eopnotsupp,verify,pass,,gap-probe-not-in-ci,True,False,True,82a8e853357584a3a567fd80812e015572a607c7
fullcorpus-scorecard.csv,ptrace,c-programs/name-to-handle-directory-eopnotsupp,verify,pass,,gap-probe-not-in-ci,True,False,True,82a8e853357584a3a567fd80812e015572a607c7
fullcorpus-scorecard.csv,ptrace,c-programs/name-to-handle-empty-path-eopnotsupp,verify,pass,,gap-probe-not-in-ci,True,False,True,82a8e853357584a3a567fd80812e015572a607c7
fullcorpus-scorecard.csv,ptrace,c-programs/name-to-handle-regular-eopnotsupp,verify,pass,,gap-probe-not-in-ci,True,False,True,82a8e853357584a3a567fd80812e015572a607c7
fullcorpus-scorecard.csv,ptrace,c-programs/nanosleep-par,verify,pass,,gap-probe-not-in-ci,True,False,True,82a8e853357584a3a567fd80812e015572a607c7
fullcorpus-scorecard.csv,ptrace,c-programs/nanosleep-threads-nocrash,verify,pass,,gap-probe-not-in-ci,True,False,True,82a8e853357584a3a567fd80812e015572a607c7
fullcorpus-scorecard.csv,ptrace,c-programs/nanosleep-threads-simple,verify,diverge,,gap-probe-not-in-ci,True,False,True,82a8e853357584a3a567fd80812e015572a607c7
fullcorpus-scorecard.csv,ptrace,c-programs/netlink-autobind-generic,verify,pass,,ci-enforced-measured,True,False,True,82a8e853357584a3a567fd80812e015572a607c7
fullcorpus-scorecard.csv,ptrace,c-programs/netlink-autobind-route,verify,pass,,ci-enforced-measured,True,False,True,82a8e853357584a3a567fd80812e015572a607c7
fullcorpus-scorecard.csv,ptrace,c-programs/netlink-autobind-usersock,verify,pass,,ci-enforced-measured,True,False,True,82a8e853357584a3a567fd80812e015572a607c7
fullcorpus-scorecard.csv,ptrace,c-programs/netns-cookie-tcp4,verify,pass,,gap-probe-not-in-ci,True,False,True,82a8e853357584a3a567fd80812e015572a607c7
fullcorpus-scorecard.csv,ptrace,c-programs/netns-cookie-tcp6,verify,pass,,gap-probe-not-in-ci,True,False,True,82a8e853357584a3a567fd80812e015572a607c7
fullcorpus-scorecard.csv,ptrace,c-programs/netns-cookie-udp4,verify,pass,,gap-probe-not-in-ci,True,False,True,82a8e853357584a3a567fd80812e015572a607c7
fullcorpus-scorecard.csv,ptrace,c-programs/perf-event-hardware-enosys,verify,pass,,gap-probe-not-in-ci,True,False,True,82a8e853357584a3a567fd80812e015572a607c7
fullcorpus-scorecard.csv,ptrace,c-programs/perf-event-open-enosys,verify,pass,,gap-probe-not-in-ci,True,False,True,82a8e853357584a3a567fd80812e015572a607c7
fullcorpus-scorecard.csv,ptrace,c-programs/perf-event-software-enosys,verify,pass,,gap-probe-not-in-ci,True,False,True,82a8e853357584a3a567fd80812e015572a607c7
fullcorpus-scorecard.csv,ptrace,c-programs/perf-event-watchpoint-enosys,verify,pass,,gap-probe-not-in-ci,True,False,True,82a8e853357584a3a567fd80812e015572a607c7
fullcorpus-scorecard.csv,ptrace,c-programs/periodic-setitimer-delivery,verify,pass,,gap-probe-not-in-ci,True,False,True,82a8e853357584a3a567fd80812e015572a607c7
fullcorpus-scorecard.csv,ptrace,c-programs/pidfd-open-self,verify,pass,,gap-probe-not-in-ci,True,False,True,82a8e853357584a3a567fd80812e015572a607c7
fullcorpus-scorecard.csv,ptrace,c-programs/pidfd-poll-self,verify,pass,,gap-probe-not-in-ci,True,False,True,82a8e853357584a3a567fd80812e015572a607c7
fullcorpus-scorecard.csv,ptrace,c-programs/pidfd-waitid-child,verify,pass,,gap-probe-not-in-ci,True,False,True,82a8e853357584a3a567fd80812e015572a607c7
fullcorpus-scorecard.csv,ptrace,c-programs/ppoll-readv,verify,pass,,gap-probe-not-in-ci,True,False,True,82a8e853357584a3a567fd80812e015572a607c7
fullcorpus-scorecard.csv,ptrace,c-programs/ppoll-simulation,verify,pass,,gap-probe-not-in-ci,True,False,True,82a8e853357584a3a567fd80812e015572a607c7
fullcorpus-scorecard.csv,ptrace,c-programs/prctl-dumpable,verify,pass,,gap-probe-not-in-ci,True,False,True,82a8e853357584a3a567fd80812e015572a607c7
fullcorpus-scorecard.csv,ptrace,c-programs/pread64-nostdlib,verify,pass,,gap-probe-not-in-ci,True,False,True,82a8e853357584a3a567fd80812e015572a607c7
fullcorpus-scorecard.csv,ptrace,c-programs/printf-with-threads,verify,pass,,gap-probe-not-in-ci,True,False,True,82a8e853357584a3a567fd80812e015572a607c7
fullcorpus-scorecard.csv,ptrace,c-programs/print-memaddrs,verify,pass,,gap-probe-not-in-ci,True,False,True,82a8e853357584a3a567fd80812e015572a607c7
fullcorpus-scorecard.csv,ptrace,c-programs/process-mrelease-enosys,verify,pass,,gap-probe-not-in-ci,True,False,True,82a8e853357584a3a567fd80812e015572a607c7
fullcorpus-scorecard.csv,ptrace,c-programs/process-vm-readv-refusal-probe,verify,pass,,gap-probe-not-in-ci,True,False,True,82a8e853357584a3a567fd80812e015572a607c7
fullcorpus-scorecard.csv,ptrace,c-programs/process-vm-writev-refusal-probe,verify,pass,,gap-probe-not-in-ci,True,False,True,82a8e853357584a3a567fd80812e015572a607c7
fullcorpus-scorecard.csv,ptrace,c-programs/proc-fdinfo,verify,pass,,gap-probe-not-in-ci,True,False,True,82a8e853357584a3a567fd80812e015572a607c7
fullcorpus-scorecard.csv,ptrace,c-programs/proc-fd-link-aliases,verify,pass,,gap-probe-not-in-ci,True,False,True,82a8e853357584a3a567fd80812e015572a607c7
fullcorpus-scorecard.csv,ptrace,c-programs/procfs-positioned-probe,verify,pass,,gap-probe-not-in-ci,True,False,True,82a8e853357584a3a567fd80812e015572a607c7
fullcorpus-scorecard.csv,ptrace,c-programs/proc-locks,verify,pass,,gap-probe-not-in-ci,True,False,True,82a8e853357584a3a567fd80812e015572a607c7
fullcorpus-scorecard.csv,ptrace,c-programs/prodcons-determinism,verify,pass,,gap-probe-not-in-ci,True,False,True,82a8e853357584a3a567fd80812e015572a607c7
fullcorpus-scorecard.csv,ptrace,c-programs/pselect6-simulation,verify,pass,,gap-probe-not-in-ci,True,False,True,82a8e853357584a3a567fd80812e015572a607c7
fullcorpus-scorecard.csv,ptrace,c-programs/ptrace-attach-eperm,verify,pass,,gap-probe-not-in-ci,True,False,True,82a8e853357584a3a567fd80812e015572a607c7
fullcorpus-scorecard.csv,ptrace,c-programs/ptrace-eperm,verify,pass,,gap-probe-not-in-ci,True,False,True,82a8e853357584a3a567fd80812e015572a607c7
fullcorpus-scorecard.csv,ptrace,c-programs/ptrace-seize-eperm,verify,pass,,gap-probe-not-in-ci,True,False,True,82a8e853357584a3a567fd80812e015572a607c7
fullcorpus-scorecard.csv,ptrace,c-programs/ptrace-traceme-eperm,verify,pass,,gap-probe-not-in-ci,True,False,True,82a8e853357584a3a567fd80812e015572a607c7
fullcorpus-scorecard.csv,ptrace,c-programs/pty-nr-count,verify,pass,,gap-probe-not-in-ci,True,False,True,82a8e853357584a3a567fd80812e015572a607c7
fullcorpus-scorecard.csv,ptrace,c-programs/racewrite-nostdlib,verify,pass,,gap-probe-not-in-ci,True,False,True,82a8e853357584a3a567fd80812e015572a607c7
fullcorpus-scorecard.csv,ptrace,c-programs/random-sources,verify,pass,,gap-probe-not-in-ci,True,False,True,82a8e853357584a3a567fd80812e015572a607c7
fullcorpus-scorecard.csv,ptrace,c-programs/rcx-canonicalization,verify,pass,,gap-probe-not-in-ci,True,False,True,82a8e853357584a3a567fd80812e015572a607c7
fullcorpus-scorecard.csv,ptrace,c-programs/record-replay-fd-close,verify,pass,,gap-probe-not-in-ci,True,False,True,82a8e853357584a3a567fd80812e015572a607c7
fullcorpus-scorecard.csv,ptrace,c-programs/record-replay-file-state,verify,diverge,,gap-probe-not-in-ci,True,False,True,82a8e853357584a3a567fd80812e015572a607c7
fullcorpus-scorecard.csv,ptrace,c-programs/record-replay-lseek-seek-cur,verify,diverge,,gap-probe-not-in-ci,True,False,True,82a8e853357584a3a567fd80812e015572a607c7
fullcorpus-scorecard.csv,ptrace,c-programs/record-replay-setsockopt,verify,pass,,gap-probe-not-in-ci,True,False,True,82a8e853357584a3a567fd80812e015572a607c7
fullcorpus-scorecard.csv,ptrace,c-programs/recvmsg-scm-rights-mmap,verify,pass,,gap-probe-not-in-ci,True,False,True,82a8e853357584a3a567fd80812e015572a607c7
fullcorpus-scorecard.csv,ptrace,c-programs/remap-file-pages-anonymous-enosys,verify,pass,,gap-probe-not-in-ci,True,False,True,82a8e853357584a3a567fd80812e015572a607c7
fullcorpus-scorecard.csv,ptrace,c-programs/remap-file-pages-memfd-enosys,verify,pass,,gap-probe-not-in-ci,True,False,True,82a8e853357584a3a567fd80812e015572a607c7
fullcorpus-scorecard.csv,ptrace,c-programs/remap-file-pages-tmpfile-enosys,verify,pass,,gap-probe-not-in-ci,True,False,True,82a8e853357584a3a567fd80812e015572a607c7
fullcorpus-scorecard.csv,ptrace,c-programs/request-key-enosys,verify,pass,,gap-probe-not-in-ci,True,False,True,82a8e853357584a3a567fd80812e015572a607c7
fullcorpus-scorecard.csv,ptrace,c-programs/resource-determinism,verify,pass,,gap-probe-not-in-ci,True,False,True,82a8e853357584a3a567fd80812e015572a607c7
fullcorpus-scorecard.csv,ptrace,c-programs/sched-setattr-batch,verify,pass,,gap-probe-not-in-ci,True,False,True,82a8e853357584a3a567fd80812e015572a607c7
fullcorpus-scorecard.csv,ptrace,c-programs/sched-setattr-idle,verify,pass,,gap-probe-not-in-ci,True,False,True,82a8e853357584a3a567fd80812e015572a607c7
fullcorpus-scorecard.csv,ptrace,c-programs/sched-setattr-other,verify,pass,,gap-probe-not-in-ci,True,False,True,82a8e853357584a3a567fd80812e015572a607c7
fullcorpus-scorecard.csv,ptrace,c-programs/scheduler-policy-queries,verify,pass,,gap-probe-not-in-ci,True,False,True,82a8e853357584a3a567fd80812e015572a607c7
fullcorpus-scorecard.csv,ptrace,c-programs/sched-yield-progress,verify,pass,,gap-probe-not-in-ci,True,False,True,82a8e853357584a3a567fd80812e015572a607c7
fullcorpus-scorecard.csv,ptrace,c-programs/setitimer-determinism,verify,pass,,gap-probe-not-in-ci,True,False,True,82a8e853357584a3a567fd80812e015572a607c7
fullcorpus-scorecard.csv,ptrace,c-programs/sigmask-preemption,verify,pass,,gap-probe-not-in-ci,True,False,True,82a8e853357584a3a567fd80812e015572a607c7
fullcorpus-scorecard.csv,ptrace,c-programs/signal-determinism,verify,diverge,,gap-probe-not-in-ci,True,False,True,82a8e853357584a3a567fd80812e015572a607c7
fullcorpus-scorecard.csv,ptrace,c-programs/sigpipe-siginfo,verify,pass,,gap-probe-not-in-ci,True,False,True,82a8e853357584a3a567fd80812e015572a607c7
fullcorpus-scorecard.csv,ptrace,c-programs/sigtimedwait-no-timeout,verify,pass,,gap-probe-not-in-ci,True,False,True,82a8e853357584a3a567fd80812e015572a607c7
fullcorpus-scorecard.csv,ptrace,c-programs/sigtimedwait-timeout-0s,verify,pass,,gap-probe-not-in-ci,True,False,True,82a8e853357584a3a567fd80812e015572a607c7
fullcorpus-scorecard.csv,ptrace,c-programs/sigtimedwait-timeout-1s,verify,pass,,gap-probe-not-in-ci,True,False,True,82a8e853357584a3a567fd80812e015572a607c7
fullcorpus-scorecard.csv,ptrace,c-programs/socket-cookie-tcp,verify,pass,,gap-probe-not-in-ci,True,False,True,82a8e853357584a3a567fd80812e015572a607c7
fullcorpus-scorecard.csv,ptrace,c-programs/socket-cookie-udp,verify,pass,,gap-probe-not-in-ci,True,False,True,82a8e853357584a3a567fd80812e015572a607c7
fullcorpus-scorecard.csv,ptrace,c-programs/socket-cookie-unix,verify,pass,,gap-probe-not-in-ci,True,False,True,82a8e853357584a3a567fd80812e015572a607c7
fullcorpus-scorecard.csv,ptrace,c-programs/socket-ioctl-timestamp,verify,diverge,,gap-probe-not-in-ci,True,False,True,82a8e853357584a3a567fd80812e015572a607c7
fullcorpus-scorecard.csv,ptrace,c-programs/socket-timestamp-edge-cases,verify,pass,,gap-probe-not-in-ci,True,False,True,82a8e853357584a3a567fd80812e015572a607c7
fullcorpus-scorecard.csv,ptrace,c-programs/socket-timestamp-timespec,verify,pass,,gap-probe-not-in-ci,True,False,True,82a8e853357584a3a567fd80812e015572a607c7
fullcorpus-scorecard.csv,ptrace,c-programs/socket-timestamp-timeval,verify,pass,,gap-probe-not-in-ci,True,False,True,82a8e853357584a3a567fd80812e015572a607c7
fullcorpus-scorecard.csv,ptrace,c-programs/so-incoming-cpu-tcp4,verify,pass,,gap-probe-not-in-ci,True,False,True,82a8e853357584a3a567fd80812e015572a607c7
fullcorpus-scorecard.csv,ptrace,c-programs/so-incoming-cpu-tcp6,verify,pass,,gap-probe-not-in-ci,True,False,True,82a8e853357584a3a567fd80812e015572a607c7
fullcorpus-scorecard.csv,ptrace,c-programs/so-incoming-cpu-udp4,verify,pass,,gap-probe-not-in-ci,True,False,True,82a8e853357584a3a567fd80812e015572a607c7
fullcorpus-scorecard.csv,ptrace,c-programs/splice-enosys,verify,pass,,gap-probe-not-in-ci,True,False,True,82a8e853357584a3a567fd80812e015572a607c7
fullcorpus-scorecard.csv,ptrace,c-programs/statmount-enosys,verify,pass,,gap-probe-not-in-ci,True,False,True,82a8e853357584a3a567fd80812e015572a607c7
fullcorpus-scorecard.csv,ptrace,c-programs/syscall-file-io,verify,pass,,gap-probe-not-in-ci,True,False,True,82a8e853357584a3a567fd80812e015572a607c7
fullcorpus-scorecard.csv,ptrace,c-programs/syscall-file-metadata,verify,pass,,gap-probe-not-in-ci,True,False,True,82a8e853357584a3a567fd80812e015572a607c7
fullcorpus-scorecard.csv,ptrace,c-programs/syscall-quick-wins,verify,pass,,gap-probe-not-in-ci,True,False,True,82a8e853357584a3a567fd80812e015572a607c7
fullcorpus-scorecard.csv,ptrace,c-programs/sysfs-enosys,verify,pass,,gap-probe-not-in-ci,True,False,True,82a8e853357584a3a567fd80812e015572a607c7
fullcorpus-scorecard.csv,ptrace,c-programs/sysinfo,verify,pass,,gap-probe-not-in-ci,True,False,True,82a8e853357584a3a567fd80812e015572a607c7
fullcorpus-scorecard.csv,ptrace,c-programs/sysinfo-uptime,verify,pass,,gap-probe-not-in-ci,True,False,True,82a8e853357584a3a567fd80812e015572a607c7
fullcorpus-scorecard.csv,ptrace,c-programs/syslog-deterministic,verify,pass,,gap-probe-not-in-ci,True,False,True,82a8e853357584a3a567fd80812e015572a607c7
fullcorpus-scorecard.csv,ptrace,c-programs/sysv-sem-enosys,verify,pass,,gap-probe-not-in-ci,True,False,True,82a8e853357584a3a567fd80812e015572a607c7
fullcorpus-scorecard.csv,ptrace,c-programs/sysv-shm-enosys,verify,pass,,gap-probe-not-in-ci,True,False,True,82a8e853357584a3a567fd80812e015572a607c7
fullcorpus-scorecard.csv,ptrace,c-programs/tcp-info-accept4,verify,pass,,gap-probe-not-in-ci,True,False,True,82a8e853357584a3a567fd80812e015572a607c7
fullcorpus-scorecard.csv,ptrace,c-programs/tcp-info-accept6,verify,pass,,gap-probe-not-in-ci,True,False,True,82a8e853357584a3a567fd80812e015572a607c7
fullcorpus-scorecard.csv,ptrace,c-programs/tcp-info-client4,verify,pass,,gap-probe-not-in-ci,True,False,True,82a8e853357584a3a567fd80812e015572a607c7
fullcorpus-scorecard.csv,ptrace,c-programs/tee-enosys,verify,pass,,gap-probe-not-in-ci,True,False,True,82a8e853357584a3a567fd80812e015572a607c7
fullcorpus-scorecard.csv,ptrace,c-programs/threadexhaustion,verify,pass,,gap-probe-not-in-ci,True,False,True,82a8e853357584a3a567fd80812e015572a607c7
fullcorpus-scorecard.csv,ptrace,c-programs/thread-self-procfs-handoff,verify,pass,,gap-probe-not-in-ci,True,False,True,82a8e853357584a3a567fd80812e015572a607c7
fullcorpus-scorecard.csv,ptrace,c-programs/thread-sync-determinism,verify,diverge,,ci-enforced-measured,True,False,True,82a8e853357584a3a567fd80812e015572a607c7
fullcorpus-scorecard.csv,ptrace,c-programs/timer-create-determinism,verify,pass,,gap-probe-not-in-ci,True,False,True,82a8e853357584a3a567fd80812e015572a607c7
fullcorpus-scorecard.csv,ptrace,c-programs/uname,verify,pass,,gap-probe-not-in-ci,True,False,True,82a8e853357584a3a567fd80812e015572a607c7
fullcorpus-scorecard.csv,ptrace,c-programs/unix-autobind-dgram,verify,pass,,gap-probe-not-in-ci,True,False,True,82a8e853357584a3a567fd80812e015572a607c7
fullcorpus-scorecard.csv,ptrace,c-programs/unix-autobind-seqpacket,verify,pass,,gap-probe-not-in-ci,True,False,True,82a8e853357584a3a567fd80812e015572a607c7
fullcorpus-scorecard.csv,ptrace,c-programs/unix-autobind-stream,verify,pass,,gap-probe-not-in-ci,True,False,True,82a8e853357584a3a567fd80812e015572a607c7
fullcorpus-scorecard.csv,ptrace,c-programs/ustat-enosys,verify,pass,,gap-probe-not-in-ci,True,False,True,82a8e853357584a3a567fd80812e015572a607c7
fullcorpus-scorecard.csv,ptrace,c-programs/vforkexec,verify,pass,,gap-probe-not-in-ci,True,False,True,82a8e853357584a3a567fd80812e015572a607c7
fullcorpus-scorecard.csv,ptrace,c-programs/vmsplice-enosys,verify,pass,,gap-probe-not-in-ci,True,False,True,82a8e853357584a3a567fd80812e015572a607c7
fullcorpus-scorecard.csv,ptrace,c-programs/wait-on-child,verify,pass,,gap-probe-not-in-ci,True,False,True,82a8e853357584a3a567fd80812e015572a607c7
fullcorpus-scorecard.csv,ptrace,c-programs/writev-determinism,verify,pass,,gap-probe-not-in-ci,True,False,True,82a8e853357584a3a567fd80812e015572a607c7
fullcorpus-scorecard.csv,ptrace,data-handling/archive-roundtrip,verify,diverge,,expansion-candidate,True,False,True,82a8e853357584a3a567fd80812e015572a607c7
fullcorpus-scorecard.csv,ptrace,data-handling/shell-pipeline,verify,diverge,,expansion-candidate,True,False,True,82a8e853357584a3a567fd80812e015572a607c7
fullcorpus-scorecard.csv,ptrace,debugger-c/debuggee,verify,pass,,gap-probe-not-in-ci,True,False,True,82a8e853357584a3a567fd80812e015572a607c7
fullcorpus-scorecard.csv,ptrace,determinism-stress-c/fork-tree,verify,pass,,gap-probe-not-in-ci,True,False,True,82a8e853357584a3a567fd80812e015572a607c7
fullcorpus-scorecard.csv,ptrace,determinism-stress-c/lock-free,verify,pass,,gap-probe-not-in-ci,True,False,True,82a8e853357584a3a567fd80812e015572a607c7
fullcorpus-scorecard.csv,ptrace,determinism-stress-c/mmap-fork-shared,verify,pass,,gap-probe-not-in-ci,True,False,True,82a8e853357584a3a567fd80812e015572a607c7
fullcorpus-scorecard.csv,ptrace,determinism-stress-c/pid-tid,verify,pass,,gap-probe-not-in-ci,True,False,True,82a8e853357584a3a567fd80812e015572a607c7
fullcorpus-scorecard.csv,ptrace,determinism-stress-c/pipe-chain,verify,pass,,gap-probe-not-in-ci,True,False,True,82a8e853357584a3a567fd80812e015572a607c7
fullcorpus-scorecard.csv,ptrace,determinism-stress-c/pipe-prefill,verify,pass,,gap-probe-not-in-ci,True,False,True,82a8e853357584a3a567fd80812e015572a607c7
fullcorpus-scorecard.csv,ptrace,determinism-stress-c/producer-consumer,verify,pass,,gap-probe-not-in-ci,True,False,True,82a8e853357584a3a567fd80812e015572a607c7
fullcorpus-scorecard.csv,ptrace,determinism-stress-c/signal-order,verify,pass,,gap-probe-not-in-ci,True,False,True,82a8e853357584a3a567fd80812e015572a607c7
fullcorpus-scorecard.csv,ptrace,determinism-stress-c/thread-contention,verify,diverge,,gap-probe-not-in-ci,True,False,True,82a8e853357584a3a567fd80812e015572a607c7
fullcorpus-scorecard.csv,ptrace,determinism-stress-c/thread-stress,verify,pass,,gap-probe-not-in-ci,True,False,True,82a8e853357584a3a567fd80812e015572a607c7
fullcorpus-scorecard.csv,ptrace,determinism-stress/order-violation,verify,pass,,gap-probe-not-in-ci,True,False,True,82a8e853357584a3a567fd80812e015572a607c7
fullcorpus-scorecard.csv,ptrace,determinism-stress/process-chains,verify,diverge,,expansion-candidate,True,False,True,82a8e853357584a3a567fd80812e015572a607c7
fullcorpus-scorecard.csv,ptrace,determinism-stress/thread-contention,verify,diverge,,expansion-candidate,True,False,True,82a8e853357584a3a567fd80812e015572a607c7
fullcorpus-scorecard.csv,ptrace,determinism-stress/thread-output,verify,pass,,expansion-candidate,True,False,True,82a8e853357584a3a567fd80812e015572a607c7
fullcorpus-scorecard.csv,ptrace,language-runtimes/bash-loop-pipe-time,verify,pass,,expansion-candidate,True,False,True,82a8e853357584a3a567fd80812e015572a607c7
fullcorpus-scorecard.csv,ptrace,language-runtimes/gawk-random,verify,pass,,expansion-candidate,True,False,True,82a8e853357584a3a567fd80812e015572a607c7
fullcorpus-scorecard.csv,ptrace,language-runtimes/perl-io-subprocess-time,verify,pass,,expansion-candidate,True,False,True,82a8e853357584a3a567fd80812e015572a607c7
fullcorpus-scorecard.csv,ptrace,language-runtimes/python-hash-determinism,verify,pass,,expansion-candidate,True,False,True,82a8e853357584a3a567fd80812e015572a607c7
fullcorpus-scorecard.csv,ptrace,language-runtimes/python-io-subprocess-time,verify,pass,,expansion-candidate,True,False,True,82a8e853357584a3a567fd80812e015572a607c7
fullcorpus-scorecard.csv,ptrace,language-runtimes/python-random,verify,pass,,expansion-candidate,True,False,True,82a8e853357584a3a567fd80812e015572a607c7
fullcorpus-scorecard.csv,ptrace,shared-futex-c/qemu-exec-init,verify,diverge,,gap-probe-not-in-ci,True,False,True,82a8e853357584a3a567fd80812e015572a607c7
fullcorpus-scorecard.csv,ptrace,shared-futex-c/qemu-hello,verify,diverge,,gap-probe-not-in-ci,True,False,True,82a8e853357584a3a567fd80812e015572a607c7
fullcorpus-scorecard.csv,ptrace,shared-futex-c/qemu-init,verify,diverge,,gap-probe-not-in-ci,True,False,True,82a8e853357584a3a567fd80812e015572a607c7
fullcorpus-scorecard.csv,ptrace,shared-futex-c/qemu-net-init,verify,diverge,,gap-probe-not-in-ci,True,False,True,82a8e853357584a3a567fd80812e015572a607c7
fullcorpus-scorecard.csv,ptrace,system-utils/clock-determinism,verify,pass,,gap-probe-not-in-ci,True,False,True,82a8e853357584a3a567fd80812e015572a607c7
fullcorpus-scorecard.csv,ptrace,system-utils/date-nanoseconds,verify,pass,,expansion-candidate,True,False,True,82a8e853357584a3a567fd80812e015572a607c7
fullcorpus-scorecard.csv,ptrace,system-utils/openssl-passwd,verify,pass,,expansion-candidate,True,False,True,82a8e853357584a3a567fd80812e015572a607c7
fullcorpus-scorecard.csv,ptrace,system-utils/proc-uptime,verify,pass,,expansion-candidate,True,False,True,82a8e853357584a3a567fd80812e015572a607c7
fullcorpus-scorecard.csv,ptrace,system-utils/random-device,verify,pass,,expansion-candidate,True,False,True,82a8e853357584a3a567fd80812e015572a607c7
fullcorpus-scorecard.csv,ptrace,system-utils/record-getpid,verify,pass,,gap-probe-not-in-ci,True,False,True,82a8e853357584a3a567fd80812e015572a607c7
fullcorpus-scorecard.csv,ptrace,util-c/pmu-skid,verify,diverge,,gap-probe-not-in-ci,True,False,True,82a8e853357584a3a567fd80812e015572a607c7
fullcorpus-scorecard.csv,kvm,backend-parity-c/cpuid-probe,verify,pass,1,gap-probe-not-in-ci,True,False,True,82a8e853357584a3a567fd80812e015572a607c7
fullcorpus-scorecard.csv,kvm,backend-parity-c/pid-probe,verify,pass,0,gap-probe-not-in-ci,True,False,True,82a8e853357584a3a567fd80812e015572a607c7
fullcorpus-scorecard.csv,kvm,backend-parity-c/pthread-lifecycle,verify,pass,1,gap-probe-not-in-ci,True,False,True,82a8e853357584a3a567fd80812e015572a607c7
fullcorpus-scorecard.csv,kvm,bin-c/posix-timer-test,verify,fail,0,gap-probe-not-in-ci,True,False,True,82a8e853357584a3a567fd80812e015572a607c7
fullcorpus-scorecard.csv,kvm,bin-c/robust-futex-test,verify,fail,,gap-probe-not-in-ci,True,False,True,82a8e853357584a3a567fd80812e015572a607c7
fullcorpus-scorecard.csv,kvm,chaos-c/lock-granularity,verify,pass,1,gap-probe-not-in-ci,True,False,True,82a8e853357584a3a567fd80812e015572a607c7
fullcorpus-scorecard.csv,kvm,c-programs/acct-refusal-probe,verify,pass,1,gap-probe-not-in-ci,True,False,True,82a8e853357584a3a567fd80812e015572a607c7
fullcorpus-scorecard.csv,kvm,c-programs/add-key-enosys,verify,pass,1,gap-probe-not-in-ci,True,False,True,82a8e853357584a3a567fd80812e015572a607c7
fullcorpus-scorecard.csv,kvm,c-programs/adjtimex-deterministic,verify,pass,1,gap-probe-not-in-ci,True,False,True,82a8e853357584a3a567fd80812e015572a607c7
fullcorpus-scorecard.csv,kvm,c-programs/arch-prctl-determinism,verify,pass,1,gap-probe-not-in-ci,True,False,True,82a8e853357584a3a567fd80812e015572a607c7
fullcorpus-scorecard.csv,kvm,c-programs/bpf-enosys,verify,pass,1,gap-probe-not-in-ci,True,False,True,82a8e853357584a3a567fd80812e015572a607c7
fullcorpus-scorecard.csv,kvm,c-programs/cachestat-enosys,verify,pass,1,gap-probe-not-in-ci,True,False,True,82a8e853357584a3a567fd80812e015572a607c7
fullcorpus-scorecard.csv,kvm,c-programs/clock-adjtime-deterministic,verify,pass,1,gap-probe-not-in-ci,True,False,True,82a8e853357584a3a567fd80812e015572a607c7
fullcorpus-scorecard.csv,kvm,c-programs/clone,verify,fail,0,gap-probe-not-in-ci,True,False,True,82a8e853357584a3a567fd80812e015572a607c7
fullcorpus-scorecard.csv,kvm,c-programs/copy-file-range-refusal-probe,verify,pass,1,gap-probe-not-in-ci,True,False,True,82a8e853357584a3a567fd80812e015572a607c7
fullcorpus-scorecard.csv,kvm,c-programs/dbi-copied-tiocgpgrp,verify,pass,1,gap-probe-not-in-ci,True,False,True,82a8e853357584a3a567fd80812e015572a607c7
fullcorpus-scorecard.csv,kvm,c-programs/dbi-exec-failure,verify,pass,1,gap-probe-not-in-ci,True,False,True,82a8e853357584a3a567fd80812e015572a607c7
fullcorpus-scorecard.csv,kvm,c-programs/dbi-execveat-unsupported,verify,pass,1,gap-probe-not-in-ci,True,False,True,82a8e853357584a3a567fd80812e015572a607c7
fullcorpus-scorecard.csv,kvm,c-programs/dbi-mmap-exec,verify,pass,1,gap-probe-not-in-ci,True,False,True,82a8e853357584a3a567fd80812e015572a607c7
fullcorpus-scorecard.csv,kvm,c-programs/dbi-pid-virtualization,verify,fail,0,gap-probe-not-in-ci,True,False,True,82a8e853357584a3a567fd80812e015572a607c7
fullcorpus-scorecard.csv,kvm,c-programs/dbi-prlimit-self,verify,pass,1,gap-probe-not-in-ci,True,False,True,82a8e853357584a3a567fd80812e015572a607c7
fullcorpus-scorecard.csv,kvm,c-programs/dbi-self-sigqueue,verify,fail,0,gap-probe-not-in-ci,True,False,True,82a8e853357584a3a567fd80812e015572a607c7
fullcorpus-scorecard.csv,kvm,c-programs/dbi-unsupported-syscall,verify,fail,0,gap-probe-not-in-ci,True,False,True,82a8e853357584a3a567fd80812e015572a607c7
fullcorpus-scorecard.csv,kvm,c-programs/dbi-wait-lifecycle,verify,fail,0,gap-probe-not-in-ci,True,False,True,82a8e853357584a3a567fd80812e015572a607c7
fullcorpus-scorecard.csv,kvm,c-programs/epoll-determinism,verify,fail,,ci-enforced-measured,True,False,True,82a8e853357584a3a567fd80812e015572a607c7
fullcorpus-scorecard.csv,kvm,c-programs/fp-reduction-nondeterminism,verify,fail,0,gap-probe-not-in-ci,True,False,True,82a8e853357584a3a567fd80812e015572a607c7
fullcorpus-scorecard.csv,kvm,c-programs/futex-requeue-enosys,verify,pass,1,gap-probe-not-in-ci,True,False,True,82a8e853357584a3a567fd80812e015572a607c7
fullcorpus-scorecard.csv,kvm,c-programs/futex-waitv-enosys,verify,pass,1,gap-probe-not-in-ci,True,False,True,82a8e853357584a3a567fd80812e015572a607c7
fullcorpus-scorecard.csv,kvm,c-programs/futex-wake-enosys,verify,pass,1,gap-probe-not-in-ci,True,False,True,82a8e853357584a3a567fd80812e015572a607c7
fullcorpus-scorecard.csv,kvm,c-programs/getcpu,verify,pass,1,gap-probe-not-in-ci,True,False,True,82a8e853357584a3a567fd80812e015572a607c7
fullcorpus-scorecard.csv,kvm,c-programs/getitimer-determinism-probe,verify,pass,1,gap-probe-not-in-ci,True,False,True,82a8e853357584a3a567fd80812e015572a607c7
fullcorpus-scorecard.csv,kvm,c-programs/get-robust-list-child,verify,fail,0,gap-probe-not-in-ci,True,False,True,82a8e853357584a3a567fd80812e015572a607c7
fullcorpus-scorecard.csv,kvm,c-programs/get-robust-list-self,verify,pass,1,gap-probe-not-in-ci,True,False,True,82a8e853357584a3a567fd80812e015572a607c7
fullcorpus-scorecard.csv,kvm,c-programs/get-robust-list-thread,verify,fail,0,gap-probe-not-in-ci,True,False,True,82a8e853357584a3a567fd80812e015572a607c7
fullcorpus-scorecard.csv,kvm,c-programs/getsockopt-null,verify,pass,1,gap-probe-not-in-ci,True,False,True,82a8e853357584a3a567fd80812e015572a607c7
fullcorpus-scorecard.csv,kvm,c-programs/hello-alarm,verify,fail,0,gap-probe-not-in-ci,True,False,True,82a8e853357584a3a567fd80812e015572a607c7
fullcorpus-scorecard.csv,kvm,c-programs/hello-nostdlib,verify,pass,1,gap-probe-not-in-ci,True,False,True,82a8e853357584a3a567fd80812e015572a607c7
fullcorpus-scorecard.csv,kvm,c-programs/hello-signals,verify,fail,0,gap-probe-not-in-ci,True,False,True,82a8e853357584a3a567fd80812e015572a607c7
fullcorpus-scorecard.csv,kvm,c-programs/ioctl-fioclex,verify,pass,1,gap-probe-not-in-ci,True,False,True,82a8e853357584a3a567fd80812e015572a607c7
fullcorpus-scorecard.csv,kvm,c-programs/ioctl-siocethtool,verify,pass,1,gap-probe-not-in-ci,True,False,True,82a8e853357584a3a567fd80812e015572a607c7
fullcorpus-scorecard.csv,kvm,c-programs/io-uring-fallback,verify,pass,1,gap-probe-not-in-ci,True,False,True,82a8e853357584a3a567fd80812e015572a607c7
fullcorpus-scorecard.csv,kvm,c-programs/io-uring-ring-determinism,verify,pass,1,gap-probe-not-in-ci,True,False,True,82a8e853357584a3a567fd80812e015572a607c7
fullcorpus-scorecard.csv,kvm,c-programs/ipc-determinism,verify,fail,,gap-probe-not-in-ci,True,False,True,82a8e853357584a3a567fd80812e015572a607c7
fullcorpus-scorecard.csv,kvm,c-programs/just-spin,verify,pass,1,gap-probe-not-in-ci,True,False,True,82a8e853357584a3a567fd80812e015572a607c7
fullcorpus-scorecard.csv,kvm,c-programs/kcmp-eperm,verify,pass,1,gap-probe-not-in-ci,True,False,True,82a8e853357584a3a567fd80812e015572a607c7
fullcorpus-scorecard.csv,kvm,c-programs/keyctl-enosys,verify,pass,1,gap-probe-not-in-ci,True,False,True,82a8e853357584a3a567fd80812e015572a607c7
fullcorpus-scorecard.csv,kvm,c-programs/keyctl-passthrough,verify,pass,1,gap-probe-not-in-ci,True,False,True,82a8e853357584a3a567fd80812e015572a607c7
fullcorpus-scorecard.csv,kvm,c-programs/listmount-enosys,verify,pass,1,gap-probe-not-in-ci,True,False,True,82a8e853357584a3a567fd80812e015572a607c7
fullcorpus-scorecard.csv,kvm,c-programs/liteinst-advanced,verify,fail,,gap-probe-not-in-ci,True,False,True,82a8e853357584a3a567fd80812e015572a607c7
fullcorpus-scorecard.csv,kvm,c-programs/lsm-get-self-attr-enosys,verify,pass,1,gap-probe-not-in-ci,True,False,True,82a8e853357584a3a567fd80812e015572a607c7
fullcorpus-scorecard.csv,kvm,c-programs/lsm-list-modules-enosys,verify,pass,1,gap-probe-not-in-ci,True,False,True,82a8e853357584a3a567fd80812e015572a607c7
fullcorpus-scorecard.csv,kvm,c-programs/lsm-set-self-attr-enosys,verify,pass,1,gap-probe-not-in-ci,True,False,True,82a8e853357584a3a567fd80812e015572a607c7
fullcorpus-scorecard.csv,kvm,c-programs/madvise-determinism,verify,fail,0,ci-enforced-measured,True,False,True,82a8e853357584a3a567fd80812e015572a607c7
fullcorpus-scorecard.csv,kvm,c-programs/map-shadow-stack-enosys,verify,pass,1,gap-probe-not-in-ci,True,False,True,82a8e853357584a3a567fd80812e015572a607c7
fullcorpus-scorecard.csv,kvm,c-programs/memfd-secret-enosys,verify,pass,1,gap-probe-not-in-ci,True,False,True,82a8e853357584a3a567fd80812e015572a607c7
fullcorpus-scorecard.csv,kvm,c-programs/meminfo-available-deterministic,verify,pass,1,gap-probe-not-in-ci,True,False,True,82a8e853357584a3a567fd80812e015572a607c7
fullcorpus-scorecard.csv,kvm,c-programs/meminfo-cached-deterministic,verify,pass,1,gap-probe-not-in-ci,True,False,True,82a8e853357584a3a567fd80812e015572a607c7
fullcorpus-scorecard.csv,kvm,c-programs/meminfo-free-deterministic,verify,pass,1,gap-probe-not-in-ci,True,False,True,82a8e853357584a3a567fd80812e015572a607c7
fullcorpus-scorecard.csv,kvm,c-programs/memorypress,verify,pass,1,gap-probe-not-in-ci,True,False,True,82a8e853357584a3a567fd80812e015572a607c7
fullcorpus-scorecard.csv,kvm,c-programs/mmap-determinism,verify,fail,,ci-enforced-measured,True,False,True,82a8e853357584a3a567fd80812e015572a607c7
fullcorpus-scorecard.csv,kvm,c-programs/mmap-stress-determinism,verify,pass,1,gap-probe-not-in-ci,True,False,True,82a8e853357584a3a567fd80812e015572a607c7
fullcorpus-scorecard.csv,kvm,c-programs/name-to-handle-at-eopnotsupp,verify,pass,1,gap-probe-not-in-ci,True,False,True,82a8e853357584a3a567fd80812e015572a607c7
fullcorpus-scorecard.csv,kvm,c-programs/name-to-handle-directory-eopnotsupp,verify,pass,1,gap-probe-not-in-ci,True,False,True,82a8e853357584a3a567fd80812e015572a607c7
fullcorpus-scorecard.csv,kvm,c-programs/name-to-handle-empty-path-eopnotsupp,verify,pass,1,gap-probe-not-in-ci,True,False,True,82a8e853357584a3a567fd80812e015572a607c7
fullcorpus-scorecard.csv,kvm,c-programs/name-to-handle-regular-eopnotsupp,verify,pass,1,gap-probe-not-in-ci,True,False,True,82a8e853357584a3a567fd80812e015572a607c7
fullcorpus-scorecard.csv,kvm,c-programs/nanosleep-par,verify,pass,1,gap-probe-not-in-ci,True,False,True,82a8e853357584a3a567fd80812e015572a607c7
fullcorpus-scorecard.csv,kvm,c-programs/nanosleep-threads-nocrash,verify,pass,1,gap-probe-not-in-ci,True,False,True,82a8e853357584a3a567fd80812e015572a607c7
fullcorpus-scorecard.csv,kvm,c-programs/nanosleep-threads-simple,verify,pass,,gap-probe-not-in-ci,True,False,True,82a8e853357584a3a567fd80812e015572a607c7
fullcorpus-scorecard.csv,kvm,c-programs/netlink-autobind-generic,verify,pass,1,ci-enforced-measured,True,False,True,82a8e853357584a3a567fd80812e015572a607c7
fullcorpus-scorecard.csv,kvm,c-programs/netlink-autobind-route,verify,pass,1,ci-enforced-measured,True,False,True,82a8e853357584a3a567fd80812e015572a607c7
fullcorpus-scorecard.csv,kvm,c-programs/netlink-autobind-usersock,verify,pass,1,ci-enforced-measured,True,False,True,82a8e853357584a3a567fd80812e015572a607c7
fullcorpus-scorecard.csv,kvm,c-programs/netns-cookie-tcp4,verify,pass,1,gap-probe-not-in-ci,True,False,True,82a8e853357584a3a567fd80812e015572a607c7
fullcorpus-scorecard.csv,kvm,c-programs/netns-cookie-tcp6,verify,pass,1,gap-probe-not-in-ci,True,False,True,82a8e853357584a3a567fd80812e015572a607c7
fullcorpus-scorecard.csv,kvm,c-programs/netns-cookie-udp4,verify,pass,1,gap-probe-not-in-ci,True,False,True,82a8e853357584a3a567fd80812e015572a607c7
fullcorpus-scorecard.csv,kvm,c-programs/perf-event-hardware-enosys,verify,pass,1,gap-probe-not-in-ci,True,False,True,82a8e853357584a3a567fd80812e015572a607c7
fullcorpus-scorecard.csv,kvm,c-programs/perf-event-open-enosys,verify,pass,1,gap-probe-not-in-ci,True,False,True,82a8e853357584a3a567fd80812e015572a607c7
fullcorpus-scorecard.csv,kvm,c-programs/perf-event-software-enosys,verify,pass,1,gap-probe-not-in-ci,True,False,True,82a8e853357584a3a567fd80812e015572a607c7
fullcorpus-scorecard.csv,kvm,c-programs/perf-event-watchpoint-enosys,verify,pass,1,gap-probe-not-in-ci,True,False,True,82a8e853357584a3a567fd80812e015572a607c7
fullcorpus-scorecard.csv,kvm,c-programs/periodic-setitimer-delivery,verify,fail,0,gap-probe-not-in-ci,True,False,True,82a8e853357584a3a567fd80812e015572a607c7
fullcorpus-scorecard.csv,kvm,c-programs/pidfd-open-self,verify,pass,1,gap-probe-not-in-ci,True,False,True,82a8e853357584a3a567fd80812e015572a607c7
fullcorpus-scorecard.csv,kvm,c-programs/pidfd-poll-self,verify,pass,1,gap-probe-not-in-ci,True,False,True,82a8e853357584a3a567fd80812e015572a607c7
fullcorpus-scorecard.csv,kvm,c-programs/pidfd-waitid-child,verify,fail,0,gap-probe-not-in-ci,True,False,True,82a8e853357584a3a567fd80812e015572a607c7
fullcorpus-scorecard.csv,kvm,c-programs/ppoll-readv,verify,fail,0,gap-probe-not-in-ci,True,False,True,82a8e853357584a3a567fd80812e015572a607c7
fullcorpus-scorecard.csv,kvm,c-programs/ppoll-simulation,verify,fail,0,gap-probe-not-in-ci,True,False,True,82a8e853357584a3a567fd80812e015572a607c7
fullcorpus-scorecard.csv,kvm,c-programs/prctl-dumpable,verify,pass,1,gap-probe-not-in-ci,True,False,True,82a8e853357584a3a567fd80812e015572a607c7
fullcorpus-scorecard.csv,kvm,c-programs/pread64-nostdlib,verify,pass,1,gap-probe-not-in-ci,True,False,True,82a8e853357584a3a567fd80812e015572a607c7
fullcorpus-scorecard.csv,kvm,c-programs/printf-with-threads,verify,pass,1,gap-probe-not-in-ci,True,False,True,82a8e853357584a3a567fd80812e015572a607c7
fullcorpus-scorecard.csv,kvm,c-programs/print-memaddrs,verify,pass,0,gap-probe-not-in-ci,True,False,True,82a8e853357584a3a567fd80812e015572a607c7
fullcorpus-scorecard.csv,kvm,c-programs/process-mrelease-enosys,verify,pass,1,gap-probe-not-in-ci,True,False,True,82a8e853357584a3a567fd80812e015572a607c7
fullcorpus-scorecard.csv,kvm,c-programs/process-vm-readv-refusal-probe,verify,pass,1,gap-probe-not-in-ci,True,False,True,82a8e853357584a3a567fd80812e015572a607c7
fullcorpus-scorecard.csv,kvm,c-programs/process-vm-writev-refusal-probe,verify,pass,1,gap-probe-not-in-ci,True,False,True,82a8e853357584a3a567fd80812e015572a607c7
fullcorpus-scorecard.csv,kvm,c-programs/proc-fdinfo,verify,fail,0,gap-probe-not-in-ci,True,False,True,82a8e853357584a3a567fd80812e015572a607c7
fullcorpus-scorecard.csv,kvm,c-programs/proc-fd-link-aliases,verify,fail,0,gap-probe-not-in-ci,True,False,True,82a8e853357584a3a567fd80812e015572a607c7
fullcorpus-scorecard.csv,kvm,c-programs/procfs-positioned-probe,verify,pass,1,gap-probe-not-in-ci,True,False,True,82a8e853357584a3a567fd80812e015572a607c7
fullcorpus-scorecard.csv,kvm,c-programs/proc-locks,verify,pass,1,gap-probe-not-in-ci,True,False,True,82a8e853357584a3a567fd80812e015572a607c7
fullcorpus-scorecard.csv,kvm,c-programs/prodcons-determinism,verify,pass,1,gap-probe-not-in-ci,True,False,True,82a8e853357584a3a567fd80812e015572a607c7
fullcorpus-scorecard.csv,kvm,c-programs/pselect6-simulation,verify,fail,0,gap-probe-not-in-ci,True,False,True,82a8e853357584a3a567fd80812e015572a607c7
fullcorpus-scorecard.csv,kvm,c-programs/ptrace-attach-eperm,verify,fail,0,gap-probe-not-in-ci,True,False,True,82a8e853357584a3a567fd80812e015572a607c7
fullcorpus-scorecard.csv,kvm,c-programs/ptrace-eperm,verify,pass,1,gap-probe-not-in-ci,True,False,True,82a8e853357584a3a567fd80812e015572a607c7
fullcorpus-scorecard.csv,kvm,c-programs/ptrace-seize-eperm,verify,fail,0,gap-probe-not-in-ci,True,False,True,82a8e853357584a3a567fd80812e015572a607c7
fullcorpus-scorecard.csv,kvm,c-programs/ptrace-traceme-eperm,verify,pass,1,gap-probe-not-in-ci,True,False,True,82a8e853357584a3a567fd80812e015572a607c7
fullcorpus-scorecard.csv,kvm,c-programs/pty-nr-count,verify,fail,0,gap-probe-not-in-ci,True,False,True,82a8e853357584a3a567fd80812e015572a607c7
fullcorpus-scorecard.csv,kvm,c-programs/racewrite-nostdlib,verify,pass,1,gap-probe-not-in-ci,True,False,True,82a8e853357584a3a567fd80812e015572a607c7
fullcorpus-scorecard.csv,kvm,c-programs/random-sources,verify,pass,0,gap-probe-not-in-ci,True,False,True,82a8e853357584a3a567fd80812e015572a607c7
fullcorpus-scorecard.csv,kvm,c-programs/rcx-canonicalization,verify,pass,1,gap-probe-not-in-ci,True,False,True,82a8e853357584a3a567fd80812e015572a607c7
fullcorpus-scorecard.csv,kvm,c-programs/record-replay-fd-close,verify,fail,0,gap-probe-not-in-ci,True,False,True,82a8e853357584a3a567fd80812e015572a607c7
fullcorpus-scorecard.csv,kvm,c-programs/record-replay-file-state,verify,fail,0,gap-probe-not-in-ci,True,False,True,82a8e853357584a3a567fd80812e015572a607c7
fullcorpus-scorecard.csv,kvm,c-programs/record-replay-lseek-seek-cur,verify,fail,,gap-probe-not-in-ci,True,False,True,82a8e853357584a3a567fd80812e015572a607c7
fullcorpus-scorecard.csv,kvm,c-programs/record-replay-setsockopt,verify,pass,1,gap-probe-not-in-ci,True,False,True,82a8e853357584a3a567fd80812e015572a607c7
fullcorpus-scorecard.csv,kvm,c-programs/recvmsg-scm-rights-mmap,verify,fail,0,gap-probe-not-in-ci,True,False,True,82a8e853357584a3a567fd80812e015572a607c7
fullcorpus-scorecard.csv,kvm,c-programs/remap-file-pages-anonymous-enosys,verify,pass,1,gap-probe-not-in-ci,True,False,True,82a8e853357584a3a567fd80812e015572a607c7
fullcorpus-scorecard.csv,kvm,c-programs/remap-file-pages-memfd-enosys,verify,fail,0,gap-probe-not-in-ci,True,False,True,82a8e853357584a3a567fd80812e015572a607c7
fullcorpus-scorecard.csv,kvm,c-programs/remap-file-pages-tmpfile-enosys,verify,pass,1,gap-probe-not-in-ci,True,False,True,82a8e853357584a3a567fd80812e015572a607c7
fullcorpus-scorecard.csv,kvm,c-programs/request-key-enosys,verify,pass,1,gap-probe-not-in-ci,True,False,True,82a8e853357584a3a567fd80812e015572a607c7
fullcorpus-scorecard.csv,kvm,c-programs/resource-determinism,verify,fail,0,gap-probe-not-in-ci,True,False,True,82a8e853357584a3a567fd80812e015572a607c7
fullcorpus-scorecard.csv,kvm,c-programs/sched-setattr-batch,verify,pass,1,gap-probe-not-in-ci,True,False,True,82a8e853357584a3a567fd80812e015572a607c7
fullcorpus-scorecard.csv,kvm,c-programs/sched-setattr-idle,verify,pass,1,gap-probe-not-in-ci,True,False,True,82a8e853357584a3a567fd80812e015572a607c7
fullcorpus-scorecard.csv,kvm,c-programs/sched-setattr-other,verify,pass,1,gap-probe-not-in-ci,True,False,True,82a8e853357584a3a567fd80812e015572a607c7
fullcorpus-scorecard.csv,kvm,c-programs/scheduler-policy-queries,verify,pass,1,gap-probe-not-in-ci,True,False,True,82a8e853357584a3a567fd80812e015572a607c7
fullcorpus-scorecard.csv,kvm,c-programs/sched-yield-progress,verify,pass,1,gap-probe-not-in-ci,True,False,True,82a8e853357584a3a567fd80812e015572a607c7
fullcorpus-scorecard.csv,kvm,c-programs/setitimer-determinism,verify,pass,0,gap-probe-not-in-ci,True,False,True,82a8e853357584a3a567fd80812e015572a607c7
fullcorpus-scorecard.csv,kvm,c-programs/sigmask-preemption,verify,pass,1,gap-probe-not-in-ci,True,False,True,82a8e853357584a3a567fd80812e015572a607c7
fullcorpus-scorecard.csv,kvm,c-programs/signal-determinism,verify,fail,,gap-probe-not-in-ci,True,False,True,82a8e853357584a3a567fd80812e015572a607c7
fullcorpus-scorecard.csv,kvm,c-programs/sigpipe-siginfo,verify,fail,0,gap-probe-not-in-ci,True,False,True,82a8e853357584a3a567fd80812e015572a607c7
fullcorpus-scorecard.csv,kvm,c-programs/sigtimedwait-no-timeout,verify,pass,1,gap-probe-not-in-ci,True,False,True,82a8e853357584a3a567fd80812e015572a607c7
fullcorpus-scorecard.csv,kvm,c-programs/sigtimedwait-timeout-0s,verify,pass,0,gap-probe-not-in-ci,True,False,True,82a8e853357584a3a567fd80812e015572a607c7
fullcorpus-scorecard.csv,kvm,c-programs/sigtimedwait-timeout-1s,verify,pass,1,gap-probe-not-in-ci,True,False,True,82a8e853357584a3a567fd80812e015572a607c7
fullcorpus-scorecard.csv,kvm,c-programs/socket-cookie-tcp,verify,pass,0,gap-probe-not-in-ci,True,False,True,82a8e853357584a3a567fd80812e015572a607c7
fullcorpus-scorecard.csv,kvm,c-programs/socket-cookie-udp,verify,pass,0,gap-probe-not-in-ci,True,False,True,82a8e853357584a3a567fd80812e015572a607c7
fullcorpus-scorecard.csv,kvm,c-programs/socket-cookie-unix,verify,pass,0,gap-probe-not-in-ci,True,False,True,82a8e853357584a3a567fd80812e015572a607c7
fullcorpus-scorecard.csv,kvm,c-programs/socket-ioctl-timestamp,verify,fail,,gap-probe-not-in-ci,True,False,True,82a8e853357584a3a567fd80812e015572a607c7
fullcorpus-scorecard.csv,kvm,c-programs/socket-timestamp-edge-cases,verify,fail,0,gap-probe-not-in-ci,True,False,True,82a8e853357584a3a567fd80812e015572a607c7
fullcorpus-scorecard.csv,kvm,c-programs/socket-timestamp-timespec,verify,fail,0,gap-probe-not-in-ci,True,False,True,82a8e853357584a3a567fd80812e015572a607c7
fullcorpus-scorecard.csv,kvm,c-programs/socket-timestamp-timeval,verify,fail,0,gap-probe-not-in-ci,True,False,True,82a8e853357584a3a567fd80812e015572a607c7
fullcorpus-scorecard.csv,kvm,c-programs/so-incoming-cpu-tcp4,verify,fail,0,gap-probe-not-in-ci,True,False,True,82a8e853357584a3a567fd80812e015572a607c7
fullcorpus-scorecard.csv,kvm,c-programs/so-incoming-cpu-tcp6,verify,fail,0,gap-probe-not-in-ci,True,False,True,82a8e853357584a3a567fd80812e015572a607c7
fullcorpus-scorecard.csv,kvm,c-programs/so-incoming-cpu-udp4,verify,fail,0,gap-probe-not-in-ci,True,False,True,82a8e853357584a3a567fd80812e015572a607c7
fullcorpus-scorecard.csv,kvm,c-programs/splice-enosys,verify,pass,1,gap-probe-not-in-ci,True,False,True,82a8e853357584a3a567fd80812e015572a607c7
fullcorpus-scorecard.csv,kvm,c-programs/statmount-enosys,verify,pass,1,gap-probe-not-in-ci,True,False,True,82a8e853357584a3a567fd80812e015572a607c7
fullcorpus-scorecard.csv,kvm,c-programs/syscall-file-io,verify,pass,1,gap-probe-not-in-ci,True,False,True,82a8e853357584a3a567fd80812e015572a607c7
fullcorpus-scorecard.csv,kvm,c-programs/syscall-file-metadata,verify,pass,1,gap-probe-not-in-ci,True,False,True,82a8e853357584a3a567fd80812e015572a607c7
fullcorpus-scorecard.csv,kvm,c-programs/syscall-quick-wins,verify,fail,0,gap-probe-not-in-ci,True,False,True,82a8e853357584a3a567fd80812e015572a607c7
fullcorpus-scorecard.csv,kvm,c-programs/sysfs-enosys,verify,pass,1,gap-probe-not-in-ci,True,False,True,82a8e853357584a3a567fd80812e015572a607c7
fullcorpus-scorecard.csv,kvm,c-programs/sysinfo,verify,pass,0,gap-probe-not-in-ci,True,False,True,82a8e853357584a3a567fd80812e015572a607c7
fullcorpus-scorecard.csv,kvm,c-programs/sysinfo-uptime,verify,pass,0,gap-probe-not-in-ci,True,False,True,82a8e853357584a3a567fd80812e015572a607c7
fullcorpus-scorecard.csv,kvm,c-programs/syslog-deterministic,verify,pass,1,gap-probe-not-in-ci,True,False,True,82a8e853357584a3a567fd80812e015572a607c7
fullcorpus-scorecard.csv,kvm,c-programs/sysv-sem-enosys,verify,pass,1,gap-probe-not-in-ci,True,False,True,82a8e853357584a3a567fd80812e015572a607c7
fullcorpus-scorecard.csv,kvm,c-programs/sysv-shm-enosys,verify,pass,1,gap-probe-not-in-ci,True,False,True,82a8e853357584a3a567fd80812e015572a607c7
fullcorpus-scorecard.csv,kvm,c-programs/tcp-info-accept4,verify,fail,0,gap-probe-not-in-ci,True,False,True,82a8e853357584a3a567fd80812e015572a607c7
fullcorpus-scorecard.csv,kvm,c-programs/tcp-info-accept6,verify,fail,0,gap-probe-not-in-ci,True,False,True,82a8e853357584a3a567fd80812e015572a607c7
fullcorpus-scorecard.csv,kvm,c-programs/tcp-info-client4,verify,fail,0,gap-probe-not-in-ci,True,False,True,82a8e853357584a3a567fd80812e015572a607c7
fullcorpus-scorecard.csv,kvm,c-programs/tee-enosys,verify,pass,1,gap-probe-not-in-ci,True,False,True,82a8e853357584a3a567fd80812e015572a607c7
fullcorpus-scorecard.csv,kvm,c-programs/threadexhaustion,verify,pass,1,gap-probe-not-in-ci,True,False,True,82a8e853357584a3a567fd80812e015572a607c7
fullcorpus-scorecard.csv,kvm,c-programs/thread-self-procfs-handoff,verify,fail,0,gap-probe-not-in-ci,True,False,True,82a8e853357584a3a567fd80812e015572a607c7
fullcorpus-scorecard.csv,kvm,c-programs/thread-sync-determinism,verify,fail,,ci-enforced-measured,True,False,True,82a8e853357584a3a567fd80812e015572a607c7
fullcorpus-scorecard.csv,kvm,c-programs/timer-create-determinism,verify,pass,1,gap-probe-not-in-ci,True,False,True,82a8e853357584a3a567fd80812e015572a607c7
fullcorpus-scorecard.csv,kvm,c-programs/uname,verify,pass,1,gap-probe-not-in-ci,True,False,True,82a8e853357584a3a567fd80812e015572a607c7
fullcorpus-scorecard.csv,kvm,c-programs/unix-autobind-dgram,verify,pass,1,gap-probe-not-in-ci,True,False,True,82a8e853357584a3a567fd80812e015572a607c7
fullcorpus-scorecard.csv,kvm,c-programs/unix-autobind-seqpacket,verify,fail,0,gap-probe-not-in-ci,True,False,True,82a8e853357584a3a567fd80812e015572a607c7
fullcorpus-scorecard.csv,kvm,c-programs/unix-autobind-stream,verify,pass,1,gap-probe-not-in-ci,True,False,True,82a8e853357584a3a567fd80812e015572a607c7
fullcorpus-scorecard.csv,kvm,c-programs/ustat-enosys,verify,pass,1,gap-probe-not-in-ci,True,False,True,82a8e853357584a3a567fd80812e015572a607c7
fullcorpus-scorecard.csv,kvm,c-programs/vforkexec,verify,pass,0,gap-probe-not-in-ci,True,False,True,82a8e853357584a3a567fd80812e015572a607c7
fullcorpus-scorecard.csv,kvm,c-programs/vmsplice-enosys,verify,pass,1,gap-probe-not-in-ci,True,False,True,82a8e853357584a3a567fd80812e015572a607c7
fullcorpus-scorecard.csv,kvm,c-programs/wait-on-child,verify,pass,0,gap-probe-not-in-ci,True,False,True,82a8e853357584a3a567fd80812e015572a607c7
fullcorpus-scorecard.csv,kvm,c-programs/writev-determinism,verify,fail,0,gap-probe-not-in-ci,True,False,True,82a8e853357584a3a567fd80812e015572a607c7
fullcorpus-scorecard.csv,kvm,debugger-c/debuggee,verify,pass,0,gap-probe-not-in-ci,True,False,True,82a8e853357584a3a567fd80812e015572a607c7
fullcorpus-scorecard.csv,kvm,determinism-stress-c/fork-tree,verify,pass,1,gap-probe-not-in-ci,True,False,True,82a8e853357584a3a567fd80812e015572a607c7
fullcorpus-scorecard.csv,kvm,determinism-stress-c/lock-free,verify,pass,1,gap-probe-not-in-ci,True,False,True,82a8e853357584a3a567fd80812e015572a607c7
fullcorpus-scorecard.csv,kvm,determinism-stress-c/mmap-fork-shared,verify,fail,0,gap-probe-not-in-ci,True,False,True,82a8e853357584a3a567fd80812e015572a607c7
fullcorpus-scorecard.csv,kvm,determinism-stress-c/pid-tid,verify,fail,0,gap-probe-not-in-ci,True,False,True,82a8e853357584a3a567fd80812e015572a607c7
fullcorpus-scorecard.csv,kvm,determinism-stress-c/pipe-chain,verify,fail,0,gap-probe-not-in-ci,True,False,True,82a8e853357584a3a567fd80812e015572a607c7
fullcorpus-scorecard.csv,kvm,determinism-stress-c/pipe-prefill,verify,fail,0,gap-probe-not-in-ci,True,False,True,82a8e853357584a3a567fd80812e015572a607c7
fullcorpus-scorecard.csv,kvm,determinism-stress-c/producer-consumer,verify,pass,1,gap-probe-not-in-ci,True,False,True,82a8e853357584a3a567fd80812e015572a607c7
fullcorpus-scorecard.csv,kvm,determinism-stress-c/signal-order,verify,fail,0,gap-probe-not-in-ci,True,False,True,82a8e853357584a3a567fd80812e015572a607c7
fullcorpus-scorecard.csv,kvm,determinism-stress-c/thread-contention,verify,fail,,gap-probe-not-in-ci,True,False,True,82a8e853357584a3a567fd80812e015572a607c7
fullcorpus-scorecard.csv,kvm,determinism-stress-c/thread-stress,verify,fail,0,gap-probe-not-in-ci,True,False,True,82a8e853357584a3a567fd80812e015572a607c7
fullcorpus-scorecard.csv,kvm,determinism-stress/order-violation,verify,pass,1,gap-probe-not-in-ci,True,False,True,82a8e853357584a3a567fd80812e015572a607c7
fullcorpus-scorecard.csv,kvm,shared-futex-c/qemu-exec-init,verify,fail,,gap-probe-not-in-ci,True,False,True,82a8e853357584a3a567fd80812e015572a607c7
fullcorpus-scorecard.csv,kvm,shared-futex-c/qemu-hello,verify,fail,,gap-probe-not-in-ci,True,False,True,82a8e853357584a3a567fd80812e015572a607c7
fullcorpus-scorecard.csv,kvm,shared-futex-c/qemu-init,verify,fail,,gap-probe-not-in-ci,True,False,True,82a8e853357584a3a567fd80812e015572a607c7
fullcorpus-scorecard.csv,kvm,shared-futex-c/qemu-net-init,verify,fail,,gap-probe-not-in-ci,True,False,True,82a8e853357584a3a567fd80812e015572a607c7
fullcorpus-scorecard.csv,kvm,system-utils/clock-determinism,verify,pass,0,gap-probe-not-in-ci,True,False,True,82a8e853357584a3a567fd80812e015572a607c7
fullcorpus-scorecard.csv,kvm,system-utils/record-getpid,verify,pass,0,gap-probe-not-in-ci,True,False,True,82a8e853357584a3a567fd80812e015572a607c7
fullcorpus-scorecard.csv,kvm,util-c/pmu-skid,verify,fail,,gap-probe-not-in-ci,True,False,True,82a8e853357584a3a567fd80812e015572a607c7
fullcorpus-scorecard.csv,kvm,applications/timed-progress-bar,verify,pass,1,expansion-candidate,True,False,True,82a8e853357584a3a567fd80812e015572a607c7
fullcorpus-scorecard.csv,kvm,data-handling/archive-roundtrip,verify,fail,0,expansion-candidate,True,False,True,82a8e853357584a3a567fd80812e015572a607c7
fullcorpus-scorecard.csv,kvm,data-handling/shell-pipeline,verify,fail,0,expansion-candidate,True,False,True,82a8e853357584a3a567fd80812e015572a607c7
fullcorpus-scorecard.csv,kvm,determinism-stress/process-chains,verify,fail,0,expansion-candidate,True,False,True,82a8e853357584a3a567fd80812e015572a607c7
fullcorpus-scorecard.csv,kvm,determinism-stress/thread-contention,verify,fail,0,expansion-candidate,True,False,True,82a8e853357584a3a567fd80812e015572a607c7
fullcorpus-scorecard.csv,kvm,determinism-stress/thread-output,verify,pass,1,expansion-candidate,True,False,True,82a8e853357584a3a567fd80812e015572a607c7
fullcorpus-scorecard.csv,kvm,language-runtimes/bash-loop-pipe-time,verify,fail,0,expansion-candidate,True,False,True,82a8e853357584a3a567fd80812e015572a607c7
fullcorpus-scorecard.csv,kvm,language-runtimes/gawk-random,verify,pass,0,expansion-candidate,True,False,True,82a8e853357584a3a567fd80812e015572a607c7
fullcorpus-scorecard.csv,kvm,language-runtimes/perl-io-subprocess-time,verify,fail,0,expansion-candidate,True,False,True,82a8e853357584a3a567fd80812e015572a607c7
fullcorpus-scorecard.csv,kvm,language-runtimes/python-hash-determinism,verify,pass,1,expansion-candidate,True,False,True,82a8e853357584a3a567fd80812e015572a607c7
fullcorpus-scorecard.csv,kvm,language-runtimes/python-io-subprocess-time,verify,fail,0,expansion-candidate,True,False,True,82a8e853357584a3a567fd80812e015572a607c7
fullcorpus-scorecard.csv,kvm,language-runtimes/python-random,verify,pass,1,expansion-candidate,True,False,True,82a8e853357584a3a567fd80812e015572a607c7
fullcorpus-scorecard.csv,kvm,system-utils/date-nanoseconds,verify,fail,0,expansion-candidate,True,False,True,82a8e853357584a3a567fd80812e015572a607c7
fullcorpus-scorecard.csv,kvm,system-utils/openssl-passwd,verify,pass,0,expansion-candidate,True,False,True,82a8e853357584a3a567fd80812e015572a607c7
fullcorpus-scorecard.csv,kvm,system-utils/proc-uptime,verify,pass,1,expansion-candidate,True,False,True,82a8e853357584a3a567fd80812e015572a607c7
fullcorpus-scorecard.csv,kvm,system-utils/random-device,verify,pass,1,expansion-candidate,True,False,True,82a8e853357584a3a567fd80812e015572a607c7
fullcorpus-scorecard.csv,liteinst,applications/timed-progress-bar,verify,diverge,0,expansion-candidate,True,False,True,82a8e853357584a3a567fd80812e015572a607c7
fullcorpus-scorecard.csv,liteinst,backend-parity-c/cpuid-probe,verify,pass,1,expansion-candidate,True,False,True,82a8e853357584a3a567fd80812e015572a607c7
fullcorpus-scorecard.csv,liteinst,backend-parity-c/pid-probe,verify,pass,1,expansion-candidate,True,False,True,82a8e853357584a3a567fd80812e015572a607c7
fullcorpus-scorecard.csv,liteinst,backend-parity-c/pthread-lifecycle,verify,diverge,0,expansion-candidate,True,False,True,82a8e853357584a3a567fd80812e015572a607c7
fullcorpus-scorecard.csv,liteinst,bin-c/posix-timer-test,verify,pass,1,expansion-candidate,True,False,True,82a8e853357584a3a567fd80812e015572a607c7
fullcorpus-scorecard.csv,liteinst,bin-c/robust-futex-test,verify,diverge,0,expansion-candidate,True,False,True,82a8e853357584a3a567fd80812e015572a607c7
fullcorpus-scorecard.csv,liteinst,chaos-c/lock-granularity,verify,diverge,0,expansion-candidate,True,False,True,82a8e853357584a3a567fd80812e015572a607c7
fullcorpus-scorecard.csv,liteinst,c-programs/acct-refusal-probe,verify,pass,1,expansion-candidate,True,False,True,82a8e853357584a3a567fd80812e015572a607c7
fullcorpus-scorecard.csv,liteinst,c-programs/add-key-enosys,verify,pass,1,expansion-candidate,True,False,True,82a8e853357584a3a567fd80812e015572a607c7
fullcorpus-scorecard.csv,liteinst,c-programs/adjtimex-deterministic,verify,pass,1,expansion-candidate,True,False,True,82a8e853357584a3a567fd80812e015572a607c7
fullcorpus-scorecard.csv,liteinst,c-programs/arch-prctl-determinism,verify,diverge,0,expansion-candidate,True,False,True,82a8e853357584a3a567fd80812e015572a607c7
fullcorpus-scorecard.csv,liteinst,c-programs/bpf-enosys,verify,pass,1,expansion-candidate,True,False,True,82a8e853357584a3a567fd80812e015572a607c7
fullcorpus-scorecard.csv,liteinst,c-programs/cachestat-enosys,verify,pass,1,expansion-candidate,True,False,True,82a8e853357584a3a567fd80812e015572a607c7
fullcorpus-scorecard.csv,liteinst,c-programs/clock-adjtime-deterministic,verify,pass,1,expansion-candidate,True,False,True,82a8e853357584a3a567fd80812e015572a607c7
fullcorpus-scorecard.csv,liteinst,c-programs/clone,verify,diverge,0,expansion-candidate,True,False,True,82a8e853357584a3a567fd80812e015572a607c7
fullcorpus-scorecard.csv,liteinst,c-programs/copy-file-range-refusal-probe,verify,pass,1,expansion-candidate,True,False,True,82a8e853357584a3a567fd80812e015572a607c7
fullcorpus-scorecard.csv,liteinst,c-programs/dbi-copied-tiocgpgrp,verify,diverge,0,expansion-candidate,True,False,True,82a8e853357584a3a567fd80812e015572a607c7
fullcorpus-scorecard.csv,liteinst,c-programs/dbi-exec-failure,verify,pass,1,expansion-candidate,True,False,True,82a8e853357584a3a567fd80812e015572a607c7
fullcorpus-scorecard.csv,liteinst,c-programs/dbi-execveat-unsupported,verify,diverge,0,expansion-candidate,True,False,True,82a8e853357584a3a567fd80812e015572a607c7
fullcorpus-scorecard.csv,liteinst,c-programs/dbi-mmap-exec,verify,pass,1,expansion-candidate,True,False,True,82a8e853357584a3a567fd80812e015572a607c7
fullcorpus-scorecard.csv,liteinst,c-programs/dbi-pid-virtualization,verify,diverge,0,expansion-candidate,True,False,True,82a8e853357584a3a567fd80812e015572a607c7
fullcorpus-scorecard.csv,liteinst,c-programs/dbi-prlimit-self,verify,pass,1,expansion-candidate,True,False,True,82a8e853357584a3a567fd80812e015572a607c7
fullcorpus-scorecard.csv,liteinst,c-programs/dbi-self-sigqueue,verify,pass,1,expansion-candidate,True,False,True,82a8e853357584a3a567fd80812e015572a607c7
fullcorpus-scorecard.csv,liteinst,c-programs/dbi-unsupported-syscall,verify,pass,1,expansion-candidate,True,False,True,82a8e853357584a3a567fd80812e015572a607c7
fullcorpus-scorecard.csv,liteinst,c-programs/dbi-wait-lifecycle,verify,diverge,0,expansion-candidate,True,False,True,82a8e853357584a3a567fd80812e015572a607c7
fullcorpus-scorecard.csv,liteinst,c-programs/epoll-determinism,verify,diverge,0,expansion-candidate,True,False,True,82a8e853357584a3a567fd80812e015572a607c7
fullcorpus-scorecard.csv,liteinst,c-programs/fp-reduction-nondeterminism,verify,diverge,0,expansion-candidate,True,False,True,82a8e853357584a3a567fd80812e015572a607c7
fullcorpus-scorecard.csv,liteinst,c-programs/futex-requeue-enosys,verify,pass,1,expansion-candidate,True,False,True,82a8e853357584a3a567fd80812e015572a607c7
fullcorpus-scorecard.csv,liteinst,c-programs/futex-waitv-enosys,verify,pass,1,expansion-candidate,True,False,True,82a8e853357584a3a567fd80812e015572a607c7
fullcorpus-scorecard.csv,liteinst,c-programs/futex-wake-enosys,verify,pass,1,expansion-candidate,True,False,True,82a8e853357584a3a567fd80812e015572a607c7
fullcorpus-scorecard.csv,liteinst,c-programs/getcpu,verify,pass,1,expansion-candidate,True,False,True,82a8e853357584a3a567fd80812e015572a607c7
fullcorpus-scorecard.csv,liteinst,c-programs/getitimer-determinism-probe,verify,pass,1,expansion-candidate,True,False,True,82a8e853357584a3a567fd80812e015572a607c7
fullcorpus-scorecard.csv,liteinst,c-programs/get-robust-list-child,verify,diverge,0,expansion-candidate,True,False,True,82a8e853357584a3a567fd80812e015572a607c7
fullcorpus-scorecard.csv,liteinst,c-programs/get-robust-list-self,verify,pass,1,expansion-candidate,True,False,True,82a8e853357584a3a567fd80812e015572a607c7
fullcorpus-scorecard.csv,liteinst,c-programs/get-robust-list-thread,verify,diverge,0,expansion-candidate,True,False,True,82a8e853357584a3a567fd80812e015572a607c7
fullcorpus-scorecard.csv,liteinst,c-programs/getsockopt-null,verify,pass,1,expansion-candidate,True,False,True,82a8e853357584a3a567fd80812e015572a607c7
fullcorpus-scorecard.csv,liteinst,c-programs/hello-alarm,verify,pass,1,expansion-candidate,True,False,True,82a8e853357584a3a567fd80812e015572a607c7
fullcorpus-scorecard.csv,liteinst,c-programs/hello-nostdlib,verify,diverge,0,expansion-candidate,True,False,True,82a8e853357584a3a567fd80812e015572a607c7
fullcorpus-scorecard.csv,liteinst,c-programs/hello-signals,verify,pass,1,expansion-candidate,True,False,True,82a8e853357584a3a567fd80812e015572a607c7
fullcorpus-scorecard.csv,liteinst,c-programs/ioctl-fioclex,verify,pass,1,expansion-candidate,True,False,True,82a8e853357584a3a567fd80812e015572a607c7
fullcorpus-scorecard.csv,liteinst,c-programs/ioctl-siocethtool,verify,pass,1,expansion-candidate,True,False,True,82a8e853357584a3a567fd80812e015572a607c7
fullcorpus-scorecard.csv,liteinst,c-programs/io-uring-fallback,verify,pass,1,expansion-candidate,True,False,True,82a8e853357584a3a567fd80812e015572a607c7
fullcorpus-scorecard.csv,liteinst,c-programs/io-uring-ring-determinism,verify,pass,1,expansion-candidate,True,False,True,82a8e853357584a3a567fd80812e015572a607c7
fullcorpus-scorecard.csv,liteinst,c-programs/ipc-determinism,verify,diverge,0,expansion-candidate,True,False,True,82a8e853357584a3a567fd80812e015572a607c7
fullcorpus-scorecard.csv,liteinst,c-programs/just-spin,verify,diverge,0,expansion-candidate,True,False,True,82a8e853357584a3a567fd80812e015572a607c7
fullcorpus-scorecard.csv,liteinst,c-programs/kcmp-eperm,verify,pass,1,expansion-candidate,True,False,True,82a8e853357584a3a567fd80812e015572a607c7
fullcorpus-scorecard.csv,liteinst,c-programs/keyctl-enosys,verify,pass,1,expansion-candidate,True,False,True,82a8e853357584a3a567fd80812e015572a607c7
fullcorpus-scorecard.csv,liteinst,c-programs/keyctl-passthrough,verify,pass,1,expansion-candidate,True,False,True,82a8e853357584a3a567fd80812e015572a607c7
fullcorpus-scorecard.csv,liteinst,c-programs/listmount-enosys,verify,pass,1,expansion-candidate,True,False,True,82a8e853357584a3a567fd80812e015572a607c7
fullcorpus-scorecard.csv,liteinst,c-programs/liteinst-advanced,verify,diverge,0,expansion-candidate,True,False,True,82a8e853357584a3a567fd80812e015572a607c7
fullcorpus-scorecard.csv,liteinst,c-programs/lsm-get-self-attr-enosys,verify,pass,1,expansion-candidate,True,False,True,82a8e853357584a3a567fd80812e015572a607c7
fullcorpus-scorecard.csv,liteinst,c-programs/lsm-list-modules-enosys,verify,pass,1,expansion-candidate,True,False,True,82a8e853357584a3a567fd80812e015572a607c7
fullcorpus-scorecard.csv,liteinst,c-programs/lsm-set-self-attr-enosys,verify,pass,1,expansion-candidate,True,False,True,82a8e853357584a3a567fd80812e015572a607c7
fullcorpus-scorecard.csv,liteinst,c-programs/madvise-determinism,verify,pass,1,expansion-candidate,True,False,True,82a8e853357584a3a567fd80812e015572a607c7
fullcorpus-scorecard.csv,liteinst,c-programs/map-shadow-stack-enosys,verify,pass,1,expansion-candidate,True,False,True,82a8e853357584a3a567fd80812e015572a607c7
fullcorpus-scorecard.csv,liteinst,c-programs/memfd-secret-enosys,verify,pass,1,expansion-candidate,True,False,True,82a8e853357584a3a567fd80812e015572a607c7
fullcorpus-scorecard.csv,liteinst,c-programs/meminfo-available-deterministic,verify,pass,1,expansion-candidate,True,False,True,82a8e853357584a3a567fd80812e015572a607c7
fullcorpus-scorecard.csv,liteinst,c-programs/meminfo-cached-deterministic,verify,pass,1,expansion-candidate,True,False,True,82a8e853357584a3a567fd80812e015572a607c7
fullcorpus-scorecard.csv,liteinst,c-programs/meminfo-free-deterministic,verify,pass,1,expansion-candidate,True,False,True,82a8e853357584a3a567fd80812e015572a607c7
fullcorpus-scorecard.csv,liteinst,c-programs/memorypress,verify,pass,1,expansion-candidate,True,False,True,82a8e853357584a3a567fd80812e015572a607c7
fullcorpus-scorecard.csv,liteinst,c-programs/mmap-determinism,verify,diverge,0,expansion-candidate,True,False,True,82a8e853357584a3a567fd80812e015572a607c7
fullcorpus-scorecard.csv,liteinst,c-programs/mmap-stress-determinism,verify,pass,1,expansion-candidate,True,False,True,82a8e853357584a3a567fd80812e015572a607c7
fullcorpus-scorecard.csv,liteinst,c-programs/name-to-handle-at-eopnotsupp,verify,pass,1,expansion-candidate,True,False,True,82a8e853357584a3a567fd80812e015572a607c7
fullcorpus-scorecard.csv,liteinst,c-programs/name-to-handle-directory-eopnotsupp,verify,pass,1,expansion-candidate,True,False,True,82a8e853357584a3a567fd80812e015572a607c7
fullcorpus-scorecard.csv,liteinst,c-programs/name-to-handle-empty-path-eopnotsupp,verify,pass,1,expansion-candidate,True,False,True,82a8e853357584a3a567fd80812e015572a607c7
fullcorpus-scorecard.csv,liteinst,c-programs/name-to-handle-regular-eopnotsupp,verify,pass,1,expansion-candidate,True,False,True,82a8e853357584a3a567fd80812e015572a607c7
fullcorpus-scorecard.csv,liteinst,c-programs/nanosleep-par,verify,diverge,0,expansion-candidate,True,False,True,82a8e853357584a3a567fd80812e015572a607c7
fullcorpus-scorecard.csv,liteinst,c-programs/nanosleep-threads-nocrash,verify,diverge,0,expansion-candidate,True,False,True,82a8e853357584a3a567fd80812e015572a607c7
fullcorpus-scorecard.csv,liteinst,c-programs/nanosleep-threads-simple,verify,diverge,0,expansion-candidate,True,False,True,82a8e853357584a3a567fd80812e015572a607c7
fullcorpus-scorecard.csv,liteinst,c-programs/netlink-autobind-generic,verify,pass,1,expansion-candidate,True,False,True,82a8e853357584a3a567fd80812e015572a607c7
fullcorpus-scorecard.csv,liteinst,c-programs/netlink-autobind-route,verify,pass,1,expansion-candidate,True,False,True,82a8e853357584a3a567fd80812e015572a607c7
fullcorpus-scorecard.csv,liteinst,c-programs/netlink-autobind-usersock,verify,pass,1,expansion-candidate,True,False,True,82a8e853357584a3a567fd80812e015572a607c7
fullcorpus-scorecard.csv,liteinst,c-programs/netns-cookie-tcp4,verify,pass,1,expansion-candidate,True,False,True,82a8e853357584a3a567fd80812e015572a607c7
fullcorpus-scorecard.csv,liteinst,c-programs/netns-cookie-tcp6,verify,pass,1,expansion-candidate,True,False,True,82a8e853357584a3a567fd80812e015572a607c7
fullcorpus-scorecard.csv,liteinst,c-programs/netns-cookie-udp4,verify,pass,1,expansion-candidate,True,False,True,82a8e853357584a3a567fd80812e015572a607c7
fullcorpus-scorecard.csv,liteinst,c-programs/perf-event-hardware-enosys,verify,pass,1,expansion-candidate,True,False,True,82a8e853357584a3a567fd80812e015572a607c7
fullcorpus-scorecard.csv,liteinst,c-programs/perf-event-open-enosys,verify,pass,1,expansion-candidate,True,False,True,82a8e853357584a3a567fd80812e015572a607c7
fullcorpus-scorecard.csv,liteinst,c-programs/perf-event-software-enosys,verify,pass,1,expansion-candidate,True,False,True,82a8e853357584a3a567fd80812e015572a607c7
fullcorpus-scorecard.csv,liteinst,c-programs/perf-event-watchpoint-enosys,verify,pass,1,expansion-candidate,True,False,True,82a8e853357584a3a567fd80812e015572a607c7
fullcorpus-scorecard.csv,liteinst,c-programs/periodic-setitimer-delivery,verify,pass,1,expansion-candidate,True,False,True,82a8e853357584a3a567fd80812e015572a607c7
fullcorpus-scorecard.csv,liteinst,c-programs/pidfd-open-self,verify,pass,1,expansion-candidate,True,False,True,82a8e853357584a3a567fd80812e015572a607c7
fullcorpus-scorecard.csv,liteinst,c-programs/pidfd-poll-self,verify,pass,1,expansion-candidate,True,False,True,82a8e853357584a3a567fd80812e015572a607c7
fullcorpus-scorecard.csv,liteinst,c-programs/pidfd-waitid-child,verify,diverge,0,expansion-candidate,True,False,True,82a8e853357584a3a567fd80812e015572a607c7
fullcorpus-scorecard.csv,liteinst,c-programs/ppoll-readv,verify,pass,1,expansion-candidate,True,False,True,82a8e853357584a3a567fd80812e015572a607c7
fullcorpus-scorecard.csv,liteinst,c-programs/ppoll-simulation,verify,diverge,0,expansion-candidate,True,False,True,82a8e853357584a3a567fd80812e015572a607c7
fullcorpus-scorecard.csv,liteinst,c-programs/prctl-dumpable,verify,pass,1,expansion-candidate,True,False,True,82a8e853357584a3a567fd80812e015572a607c7
fullcorpus-scorecard.csv,liteinst,c-programs/pread64-nostdlib,verify,diverge,0,expansion-candidate,True,False,True,82a8e853357584a3a567fd80812e015572a607c7
fullcorpus-scorecard.csv,liteinst,c-programs/printf-with-threads,verify,diverge,0,expansion-candidate,True,False,True,82a8e853357584a3a567fd80812e015572a607c7
fullcorpus-scorecard.csv,liteinst,c-programs/print-memaddrs,verify,pass,0,expansion-candidate,True,False,True,82a8e853357584a3a567fd80812e015572a607c7
fullcorpus-scorecard.csv,liteinst,c-programs/process-mrelease-enosys,verify,pass,1,expansion-candidate,True,False,True,82a8e853357584a3a567fd80812e015572a607c7
fullcorpus-scorecard.csv,liteinst,c-programs/process-vm-readv-refusal-probe,verify,pass,1,expansion-candidate,True,False,True,82a8e853357584a3a567fd80812e015572a607c7
fullcorpus-scorecard.csv,liteinst,c-programs/process-vm-writev-refusal-probe,verify,pass,1,expansion-candidate,True,False,True,82a8e853357584a3a567fd80812e015572a607c7
fullcorpus-scorecard.csv,liteinst,c-programs/proc-fdinfo,verify,pass,0,expansion-candidate,True,False,True,82a8e853357584a3a567fd80812e015572a607c7
fullcorpus-scorecard.csv,liteinst,c-programs/proc-fd-link-aliases,verify,pass,0,expansion-candidate,True,False,True,82a8e853357584a3a567fd80812e015572a607c7
fullcorpus-scorecard.csv,liteinst,c-programs/procfs-positioned-probe,verify,pass,1,expansion-candidate,True,False,True,82a8e853357584a3a567fd80812e015572a607c7
fullcorpus-scorecard.csv,liteinst,c-programs/proc-locks,verify,pass,1,expansion-candidate,True,False,True,82a8e853357584a3a567fd80812e015572a607c7
fullcorpus-scorecard.csv,liteinst,c-programs/prodcons-determinism,verify,diverge,0,expansion-candidate,True,False,True,82a8e853357584a3a567fd80812e015572a607c7
fullcorpus-scorecard.csv,liteinst,c-programs/pselect6-simulation,verify,diverge,0,expansion-candidate,True,False,True,82a8e853357584a3a567fd80812e015572a607c7
fullcorpus-scorecard.csv,liteinst,c-programs/ptrace-attach-eperm,verify,diverge,0,expansion-candidate,True,False,True,82a8e853357584a3a567fd80812e015572a607c7
fullcorpus-scorecard.csv,liteinst,c-programs/ptrace-eperm,verify,pass,1,expansion-candidate,True,False,True,82a8e853357584a3a567fd80812e015572a607c7
fullcorpus-scorecard.csv,liteinst,c-programs/ptrace-seize-eperm,verify,diverge,0,expansion-candidate,True,False,True,82a8e853357584a3a567fd80812e015572a607c7
fullcorpus-scorecard.csv,liteinst,c-programs/ptrace-traceme-eperm,verify,pass,1,expansion-candidate,True,False,True,82a8e853357584a3a567fd80812e015572a607c7
fullcorpus-scorecard.csv,liteinst,c-programs/pty-nr-count,verify,pass,1,expansion-candidate,True,False,True,82a8e853357584a3a567fd80812e015572a607c7
fullcorpus-scorecard.csv,liteinst,c-programs/racewrite-nostdlib,verify,diverge,0,expansion-candidate,True,False,True,82a8e853357584a3a567fd80812e015572a607c7
fullcorpus-scorecard.csv,liteinst,c-programs/random-sources,verify,diverge,0,expansion-candidate,True,False,True,82a8e853357584a3a567fd80812e015572a607c7
fullcorpus-scorecard.csv,liteinst,c-programs/rcx-canonicalization,verify,pass,1,expansion-candidate,True,False,True,82a8e853357584a3a567fd80812e015572a607c7
fullcorpus-scorecard.csv,liteinst,c-programs/record-replay-fd-close,verify,diverge,0,expansion-candidate,True,False,True,82a8e853357584a3a567fd80812e015572a607c7
fullcorpus-scorecard.csv,liteinst,c-programs/record-replay-file-state,verify,diverge,0,expansion-candidate,True,False,True,82a8e853357584a3a567fd80812e015572a607c7
fullcorpus-scorecard.csv,liteinst,c-programs/record-replay-lseek-seek-cur,verify,diverge,0,expansion-candidate,True,False,True,82a8e853357584a3a567fd80812e015572a607c7
fullcorpus-scorecard.csv,liteinst,c-programs/record-replay-setsockopt,verify,pass,1,expansion-candidate,True,False,True,82a8e853357584a3a567fd80812e015572a607c7
fullcorpus-scorecard.csv,liteinst,c-programs/recvmsg-scm-rights-mmap,verify,pass,1,expansion-candidate,True,False,True,82a8e853357584a3a567fd80812e015572a607c7
fullcorpus-scorecard.csv,liteinst,c-programs/remap-file-pages-anonymous-enosys,verify,pass,1,expansion-candidate,True,False,True,82a8e853357584a3a567fd80812e015572a607c7
fullcorpus-scorecard.csv,liteinst,c-programs/remap-file-pages-memfd-enosys,verify,pass,1,expansion-candidate,True,False,True,82a8e853357584a3a567fd80812e015572a607c7
fullcorpus-scorecard.csv,liteinst,c-programs/remap-file-pages-tmpfile-enosys,verify,pass,1,expansion-candidate,True,False,True,82a8e853357584a3a567fd80812e015572a607c7
fullcorpus-scorecard.csv,liteinst,c-programs/request-key-enosys,verify,pass,1,expansion-candidate,True,False,True,82a8e853357584a3a567fd80812e015572a607c7
fullcorpus-scorecard.csv,liteinst,c-programs/resource-determinism,verify,diverge,0,expansion-candidate,True,False,True,82a8e853357584a3a567fd80812e015572a607c7
fullcorpus-scorecard.csv,liteinst,c-programs/sched-setattr-batch,verify,pass,1,expansion-candidate,True,False,True,82a8e853357584a3a567fd80812e015572a607c7
fullcorpus-scorecard.csv,liteinst,c-programs/sched-setattr-idle,verify,pass,1,expansion-candidate,True,False,True,82a8e853357584a3a567fd80812e015572a607c7
fullcorpus-scorecard.csv,liteinst,c-programs/sched-setattr-other,verify,pass,1,expansion-candidate,True,False,True,82a8e853357584a3a567fd80812e015572a607c7
fullcorpus-scorecard.csv,liteinst,c-programs/scheduler-policy-queries,verify,pass,1,expansion-candidate,True,False,True,82a8e853357584a3a567fd80812e015572a607c7
fullcorpus-scorecard.csv,liteinst,c-programs/sched-yield-progress,verify,diverge,0,expansion-candidate,True,False,True,82a8e853357584a3a567fd80812e015572a607c7
fullcorpus-scorecard.csv,liteinst,c-programs/setitimer-determinism,verify,pass,1,expansion-candidate,True,False,True,82a8e853357584a3a567fd80812e015572a607c7
fullcorpus-scorecard.csv,liteinst,c-programs/sigmask-preemption,verify,diverge,0,expansion-candidate,True,False,True,82a8e853357584a3a567fd80812e015572a607c7
fullcorpus-scorecard.csv,liteinst,c-programs/signal-determinism,verify,diverge,0,expansion-candidate,True,False,True,82a8e853357584a3a567fd80812e015572a607c7
fullcorpus-scorecard.csv,liteinst,c-programs/sigpipe-siginfo,verify,pass,1,expansion-candidate,True,False,True,82a8e853357584a3a567fd80812e015572a607c7
fullcorpus-scorecard.csv,liteinst,c-programs/sigtimedwait-no-timeout,verify,diverge,0,expansion-candidate,True,False,True,82a8e853357584a3a567fd80812e015572a607c7
fullcorpus-scorecard.csv,liteinst,c-programs/sigtimedwait-timeout-0s,verify,diverge,0,expansion-candidate,True,False,True,82a8e853357584a3a567fd80812e015572a607c7
fullcorpus-scorecard.csv,liteinst,c-programs/sigtimedwait-timeout-1s,verify,diverge,0,expansion-candidate,True,False,True,82a8e853357584a3a567fd80812e015572a607c7
fullcorpus-scorecard.csv,liteinst,c-programs/socket-cookie-tcp,verify,pass,0,expansion-candidate,True,False,True,82a8e853357584a3a567fd80812e015572a607c7
fullcorpus-scorecard.csv,liteinst,c-programs/socket-cookie-udp,verify,pass,0,expansion-candidate,True,False,True,82a8e853357584a3a567fd80812e015572a607c7
fullcorpus-scorecard.csv,liteinst,c-programs/socket-cookie-unix,verify,pass,0,expansion-candidate,True,False,True,82a8e853357584a3a567fd80812e015572a607c7
fullcorpus-scorecard.csv,liteinst,c-programs/socket-ioctl-timestamp,verify,diverge,0,expansion-candidate,True,False,True,82a8e853357584a3a567fd80812e015572a607c7
fullcorpus-scorecard.csv,liteinst,c-programs/socket-timestamp-edge-cases,verify,diverge,0,expansion-candidate,True,False,True,82a8e853357584a3a567fd80812e015572a607c7
fullcorpus-scorecard.csv,liteinst,c-programs/socket-timestamp-timespec,verify,pass,0,expansion-candidate,True,False,True,82a8e853357584a3a567fd80812e015572a607c7
fullcorpus-scorecard.csv,liteinst,c-programs/socket-timestamp-timeval,verify,pass,0,expansion-candidate,True,False,True,82a8e853357584a3a567fd80812e015572a607c7
fullcorpus-scorecard.csv,liteinst,c-programs/so-incoming-cpu-tcp4,verify,pass,1,expansion-candidate,True,False,True,82a8e853357584a3a567fd80812e015572a607c7
fullcorpus-scorecard.csv,liteinst,c-programs/so-incoming-cpu-tcp6,verify,pass,1,expansion-candidate,True,False,True,82a8e853357584a3a567fd80812e015572a607c7
fullcorpus-scorecard.csv,liteinst,c-programs/so-incoming-cpu-udp4,verify,pass,1,expansion-candidate,True,False,True,82a8e853357584a3a567fd80812e015572a607c7
fullcorpus-scorecard.csv,liteinst,c-programs/splice-enosys,verify,pass,1,expansion-candidate,True,False,True,82a8e853357584a3a567fd80812e015572a607c7
fullcorpus-scorecard.csv,liteinst,c-programs/statmount-enosys,verify,pass,1,expansion-candidate,True,False,True,82a8e853357584a3a567fd80812e015572a607c7
fullcorpus-scorecard.csv,liteinst,c-programs/syscall-file-io,verify,pass,1,expansion-candidate,True,False,True,82a8e853357584a3a567fd80812e015572a607c7
fullcorpus-scorecard.csv,liteinst,c-programs/syscall-file-metadata,verify,pass,1,expansion-candidate,True,False,True,82a8e853357584a3a567fd80812e015572a607c7
fullcorpus-scorecard.csv,liteinst,c-programs/syscall-quick-wins,verify,pass,1,expansion-candidate,True,False,True,82a8e853357584a3a567fd80812e015572a607c7
fullcorpus-scorecard.csv,liteinst,c-programs/sysfs-enosys,verify,pass,1,expansion-candidate,True,False,True,82a8e853357584a3a567fd80812e015572a607c7
fullcorpus-scorecard.csv,liteinst,c-programs/sysinfo,verify,pass,0,expansion-candidate,True,False,True,82a8e853357584a3a567fd80812e015572a607c7
fullcorpus-scorecard.csv,liteinst,c-programs/sysinfo-uptime,verify,diverge,0,expansion-candidate,True,False,True,82a8e853357584a3a567fd80812e015572a607c7
fullcorpus-scorecard.csv,liteinst,c-programs/syslog-deterministic,verify,pass,1,expansion-candidate,True,False,True,82a8e853357584a3a567fd80812e015572a607c7
fullcorpus-scorecard.csv,liteinst,c-programs/sysv-sem-enosys,verify,pass,1,expansion-candidate,True,False,True,82a8e853357584a3a567fd80812e015572a607c7
fullcorpus-scorecard.csv,liteinst,c-programs/sysv-shm-enosys,verify,pass,1,expansion-candidate,True,False,True,82a8e853357584a3a567fd80812e015572a607c7
fullcorpus-scorecard.csv,liteinst,c-programs/tcp-info-accept4,verify,pass,1,expansion-candidate,True,False,True,82a8e853357584a3a567fd80812e015572a607c7
fullcorpus-scorecard.csv,liteinst,c-programs/tcp-info-accept6,verify,pass,1,expansion-candidate,True,False,True,82a8e853357584a3a567fd80812e015572a607c7
fullcorpus-scorecard.csv,liteinst,c-programs/tcp-info-client4,verify,pass,1,expansion-candidate,True,False,True,82a8e853357584a3a567fd80812e015572a607c7
fullcorpus-scorecard.csv,liteinst,c-programs/tee-enosys,verify,pass,1,expansion-candidate,True,False,True,82a8e853357584a3a567fd80812e015572a607c7
fullcorpus-scorecard.csv,liteinst,c-programs/threadexhaustion,verify,diverge,0,expansion-candidate,True,False,True,82a8e853357584a3a567fd80812e015572a607c7
fullcorpus-scorecard.csv,liteinst,c-programs/thread-self-procfs-handoff,verify,diverge,0,expansion-candidate,True,False,True,82a8e853357584a3a567fd80812e015572a607c7
fullcorpus-scorecard.csv,liteinst,c-programs/thread-sync-determinism,verify,diverge,0,expansion-candidate,True,False,True,82a8e853357584a3a567fd80812e015572a607c7
fullcorpus-scorecard.csv,liteinst,c-programs/timer-create-determinism,verify,pass,1,expansion-candidate,True,False,True,82a8e853357584a3a567fd80812e015572a607c7
fullcorpus-scorecard.csv,liteinst,c-programs/uname,verify,pass,1,expansion-candidate,True,False,True,82a8e853357584a3a567fd80812e015572a607c7
fullcorpus-scorecard.csv,liteinst,c-programs/unix-autobind-dgram,verify,pass,1,expansion-candidate,True,False,True,82a8e853357584a3a567fd80812e015572a607c7
fullcorpus-scorecard.csv,liteinst,c-programs/unix-autobind-seqpacket,verify,pass,1,expansion-candidate,True,False,True,82a8e853357584a3a567fd80812e015572a607c7
fullcorpus-scorecard.csv,liteinst,c-programs/unix-autobind-stream,verify,pass,1,expansion-candidate,True,False,True,82a8e853357584a3a567fd80812e015572a607c7
fullcorpus-scorecard.csv,liteinst,c-programs/ustat-enosys,verify,pass,1,expansion-candidate,True,False,True,82a8e853357584a3a567fd80812e015572a607c7
fullcorpus-scorecard.csv,liteinst,c-programs/vforkexec,verify,diverge,0,expansion-candidate,True,False,True,82a8e853357584a3a567fd80812e015572a607c7
fullcorpus-scorecard.csv,liteinst,c-programs/vmsplice-enosys,verify,pass,1,expansion-candidate,True,False,True,82a8e853357584a3a567fd80812e015572a607c7
fullcorpus-scorecard.csv,liteinst,c-programs/wait-on-child,verify,diverge,0,expansion-candidate,True,False,True,82a8e853357584a3a567fd80812e015572a607c7
fullcorpus-scorecard.csv,liteinst,c-programs/writev-determinism,verify,diverge,0,expansion-candidate,True,False,True,82a8e853357584a3a567fd80812e015572a607c7
fullcorpus-scorecard.csv,liteinst,data-handling/archive-roundtrip,verify,diverge,0,expansion-candidate,True,False,True,82a8e853357584a3a567fd80812e015572a607c7
fullcorpus-scorecard.csv,liteinst,data-handling/shell-pipeline,verify,diverge,0,expansion-candidate,True,False,True,82a8e853357584a3a567fd80812e015572a607c7
fullcorpus-scorecard.csv,liteinst,debugger-c/debuggee,verify,pass,1,expansion-candidate,True,False,True,82a8e853357584a3a567fd80812e015572a607c7
fullcorpus-scorecard.csv,liteinst,determinism-stress-c/fork-tree,verify,diverge,0,expansion-candidate,True,False,True,82a8e853357584a3a567fd80812e015572a607c7
fullcorpus-scorecard.csv,liteinst,determinism-stress-c/lock-free,verify,diverge,0,expansion-candidate,True,False,True,82a8e853357584a3a567fd80812e015572a607c7
fullcorpus-scorecard.csv,liteinst,determinism-stress-c/mmap-fork-shared,verify,diverge,0,expansion-candidate,True,False,True,82a8e853357584a3a567fd80812e015572a607c7
fullcorpus-scorecard.csv,liteinst,determinism-stress-c/pid-tid,verify,diverge,0,expansion-candidate,True,False,True,82a8e853357584a3a567fd80812e015572a607c7
fullcorpus-scorecard.csv,liteinst,determinism-stress-c/pipe-chain,verify,diverge,0,expansion-candidate,True,False,True,82a8e853357584a3a567fd80812e015572a607c7
fullcorpus-scorecard.csv,liteinst,determinism-stress-c/pipe-prefill,verify,diverge,0,expansion-candidate,True,False,True,82a8e853357584a3a567fd80812e015572a607c7
fullcorpus-scorecard.csv,liteinst,determinism-stress-c/producer-consumer,verify,diverge,0,expansion-candidate,True,False,True,82a8e853357584a3a567fd80812e015572a607c7
fullcorpus-scorecard.csv,liteinst,determinism-stress-c/signal-order,verify,diverge,0,expansion-candidate,True,False,True,82a8e853357584a3a567fd80812e015572a607c7
fullcorpus-scorecard.csv,liteinst,determinism-stress-c/thread-contention,verify,diverge,0,expansion-candidate,True,False,True,82a8e853357584a3a567fd80812e015572a607c7
fullcorpus-scorecard.csv,liteinst,determinism-stress-c/thread-stress,verify,diverge,0,expansion-candidate,True,False,True,82a8e853357584a3a567fd80812e015572a607c7
fullcorpus-scorecard.csv,liteinst,determinism-stress/order-violation,verify,diverge,0,expansion-candidate,True,False,True,82a8e853357584a3a567fd80812e015572a607c7
fullcorpus-scorecard.csv,liteinst,determinism-stress/process-chains,verify,diverge,0,expansion-candidate,True,False,True,82a8e853357584a3a567fd80812e015572a607c7
fullcorpus-scorecard.csv,liteinst,determinism-stress/thread-contention,verify,diverge,0,expansion-candidate,True,False,True,82a8e853357584a3a567fd80812e015572a607c7
fullcorpus-scorecard.csv,liteinst,determinism-stress/thread-output,verify,diverge,0,expansion-candidate,True,False,True,82a8e853357584a3a567fd80812e015572a607c7
fullcorpus-scorecard.csv,liteinst,language-runtimes/bash-loop-pipe-time,verify,diverge,0,expansion-candidate,True,False,True,82a8e853357584a3a567fd80812e015572a607c7
fullcorpus-scorecard.csv,liteinst,language-runtimes/gawk-random,verify,diverge,0,expansion-candidate,True,False,True,82a8e853357584a3a567fd80812e015572a607c7
fullcorpus-scorecard.csv,liteinst,language-runtimes/perl-io-subprocess-time,verify,diverge,0,expansion-candidate,True,False,True,82a8e853357584a3a567fd80812e015572a607c7
fullcorpus-scorecard.csv,liteinst,language-runtimes/python-hash-determinism,verify,diverge,0,expansion-candidate,True,False,True,82a8e853357584a3a567fd80812e015572a607c7
fullcorpus-scorecard.csv,liteinst,language-runtimes/python-io-subprocess-time,verify,diverge,0,expansion-candidate,True,False,True,82a8e853357584a3a567fd80812e015572a607c7
fullcorpus-scorecard.csv,liteinst,language-runtimes/python-random,verify,diverge,0,expansion-candidate,True,False,True,82a8e853357584a3a567fd80812e015572a607c7
fullcorpus-scorecard.csv,liteinst,shared-futex-c/qemu-exec-init,verify,diverge,0,expansion-candidate,True,False,True,82a8e853357584a3a567fd80812e015572a607c7
fullcorpus-scorecard.csv,liteinst,shared-futex-c/qemu-hello,verify,diverge,0,expansion-candidate,True,False,True,82a8e853357584a3a567fd80812e015572a607c7
fullcorpus-scorecard.csv,liteinst,shared-futex-c/qemu-init,verify,diverge,0,expansion-candidate,True,False,True,82a8e853357584a3a567fd80812e015572a607c7
fullcorpus-scorecard.csv,liteinst,shared-futex-c/qemu-net-init,verify,diverge,0,expansion-candidate,True,False,True,82a8e853357584a3a567fd80812e015572a607c7
fullcorpus-scorecard.csv,liteinst,system-utils/clock-determinism,verify,pass,0,expansion-candidate,True,False,True,82a8e853357584a3a567fd80812e015572a607c7
fullcorpus-scorecard.csv,liteinst,system-utils/date-nanoseconds,verify,diverge,0,expansion-candidate,True,False,True,82a8e853357584a3a567fd80812e015572a607c7
fullcorpus-scorecard.csv,liteinst,system-utils/openssl-passwd,verify,diverge,0,expansion-candidate,True,False,True,82a8e853357584a3a567fd80812e015572a607c7
fullcorpus-scorecard.csv,liteinst,system-utils/proc-uptime,verify,diverge,0,expansion-candidate,True,False,True,82a8e853357584a3a567fd80812e015572a607c7
fullcorpus-scorecard.csv,liteinst,system-utils/random-device,verify,diverge,0,expansion-candidate,True,False,True,82a8e853357584a3a567fd80812e015572a607c7
fullcorpus-scorecard.csv,liteinst,system-utils/record-getpid,verify,pass,1,expansion-candidate,True,False,True,82a8e853357584a3a567fd80812e015572a607c7
fullcorpus-scorecard.csv,liteinst,util-c/pmu-skid,verify,diverge,0,expansion-candidate,True,False,True,82a8e853357584a3a567fd80812e015572a607c7
fullcorpus-scorecard.csv,dbi,applications/timed-progress-bar,verify,pass,1,expansion-candidate,True,False,True,82a8e853357584a3a567fd80812e015572a607c7
fullcorpus-scorecard.csv,dbi,backend-parity-c/cpuid-probe,verify,pass,1,expansion-candidate,True,False,True,82a8e853357584a3a567fd80812e015572a607c7
fullcorpus-scorecard.csv,dbi,backend-parity-c/pid-probe,verify,pass,1,expansion-candidate,True,False,True,82a8e853357584a3a567fd80812e015572a607c7
fullcorpus-scorecard.csv,dbi,backend-parity-c/pthread-lifecycle,verify,pass,1,expansion-candidate,True,False,True,82a8e853357584a3a567fd80812e015572a607c7
fullcorpus-scorecard.csv,dbi,bin-c/posix-timer-test,verify,pass,1,expansion-candidate,True,False,True,82a8e853357584a3a567fd80812e015572a607c7
fullcorpus-scorecard.csv,dbi,bin-c/robust-futex-test,verify,timeout,,expansion-candidate,True,False,True,82a8e853357584a3a567fd80812e015572a607c7
fullcorpus-scorecard.csv,dbi,chaos-c/lock-granularity,verify,pass,1,expansion-candidate,True,False,True,82a8e853357584a3a567fd80812e015572a607c7
fullcorpus-scorecard.csv,dbi,c-programs/acct-refusal-probe,verify,pass,1,expansion-candidate,True,False,True,82a8e853357584a3a567fd80812e015572a607c7
fullcorpus-scorecard.csv,dbi,c-programs/add-key-enosys,verify,pass,1,expansion-candidate,True,False,True,82a8e853357584a3a567fd80812e015572a607c7
fullcorpus-scorecard.csv,dbi,c-programs/adjtimex-deterministic,verify,pass,1,expansion-candidate,True,False,True,82a8e853357584a3a567fd80812e015572a607c7
fullcorpus-scorecard.csv,dbi,c-programs/arch-prctl-determinism,verify,diverge,0,expansion-candidate,True,False,True,82a8e853357584a3a567fd80812e015572a607c7
fullcorpus-scorecard.csv,dbi,c-programs/bpf-enosys,verify,pass,1,expansion-candidate,True,False,True,82a8e853357584a3a567fd80812e015572a607c7
fullcorpus-scorecard.csv,dbi,c-programs/cachestat-enosys,verify,pass,1,expansion-candidate,True,False,True,82a8e853357584a3a567fd80812e015572a607c7
fullcorpus-scorecard.csv,dbi,c-programs/clock-adjtime-deterministic,verify,pass,1,expansion-candidate,True,False,True,82a8e853357584a3a567fd80812e015572a607c7
fullcorpus-scorecard.csv,dbi,c-programs/clone,verify,pass,1,expansion-candidate,True,False,True,82a8e853357584a3a567fd80812e015572a607c7
fullcorpus-scorecard.csv,dbi,c-programs/copy-file-range-refusal-probe,verify,pass,1,expansion-candidate,True,False,True,82a8e853357584a3a567fd80812e015572a607c7
fullcorpus-scorecard.csv,dbi,c-programs/dbi-copied-tiocgpgrp,verify,pass,1,expansion-candidate,True,False,True,82a8e853357584a3a567fd80812e015572a607c7
fullcorpus-scorecard.csv,dbi,c-programs/dbi-exec-failure,verify,pass,1,expansion-candidate,True,False,True,82a8e853357584a3a567fd80812e015572a607c7
fullcorpus-scorecard.csv,dbi,c-programs/dbi-execveat-unsupported,verify,pass,0,expansion-candidate,True,False,True,82a8e853357584a3a567fd80812e015572a607c7
fullcorpus-scorecard.csv,dbi,c-programs/dbi-mmap-exec,verify,pass,1,expansion-candidate,True,False,True,82a8e853357584a3a567fd80812e015572a607c7
fullcorpus-scorecard.csv,dbi,c-programs/dbi-pid-virtualization,verify,pass,0,expansion-candidate,True,False,True,82a8e853357584a3a567fd80812e015572a607c7
fullcorpus-scorecard.csv,dbi,c-programs/dbi-prlimit-self,verify,pass,1,expansion-candidate,True,False,True,82a8e853357584a3a567fd80812e015572a607c7
fullcorpus-scorecard.csv,dbi,c-programs/dbi-self-sigqueue,verify,pass,1,expansion-candidate,True,False,True,82a8e853357584a3a567fd80812e015572a607c7
fullcorpus-scorecard.csv,dbi,c-programs/dbi-unsupported-syscall,verify,diverge,0,expansion-candidate,True,False,True,82a8e853357584a3a567fd80812e015572a607c7
fullcorpus-scorecard.csv,dbi,c-programs/dbi-wait-lifecycle,verify,pass,1,expansion-candidate,True,False,True,82a8e853357584a3a567fd80812e015572a607c7
fullcorpus-scorecard.csv,dbi,c-programs/epoll-determinism,verify,diverge,,expansion-candidate,True,False,True,82a8e853357584a3a567fd80812e015572a607c7
fullcorpus-scorecard.csv,dbi,c-programs/fp-reduction-nondeterminism,verify,timeout,0,expansion-candidate,True,False,True,82a8e853357584a3a567fd80812e015572a607c7
fullcorpus-scorecard.csv,dbi,c-programs/futex-requeue-enosys,verify,pass,1,expansion-candidate,True,False,True,82a8e853357584a3a567fd80812e015572a607c7
fullcorpus-scorecard.csv,dbi,c-programs/futex-waitv-enosys,verify,pass,1,expansion-candidate,True,False,True,82a8e853357584a3a567fd80812e015572a607c7
fullcorpus-scorecard.csv,dbi,c-programs/futex-wake-enosys,verify,pass,1,expansion-candidate,True,False,True,82a8e853357584a3a567fd80812e015572a607c7
fullcorpus-scorecard.csv,dbi,c-programs/getcpu,verify,pass,1,expansion-candidate,True,False,True,82a8e853357584a3a567fd80812e015572a607c7
fullcorpus-scorecard.csv,dbi,c-programs/getitimer-determinism-probe,verify,pass,1,expansion-candidate,True,False,True,82a8e853357584a3a567fd80812e015572a607c7
fullcorpus-scorecard.csv,dbi,c-programs/get-robust-list-child,verify,diverge,0,expansion-candidate,True,False,True,82a8e853357584a3a567fd80812e015572a607c7
fullcorpus-scorecard.csv,dbi,c-programs/get-robust-list-self,verify,pass,1,expansion-candidate,True,False,True,82a8e853357584a3a567fd80812e015572a607c7
fullcorpus-scorecard.csv,dbi,c-programs/get-robust-list-thread,verify,pass,1,expansion-candidate,True,False,True,82a8e853357584a3a567fd80812e015572a607c7
fullcorpus-scorecard.csv,dbi,c-programs/getsockopt-null,verify,pass,1,expansion-candidate,True,False,True,82a8e853357584a3a567fd80812e015572a607c7
fullcorpus-scorecard.csv,dbi,c-programs/hello-alarm,verify,pass,1,expansion-candidate,True,False,True,82a8e853357584a3a567fd80812e015572a607c7
fullcorpus-scorecard.csv,dbi,c-programs/hello-nostdlib,verify,pass,1,expansion-candidate,True,False,True,82a8e853357584a3a567fd80812e015572a607c7
fullcorpus-scorecard.csv,dbi,c-programs/hello-signals,verify,pass,1,expansion-candidate,True,False,True,82a8e853357584a3a567fd80812e015572a607c7
fullcorpus-scorecard.csv,dbi,c-programs/ioctl-fioclex,verify,pass,1,expansion-candidate,True,False,True,82a8e853357584a3a567fd80812e015572a607c7
fullcorpus-scorecard.csv,dbi,c-programs/ioctl-siocethtool,verify,pass,1,expansion-candidate,True,False,True,82a8e853357584a3a567fd80812e015572a607c7
fullcorpus-scorecard.csv,dbi,c-programs/io-uring-fallback,verify,pass,1,expansion-candidate,True,False,True,82a8e853357584a3a567fd80812e015572a607c7
fullcorpus-scorecard.csv,dbi,c-programs/io-uring-ring-determinism,verify,pass,1,expansion-candidate,True,False,True,82a8e853357584a3a567fd80812e015572a607c7
fullcorpus-scorecard.csv,dbi,c-programs/ipc-determinism,verify,diverge,,expansion-candidate,True,False,True,82a8e853357584a3a567fd80812e015572a607c7
fullcorpus-scorecard.csv,dbi,c-programs/just-spin,verify,pass,1,expansion-candidate,True,False,True,82a8e853357584a3a567fd80812e015572a607c7
fullcorpus-scorecard.csv,dbi,c-programs/kcmp-eperm,verify,pass,1,expansion-candidate,True,False,True,82a8e853357584a3a567fd80812e015572a607c7
fullcorpus-scorecard.csv,dbi,c-programs/keyctl-enosys,verify,pass,1,expansion-candidate,True,False,True,82a8e853357584a3a567fd80812e015572a607c7
fullcorpus-scorecard.csv,dbi,c-programs/keyctl-passthrough,verify,pass,1,expansion-candidate,True,False,True,82a8e853357584a3a567fd80812e015572a607c7
fullcorpus-scorecard.csv,dbi,c-programs/listmount-enosys,verify,pass,1,expansion-candidate,True,False,True,82a8e853357584a3a567fd80812e015572a607c7
fullcorpus-scorecard.csv,dbi,c-programs/liteinst-advanced,verify,diverge,,expansion-candidate,True,False,True,82a8e853357584a3a567fd80812e015572a607c7
fullcorpus-scorecard.csv,dbi,c-programs/lsm-get-self-attr-enosys,verify,pass,1,expansion-candidate,True,False,True,82a8e853357584a3a567fd80812e015572a607c7
fullcorpus-scorecard.csv,dbi,c-programs/lsm-list-modules-enosys,verify,pass,1,expansion-candidate,True,False,True,82a8e853357584a3a567fd80812e015572a607c7
fullcorpus-scorecard.csv,dbi,c-programs/lsm-set-self-attr-enosys,verify,pass,1,expansion-candidate,True,False,True,82a8e853357584a3a567fd80812e015572a607c7
fullcorpus-scorecard.csv,dbi,c-programs/madvise-determinism,verify,pass,1,expansion-candidate,True,False,True,82a8e853357584a3a567fd80812e015572a607c7
fullcorpus-scorecard.csv,dbi,c-programs/map-shadow-stack-enosys,verify,pass,1,expansion-candidate,True,False,True,82a8e853357584a3a567fd80812e015572a607c7
fullcorpus-scorecard.csv,dbi,c-programs/memfd-secret-enosys,verify,pass,1,expansion-candidate,True,False,True,82a8e853357584a3a567fd80812e015572a607c7
fullcorpus-scorecard.csv,dbi,c-programs/meminfo-available-deterministic,verify,pass,1,expansion-candidate,True,False,True,82a8e853357584a3a567fd80812e015572a607c7
fullcorpus-scorecard.csv,dbi,c-programs/meminfo-cached-deterministic,verify,pass,1,expansion-candidate,True,False,True,82a8e853357584a3a567fd80812e015572a607c7
fullcorpus-scorecard.csv,dbi,c-programs/meminfo-free-deterministic,verify,pass,1,expansion-candidate,True,False,True,82a8e853357584a3a567fd80812e015572a607c7
fullcorpus-scorecard.csv,dbi,c-programs/memorypress,verify,pass,1,expansion-candidate,True,False,True,82a8e853357584a3a567fd80812e015572a607c7
fullcorpus-scorecard.csv,dbi,c-programs/mmap-determinism,verify,diverge,,expansion-candidate,True,False,True,82a8e853357584a3a567fd80812e015572a607c7
fullcorpus-scorecard.csv,dbi,c-programs/mmap-stress-determinism,verify,pass,1,expansion-candidate,True,False,True,82a8e853357584a3a567fd80812e015572a607c7
fullcorpus-scorecard.csv,dbi,c-programs/name-to-handle-at-eopnotsupp,verify,pass,1,expansion-candidate,True,False,True,82a8e853357584a3a567fd80812e015572a607c7
fullcorpus-scorecard.csv,dbi,c-programs/name-to-handle-directory-eopnotsupp,verify,pass,1,expansion-candidate,True,False,True,82a8e853357584a3a567fd80812e015572a607c7
fullcorpus-scorecard.csv,dbi,c-programs/name-to-handle-empty-path-eopnotsupp,verify,pass,1,expansion-candidate,True,False,True,82a8e853357584a3a567fd80812e015572a607c7
fullcorpus-scorecard.csv,dbi,c-programs/name-to-handle-regular-eopnotsupp,verify,pass,1,expansion-candidate,True,False,True,82a8e853357584a3a567fd80812e015572a607c7
fullcorpus-scorecard.csv,dbi,c-programs/nanosleep-par,verify,pass,1,expansion-candidate,True,False,True,82a8e853357584a3a567fd80812e015572a607c7
fullcorpus-scorecard.csv,dbi,c-programs/nanosleep-threads-nocrash,verify,pass,1,expansion-candidate,True,False,True,82a8e853357584a3a567fd80812e015572a607c7
fullcorpus-scorecard.csv,dbi,c-programs/nanosleep-threads-simple,verify,diverge,,expansion-candidate,True,False,True,82a8e853357584a3a567fd80812e015572a607c7
fullcorpus-scorecard.csv,dbi,c-programs/netlink-autobind-generic,verify,pass,1,expansion-candidate,True,False,True,82a8e853357584a3a567fd80812e015572a607c7
fullcorpus-scorecard.csv,dbi,c-programs/netlink-autobind-route,verify,pass,1,expansion-candidate,True,False,True,82a8e853357584a3a567fd80812e015572a607c7
fullcorpus-scorecard.csv,dbi,c-programs/netlink-autobind-usersock,verify,pass,1,expansion-candidate,True,False,True,82a8e853357584a3a567fd80812e015572a607c7
fullcorpus-scorecard.csv,dbi,c-programs/netns-cookie-tcp4,verify,pass,1,expansion-candidate,True,False,True,82a8e853357584a3a567fd80812e015572a607c7
fullcorpus-scorecard.csv,dbi,c-programs/netns-cookie-tcp6,verify,pass,1,expansion-candidate,True,False,True,82a8e853357584a3a567fd80812e015572a607c7
fullcorpus-scorecard.csv,dbi,c-programs/netns-cookie-udp4,verify,pass,1,expansion-candidate,True,False,True,82a8e853357584a3a567fd80812e015572a607c7
fullcorpus-scorecard.csv,dbi,c-programs/perf-event-hardware-enosys,verify,pass,1,expansion-candidate,True,False,True,82a8e853357584a3a567fd80812e015572a607c7
fullcorpus-scorecard.csv,dbi,c-programs/perf-event-open-enosys,verify,pass,1,expansion-candidate,True,False,True,82a8e853357584a3a567fd80812e015572a607c7
fullcorpus-scorecard.csv,dbi,c-programs/perf-event-software-enosys,verify,pass,1,expansion-candidate,True,False,True,82a8e853357584a3a567fd80812e015572a607c7
fullcorpus-scorecard.csv,dbi,c-programs/perf-event-watchpoint-enosys,verify,pass,1,expansion-candidate,True,False,True,82a8e853357584a3a567fd80812e015572a607c7
fullcorpus-scorecard.csv,dbi,c-programs/periodic-setitimer-delivery,verify,pass,1,expansion-candidate,True,False,True,82a8e853357584a3a567fd80812e015572a607c7
fullcorpus-scorecard.csv,dbi,c-programs/pidfd-open-self,verify,pass,1,expansion-candidate,True,False,True,82a8e853357584a3a567fd80812e015572a607c7
fullcorpus-scorecard.csv,dbi,c-programs/pidfd-poll-self,verify,pass,1,expansion-candidate,True,False,True,82a8e853357584a3a567fd80812e015572a607c7
fullcorpus-scorecard.csv,dbi,c-programs/pidfd-waitid-child,verify,diverge,0,expansion-candidate,True,False,True,82a8e853357584a3a567fd80812e015572a607c7
fullcorpus-scorecard.csv,dbi,c-programs/ppoll-readv,verify,pass,1,expansion-candidate,True,False,True,82a8e853357584a3a567fd80812e015572a607c7
fullcorpus-scorecard.csv,dbi,c-programs/ppoll-simulation,verify,pass,1,expansion-candidate,True,False,True,82a8e853357584a3a567fd80812e015572a607c7
fullcorpus-scorecard.csv,dbi,c-programs/prctl-dumpable,verify,pass,1,expansion-candidate,True,False,True,82a8e853357584a3a567fd80812e015572a607c7
fullcorpus-scorecard.csv,dbi,c-programs/pread64-nostdlib,verify,pass,1,expansion-candidate,True,False,True,82a8e853357584a3a567fd80812e015572a607c7
fullcorpus-scorecard.csv,dbi,c-programs/printf-with-threads,verify,pass,1,expansion-candidate,True,False,True,82a8e853357584a3a567fd80812e015572a607c7
fullcorpus-scorecard.csv,dbi,c-programs/print-memaddrs,verify,pass,0,expansion-candidate,True,False,True,82a8e853357584a3a567fd80812e015572a607c7
fullcorpus-scorecard.csv,dbi,c-programs/process-mrelease-enosys,verify,pass,1,expansion-candidate,True,False,True,82a8e853357584a3a567fd80812e015572a607c7
fullcorpus-scorecard.csv,dbi,c-programs/process-vm-readv-refusal-probe,verify,pass,1,expansion-candidate,True,False,True,82a8e853357584a3a567fd80812e015572a607c7
fullcorpus-scorecard.csv,dbi,c-programs/process-vm-writev-refusal-probe,verify,pass,1,expansion-candidate,True,False,True,82a8e853357584a3a567fd80812e015572a607c7
fullcorpus-scorecard.csv,dbi,c-programs/proc-fdinfo,verify,pass,1,expansion-candidate,True,False,True,82a8e853357584a3a567fd80812e015572a607c7
fullcorpus-scorecard.csv,dbi,c-programs/proc-fd-link-aliases,verify,pass,0,expansion-candidate,True,False,True,82a8e853357584a3a567fd80812e015572a607c7
fullcorpus-scorecard.csv,dbi,c-programs/procfs-positioned-probe,verify,pass,1,expansion-candidate,True,False,True,82a8e853357584a3a567fd80812e015572a607c7
fullcorpus-scorecard.csv,dbi,c-programs/proc-locks,verify,pass,1,expansion-candidate,True,False,True,82a8e853357584a3a567fd80812e015572a607c7
fullcorpus-scorecard.csv,dbi,c-programs/prodcons-determinism,verify,pass,1,expansion-candidate,True,False,True,82a8e853357584a3a567fd80812e015572a607c7
fullcorpus-scorecard.csv,dbi,c-programs/pselect6-simulation,verify,diverge,0,expansion-candidate,True,False,True,82a8e853357584a3a567fd80812e015572a607c7
fullcorpus-scorecard.csv,dbi,c-programs/ptrace-attach-eperm,verify,diverge,0,expansion-candidate,True,False,True,82a8e853357584a3a567fd80812e015572a607c7
fullcorpus-scorecard.csv,dbi,c-programs/ptrace-eperm,verify,pass,1,expansion-candidate,True,False,True,82a8e853357584a3a567fd80812e015572a607c7
fullcorpus-scorecard.csv,dbi,c-programs/ptrace-seize-eperm,verify,diverge,0,expansion-candidate,True,False,True,82a8e853357584a3a567fd80812e015572a607c7
fullcorpus-scorecard.csv,dbi,c-programs/ptrace-traceme-eperm,verify,pass,1,expansion-candidate,True,False,True,82a8e853357584a3a567fd80812e015572a607c7
fullcorpus-scorecard.csv,dbi,c-programs/pty-nr-count,verify,pass,1,expansion-candidate,True,False,True,82a8e853357584a3a567fd80812e015572a607c7
fullcorpus-scorecard.csv,dbi,c-programs/racewrite-nostdlib,verify,pass,1,expansion-candidate,True,False,True,82a8e853357584a3a567fd80812e015572a607c7
fullcorpus-scorecard.csv,dbi,c-programs/random-sources,verify,pass,0,expansion-candidate,True,False,True,82a8e853357584a3a567fd80812e015572a607c7
fullcorpus-scorecard.csv,dbi,c-programs/rcx-canonicalization,verify,pass,1,expansion-candidate,True,False,True,82a8e853357584a3a567fd80812e015572a607c7
fullcorpus-scorecard.csv,dbi,c-programs/record-replay-fd-close,verify,pass,1,expansion-candidate,True,False,True,82a8e853357584a3a567fd80812e015572a607c7
fullcorpus-scorecard.csv,dbi,c-programs/record-replay-file-state,verify,pass,1,expansion-candidate,True,False,True,82a8e853357584a3a567fd80812e015572a607c7
fullcorpus-scorecard.csv,dbi,c-programs/record-replay-lseek-seek-cur,verify,diverge,,expansion-candidate,True,False,True,82a8e853357584a3a567fd80812e015572a607c7
fullcorpus-scorecard.csv,dbi,c-programs/record-replay-setsockopt,verify,pass,1,expansion-candidate,True,False,True,82a8e853357584a3a567fd80812e015572a607c7
fullcorpus-scorecard.csv,dbi,c-programs/recvmsg-scm-rights-mmap,verify,pass,1,expansion-candidate,True,False,True,82a8e853357584a3a567fd80812e015572a607c7
fullcorpus-scorecard.csv,dbi,c-programs/remap-file-pages-anonymous-enosys,verify,pass,1,expansion-candidate,True,False,True,82a8e853357584a3a567fd80812e015572a607c7
fullcorpus-scorecard.csv,dbi,c-programs/remap-file-pages-memfd-enosys,verify,pass,1,expansion-candidate,True,False,True,82a8e853357584a3a567fd80812e015572a607c7
fullcorpus-scorecard.csv,dbi,c-programs/remap-file-pages-tmpfile-enosys,verify,pass,1,expansion-candidate,True,False,True,82a8e853357584a3a567fd80812e015572a607c7
fullcorpus-scorecard.csv,dbi,c-programs/request-key-enosys,verify,pass,1,expansion-candidate,True,False,True,82a8e853357584a3a567fd80812e015572a607c7
fullcorpus-scorecard.csv,dbi,c-programs/resource-determinism,verify,diverge,0,expansion-candidate,True,False,True,82a8e853357584a3a567fd80812e015572a607c7
fullcorpus-scorecard.csv,dbi,c-programs/sched-setattr-batch,verify,pass,1,expansion-candidate,True,False,True,82a8e853357584a3a567fd80812e015572a607c7
fullcorpus-scorecard.csv,dbi,c-programs/sched-setattr-idle,verify,pass,1,expansion-candidate,True,False,True,82a8e853357584a3a567fd80812e015572a607c7
fullcorpus-scorecard.csv,dbi,c-programs/sched-setattr-other,verify,pass,1,expansion-candidate,True,False,True,82a8e853357584a3a567fd80812e015572a607c7
fullcorpus-scorecard.csv,dbi,c-programs/scheduler-policy-queries,verify,pass,1,expansion-candidate,True,False,True,82a8e853357584a3a567fd80812e015572a607c7
fullcorpus-scorecard.csv,dbi,c-programs/sched-yield-progress,verify,pass,1,expansion-candidate,True,False,True,82a8e853357584a3a567fd80812e015572a607c7
fullcorpus-scorecard.csv,dbi,c-programs/setitimer-determinism,verify,pass,0,expansion-candidate,True,False,True,82a8e853357584a3a567fd80812e015572a607c7
fullcorpus-scorecard.csv,dbi,c-programs/sigmask-preemption,verify,pass,1,expansion-candidate,True,False,True,82a8e853357584a3a567fd80812e015572a607c7
fullcorpus-scorecard.csv,dbi,c-programs/signal-determinism,verify,diverge,,expansion-candidate,True,False,True,82a8e853357584a3a567fd80812e015572a607c7
fullcorpus-scorecard.csv,dbi,c-programs/sigpipe-siginfo,verify,diverge,0,expansion-candidate,True,False,True,82a8e853357584a3a567fd80812e015572a607c7
fullcorpus-scorecard.csv,dbi,c-programs/sigtimedwait-no-timeout,verify,timeout,0,expansion-candidate,True,False,True,82a8e853357584a3a567fd80812e015572a607c7
fullcorpus-scorecard.csv,dbi,c-programs/sigtimedwait-timeout-0s,verify,pass,1,expansion-candidate,True,False,True,82a8e853357584a3a567fd80812e015572a607c7
fullcorpus-scorecard.csv,dbi,c-programs/sigtimedwait-timeout-1s,verify,pass,1,expansion-candidate,True,False,True,82a8e853357584a3a567fd80812e015572a607c7
fullcorpus-scorecard.csv,dbi,c-programs/socket-cookie-tcp,verify,pass,1,expansion-candidate,True,False,True,82a8e853357584a3a567fd80812e015572a607c7
fullcorpus-scorecard.csv,dbi,c-programs/socket-cookie-udp,verify,pass,1,expansion-candidate,True,False,True,82a8e853357584a3a567fd80812e015572a607c7
fullcorpus-scorecard.csv,dbi,c-programs/socket-cookie-unix,verify,pass,1,expansion-candidate,True,False,True,82a8e853357584a3a567fd80812e015572a607c7
fullcorpus-scorecard.csv,dbi,c-programs/socket-ioctl-timestamp,verify,diverge,,expansion-candidate,True,False,True,82a8e853357584a3a567fd80812e015572a607c7
fullcorpus-scorecard.csv,dbi,c-programs/socket-timestamp-edge-cases,verify,pass,0,expansion-candidate,True,False,True,82a8e853357584a3a567fd80812e015572a607c7
fullcorpus-scorecard.csv,dbi,c-programs/socket-timestamp-timespec,verify,pass,0,expansion-candidate,True,False,True,82a8e853357584a3a567fd80812e015572a607c7
fullcorpus-scorecard.csv,dbi,c-programs/socket-timestamp-timeval,verify,pass,0,expansion-candidate,True,False,True,82a8e853357584a3a567fd80812e015572a607c7
fullcorpus-scorecard.csv,dbi,c-programs/so-incoming-cpu-tcp4,verify,diverge,1,expansion-candidate,True,False,True,82a8e853357584a3a567fd80812e015572a607c7
fullcorpus-scorecard.csv,dbi,c-programs/so-incoming-cpu-tcp6,verify,diverge,1,expansion-candidate,True,False,True,82a8e853357584a3a567fd80812e015572a607c7
fullcorpus-scorecard.csv,dbi,c-programs/so-incoming-cpu-udp4,verify,pass,1,expansion-candidate,True,False,True,82a8e853357584a3a567fd80812e015572a607c7
fullcorpus-scorecard.csv,dbi,c-programs/splice-enosys,verify,pass,1,expansion-candidate,True,False,True,82a8e853357584a3a567fd80812e015572a607c7
fullcorpus-scorecard.csv,dbi,c-programs/statmount-enosys,verify,pass,1,expansion-candidate,True,False,True,82a8e853357584a3a567fd80812e015572a607c7
fullcorpus-scorecard.csv,dbi,c-programs/syscall-file-io,verify,pass,1,expansion-candidate,True,False,True,82a8e853357584a3a567fd80812e015572a607c7
fullcorpus-scorecard.csv,dbi,c-programs/syscall-file-metadata,verify,pass,1,expansion-candidate,True,False,True,82a8e853357584a3a567fd80812e015572a607c7
fullcorpus-scorecard.csv,dbi,c-programs/syscall-quick-wins,verify,pass,0,expansion-candidate,True,False,True,82a8e853357584a3a567fd80812e015572a607c7
fullcorpus-scorecard.csv,dbi,c-programs/sysfs-enosys,verify,pass,1,expansion-candidate,True,False,True,82a8e853357584a3a567fd80812e015572a607c7
fullcorpus-scorecard.csv,dbi,c-programs/sysinfo,verify,pass,0,expansion-candidate,True,False,True,82a8e853357584a3a567fd80812e015572a607c7
fullcorpus-scorecard.csv,dbi,c-programs/sysinfo-uptime,verify,pass,0,expansion-candidate,True,False,True,82a8e853357584a3a567fd80812e015572a607c7
fullcorpus-scorecard.csv,dbi,c-programs/syslog-deterministic,verify,pass,1,expansion-candidate,True,False,True,82a8e853357584a3a567fd80812e015572a607c7
fullcorpus-scorecard.csv,dbi,c-programs/sysv-sem-enosys,verify,pass,1,expansion-candidate,True,False,True,82a8e853357584a3a567fd80812e015572a607c7
fullcorpus-scorecard.csv,dbi,c-programs/sysv-shm-enosys,verify,pass,1,expansion-candidate,True,False,True,82a8e853357584a3a567fd80812e015572a607c7
fullcorpus-scorecard.csv,dbi,c-programs/tcp-info-accept4,verify,diverge,0,expansion-candidate,True,False,True,82a8e853357584a3a567fd80812e015572a607c7
fullcorpus-scorecard.csv,dbi,c-programs/tcp-info-accept6,verify,diverge,0,expansion-candidate,True,False,True,82a8e853357584a3a567fd80812e015572a607c7
fullcorpus-scorecard.csv,dbi,c-programs/tcp-info-client4,verify,diverge,0,expansion-candidate,True,False,True,82a8e853357584a3a567fd80812e015572a607c7
fullcorpus-scorecard.csv,dbi,c-programs/tee-enosys,verify,pass,1,expansion-candidate,True,False,True,82a8e853357584a3a567fd80812e015572a607c7
fullcorpus-scorecard.csv,dbi,c-programs/threadexhaustion,verify,pass,1,expansion-candidate,True,False,True,82a8e853357584a3a567fd80812e015572a607c7
fullcorpus-scorecard.csv,dbi,c-programs/thread-self-procfs-handoff,verify,pass,1,expansion-candidate,True,False,True,82a8e853357584a3a567fd80812e015572a607c7
fullcorpus-scorecard.csv,dbi,c-programs/thread-sync-determinism,verify,diverge,,expansion-candidate,True,False,True,82a8e853357584a3a567fd80812e015572a607c7
fullcorpus-scorecard.csv,dbi,c-programs/timer-create-determinism,verify,pass,1,expansion-candidate,True,False,True,82a8e853357584a3a567fd80812e015572a607c7
fullcorpus-scorecard.csv,dbi,c-programs/uname,verify,pass,0,expansion-candidate,True,False,True,82a8e853357584a3a567fd80812e015572a607c7
fullcorpus-scorecard.csv,dbi,c-programs/unix-autobind-dgram,verify,pass,1,expansion-candidate,True,False,True,82a8e853357584a3a567fd80812e015572a607c7
fullcorpus-scorecard.csv,dbi,c-programs/unix-autobind-seqpacket,verify,pass,1,expansion-candidate,True,False,True,82a8e853357584a3a567fd80812e015572a607c7
fullcorpus-scorecard.csv,dbi,c-programs/unix-autobind-stream,verify,pass,1,expansion-candidate,True,False,True,82a8e853357584a3a567fd80812e015572a607c7
fullcorpus-scorecard.csv,dbi,c-programs/ustat-enosys,verify,pass,1,expansion-candidate,True,False,True,82a8e853357584a3a567fd80812e015572a607c7
fullcorpus-scorecard.csv,dbi,c-programs/vforkexec,verify,pass,0,expansion-candidate,True,False,True,82a8e853357584a3a567fd80812e015572a607c7
fullcorpus-scorecard.csv,dbi,c-programs/vmsplice-enosys,verify,pass,1,expansion-candidate,True,False,True,82a8e853357584a3a567fd80812e015572a607c7
fullcorpus-scorecard.csv,dbi,c-programs/wait-on-child,verify,pass,0,expansion-candidate,True,False,True,82a8e853357584a3a567fd80812e015572a607c7
fullcorpus-scorecard.csv,dbi,c-programs/writev-determinism,verify,timeout,0,expansion-candidate,True,False,True,82a8e853357584a3a567fd80812e015572a607c7
fullcorpus-scorecard.csv,dbi,data-handling/archive-roundtrip,verify,diverge,,expansion-candidate,True,False,True,82a8e853357584a3a567fd80812e015572a607c7
fullcorpus-scorecard.csv,dbi,data-handling/shell-pipeline,verify,diverge,,expansion-candidate,True,False,True,82a8e853357584a3a567fd80812e015572a607c7
fullcorpus-scorecard.csv,dbi,debugger-c/debuggee,verify,pass,1,expansion-candidate,True,False,True,82a8e853357584a3a567fd80812e015572a607c7
fullcorpus-scorecard.csv,dbi,determinism-stress-c/fork-tree,verify,pass,1,expansion-candidate,True,False,True,82a8e853357584a3a567fd80812e015572a607c7
fullcorpus-scorecard.csv,dbi,determinism-stress-c/lock-free,verify,pass,1,expansion-candidate,True,False,True,82a8e853357584a3a567fd80812e015572a607c7
fullcorpus-scorecard.csv,dbi,determinism-stress-c/mmap-fork-shared,verify,timeout,0,expansion-candidate,True,False,True,82a8e853357584a3a567fd80812e015572a607c7
fullcorpus-scorecard.csv,dbi,determinism-stress-c/pid-tid,verify,pass,0,expansion-candidate,True,False,True,82a8e853357584a3a567fd80812e015572a607c7
fullcorpus-scorecard.csv,dbi,determinism-stress-c/pipe-chain,verify,diverge,0,expansion-candidate,True,False,True,82a8e853357584a3a567fd80812e015572a607c7
fullcorpus-scorecard.csv,dbi,determinism-stress-c/pipe-prefill,verify,pass,1,expansion-candidate,True,False,True,82a8e853357584a3a567fd80812e015572a607c7
fullcorpus-scorecard.csv,dbi,determinism-stress-c/producer-consumer,verify,pass,1,expansion-candidate,True,False,True,82a8e853357584a3a567fd80812e015572a607c7
fullcorpus-scorecard.csv,dbi,determinism-stress-c/signal-order,verify,pass,1,expansion-candidate,True,False,True,82a8e853357584a3a567fd80812e015572a607c7
fullcorpus-scorecard.csv,dbi,determinism-stress-c/thread-contention,verify,diverge,,expansion-candidate,True,False,True,82a8e853357584a3a567fd80812e015572a607c7
fullcorpus-scorecard.csv,dbi,determinism-stress-c/thread-stress,verify,pass,1,expansion-candidate,True,False,True,82a8e853357584a3a567fd80812e015572a607c7
fullcorpus-scorecard.csv,dbi,determinism-stress/order-violation,verify,pass,1,expansion-candidate,True,False,True,82a8e853357584a3a567fd80812e015572a607c7
fullcorpus-scorecard.csv,dbi,determinism-stress/process-chains,verify,diverge,,expansion-candidate,True,False,True,82a8e853357584a3a567fd80812e015572a607c7
fullcorpus-scorecard.csv,dbi,determinism-stress/thread-contention,verify,diverge,,expansion-candidate,True,False,True,82a8e853357584a3a567fd80812e015572a607c7
fullcorpus-scorecard.csv,dbi,determinism-stress/thread-output,verify,diverge,0,expansion-candidate,True,False,True,82a8e853357584a3a567fd80812e015572a607c7
fullcorpus-scorecard.csv,dbi,language-runtimes/bash-loop-pipe-time,verify,timeout,0,expansion-candidate,True,False,True,82a8e853357584a3a567fd80812e015572a607c7
fullcorpus-scorecard.csv,dbi,language-runtimes/gawk-random,verify,pass,1,expansion-candidate,True,False,True,82a8e853357584a3a567fd80812e015572a607c7
fullcorpus-scorecard.csv,dbi,language-runtimes/perl-io-subprocess-time,verify,diverge,0,expansion-candidate,True,False,True,82a8e853357584a3a567fd80812e015572a607c7
fullcorpus-scorecard.csv,dbi,language-runtimes/python-hash-determinism,verify,pass,0,expansion-candidate,True,False,True,82a8e853357584a3a567fd80812e015572a607c7
fullcorpus-scorecard.csv,dbi,language-runtimes/python-io-subprocess-time,verify,timeout,0,expansion-candidate,True,False,True,82a8e853357584a3a567fd80812e015572a607c7
fullcorpus-scorecard.csv,dbi,language-runtimes/python-random,verify,pass,0,expansion-candidate,True,False,True,82a8e853357584a3a567fd80812e015572a607c7
fullcorpus-scorecard.csv,dbi,shared-futex-c/qemu-exec-init,verify,diverge,,expansion-candidate,True,False,True,82a8e853357584a3a567fd80812e015572a607c7
fullcorpus-scorecard.csv,dbi,shared-futex-c/qemu-hello,verify,diverge,,expansion-candidate,True,False,True,82a8e853357584a3a567fd80812e015572a607c7
fullcorpus-scorecard.csv,dbi,shared-futex-c/qemu-init,verify,diverge,,expansion-candidate,True,False,True,82a8e853357584a3a567fd80812e015572a607c7
fullcorpus-scorecard.csv,dbi,shared-futex-c/qemu-net-init,verify,diverge,,expansion-candidate,True,False,True,82a8e853357584a3a567fd80812e015572a607c7
fullcorpus-scorecard.csv,dbi,system-utils/clock-determinism,verify,pass,0,expansion-candidate,True,False,True,82a8e853357584a3a567fd80812e015572a607c7
fullcorpus-scorecard.csv,dbi,system-utils/date-nanoseconds,verify,timeout,0,expansion-candidate,True,False,True,82a8e853357584a3a567fd80812e015572a607c7
fullcorpus-scorecard.csv,dbi,system-utils/openssl-passwd,verify,pass,0,expansion-candidate,True,False,True,82a8e853357584a3a567fd80812e015572a607c7
fullcorpus-scorecard.csv,dbi,system-utils/proc-uptime,verify,pass,0,expansion-candidate,True,False,True,82a8e853357584a3a567fd80812e015572a607c7
fullcorpus-scorecard.csv,dbi,system-utils/random-device,verify,pass,1,expansion-candidate,True,False,True,82a8e853357584a3a567fd80812e015572a607c7
fullcorpus-scorecard.csv,dbi,system-utils/record-getpid,verify,pass,1,expansion-candidate,True,False,True,82a8e853357584a3a567fd80812e015572a607c7
fullcorpus-scorecard.csv,dbi,util-c/pmu-skid,verify,diverge,,expansion-candidate,True,False,True,82a8e853357584a3a567fd80812e015572a607c7
fullcorpus-scorecard.csv,sabre,applications/timed-progress-bar,verify,pass,1,expansion-candidate,True,False,True,82a8e853357584a3a567fd80812e015572a607c7
fullcorpus-scorecard.csv,sabre,backend-parity-c/cpuid-probe,verify,diverge,0,expansion-candidate,True,False,True,82a8e853357584a3a567fd80812e015572a607c7
fullcorpus-scorecard.csv,sabre,backend-parity-c/pid-probe,verify,pass,1,expansion-candidate,True,False,True,82a8e853357584a3a567fd80812e015572a607c7
fullcorpus-scorecard.csv,sabre,backend-parity-c/pthread-lifecycle,verify,pass,1,expansion-candidate,True,False,True,82a8e853357584a3a567fd80812e015572a607c7
fullcorpus-scorecard.csv,sabre,bin-c/posix-timer-test,verify,pass,1,expansion-candidate,True,False,True,82a8e853357584a3a567fd80812e015572a607c7
fullcorpus-scorecard.csv,sabre,bin-c/robust-futex-test,verify,timeout,,expansion-candidate,True,False,True,82a8e853357584a3a567fd80812e015572a607c7
fullcorpus-scorecard.csv,sabre,chaos-c/lock-granularity,verify,pass,1,expansion-candidate,True,False,True,82a8e853357584a3a567fd80812e015572a607c7
fullcorpus-scorecard.csv,sabre,c-programs/acct-refusal-probe,verify,pass,1,expansion-candidate,True,False,True,82a8e853357584a3a567fd80812e015572a607c7
fullcorpus-scorecard.csv,sabre,c-programs/add-key-enosys,verify,pass,1,expansion-candidate,True,False,True,82a8e853357584a3a567fd80812e015572a607c7
fullcorpus-scorecard.csv,sabre,c-programs/adjtimex-deterministic,verify,pass,1,expansion-candidate,True,False,True,82a8e853357584a3a567fd80812e015572a607c7
fullcorpus-scorecard.csv,sabre,c-programs/arch-prctl-determinism,verify,diverge,0,expansion-candidate,True,False,True,82a8e853357584a3a567fd80812e015572a607c7
fullcorpus-scorecard.csv,sabre,c-programs/bpf-enosys,verify,pass,1,expansion-candidate,True,False,True,82a8e853357584a3a567fd80812e015572a607c7
fullcorpus-scorecard.csv,sabre,c-programs/cachestat-enosys,verify,pass,1,expansion-candidate,True,False,True,82a8e853357584a3a567fd80812e015572a607c7
fullcorpus-scorecard.csv,sabre,c-programs/clock-adjtime-deterministic,verify,pass,1,expansion-candidate,True,False,True,82a8e853357584a3a567fd80812e015572a607c7
fullcorpus-scorecard.csv,sabre,c-programs/clone,verify,timeout,0,expansion-candidate,True,False,True,82a8e853357584a3a567fd80812e015572a607c7
fullcorpus-scorecard.csv,sabre,c-programs/copy-file-range-refusal-probe,verify,pass,1,expansion-candidate,True,False,True,82a8e853357584a3a567fd80812e015572a607c7
fullcorpus-scorecard.csv,sabre,c-programs/dbi-copied-tiocgpgrp,verify,pass,1,expansion-candidate,True,False,True,82a8e853357584a3a567fd80812e015572a607c7
fullcorpus-scorecard.csv,sabre,c-programs/dbi-exec-failure,verify,pass,1,expansion-candidate,True,False,True,82a8e853357584a3a567fd80812e015572a607c7
fullcorpus-scorecard.csv,sabre,c-programs/dbi-execveat-unsupported,verify,pass,1,expansion-candidate,True,False,True,82a8e853357584a3a567fd80812e015572a607c7
fullcorpus-scorecard.csv,sabre,c-programs/dbi-mmap-exec,verify,pass,1,expansion-candidate,True,False,True,82a8e853357584a3a567fd80812e015572a607c7
fullcorpus-scorecard.csv,sabre,c-programs/dbi-pid-virtualization,verify,pass,0,expansion-candidate,True,False,True,82a8e853357584a3a567fd80812e015572a607c7
fullcorpus-scorecard.csv,sabre,c-programs/dbi-prlimit-self,verify,pass,1,expansion-candidate,True,False,True,82a8e853357584a3a567fd80812e015572a607c7
fullcorpus-scorecard.csv,sabre,c-programs/dbi-self-sigqueue,verify,pass,1,expansion-candidate,True,False,True,82a8e853357584a3a567fd80812e015572a607c7
fullcorpus-scorecard.csv,sabre,c-programs/dbi-unsupported-syscall,verify,diverge,0,expansion-candidate,True,False,True,82a8e853357584a3a567fd80812e015572a607c7
fullcorpus-scorecard.csv,sabre,c-programs/dbi-wait-lifecycle,verify,pass,1,expansion-candidate,True,False,True,82a8e853357584a3a567fd80812e015572a607c7
fullcorpus-scorecard.csv,sabre,c-programs/epoll-determinism,verify,diverge,,expansion-candidate,True,False,True,82a8e853357584a3a567fd80812e015572a607c7
fullcorpus-scorecard.csv,sabre,c-programs/fp-reduction-nondeterminism,verify,timeout,0,expansion-candidate,True,False,True,82a8e853357584a3a567fd80812e015572a607c7
fullcorpus-scorecard.csv,sabre,c-programs/futex-requeue-enosys,verify,pass,1,expansion-candidate,True,False,True,82a8e853357584a3a567fd80812e015572a607c7
fullcorpus-scorecard.csv,sabre,c-programs/futex-waitv-enosys,verify,pass,1,expansion-candidate,True,False,True,82a8e853357584a3a567fd80812e015572a607c7
fullcorpus-scorecard.csv,sabre,c-programs/futex-wake-enosys,verify,pass,1,expansion-candidate,True,False,True,82a8e853357584a3a567fd80812e015572a607c7
fullcorpus-scorecard.csv,sabre,c-programs/getcpu,verify,pass,1,expansion-candidate,True,False,True,82a8e853357584a3a567fd80812e015572a607c7
fullcorpus-scorecard.csv,sabre,c-programs/getitimer-determinism-probe,verify,pass,1,expansion-candidate,True,False,True,82a8e853357584a3a567fd80812e015572a607c7
fullcorpus-scorecard.csv,sabre,c-programs/get-robust-list-child,verify,pass,1,expansion-candidate,True,False,True,82a8e853357584a3a567fd80812e015572a607c7
fullcorpus-scorecard.csv,sabre,c-programs/get-robust-list-self,verify,pass,1,expansion-candidate,True,False,True,82a8e853357584a3a567fd80812e015572a607c7
fullcorpus-scorecard.csv,sabre,c-programs/get-robust-list-thread,verify,pass,1,expansion-candidate,True,False,True,82a8e853357584a3a567fd80812e015572a607c7
fullcorpus-scorecard.csv,sabre,c-programs/getsockopt-null,verify,pass,1,expansion-candidate,True,False,True,82a8e853357584a3a567fd80812e015572a607c7
fullcorpus-scorecard.csv,sabre,c-programs/hello-alarm,verify,pass,1,expansion-candidate,True,False,True,82a8e853357584a3a567fd80812e015572a607c7
fullcorpus-scorecard.csv,sabre,c-programs/hello-nostdlib,verify,diverge,0,expansion-candidate,True,False,True,82a8e853357584a3a567fd80812e015572a607c7
fullcorpus-scorecard.csv,sabre,c-programs/hello-signals,verify,pass,1,expansion-candidate,True,False,True,82a8e853357584a3a567fd80812e015572a607c7
fullcorpus-scorecard.csv,sabre,c-programs/ioctl-fioclex,verify,pass,1,expansion-candidate,True,False,True,82a8e853357584a3a567fd80812e015572a607c7
fullcorpus-scorecard.csv,sabre,c-programs/ioctl-siocethtool,verify,pass,1,expansion-candidate,True,False,True,82a8e853357584a3a567fd80812e015572a607c7
fullcorpus-scorecard.csv,sabre,c-programs/io-uring-fallback,verify,pass,1,expansion-candidate,True,False,True,82a8e853357584a3a567fd80812e015572a607c7
fullcorpus-scorecard.csv,sabre,c-programs/io-uring-ring-determinism,verify,pass,1,expansion-candidate,True,False,True,82a8e853357584a3a567fd80812e015572a607c7
fullcorpus-scorecard.csv,sabre,c-programs/ipc-determinism,verify,diverge,,expansion-candidate,True,False,True,82a8e853357584a3a567fd80812e015572a607c7
fullcorpus-scorecard.csv,sabre,c-programs/just-spin,verify,pass,1,expansion-candidate,True,False,True,82a8e853357584a3a567fd80812e015572a607c7
fullcorpus-scorecard.csv,sabre,c-programs/kcmp-eperm,verify,pass,1,expansion-candidate,True,False,True,82a8e853357584a3a567fd80812e015572a607c7
fullcorpus-scorecard.csv,sabre,c-programs/keyctl-enosys,verify,pass,1,expansion-candidate,True,False,True,82a8e853357584a3a567fd80812e015572a607c7
fullcorpus-scorecard.csv,sabre,c-programs/keyctl-passthrough,verify,pass,1,expansion-candidate,True,False,True,82a8e853357584a3a567fd80812e015572a607c7
fullcorpus-scorecard.csv,sabre,c-programs/listmount-enosys,verify,pass,1,expansion-candidate,True,False,True,82a8e853357584a3a567fd80812e015572a607c7
fullcorpus-scorecard.csv,sabre,c-programs/liteinst-advanced,verify,diverge,,expansion-candidate,True,False,True,82a8e853357584a3a567fd80812e015572a607c7
fullcorpus-scorecard.csv,sabre,c-programs/lsm-get-self-attr-enosys,verify,pass,1,expansion-candidate,True,False,True,82a8e853357584a3a567fd80812e015572a607c7
fullcorpus-scorecard.csv,sabre,c-programs/lsm-list-modules-enosys,verify,pass,1,expansion-candidate,True,False,True,82a8e853357584a3a567fd80812e015572a607c7
fullcorpus-scorecard.csv,sabre,c-programs/lsm-set-self-attr-enosys,verify,pass,1,expansion-candidate,True,False,True,82a8e853357584a3a567fd80812e015572a607c7
fullcorpus-scorecard.csv,sabre,c-programs/madvise-determinism,verify,pass,1,expansion-candidate,True,False,True,82a8e853357584a3a567fd80812e015572a607c7
fullcorpus-scorecard.csv,sabre,c-programs/map-shadow-stack-enosys,verify,pass,1,expansion-candidate,True,False,True,82a8e853357584a3a567fd80812e015572a607c7
fullcorpus-scorecard.csv,sabre,c-programs/memfd-secret-enosys,verify,pass,1,expansion-candidate,True,False,True,82a8e853357584a3a567fd80812e015572a607c7
fullcorpus-scorecard.csv,sabre,c-programs/meminfo-available-deterministic,verify,pass,1,expansion-candidate,True,False,True,82a8e853357584a3a567fd80812e015572a607c7
fullcorpus-scorecard.csv,sabre,c-programs/meminfo-cached-deterministic,verify,pass,1,expansion-candidate,True,False,True,82a8e853357584a3a567fd80812e015572a607c7
fullcorpus-scorecard.csv,sabre,c-programs/meminfo-free-deterministic,verify,pass,1,expansion-candidate,True,False,True,82a8e853357584a3a567fd80812e015572a607c7
fullcorpus-scorecard.csv,sabre,c-programs/memorypress,verify,pass,1,expansion-candidate,True,False,True,82a8e853357584a3a567fd80812e015572a607c7
fullcorpus-scorecard.csv,sabre,c-programs/mmap-determinism,verify,diverge,,expansion-candidate,True,False,True,82a8e853357584a3a567fd80812e015572a607c7
fullcorpus-scorecard.csv,sabre,c-programs/mmap-stress-determinism,verify,pass,1,expansion-candidate,True,False,True,82a8e853357584a3a567fd80812e015572a607c7
fullcorpus-scorecard.csv,sabre,c-programs/name-to-handle-at-eopnotsupp,verify,pass,1,expansion-candidate,True,False,True,82a8e853357584a3a567fd80812e015572a607c7
fullcorpus-scorecard.csv,sabre,c-programs/name-to-handle-directory-eopnotsupp,verify,pass,1,expansion-candidate,True,False,True,82a8e853357584a3a567fd80812e015572a607c7
fullcorpus-scorecard.csv,sabre,c-programs/name-to-handle-empty-path-eopnotsupp,verify,pass,1,expansion-candidate,True,False,True,82a8e853357584a3a567fd80812e015572a607c7
fullcorpus-scorecard.csv,sabre,c-programs/name-to-handle-regular-eopnotsupp,verify,pass,1,expansion-candidate,True,False,True,82a8e853357584a3a567fd80812e015572a607c7
fullcorpus-scorecard.csv,sabre,c-programs/nanosleep-par,verify,pass,1,expansion-candidate,True,False,True,82a8e853357584a3a567fd80812e015572a607c7
fullcorpus-scorecard.csv,sabre,c-programs/nanosleep-threads-nocrash,verify,pass,1,expansion-candidate,True,False,True,82a8e853357584a3a567fd80812e015572a607c7
fullcorpus-scorecard.csv,sabre,c-programs/nanosleep-threads-simple,verify,diverge,,expansion-candidate,True,False,True,82a8e853357584a3a567fd80812e015572a607c7
fullcorpus-scorecard.csv,sabre,c-programs/netlink-autobind-generic,verify,pass,1,expansion-candidate,True,False,True,82a8e853357584a3a567fd80812e015572a607c7
fullcorpus-scorecard.csv,sabre,c-programs/netlink-autobind-route,verify,pass,1,expansion-candidate,True,False,True,82a8e853357584a3a567fd80812e015572a607c7
fullcorpus-scorecard.csv,sabre,c-programs/netlink-autobind-usersock,verify,pass,1,expansion-candidate,True,False,True,82a8e853357584a3a567fd80812e015572a607c7
fullcorpus-scorecard.csv,sabre,c-programs/netns-cookie-tcp4,verify,pass,1,expansion-candidate,True,False,True,82a8e853357584a3a567fd80812e015572a607c7
fullcorpus-scorecard.csv,sabre,c-programs/netns-cookie-tcp6,verify,pass,1,expansion-candidate,True,False,True,82a8e853357584a3a567fd80812e015572a607c7
fullcorpus-scorecard.csv,sabre,c-programs/netns-cookie-udp4,verify,pass,1,expansion-candidate,True,False,True,82a8e853357584a3a567fd80812e015572a607c7
fullcorpus-scorecard.csv,sabre,c-programs/perf-event-hardware-enosys,verify,pass,1,expansion-candidate,True,False,True,82a8e853357584a3a567fd80812e015572a607c7
fullcorpus-scorecard.csv,sabre,c-programs/perf-event-open-enosys,verify,pass,1,expansion-candidate,True,False,True,82a8e853357584a3a567fd80812e015572a607c7
fullcorpus-scorecard.csv,sabre,c-programs/perf-event-software-enosys,verify,pass,1,expansion-candidate,True,False,True,82a8e853357584a3a567fd80812e015572a607c7
fullcorpus-scorecard.csv,sabre,c-programs/perf-event-watchpoint-enosys,verify,pass,1,expansion-candidate,True,False,True,82a8e853357584a3a567fd80812e015572a607c7
fullcorpus-scorecard.csv,sabre,c-programs/periodic-setitimer-delivery,verify,pass,1,expansion-candidate,True,False,True,82a8e853357584a3a567fd80812e015572a607c7
fullcorpus-scorecard.csv,sabre,c-programs/pidfd-open-self,verify,pass,1,expansion-candidate,True,False,True,82a8e853357584a3a567fd80812e015572a607c7
fullcorpus-scorecard.csv,sabre,c-programs/pidfd-poll-self,verify,pass,1,expansion-candidate,True,False,True,82a8e853357584a3a567fd80812e015572a607c7
fullcorpus-scorecard.csv,sabre,c-programs/pidfd-waitid-child,verify,pass,1,expansion-candidate,True,False,True,82a8e853357584a3a567fd80812e015572a607c7
fullcorpus-scorecard.csv,sabre,c-programs/ppoll-readv,verify,pass,1,expansion-candidate,True,False,True,82a8e853357584a3a567fd80812e015572a607c7
fullcorpus-scorecard.csv,sabre,c-programs/ppoll-simulation,verify,pass,1,expansion-candidate,True,False,True,82a8e853357584a3a567fd80812e015572a607c7
fullcorpus-scorecard.csv,sabre,c-programs/prctl-dumpable,verify,pass,1,expansion-candidate,True,False,True,82a8e853357584a3a567fd80812e015572a607c7
fullcorpus-scorecard.csv,sabre,c-programs/pread64-nostdlib,verify,diverge,0,expansion-candidate,True,False,True,82a8e853357584a3a567fd80812e015572a607c7
fullcorpus-scorecard.csv,sabre,c-programs/printf-with-threads,verify,pass,1,expansion-candidate,True,False,True,82a8e853357584a3a567fd80812e015572a607c7
fullcorpus-scorecard.csv,sabre,c-programs/print-memaddrs,verify,pass,0,expansion-candidate,True,False,True,82a8e853357584a3a567fd80812e015572a607c7
fullcorpus-scorecard.csv,sabre,c-programs/process-mrelease-enosys,verify,pass,1,expansion-candidate,True,False,True,82a8e853357584a3a567fd80812e015572a607c7
fullcorpus-scorecard.csv,sabre,c-programs/process-vm-readv-refusal-probe,verify,pass,1,expansion-candidate,True,False,True,82a8e853357584a3a567fd80812e015572a607c7
fullcorpus-scorecard.csv,sabre,c-programs/process-vm-writev-refusal-probe,verify,pass,1,expansion-candidate,True,False,True,82a8e853357584a3a567fd80812e015572a607c7
fullcorpus-scorecard.csv,sabre,c-programs/proc-fdinfo,verify,pass,0,expansion-candidate,True,False,True,82a8e853357584a3a567fd80812e015572a607c7
fullcorpus-scorecard.csv,sabre,c-programs/proc-fd-link-aliases,verify,pass,0,expansion-candidate,True,False,True,82a8e853357584a3a567fd80812e015572a607c7
fullcorpus-scorecard.csv,sabre,c-programs/procfs-positioned-probe,verify,pass,1,expansion-candidate,True,False,True,82a8e853357584a3a567fd80812e015572a607c7
fullcorpus-scorecard.csv,sabre,c-programs/proc-locks,verify,pass,1,expansion-candidate,True,False,True,82a8e853357584a3a567fd80812e015572a607c7
fullcorpus-scorecard.csv,sabre,c-programs/prodcons-determinism,verify,pass,1,expansion-candidate,True,False,True,82a8e853357584a3a567fd80812e015572a607c7
fullcorpus-scorecard.csv,sabre,c-programs/pselect6-simulation,verify,diverge,0,expansion-candidate,True,False,True,82a8e853357584a3a567fd80812e015572a607c7
fullcorpus-scorecard.csv,sabre,c-programs/ptrace-attach-eperm,verify,pass,1,expansion-candidate,True,False,True,82a8e853357584a3a567fd80812e015572a607c7
fullcorpus-scorecard.csv,sabre,c-programs/ptrace-eperm,verify,pass,1,expansion-candidate,True,False,True,82a8e853357584a3a567fd80812e015572a607c7
fullcorpus-scorecard.csv,sabre,c-programs/ptrace-seize-eperm,verify,pass,1,expansion-candidate,True,False,True,82a8e853357584a3a567fd80812e015572a607c7
fullcorpus-scorecard.csv,sabre,c-programs/ptrace-traceme-eperm,verify,pass,1,expansion-candidate,True,False,True,82a8e853357584a3a567fd80812e015572a607c7
fullcorpus-scorecard.csv,sabre,c-programs/pty-nr-count,verify,pass,1,expansion-candidate,True,False,True,82a8e853357584a3a567fd80812e015572a607c7
fullcorpus-scorecard.csv,sabre,c-programs/racewrite-nostdlib,verify,diverge,0,expansion-candidate,True,False,True,82a8e853357584a3a567fd80812e015572a607c7
fullcorpus-scorecard.csv,sabre,c-programs/random-sources,verify,pass,0,expansion-candidate,True,False,True,82a8e853357584a3a567fd80812e015572a607c7
fullcorpus-scorecard.csv,sabre,c-programs/rcx-canonicalization,verify,pass,1,expansion-candidate,True,False,True,82a8e853357584a3a567fd80812e015572a607c7
fullcorpus-scorecard.csv,sabre,c-programs/record-replay-fd-close,verify,pass,1,expansion-candidate,True,False,True,82a8e853357584a3a567fd80812e015572a607c7
fullcorpus-scorecard.csv,sabre,c-programs/record-replay-file-state,verify,diverge,1,expansion-candidate,True,False,True,82a8e853357584a3a567fd80812e015572a607c7
fullcorpus-scorecard.csv,sabre,c-programs/record-replay-lseek-seek-cur,verify,diverge,,expansion-candidate,True,False,True,82a8e853357584a3a567fd80812e015572a607c7
fullcorpus-scorecard.csv,sabre,c-programs/record-replay-setsockopt,verify,pass,1,expansion-candidate,True,False,True,82a8e853357584a3a567fd80812e015572a607c7
fullcorpus-scorecard.csv,sabre,c-programs/recvmsg-scm-rights-mmap,verify,pass,1,expansion-candidate,True,False,True,82a8e853357584a3a567fd80812e015572a607c7
fullcorpus-scorecard.csv,sabre,c-programs/remap-file-pages-anonymous-enosys,verify,pass,1,expansion-candidate,True,False,True,82a8e853357584a3a567fd80812e015572a607c7
fullcorpus-scorecard.csv,sabre,c-programs/remap-file-pages-memfd-enosys,verify,pass,1,expansion-candidate,True,False,True,82a8e853357584a3a567fd80812e015572a607c7
fullcorpus-scorecard.csv,sabre,c-programs/remap-file-pages-tmpfile-enosys,verify,pass,1,expansion-candidate,True,False,True,82a8e853357584a3a567fd80812e015572a607c7
fullcorpus-scorecard.csv,sabre,c-programs/request-key-enosys,verify,pass,1,expansion-candidate,True,False,True,82a8e853357584a3a567fd80812e015572a607c7
fullcorpus-scorecard.csv,sabre,c-programs/resource-determinism,verify,diverge,0,expansion-candidate,True,False,True,82a8e853357584a3a567fd80812e015572a607c7
fullcorpus-scorecard.csv,sabre,c-programs/sched-setattr-batch,verify,pass,1,expansion-candidate,True,False,True,82a8e853357584a3a567fd80812e015572a607c7
fullcorpus-scorecard.csv,sabre,c-programs/sched-setattr-idle,verify,pass,1,expansion-candidate,True,False,True,82a8e853357584a3a567fd80812e015572a607c7
fullcorpus-scorecard.csv,sabre,c-programs/sched-setattr-other,verify,pass,1,expansion-candidate,True,False,True,82a8e853357584a3a567fd80812e015572a607c7
fullcorpus-scorecard.csv,sabre,c-programs/scheduler-policy-queries,verify,pass,1,expansion-candidate,True,False,True,82a8e853357584a3a567fd80812e015572a607c7
fullcorpus-scorecard.csv,sabre,c-programs/sched-yield-progress,verify,pass,1,expansion-candidate,True,False,True,82a8e853357584a3a567fd80812e015572a607c7
fullcorpus-scorecard.csv,sabre,c-programs/setitimer-determinism,verify,pass,1,expansion-candidate,True,False,True,82a8e853357584a3a567fd80812e015572a607c7
fullcorpus-scorecard.csv,sabre,c-programs/sigmask-preemption,verify,pass,1,expansion-candidate,True,False,True,82a8e853357584a3a567fd80812e015572a607c7
fullcorpus-scorecard.csv,sabre,c-programs/signal-determinism,verify,diverge,,expansion-candidate,True,False,True,82a8e853357584a3a567fd80812e015572a607c7
fullcorpus-scorecard.csv,sabre,c-programs/sigpipe-siginfo,verify,diverge,0,expansion-candidate,True,False,True,82a8e853357584a3a567fd80812e015572a607c7
fullcorpus-scorecard.csv,sabre,c-programs/sigtimedwait-no-timeout,verify,timeout,0,expansion-candidate,True,False,True,82a8e853357584a3a567fd80812e015572a607c7
fullcorpus-scorecard.csv,sabre,c-programs/sigtimedwait-timeout-0s,verify,pass,1,expansion-candidate,True,False,True,82a8e853357584a3a567fd80812e015572a607c7
fullcorpus-scorecard.csv,sabre,c-programs/sigtimedwait-timeout-1s,verify,pass,0,expansion-candidate,True,False,True,82a8e853357584a3a567fd80812e015572a607c7
fullcorpus-scorecard.csv,sabre,c-programs/socket-cookie-tcp,verify,pass,0,expansion-candidate,True,False,True,82a8e853357584a3a567fd80812e015572a607c7
fullcorpus-scorecard.csv,sabre,c-programs/socket-cookie-udp,verify,pass,0,expansion-candidate,True,False,True,82a8e853357584a3a567fd80812e015572a607c7
fullcorpus-scorecard.csv,sabre,c-programs/socket-cookie-unix,verify,pass,0,expansion-candidate,True,False,True,82a8e853357584a3a567fd80812e015572a607c7
fullcorpus-scorecard.csv,sabre,c-programs/socket-ioctl-timestamp,verify,diverge,,expansion-candidate,True,False,True,82a8e853357584a3a567fd80812e015572a607c7
fullcorpus-scorecard.csv,sabre,c-programs/socket-timestamp-edge-cases,verify,pass,0,expansion-candidate,True,False,True,82a8e853357584a3a567fd80812e015572a607c7
fullcorpus-scorecard.csv,sabre,c-programs/socket-timestamp-timespec,verify,pass,0,expansion-candidate,True,False,True,82a8e853357584a3a567fd80812e015572a607c7
fullcorpus-scorecard.csv,sabre,c-programs/socket-timestamp-timeval,verify,pass,0,expansion-candidate,True,False,True,82a8e853357584a3a567fd80812e015572a607c7
fullcorpus-scorecard.csv,sabre,c-programs/so-incoming-cpu-tcp4,verify,pass,1,expansion-candidate,True,False,True,82a8e853357584a3a567fd80812e015572a607c7
fullcorpus-scorecard.csv,sabre,c-programs/so-incoming-cpu-tcp6,verify,pass,1,expansion-candidate,True,False,True,82a8e853357584a3a567fd80812e015572a607c7
fullcorpus-scorecard.csv,sabre,c-programs/so-incoming-cpu-udp4,verify,pass,1,expansion-candidate,True,False,True,82a8e853357584a3a567fd80812e015572a607c7
fullcorpus-scorecard.csv,sabre,c-programs/splice-enosys,verify,pass,1,expansion-candidate,True,False,True,82a8e853357584a3a567fd80812e015572a607c7
fullcorpus-scorecard.csv,sabre,c-programs/statmount-enosys,verify,pass,1,expansion-candidate,True,False,True,82a8e853357584a3a567fd80812e015572a607c7
fullcorpus-scorecard.csv,sabre,c-programs/syscall-file-io,verify,pass,1,expansion-candidate,True,False,True,82a8e853357584a3a567fd80812e015572a607c7
fullcorpus-scorecard.csv,sabre,c-programs/syscall-file-metadata,verify,pass,1,expansion-candidate,True,False,True,82a8e853357584a3a567fd80812e015572a607c7
fullcorpus-scorecard.csv,sabre,c-programs/syscall-quick-wins,verify,pass,1,expansion-candidate,True,False,True,82a8e853357584a3a567fd80812e015572a607c7
fullcorpus-scorecard.csv,sabre,c-programs/sysfs-enosys,verify,pass,1,expansion-candidate,True,False,True,82a8e853357584a3a567fd80812e015572a607c7
fullcorpus-scorecard.csv,sabre,c-programs/sysinfo,verify,pass,0,expansion-candidate,True,False,True,82a8e853357584a3a567fd80812e015572a607c7
fullcorpus-scorecard.csv,sabre,c-programs/sysinfo-uptime,verify,pass,0,expansion-candidate,True,False,True,82a8e853357584a3a567fd80812e015572a607c7
fullcorpus-scorecard.csv,sabre,c-programs/syslog-deterministic,verify,pass,1,expansion-candidate,True,False,True,82a8e853357584a3a567fd80812e015572a607c7
fullcorpus-scorecard.csv,sabre,c-programs/sysv-sem-enosys,verify,pass,1,expansion-candidate,True,False,True,82a8e853357584a3a567fd80812e015572a607c7
fullcorpus-scorecard.csv,sabre,c-programs/sysv-shm-enosys,verify,pass,1,expansion-candidate,True,False,True,82a8e853357584a3a567fd80812e015572a607c7
fullcorpus-scorecard.csv,sabre,c-programs/tcp-info-accept4,verify,pass,1,expansion-candidate,True,False,True,82a8e853357584a3a567fd80812e015572a607c7
fullcorpus-scorecard.csv,sabre,c-programs/tcp-info-accept6,verify,pass,1,expansion-candidate,True,False,True,82a8e853357584a3a567fd80812e015572a607c7
fullcorpus-scorecard.csv,sabre,c-programs/tcp-info-client4,verify,pass,1,expansion-candidate,True,False,True,82a8e853357584a3a567fd80812e015572a607c7
fullcorpus-scorecard.csv,sabre,c-programs/tee-enosys,verify,pass,1,expansion-candidate,True,False,True,82a8e853357584a3a567fd80812e015572a607c7
fullcorpus-scorecard.csv,sabre,c-programs/threadexhaustion,verify,pass,1,expansion-candidate,True,False,True,82a8e853357584a3a567fd80812e015572a607c7
fullcorpus-scorecard.csv,sabre,c-programs/thread-self-procfs-handoff,verify,pass,1,expansion-candidate,True,False,True,82a8e853357584a3a567fd80812e015572a607c7
fullcorpus-scorecard.csv,sabre,c-programs/thread-sync-determinism,verify,diverge,,expansion-candidate,True,False,True,82a8e853357584a3a567fd80812e015572a607c7
fullcorpus-scorecard.csv,sabre,c-programs/timer-create-determinism,verify,pass,1,expansion-candidate,True,False,True,82a8e853357584a3a567fd80812e015572a607c7
fullcorpus-scorecard.csv,sabre,c-programs/uname,verify,pass,1,expansion-candidate,True,False,True,82a8e853357584a3a567fd80812e015572a607c7
fullcorpus-scorecard.csv,sabre,c-programs/unix-autobind-dgram,verify,pass,1,expansion-candidate,True,False,True,82a8e853357584a3a567fd80812e015572a607c7
fullcorpus-scorecard.csv,sabre,c-programs/unix-autobind-seqpacket,verify,pass,1,expansion-candidate,True,False,True,82a8e853357584a3a567fd80812e015572a607c7
fullcorpus-scorecard.csv,sabre,c-programs/unix-autobind-stream,verify,pass,1,expansion-candidate,True,False,True,82a8e853357584a3a567fd80812e015572a607c7
fullcorpus-scorecard.csv,sabre,c-programs/ustat-enosys,verify,pass,1,expansion-candidate,True,False,True,82a8e853357584a3a567fd80812e015572a607c7
fullcorpus-scorecard.csv,sabre,c-programs/vforkexec,verify,timeout,0,expansion-candidate,True,False,True,82a8e853357584a3a567fd80812e015572a607c7
fullcorpus-scorecard.csv,sabre,c-programs/vmsplice-enosys,verify,pass,1,expansion-candidate,True,False,True,82a8e853357584a3a567fd80812e015572a607c7
fullcorpus-scorecard.csv,sabre,c-programs/wait-on-child,verify,pass,0,expansion-candidate,True,False,True,82a8e853357584a3a567fd80812e015572a607c7
fullcorpus-scorecard.csv,sabre,c-programs/writev-determinism,verify,pass,1,expansion-candidate,True,False,True,82a8e853357584a3a567fd80812e015572a607c7
fullcorpus-scorecard.csv,sabre,data-handling/archive-roundtrip,verify,diverge,,expansion-candidate,True,False,True,82a8e853357584a3a567fd80812e015572a607c7
fullcorpus-scorecard.csv,sabre,data-handling/shell-pipeline,verify,diverge,,expansion-candidate,True,False,True,82a8e853357584a3a567fd80812e015572a607c7
fullcorpus-scorecard.csv,sabre,debugger-c/debuggee,verify,pass,1,expansion-candidate,True,False,True,82a8e853357584a3a567fd80812e015572a607c7
fullcorpus-scorecard.csv,sabre,determinism-stress-c/fork-tree,verify,pass,1,expansion-candidate,True,False,True,82a8e853357584a3a567fd80812e015572a607c7
fullcorpus-scorecard.csv,sabre,determinism-stress-c/lock-free,verify,pass,1,expansion-candidate,True,False,True,82a8e853357584a3a567fd80812e015572a607c7
fullcorpus-scorecard.csv,sabre,determinism-stress-c/mmap-fork-shared,verify,pass,1,expansion-candidate,True,False,True,82a8e853357584a3a567fd80812e015572a607c7
fullcorpus-scorecard.csv,sabre,determinism-stress-c/pid-tid,verify,pass,0,expansion-candidate,True,False,True,82a8e853357584a3a567fd80812e015572a607c7
fullcorpus-scorecard.csv,sabre,determinism-stress-c/pipe-chain,verify,pass,1,expansion-candidate,True,False,True,82a8e853357584a3a567fd80812e015572a607c7
fullcorpus-scorecard.csv,sabre,determinism-stress-c/pipe-prefill,verify,pass,1,expansion-candidate,True,False,True,82a8e853357584a3a567fd80812e015572a607c7
fullcorpus-scorecard.csv,sabre,determinism-stress-c/producer-consumer,verify,pass,1,expansion-candidate,True,False,True,82a8e853357584a3a567fd80812e015572a607c7
fullcorpus-scorecard.csv,sabre,determinism-stress-c/signal-order,verify,pass,1,expansion-candidate,True,False,True,82a8e853357584a3a567fd80812e015572a607c7
fullcorpus-scorecard.csv,sabre,determinism-stress-c/thread-contention,verify,diverge,,expansion-candidate,True,False,True,82a8e853357584a3a567fd80812e015572a607c7
fullcorpus-scorecard.csv,sabre,determinism-stress-c/thread-stress,verify,pass,1,expansion-candidate,True,False,True,82a8e853357584a3a567fd80812e015572a607c7
fullcorpus-scorecard.csv,sabre,determinism-stress/order-violation,verify,pass,1,expansion-candidate,True,False,True,82a8e853357584a3a567fd80812e015572a607c7
fullcorpus-scorecard.csv,sabre,determinism-stress/process-chains,verify,diverge,,expansion-candidate,True,False,True,82a8e853357584a3a567fd80812e015572a607c7
fullcorpus-scorecard.csv,sabre,determinism-stress/thread-contention,verify,diverge,,expansion-candidate,True,False,True,82a8e853357584a3a567fd80812e015572a607c7
fullcorpus-scorecard.csv,sabre,determinism-stress/thread-output,verify,pass,1,expansion-candidate,True,False,True,82a8e853357584a3a567fd80812e015572a607c7
fullcorpus-scorecard.csv,sabre,language-runtimes/bash-loop-pipe-time,verify,diverge,0,expansion-candidate,True,False,True,82a8e853357584a3a567fd80812e015572a607c7
fullcorpus-scorecard.csv,sabre,language-runtimes/gawk-random,verify,pass,1,expansion-candidate,True,False,True,82a8e853357584a3a567fd80812e015572a607c7
fullcorpus-scorecard.csv,sabre,language-runtimes/perl-io-subprocess-time,verify,pass,0,expansion-candidate,True,False,True,82a8e853357584a3a567fd80812e015572a607c7
fullcorpus-scorecard.csv,sabre,language-runtimes/python-hash-determinism,verify,pass,0,expansion-candidate,True,False,True,82a8e853357584a3a567fd80812e015572a607c7
fullcorpus-scorecard.csv,sabre,language-runtimes/python-io-subprocess-time,verify,timeout,0,expansion-candidate,True,False,True,82a8e853357584a3a567fd80812e015572a607c7
fullcorpus-scorecard.csv,sabre,language-runtimes/python-random,verify,pass,0,expansion-candidate,True,False,True,82a8e853357584a3a567fd80812e015572a607c7
fullcorpus-scorecard.csv,sabre,shared-futex-c/qemu-exec-init,verify,diverge,,expansion-candidate,True,False,True,82a8e853357584a3a567fd80812e015572a607c7
fullcorpus-scorecard.csv,sabre,shared-futex-c/qemu-hello,verify,diverge,,expansion-candidate,True,False,True,82a8e853357584a3a567fd80812e015572a607c7
fullcorpus-scorecard.csv,sabre,shared-futex-c/qemu-init,verify,diverge,,expansion-candidate,True,False,True,82a8e853357584a3a567fd80812e015572a607c7
fullcorpus-scorecard.csv,sabre,shared-futex-c/qemu-net-init,verify,diverge,,expansion-candidate,True,False,True,82a8e853357584a3a567fd80812e015572a607c7
fullcorpus-scorecard.csv,sabre,system-utils/clock-determinism,verify,pass,0,expansion-candidate,True,False,True,82a8e853357584a3a567fd80812e015572a607c7
fullcorpus-scorecard.csv,sabre,system-utils/date-nanoseconds,verify,pass,0,expansion-candidate,True,False,True,82a8e853357584a3a567fd80812e015572a607c7
fullcorpus-scorecard.csv,sabre,system-utils/openssl-passwd,verify,pass,0,expansion-candidate,True,False,True,82a8e853357584a3a567fd80812e015572a607c7
fullcorpus-scorecard.csv,sabre,system-utils/proc-uptime,verify,pass,0,expansion-candidate,True,False,True,82a8e853357584a3a567fd80812e015572a607c7
fullcorpus-scorecard.csv,sabre,system-utils/random-device,verify,pass,1,expansion-candidate,True,False,True,82a8e853357584a3a567fd80812e015572a607c7
fullcorpus-scorecard.csv,sabre,system-utils/record-getpid,verify,pass,1,expansion-candidate,True,False,True,82a8e853357584a3a567fd80812e015572a607c7
fullcorpus-scorecard.csv,sabre,util-c/pmu-skid,verify,diverge,,expansion-candidate,True,False,True,82a8e853357584a3a567fd80812e015572a607c7
fullcorpus-scorecard.csv,e9patch,applications/timed-progress-bar,verify,pass,1,expansion-candidate,True,False,True,82a8e853357584a3a567fd80812e015572a607c7
fullcorpus-scorecard.csv,e9patch,backend-parity-c/cpuid-probe,verify,pass,1,expansion-candidate,True,False,True,82a8e853357584a3a567fd80812e015572a607c7
fullcorpus-scorecard.csv,e9patch,backend-parity-c/pid-probe,verify,pass,1,expansion-candidate,True,False,True,82a8e853357584a3a567fd80812e015572a607c7
fullcorpus-scorecard.csv,e9patch,backend-parity-c/pthread-lifecycle,verify,pass,1,expansion-candidate,True,False,True,82a8e853357584a3a567fd80812e015572a607c7
fullcorpus-scorecard.csv,e9patch,bin-c/posix-timer-test,verify,pass,1,expansion-candidate,True,False,True,82a8e853357584a3a567fd80812e015572a607c7
fullcorpus-scorecard.csv,e9patch,bin-c/robust-futex-test,verify,timeout,,expansion-candidate,True,False,True,82a8e853357584a3a567fd80812e015572a607c7
fullcorpus-scorecard.csv,e9patch,chaos-c/lock-granularity,verify,pass,1,expansion-candidate,True,False,True,82a8e853357584a3a567fd80812e015572a607c7
fullcorpus-scorecard.csv,e9patch,c-programs/acct-refusal-probe,verify,pass,1,expansion-candidate,True,False,True,82a8e853357584a3a567fd80812e015572a607c7
fullcorpus-scorecard.csv,e9patch,c-programs/add-key-enosys,verify,pass,1,expansion-candidate,True,False,True,82a8e853357584a3a567fd80812e015572a607c7
fullcorpus-scorecard.csv,e9patch,c-programs/adjtimex-deterministic,verify,pass,1,expansion-candidate,True,False,True,82a8e853357584a3a567fd80812e015572a607c7
fullcorpus-scorecard.csv,e9patch,c-programs/arch-prctl-determinism,verify,pass,1,expansion-candidate,True,False,True,82a8e853357584a3a567fd80812e015572a607c7
fullcorpus-scorecard.csv,e9patch,c-programs/bpf-enosys,verify,pass,1,expansion-candidate,True,False,True,82a8e853357584a3a567fd80812e015572a607c7
fullcorpus-scorecard.csv,e9patch,c-programs/cachestat-enosys,verify,pass,1,expansion-candidate,True,False,True,82a8e853357584a3a567fd80812e015572a607c7
fullcorpus-scorecard.csv,e9patch,c-programs/clock-adjtime-deterministic,verify,pass,1,expansion-candidate,True,False,True,82a8e853357584a3a567fd80812e015572a607c7
fullcorpus-scorecard.csv,e9patch,c-programs/clone,verify,pass,1,expansion-candidate,True,False,True,82a8e853357584a3a567fd80812e015572a607c7
fullcorpus-scorecard.csv,e9patch,c-programs/copy-file-range-refusal-probe,verify,pass,1,expansion-candidate,True,False,True,82a8e853357584a3a567fd80812e015572a607c7
fullcorpus-scorecard.csv,e9patch,c-programs/dbi-copied-tiocgpgrp,verify,pass,1,expansion-candidate,True,False,True,82a8e853357584a3a567fd80812e015572a607c7
fullcorpus-scorecard.csv,e9patch,c-programs/dbi-exec-failure,verify,pass,1,expansion-candidate,True,False,True,82a8e853357584a3a567fd80812e015572a607c7
fullcorpus-scorecard.csv,e9patch,c-programs/dbi-execveat-unsupported,verify,pass,1,expansion-candidate,True,False,True,82a8e853357584a3a567fd80812e015572a607c7
fullcorpus-scorecard.csv,e9patch,c-programs/dbi-mmap-exec,verify,pass,1,expansion-candidate,True,False,True,82a8e853357584a3a567fd80812e015572a607c7
fullcorpus-scorecard.csv,e9patch,c-programs/dbi-pid-virtualization,verify,pass,1,expansion-candidate,True,False,True,82a8e853357584a3a567fd80812e015572a607c7
fullcorpus-scorecard.csv,e9patch,c-programs/dbi-prlimit-self,verify,pass,1,expansion-candidate,True,False,True,82a8e853357584a3a567fd80812e015572a607c7
fullcorpus-scorecard.csv,e9patch,c-programs/dbi-self-sigqueue,verify,pass,1,expansion-candidate,True,False,True,82a8e853357584a3a567fd80812e015572a607c7
fullcorpus-scorecard.csv,e9patch,c-programs/dbi-unsupported-syscall,verify,pass,1,expansion-candidate,True,False,True,82a8e853357584a3a567fd80812e015572a607c7
fullcorpus-scorecard.csv,e9patch,c-programs/dbi-wait-lifecycle,verify,pass,1,expansion-candidate,True,False,True,82a8e853357584a3a567fd80812e015572a607c7
fullcorpus-scorecard.csv,e9patch,c-programs/epoll-determinism,verify,diverge,,expansion-candidate,True,False,True,82a8e853357584a3a567fd80812e015572a607c7
fullcorpus-scorecard.csv,e9patch,c-programs/fp-reduction-nondeterminism,verify,pass,1,expansion-candidate,True,False,True,82a8e853357584a3a567fd80812e015572a607c7
fullcorpus-scorecard.csv,e9patch,c-programs/futex-requeue-enosys,verify,pass,1,expansion-candidate,True,False,True,82a8e853357584a3a567fd80812e015572a607c7
fullcorpus-scorecard.csv,e9patch,c-programs/futex-waitv-enosys,verify,pass,1,expansion-candidate,True,False,True,82a8e853357584a3a567fd80812e015572a607c7
fullcorpus-scorecard.csv,e9patch,c-programs/futex-wake-enosys,verify,pass,1,expansion-candidate,True,False,True,82a8e853357584a3a567fd80812e015572a607c7
fullcorpus-scorecard.csv,e9patch,c-programs/getcpu,verify,pass,1,expansion-candidate,True,False,True,82a8e853357584a3a567fd80812e015572a607c7
fullcorpus-scorecard.csv,e9patch,c-programs/getitimer-determinism-probe,verify,pass,1,expansion-candidate,True,False,True,82a8e853357584a3a567fd80812e015572a607c7
fullcorpus-scorecard.csv,e9patch,c-programs/get-robust-list-child,verify,pass,1,expansion-candidate,True,False,True,82a8e853357584a3a567fd80812e015572a607c7
fullcorpus-scorecard.csv,e9patch,c-programs/get-robust-list-self,verify,pass,1,expansion-candidate,True,False,True,82a8e853357584a3a567fd80812e015572a607c7
fullcorpus-scorecard.csv,e9patch,c-programs/get-robust-list-thread,verify,pass,1,expansion-candidate,True,False,True,82a8e853357584a3a567fd80812e015572a607c7
fullcorpus-scorecard.csv,e9patch,c-programs/getsockopt-null,verify,pass,1,expansion-candidate,True,False,True,82a8e853357584a3a567fd80812e015572a607c7
fullcorpus-scorecard.csv,e9patch,c-programs/hello-alarm,verify,pass,1,expansion-candidate,True,False,True,82a8e853357584a3a567fd80812e015572a607c7
fullcorpus-scorecard.csv,e9patch,c-programs/hello-nostdlib,verify,pass,1,expansion-candidate,True,False,True,82a8e853357584a3a567fd80812e015572a607c7
fullcorpus-scorecard.csv,e9patch,c-programs/hello-signals,verify,pass,1,expansion-candidate,True,False,True,82a8e853357584a3a567fd80812e015572a607c7
fullcorpus-scorecard.csv,e9patch,c-programs/ioctl-fioclex,verify,pass,1,expansion-candidate,True,False,True,82a8e853357584a3a567fd80812e015572a607c7
fullcorpus-scorecard.csv,e9patch,c-programs/ioctl-siocethtool,verify,pass,1,expansion-candidate,True,False,True,82a8e853357584a3a567fd80812e015572a607c7
fullcorpus-scorecard.csv,e9patch,c-programs/io-uring-fallback,verify,pass,1,expansion-candidate,True,False,True,82a8e853357584a3a567fd80812e015572a607c7
fullcorpus-scorecard.csv,e9patch,c-programs/io-uring-ring-determinism,verify,pass,1,expansion-candidate,True,False,True,82a8e853357584a3a567fd80812e015572a607c7
fullcorpus-scorecard.csv,e9patch,c-programs/ipc-determinism,verify,diverge,,expansion-candidate,True,False,True,82a8e853357584a3a567fd80812e015572a607c7
fullcorpus-scorecard.csv,e9patch,c-programs/just-spin,verify,pass,1,expansion-candidate,True,False,True,82a8e853357584a3a567fd80812e015572a607c7
fullcorpus-scorecard.csv,e9patch,c-programs/kcmp-eperm,verify,pass,1,expansion-candidate,True,False,True,82a8e853357584a3a567fd80812e015572a607c7
fullcorpus-scorecard.csv,e9patch,c-programs/keyctl-enosys,verify,pass,1,expansion-candidate,True,False,True,82a8e853357584a3a567fd80812e015572a607c7
fullcorpus-scorecard.csv,e9patch,c-programs/keyctl-passthrough,verify,pass,1,expansion-candidate,True,False,True,82a8e853357584a3a567fd80812e015572a607c7
fullcorpus-scorecard.csv,e9patch,c-programs/listmount-enosys,verify,pass,1,expansion-candidate,True,False,True,82a8e853357584a3a567fd80812e015572a607c7
fullcorpus-scorecard.csv,e9patch,c-programs/liteinst-advanced,verify,diverge,,expansion-candidate,True,False,True,82a8e853357584a3a567fd80812e015572a607c7
fullcorpus-scorecard.csv,e9patch,c-programs/lsm-get-self-attr-enosys,verify,pass,1,expansion-candidate,True,False,True,82a8e853357584a3a567fd80812e015572a607c7
fullcorpus-scorecard.csv,e9patch,c-programs/lsm-list-modules-enosys,verify,pass,1,expansion-candidate,True,False,True,82a8e853357584a3a567fd80812e015572a607c7
fullcorpus-scorecard.csv,e9patch,c-programs/lsm-set-self-attr-enosys,verify,pass,1,expansion-candidate,True,False,True,82a8e853357584a3a567fd80812e015572a607c7
fullcorpus-scorecard.csv,e9patch,c-programs/madvise-determinism,verify,pass,1,expansion-candidate,True,False,True,82a8e853357584a3a567fd80812e015572a607c7
fullcorpus-scorecard.csv,e9patch,c-programs/map-shadow-stack-enosys,verify,pass,1,expansion-candidate,True,False,True,82a8e853357584a3a567fd80812e015572a607c7
fullcorpus-scorecard.csv,e9patch,c-programs/memfd-secret-enosys,verify,pass,1,expansion-candidate,True,False,True,82a8e853357584a3a567fd80812e015572a607c7
fullcorpus-scorecard.csv,e9patch,c-programs/meminfo-available-deterministic,verify,pass,1,expansion-candidate,True,False,True,82a8e853357584a3a567fd80812e015572a607c7
fullcorpus-scorecard.csv,e9patch,c-programs/meminfo-cached-deterministic,verify,pass,1,expansion-candidate,True,False,True,82a8e853357584a3a567fd80812e015572a607c7
fullcorpus-scorecard.csv,e9patch,c-programs/meminfo-free-deterministic,verify,pass,1,expansion-candidate,True,False,True,82a8e853357584a3a567fd80812e015572a607c7
fullcorpus-scorecard.csv,e9patch,c-programs/memorypress,verify,pass,1,expansion-candidate,True,False,True,82a8e853357584a3a567fd80812e015572a607c7
fullcorpus-scorecard.csv,e9patch,c-programs/mmap-determinism,verify,diverge,,expansion-candidate,True,False,True,82a8e853357584a3a567fd80812e015572a607c7
fullcorpus-scorecard.csv,e9patch,c-programs/mmap-stress-determinism,verify,pass,1,expansion-candidate,True,False,True,82a8e853357584a3a567fd80812e015572a607c7
fullcorpus-scorecard.csv,e9patch,c-programs/name-to-handle-at-eopnotsupp,verify,pass,1,expansion-candidate,True,False,True,82a8e853357584a3a567fd80812e015572a607c7
fullcorpus-scorecard.csv,e9patch,c-programs/name-to-handle-directory-eopnotsupp,verify,pass,1,expansion-candidate,True,False,True,82a8e853357584a3a567fd80812e015572a607c7
fullcorpus-scorecard.csv,e9patch,c-programs/name-to-handle-empty-path-eopnotsupp,verify,pass,1,expansion-candidate,True,False,True,82a8e853357584a3a567fd80812e015572a607c7
fullcorpus-scorecard.csv,e9patch,c-programs/name-to-handle-regular-eopnotsupp,verify,pass,1,expansion-candidate,True,False,True,82a8e853357584a3a567fd80812e015572a607c7
fullcorpus-scorecard.csv,e9patch,c-programs/nanosleep-par,verify,pass,1,expansion-candidate,True,False,True,82a8e853357584a3a567fd80812e015572a607c7
fullcorpus-scorecard.csv,e9patch,c-programs/nanosleep-threads-nocrash,verify,pass,1,expansion-candidate,True,False,True,82a8e853357584a3a567fd80812e015572a607c7
fullcorpus-scorecard.csv,e9patch,c-programs/nanosleep-threads-simple,verify,diverge,,expansion-candidate,True,False,True,82a8e853357584a3a567fd80812e015572a607c7
fullcorpus-scorecard.csv,e9patch,c-programs/netlink-autobind-generic,verify,pass,1,expansion-candidate,True,False,True,82a8e853357584a3a567fd80812e015572a607c7
fullcorpus-scorecard.csv,e9patch,c-programs/netlink-autobind-route,verify,pass,1,expansion-candidate,True,False,True,82a8e853357584a3a567fd80812e015572a607c7
fullcorpus-scorecard.csv,e9patch,c-programs/netlink-autobind-usersock,verify,pass,1,expansion-candidate,True,False,True,82a8e853357584a3a567fd80812e015572a607c7
fullcorpus-scorecard.csv,e9patch,c-programs/netns-cookie-tcp4,verify,pass,1,expansion-candidate,True,False,True,82a8e853357584a3a567fd80812e015572a607c7
fullcorpus-scorecard.csv,e9patch,c-programs/netns-cookie-tcp6,verify,pass,1,expansion-candidate,True,False,True,82a8e853357584a3a567fd80812e015572a607c7
fullcorpus-scorecard.csv,e9patch,c-programs/netns-cookie-udp4,verify,pass,1,expansion-candidate,True,False,True,82a8e853357584a3a567fd80812e015572a607c7
fullcorpus-scorecard.csv,e9patch,c-programs/perf-event-hardware-enosys,verify,pass,1,expansion-candidate,True,False,True,82a8e853357584a3a567fd80812e015572a607c7
fullcorpus-scorecard.csv,e9patch,c-programs/perf-event-open-enosys,verify,pass,1,expansion-candidate,True,False,True,82a8e853357584a3a567fd80812e015572a607c7
fullcorpus-scorecard.csv,e9patch,c-programs/perf-event-software-enosys,verify,pass,1,expansion-candidate,True,False,True,82a8e853357584a3a567fd80812e015572a607c7
fullcorpus-scorecard.csv,e9patch,c-programs/perf-event-watchpoint-enosys,verify,pass,1,expansion-candidate,True,False,True,82a8e853357584a3a567fd80812e015572a607c7
fullcorpus-scorecard.csv,e9patch,c-programs/periodic-setitimer-delivery,verify,pass,1,expansion-candidate,True,False,True,82a8e853357584a3a567fd80812e015572a607c7
fullcorpus-scorecard.csv,e9patch,c-programs/pidfd-open-self,verify,pass,1,expansion-candidate,True,False,True,82a8e853357584a3a567fd80812e015572a607c7
fullcorpus-scorecard.csv,e9patch,c-programs/pidfd-poll-self,verify,pass,1,expansion-candidate,True,False,True,82a8e853357584a3a567fd80812e015572a607c7
fullcorpus-scorecard.csv,e9patch,c-programs/pidfd-waitid-child,verify,pass,1,expansion-candidate,True,False,True,82a8e853357584a3a567fd80812e015572a607c7
fullcorpus-scorecard.csv,e9patch,c-programs/ppoll-readv,verify,pass,1,expansion-candidate,True,False,True,82a8e853357584a3a567fd80812e015572a607c7
fullcorpus-scorecard.csv,e9patch,c-programs/ppoll-simulation,verify,pass,1,expansion-candidate,True,False,True,82a8e853357584a3a567fd80812e015572a607c7
fullcorpus-scorecard.csv,e9patch,c-programs/prctl-dumpable,verify,pass,1,expansion-candidate,True,False,True,82a8e853357584a3a567fd80812e015572a607c7
fullcorpus-scorecard.csv,e9patch,c-programs/pread64-nostdlib,verify,pass,1,expansion-candidate,True,False,True,82a8e853357584a3a567fd80812e015572a607c7
fullcorpus-scorecard.csv,e9patch,c-programs/printf-with-threads,verify,pass,1,expansion-candidate,True,False,True,82a8e853357584a3a567fd80812e015572a607c7
fullcorpus-scorecard.csv,e9patch,c-programs/print-memaddrs,verify,pass,0,expansion-candidate,True,False,True,82a8e853357584a3a567fd80812e015572a607c7
fullcorpus-scorecard.csv,e9patch,c-programs/process-mrelease-enosys,verify,pass,1,expansion-candidate,True,False,True,82a8e853357584a3a567fd80812e015572a607c7
fullcorpus-scorecard.csv,e9patch,c-programs/process-vm-readv-refusal-probe,verify,pass,1,expansion-candidate,True,False,True,82a8e853357584a3a567fd80812e015572a607c7
fullcorpus-scorecard.csv,e9patch,c-programs/process-vm-writev-refusal-probe,verify,pass,1,expansion-candidate,True,False,True,82a8e853357584a3a567fd80812e015572a607c7
fullcorpus-scorecard.csv,e9patch,c-programs/proc-fdinfo,verify,pass,1,expansion-candidate,True,False,True,82a8e853357584a3a567fd80812e015572a607c7
fullcorpus-scorecard.csv,e9patch,c-programs/proc-fd-link-aliases,verify,pass,0,expansion-candidate,True,False,True,82a8e853357584a3a567fd80812e015572a607c7
fullcorpus-scorecard.csv,e9patch,c-programs/procfs-positioned-probe,verify,pass,1,expansion-candidate,True,False,True,82a8e853357584a3a567fd80812e015572a607c7
fullcorpus-scorecard.csv,e9patch,c-programs/proc-locks,verify,pass,1,expansion-candidate,True,False,True,82a8e853357584a3a567fd80812e015572a607c7
fullcorpus-scorecard.csv,e9patch,c-programs/prodcons-determinism,verify,pass,1,expansion-candidate,True,False,True,82a8e853357584a3a567fd80812e015572a607c7
fullcorpus-scorecard.csv,e9patch,c-programs/pselect6-simulation,verify,pass,1,expansion-candidate,True,False,True,82a8e853357584a3a567fd80812e015572a607c7
fullcorpus-scorecard.csv,e9patch,c-programs/ptrace-attach-eperm,verify,pass,1,expansion-candidate,True,False,True,82a8e853357584a3a567fd80812e015572a607c7
fullcorpus-scorecard.csv,e9patch,c-programs/ptrace-eperm,verify,pass,1,expansion-candidate,True,False,True,82a8e853357584a3a567fd80812e015572a607c7
fullcorpus-scorecard.csv,e9patch,c-programs/ptrace-seize-eperm,verify,pass,1,expansion-candidate,True,False,True,82a8e853357584a3a567fd80812e015572a607c7
fullcorpus-scorecard.csv,e9patch,c-programs/ptrace-traceme-eperm,verify,pass,1,expansion-candidate,True,False,True,82a8e853357584a3a567fd80812e015572a607c7
fullcorpus-scorecard.csv,e9patch,c-programs/pty-nr-count,verify,pass,1,expansion-candidate,True,False,True,82a8e853357584a3a567fd80812e015572a607c7
fullcorpus-scorecard.csv,e9patch,c-programs/racewrite-nostdlib,verify,pass,1,expansion-candidate,True,False,True,82a8e853357584a3a567fd80812e015572a607c7
fullcorpus-scorecard.csv,e9patch,c-programs/random-sources,verify,pass,1,expansion-candidate,True,False,True,82a8e853357584a3a567fd80812e015572a607c7
fullcorpus-scorecard.csv,e9patch,c-programs/rcx-canonicalization,verify,diverge,0,expansion-candidate,True,False,True,82a8e853357584a3a567fd80812e015572a607c7
fullcorpus-scorecard.csv,e9patch,c-programs/record-replay-fd-close,verify,pass,1,expansion-candidate,True,False,True,82a8e853357584a3a567fd80812e015572a607c7
fullcorpus-scorecard.csv,e9patch,c-programs/record-replay-file-state,verify,pass,1,expansion-candidate,True,False,True,82a8e853357584a3a567fd80812e015572a607c7
fullcorpus-scorecard.csv,e9patch,c-programs/record-replay-lseek-seek-cur,verify,diverge,,expansion-candidate,True,False,True,82a8e853357584a3a567fd80812e015572a607c7
fullcorpus-scorecard.csv,e9patch,c-programs/record-replay-setsockopt,verify,pass,1,expansion-candidate,True,False,True,82a8e853357584a3a567fd80812e015572a607c7
fullcorpus-scorecard.csv,e9patch,c-programs/recvmsg-scm-rights-mmap,verify,pass,1,expansion-candidate,True,False,True,82a8e853357584a3a567fd80812e015572a607c7
fullcorpus-scorecard.csv,e9patch,c-programs/remap-file-pages-anonymous-enosys,verify,pass,1,expansion-candidate,True,False,True,82a8e853357584a3a567fd80812e015572a607c7
fullcorpus-scorecard.csv,e9patch,c-programs/remap-file-pages-memfd-enosys,verify,pass,1,expansion-candidate,True,False,True,82a8e853357584a3a567fd80812e015572a607c7
fullcorpus-scorecard.csv,e9patch,c-programs/remap-file-pages-tmpfile-enosys,verify,pass,1,expansion-candidate,True,False,True,82a8e853357584a3a567fd80812e015572a607c7
fullcorpus-scorecard.csv,e9patch,c-programs/request-key-enosys,verify,pass,1,expansion-candidate,True,False,True,82a8e853357584a3a567fd80812e015572a607c7
fullcorpus-scorecard.csv,e9patch,c-programs/resource-determinism,verify,pass,1,expansion-candidate,True,False,True,82a8e853357584a3a567fd80812e015572a607c7
fullcorpus-scorecard.csv,e9patch,c-programs/sched-setattr-batch,verify,pass,1,expansion-candidate,True,False,True,82a8e853357584a3a567fd80812e015572a607c7
fullcorpus-scorecard.csv,e9patch,c-programs/sched-setattr-idle,verify,pass,1,expansion-candidate,True,False,True,82a8e853357584a3a567fd80812e015572a607c7
fullcorpus-scorecard.csv,e9patch,c-programs/sched-setattr-other,verify,pass,1,expansion-candidate,True,False,True,82a8e853357584a3a567fd80812e015572a607c7
fullcorpus-scorecard.csv,e9patch,c-programs/scheduler-policy-queries,verify,pass,1,expansion-candidate,True,False,True,82a8e853357584a3a567fd80812e015572a607c7
fullcorpus-scorecard.csv,e9patch,c-programs/sched-yield-progress,verify,pass,1,expansion-candidate,True,False,True,82a8e853357584a3a567fd80812e015572a607c7
fullcorpus-scorecard.csv,e9patch,c-programs/setitimer-determinism,verify,pass,1,expansion-candidate,True,False,True,82a8e853357584a3a567fd80812e015572a607c7
fullcorpus-scorecard.csv,e9patch,c-programs/sigmask-preemption,verify,pass,1,expansion-candidate,True,False,True,82a8e853357584a3a567fd80812e015572a607c7
fullcorpus-scorecard.csv,e9patch,c-programs/signal-determinism,verify,diverge,,expansion-candidate,True,False,True,82a8e853357584a3a567fd80812e015572a607c7
fullcorpus-scorecard.csv,e9patch,c-programs/sigpipe-siginfo,verify,pass,1,expansion-candidate,True,False,True,82a8e853357584a3a567fd80812e015572a607c7
fullcorpus-scorecard.csv,e9patch,c-programs/sigtimedwait-no-timeout,verify,pass,1,expansion-candidate,True,False,True,82a8e853357584a3a567fd80812e015572a607c7
fullcorpus-scorecard.csv,e9patch,c-programs/sigtimedwait-timeout-0s,verify,pass,1,expansion-candidate,True,False,True,82a8e853357584a3a567fd80812e015572a607c7
fullcorpus-scorecard.csv,e9patch,c-programs/sigtimedwait-timeout-1s,verify,pass,1,expansion-candidate,True,False,True,82a8e853357584a3a567fd80812e015572a607c7
fullcorpus-scorecard.csv,e9patch,c-programs/socket-cookie-tcp,verify,pass,1,expansion-candidate,True,False,True,82a8e853357584a3a567fd80812e015572a607c7
fullcorpus-scorecard.csv,e9patch,c-programs/socket-cookie-udp,verify,pass,1,expansion-candidate,True,False,True,82a8e853357584a3a567fd80812e015572a607c7
fullcorpus-scorecard.csv,e9patch,c-programs/socket-cookie-unix,verify,pass,1,expansion-candidate,True,False,True,82a8e853357584a3a567fd80812e015572a607c7
fullcorpus-scorecard.csv,e9patch,c-programs/socket-ioctl-timestamp,verify,diverge,,expansion-candidate,True,False,True,82a8e853357584a3a567fd80812e015572a607c7
fullcorpus-scorecard.csv,e9patch,c-programs/socket-timestamp-edge-cases,verify,pass,1,expansion-candidate,True,False,True,82a8e853357584a3a567fd80812e015572a607c7
fullcorpus-scorecard.csv,e9patch,c-programs/socket-timestamp-timespec,verify,pass,1,expansion-candidate,True,False,True,82a8e853357584a3a567fd80812e015572a607c7
fullcorpus-scorecard.csv,e9patch,c-programs/socket-timestamp-timeval,verify,pass,1,expansion-candidate,True,False,True,82a8e853357584a3a567fd80812e015572a607c7
fullcorpus-scorecard.csv,e9patch,c-programs/so-incoming-cpu-tcp4,verify,pass,1,expansion-candidate,True,False,True,82a8e853357584a3a567fd80812e015572a607c7
fullcorpus-scorecard.csv,e9patch,c-programs/so-incoming-cpu-tcp6,verify,pass,1,expansion-candidate,True,False,True,82a8e853357584a3a567fd80812e015572a607c7
fullcorpus-scorecard.csv,e9patch,c-programs/so-incoming-cpu-udp4,verify,pass,1,expansion-candidate,True,False,True,82a8e853357584a3a567fd80812e015572a607c7
fullcorpus-scorecard.csv,e9patch,c-programs/splice-enosys,verify,pass,1,expansion-candidate,True,False,True,82a8e853357584a3a567fd80812e015572a607c7
fullcorpus-scorecard.csv,e9patch,c-programs/statmount-enosys,verify,pass,1,expansion-candidate,True,False,True,82a8e853357584a3a567fd80812e015572a607c7
fullcorpus-scorecard.csv,e9patch,c-programs/syscall-file-io,verify,pass,1,expansion-candidate,True,False,True,82a8e853357584a3a567fd80812e015572a607c7
fullcorpus-scorecard.csv,e9patch,c-programs/syscall-file-metadata,verify,pass,1,expansion-candidate,True,False,True,82a8e853357584a3a567fd80812e015572a607c7
fullcorpus-scorecard.csv,e9patch,c-programs/syscall-quick-wins,verify,pass,1,expansion-candidate,True,False,True,82a8e853357584a3a567fd80812e015572a607c7
fullcorpus-scorecard.csv,e9patch,c-programs/sysfs-enosys,verify,pass,1,expansion-candidate,True,False,True,82a8e853357584a3a567fd80812e015572a607c7
fullcorpus-scorecard.csv,e9patch,c-programs/sysinfo,verify,pass,1,expansion-candidate,True,False,True,82a8e853357584a3a567fd80812e015572a607c7
fullcorpus-scorecard.csv,e9patch,c-programs/sysinfo-uptime,verify,pass,1,expansion-candidate,True,False,True,82a8e853357584a3a567fd80812e015572a607c7
fullcorpus-scorecard.csv,e9patch,c-programs/syslog-deterministic,verify,pass,1,expansion-candidate,True,False,True,82a8e853357584a3a567fd80812e015572a607c7
fullcorpus-scorecard.csv,e9patch,c-programs/sysv-sem-enosys,verify,pass,1,expansion-candidate,True,False,True,82a8e853357584a3a567fd80812e015572a607c7
fullcorpus-scorecard.csv,e9patch,c-programs/sysv-shm-enosys,verify,pass,1,expansion-candidate,True,False,True,82a8e853357584a3a567fd80812e015572a607c7
fullcorpus-scorecard.csv,e9patch,c-programs/tcp-info-accept4,verify,pass,1,expansion-candidate,True,False,True,82a8e853357584a3a567fd80812e015572a607c7
fullcorpus-scorecard.csv,e9patch,c-programs/tcp-info-accept6,verify,pass,1,expansion-candidate,True,False,True,82a8e853357584a3a567fd80812e015572a607c7
fullcorpus-scorecard.csv,e9patch,c-programs/tcp-info-client4,verify,pass,1,expansion-candidate,True,False,True,82a8e853357584a3a567fd80812e015572a607c7
fullcorpus-scorecard.csv,e9patch,c-programs/tee-enosys,verify,pass,1,expansion-candidate,True,False,True,82a8e853357584a3a567fd80812e015572a607c7
fullcorpus-scorecard.csv,e9patch,c-programs/threadexhaustion,verify,pass,1,expansion-candidate,True,False,True,82a8e853357584a3a567fd80812e015572a607c7
fullcorpus-scorecard.csv,e9patch,c-programs/thread-self-procfs-handoff,verify,pass,1,expansion-candidate,True,False,True,82a8e853357584a3a567fd80812e015572a607c7
fullcorpus-scorecard.csv,e9patch,c-programs/thread-sync-determinism,verify,diverge,,expansion-candidate,True,False,True,82a8e853357584a3a567fd80812e015572a607c7
fullcorpus-scorecard.csv,e9patch,c-programs/timer-create-determinism,verify,pass,1,expansion-candidate,True,False,True,82a8e853357584a3a567fd80812e015572a607c7
fullcorpus-scorecard.csv,e9patch,c-programs/uname,verify,pass,1,expansion-candidate,True,False,True,82a8e853357584a3a567fd80812e015572a607c7
fullcorpus-scorecard.csv,e9patch,c-programs/unix-autobind-dgram,verify,pass,1,expansion-candidate,True,False,True,82a8e853357584a3a567fd80812e015572a607c7
fullcorpus-scorecard.csv,e9patch,c-programs/unix-autobind-seqpacket,verify,pass,1,expansion-candidate,True,False,True,82a8e853357584a3a567fd80812e015572a607c7
fullcorpus-scorecard.csv,e9patch,c-programs/unix-autobind-stream,verify,pass,1,expansion-candidate,True,False,True,82a8e853357584a3a567fd80812e015572a607c7
fullcorpus-scorecard.csv,e9patch,c-programs/ustat-enosys,verify,pass,1,expansion-candidate,True,False,True,82a8e853357584a3a567fd80812e015572a607c7
fullcorpus-scorecard.csv,e9patch,c-programs/vforkexec,verify,pass,1,expansion-candidate,True,False,True,82a8e853357584a3a567fd80812e015572a607c7
fullcorpus-scorecard.csv,e9patch,c-programs/vmsplice-enosys,verify,pass,1,expansion-candidate,True,False,True,82a8e853357584a3a567fd80812e015572a607c7
fullcorpus-scorecard.csv,e9patch,c-programs/wait-on-child,verify,pass,1,expansion-candidate,True,False,True,82a8e853357584a3a567fd80812e015572a607c7
fullcorpus-scorecard.csv,e9patch,c-programs/writev-determinism,verify,pass,1,expansion-candidate,True,False,True,82a8e853357584a3a567fd80812e015572a607c7
fullcorpus-scorecard.csv,e9patch,data-handling/archive-roundtrip,verify,diverge,,expansion-candidate,True,False,True,82a8e853357584a3a567fd80812e015572a607c7
fullcorpus-scorecard.csv,e9patch,data-handling/shell-pipeline,verify,diverge,,expansion-candidate,True,False,True,82a8e853357584a3a567fd80812e015572a607c7
fullcorpus-scorecard.csv,e9patch,debugger-c/debuggee,verify,pass,1,expansion-candidate,True,False,True,82a8e853357584a3a567fd80812e015572a607c7
fullcorpus-scorecard.csv,e9patch,determinism-stress-c/fork-tree,verify,pass,1,expansion-candidate,True,False,True,82a8e853357584a3a567fd80812e015572a607c7
fullcorpus-scorecard.csv,e9patch,determinism-stress-c/lock-free,verify,pass,1,expansion-candidate,True,False,True,82a8e853357584a3a567fd80812e015572a607c7
fullcorpus-scorecard.csv,e9patch,determinism-stress-c/mmap-fork-shared,verify,pass,1,expansion-candidate,True,False,True,82a8e853357584a3a567fd80812e015572a607c7
fullcorpus-scorecard.csv,e9patch,determinism-stress-c/pid-tid,verify,pass,1,expansion-candidate,True,False,True,82a8e853357584a3a567fd80812e015572a607c7
fullcorpus-scorecard.csv,e9patch,determinism-stress-c/pipe-chain,verify,pass,1,expansion-candidate,True,False,True,82a8e853357584a3a567fd80812e015572a607c7
fullcorpus-scorecard.csv,e9patch,determinism-stress-c/pipe-prefill,verify,pass,1,expansion-candidate,True,False,True,82a8e853357584a3a567fd80812e015572a607c7
fullcorpus-scorecard.csv,e9patch,determinism-stress-c/producer-consumer,verify,pass,1,expansion-candidate,True,False,True,82a8e853357584a3a567fd80812e015572a607c7
fullcorpus-scorecard.csv,e9patch,determinism-stress-c/signal-order,verify,pass,1,expansion-candidate,True,False,True,82a8e853357584a3a567fd80812e015572a607c7
fullcorpus-scorecard.csv,e9patch,determinism-stress-c/thread-contention,verify,diverge,,expansion-candidate,True,False,True,82a8e853357584a3a567fd80812e015572a607c7
fullcorpus-scorecard.csv,e9patch,determinism-stress-c/thread-stress,verify,pass,1,expansion-candidate,True,False,True,82a8e853357584a3a567fd80812e015572a607c7
fullcorpus-scorecard.csv,e9patch,determinism-stress/order-violation,verify,pass,1,expansion-candidate,True,False,True,82a8e853357584a3a567fd80812e015572a607c7
fullcorpus-scorecard.csv,e9patch,determinism-stress/process-chains,verify,diverge,,expansion-candidate,True,False,True,82a8e853357584a3a567fd80812e015572a607c7
fullcorpus-scorecard.csv,e9patch,determinism-stress/thread-contention,verify,diverge,,expansion-candidate,True,False,True,82a8e853357584a3a567fd80812e015572a607c7
fullcorpus-scorecard.csv,e9patch,determinism-stress/thread-output,verify,pass,1,expansion-candidate,True,False,True,82a8e853357584a3a567fd80812e015572a607c7
fullcorpus-scorecard.csv,e9patch,language-runtimes/bash-loop-pipe-time,verify,pass,0,expansion-candidate,True,False,True,82a8e853357584a3a567fd80812e015572a607c7
fullcorpus-scorecard.csv,e9patch,language-runtimes/gawk-random,verify,pass,1,expansion-candidate,True,False,True,82a8e853357584a3a567fd80812e015572a607c7
fullcorpus-scorecard.csv,e9patch,language-runtimes/perl-io-subprocess-time,verify,pass,0,expansion-candidate,True,False,True,82a8e853357584a3a567fd80812e015572a607c7
fullcorpus-scorecard.csv,e9patch,language-runtimes/python-hash-determinism,verify,pass,1,expansion-candidate,True,False,True,82a8e853357584a3a567fd80812e015572a607c7
fullcorpus-scorecard.csv,e9patch,language-runtimes/python-io-subprocess-time,verify,pass,0,expansion-candidate,True,False,True,82a8e853357584a3a567fd80812e015572a607c7
fullcorpus-scorecard.csv,e9patch,language-runtimes/python-random,verify,pass,1,expansion-candidate,True,False,True,82a8e853357584a3a567fd80812e015572a607c7
fullcorpus-scorecard.csv,e9patch,shared-futex-c/qemu-exec-init,verify,diverge,,expansion-candidate,True,False,True,82a8e853357584a3a567fd80812e015572a607c7
fullcorpus-scorecard.csv,e9patch,shared-futex-c/qemu-hello,verify,diverge,,expansion-candidate,True,False,True,82a8e853357584a3a567fd80812e015572a607c7
fullcorpus-scorecard.csv,e9patch,shared-futex-c/qemu-init,verify,diverge,,expansion-candidate,True,False,True,82a8e853357584a3a567fd80812e015572a607c7
fullcorpus-scorecard.csv,e9patch,shared-futex-c/qemu-net-init,verify,diverge,,expansion-candidate,True,False,True,82a8e853357584a3a567fd80812e015572a607c7
fullcorpus-scorecard.csv,e9patch,system-utils/clock-determinism,verify,pass,1,expansion-candidate,True,False,True,82a8e853357584a3a567fd80812e015572a607c7
fullcorpus-scorecard.csv,e9patch,system-utils/date-nanoseconds,verify,pass,0,expansion-candidate,True,False,True,82a8e853357584a3a567fd80812e015572a607c7
fullcorpus-scorecard.csv,e9patch,system-utils/openssl-passwd,verify,pass,1,expansion-candidate,True,False,True,82a8e853357584a3a567fd80812e015572a607c7
fullcorpus-scorecard.csv,e9patch,system-utils/proc-uptime,verify,pass,1,expansion-candidate,True,False,True,82a8e853357584a3a567fd80812e015572a607c7
fullcorpus-scorecard.csv,e9patch,system-utils/random-device,verify,pass,1,expansion-candidate,True,False,True,82a8e853357584a3a567fd80812e015572a607c7
fullcorpus-scorecard.csv,e9patch,system-utils/record-getpid,verify,pass,1,expansion-candidate,True,False,True,82a8e853357584a3a567fd80812e015572a607c7
fullcorpus-scorecard.csv,e9patch,util-c/pmu-skid,verify,diverge,,expansion-candidate,True,False,True,82a8e853357584a3a567fd80812e015572a607c7
e9patch-scorecard.csv,ptrace,accept4_abstract,verify,pass,,ci-enforced-measured,True,False,True,b1fdeaf6d7bcda0799a7a5c4f116bbe1ed55a43d
e9patch-scorecard.csv,e9patch,accept4_abstract,verify,pass,1,ci-enforced-measured,True,False,True,b1fdeaf6d7bcda0799a7a5c4f116bbe1ed55a43d
e9patch-scorecard.csv,ptrace,accept_abstract,verify,pass,,ci-enforced-measured,True,False,True,b1fdeaf6d7bcda0799a7a5c4f116bbe1ed55a43d
e9patch-scorecard.csv,e9patch,accept_abstract,verify,pass,1,ci-enforced-measured,True,False,True,b1fdeaf6d7bcda0799a7a5c4f116bbe1ed55a43d
e9patch-scorecard.csv,ptrace,access_devnull,verify,pass,,ci-enforced-measured,True,False,True,b1fdeaf6d7bcda0799a7a5c4f116bbe1ed55a43d
e9patch-scorecard.csv,e9patch,access_devnull,verify,pass,1,ci-enforced-measured,True,False,True,b1fdeaf6d7bcda0799a7a5c4f116bbe1ed55a43d
e9patch-scorecard.csv,ptrace,arch_prctl_getfs,verify,pass,,ci-enforced-measured,True,False,True,b1fdeaf6d7bcda0799a7a5c4f116bbe1ed55a43d
e9patch-scorecard.csv,e9patch,arch_prctl_getfs,verify,pass,1,ci-enforced-measured,True,False,True,b1fdeaf6d7bcda0799a7a5c4f116bbe1ed55a43d
e9patch-scorecard.csv,ptrace,arch_prctl_getgs,verify,pass,,ci-enforced-measured,True,False,True,b1fdeaf6d7bcda0799a7a5c4f116bbe1ed55a43d
e9patch-scorecard.csv,e9patch,arch_prctl_getgs,verify,pass,1,ci-enforced-measured,True,False,True,b1fdeaf6d7bcda0799a7a5c4f116bbe1ed55a43d
e9patch-scorecard.csv,ptrace,bind_abstract,verify,pass,,ci-enforced-measured,True,False,True,b1fdeaf6d7bcda0799a7a5c4f116bbe1ed55a43d
e9patch-scorecard.csv,e9patch,bind_abstract,verify,pass,1,ci-enforced-measured,True,False,True,b1fdeaf6d7bcda0799a7a5c4f116bbe1ed55a43d
e9patch-scorecard.csv,ptrace,brk_grow,verify,pass,,ci-enforced-measured,True,False,True,b1fdeaf6d7bcda0799a7a5c4f116bbe1ed55a43d
e9patch-scorecard.csv,e9patch,brk_grow,verify,pass,1,ci-enforced-measured,True,False,True,b1fdeaf6d7bcda0799a7a5c4f116bbe1ed55a43d
e9patch-scorecard.csv,ptrace,capget_ok,verify,pass,,ci-enforced-measured,True,False,True,b1fdeaf6d7bcda0799a7a5c4f116bbe1ed55a43d
e9patch-scorecard.csv,e9patch,capget_ok,verify,pass,1,ci-enforced-measured,True,False,True,b1fdeaf6d7bcda0799a7a5c4f116bbe1ed55a43d
e9patch-scorecard.csv,ptrace,capset_noop,verify,pass,,ci-enforced-measured,True,False,True,b1fdeaf6d7bcda0799a7a5c4f116bbe1ed55a43d
e9patch-scorecard.csv,e9patch,capset_noop,verify,pass,1,ci-enforced-measured,True,False,True,b1fdeaf6d7bcda0799a7a5c4f116bbe1ed55a43d
e9patch-scorecard.csv,ptrace,chdir_root,verify,pass,,ci-enforced-measured,True,False,True,b1fdeaf6d7bcda0799a7a5c4f116bbe1ed55a43d
e9patch-scorecard.csv,e9patch,chdir_root,verify,pass,1,ci-enforced-measured,True,False,True,b1fdeaf6d7bcda0799a7a5c4f116bbe1ed55a43d
e9patch-scorecard.csv,ptrace,clock_getres_monotonic,verify,pass,,ci-enforced-measured,True,False,True,b1fdeaf6d7bcda0799a7a5c4f116bbe1ed55a43d
e9patch-scorecard.csv,e9patch,clock_getres_monotonic,verify,pass,1,ci-enforced-measured,True,False,True,b1fdeaf6d7bcda0799a7a5c4f116bbe1ed55a43d
e9patch-scorecard.csv,ptrace,clock_gettime,verify,pass,,ci-enforced-measured,True,False,True,b1fdeaf6d7bcda0799a7a5c4f116bbe1ed55a43d
e9patch-scorecard.csv,e9patch,clock_gettime,verify,pass,1,ci-enforced-measured,True,False,True,b1fdeaf6d7bcda0799a7a5c4f116bbe1ed55a43d
e9patch-scorecard.csv,ptrace,clock_nanosleep_relative,verify,pass,,ci-enforced-measured,True,False,True,b1fdeaf6d7bcda0799a7a5c4f116bbe1ed55a43d
e9patch-scorecard.csv,e9patch,clock_nanosleep_relative,verify,pass,1,ci-enforced-measured,True,False,True,b1fdeaf6d7bcda0799a7a5c4f116bbe1ed55a43d
e9patch-scorecard.csv,ptrace,close_range_high,verify,pass,,ci-enforced-measured,True,False,True,b1fdeaf6d7bcda0799a7a5c4f116bbe1ed55a43d
e9patch-scorecard.csv,e9patch,close_range_high,verify,pass,1,ci-enforced-measured,True,False,True,b1fdeaf6d7bcda0799a7a5c4f116bbe1ed55a43d
e9patch-scorecard.csv,ptrace,compute,verify,pass,,ci-enforced-measured,True,False,True,b1fdeaf6d7bcda0799a7a5c4f116bbe1ed55a43d
e9patch-scorecard.csv,e9patch,compute,verify,pass,1,ci-enforced-measured,True,False,True,b1fdeaf6d7bcda0799a7a5c4f116bbe1ed55a43d
e9patch-scorecard.csv,ptrace,connect_abstract,verify,pass,,ci-enforced-measured,True,False,True,b1fdeaf6d7bcda0799a7a5c4f116bbe1ed55a43d
e9patch-scorecard.csv,e9patch,connect_abstract,verify,pass,1,ci-enforced-measured,True,False,True,b1fdeaf6d7bcda0799a7a5c4f116bbe1ed55a43d
e9patch-scorecard.csv,ptrace,dup2_high,verify,pass,,ci-enforced-measured,True,False,True,b1fdeaf6d7bcda0799a7a5c4f116bbe1ed55a43d
e9patch-scorecard.csv,e9patch,dup2_high,verify,pass,1,ci-enforced-measured,True,False,True,b1fdeaf6d7bcda0799a7a5c4f116bbe1ed55a43d
e9patch-scorecard.csv,ptrace,dup3_high,verify,pass,,ci-enforced-measured,True,False,True,b1fdeaf6d7bcda0799a7a5c4f116bbe1ed55a43d
e9patch-scorecard.csv,e9patch,dup3_high,verify,pass,1,ci-enforced-measured,True,False,True,b1fdeaf6d7bcda0799a7a5c4f116bbe1ed55a43d
e9patch-scorecard.csv,ptrace,dup_lowest,verify,pass,,ci-enforced-measured,True,False,True,b1fdeaf6d7bcda0799a7a5c4f116bbe1ed55a43d
e9patch-scorecard.csv,e9patch,dup_lowest,verify,pass,1,ci-enforced-measured,True,False,True,b1fdeaf6d7bcda0799a7a5c4f116bbe1ed55a43d
e9patch-scorecard.csv,ptrace,epoll_create_legacy,verify,pass,,ci-enforced-measured,True,False,True,b1fdeaf6d7bcda0799a7a5c4f116bbe1ed55a43d
e9patch-scorecard.csv,e9patch,epoll_create_legacy,verify,pass,1,ci-enforced-measured,True,False,True,b1fdeaf6d7bcda0799a7a5c4f116bbe1ed55a43d
e9patch-scorecard.csv,ptrace,epoll_ctl_add,verify,pass,,ci-enforced-measured,True,False,True,b1fdeaf6d7bcda0799a7a5c4f116bbe1ed55a43d
e9patch-scorecard.csv,e9patch,epoll_ctl_add,verify,pass,1,ci-enforced-measured,True,False,True,b1fdeaf6d7bcda0799a7a5c4f116bbe1ed55a43d
e9patch-scorecard.csv,ptrace,epoll_pwait2_timeout_zero,verify,pass,,ci-enforced-measured,True,False,True,b1fdeaf6d7bcda0799a7a5c4f116bbe1ed55a43d
e9patch-scorecard.csv,e9patch,epoll_pwait2_timeout_zero,verify,pass,1,ci-enforced-measured,True,False,True,b1fdeaf6d7bcda0799a7a5c4f116bbe1ed55a43d
e9patch-scorecard.csv,ptrace,epoll_pwait_timeout_zero,verify,pass,,ci-enforced-measured,True,False,True,b1fdeaf6d7bcda0799a7a5c4f116bbe1ed55a43d
e9patch-scorecard.csv,e9patch,epoll_pwait_timeout_zero,verify,pass,1,ci-enforced-measured,True,False,True,b1fdeaf6d7bcda0799a7a5c4f116bbe1ed55a43d
e9patch-scorecard.csv,ptrace,epoll_wait_timeout_zero,verify,pass,,ci-enforced-measured,True,False,True,b1fdeaf6d7bcda0799a7a5c4f116bbe1ed55a43d
e9patch-scorecard.csv,e9patch,epoll_wait_timeout_zero,verify,pass,1,ci-enforced-measured,True,False,True,b1fdeaf6d7bcda0799a7a5c4f116bbe1ed55a43d
e9patch-scorecard.csv,ptrace,eventfd_legacy,verify,pass,,ci-enforced-measured,True,False,True,b1fdeaf6d7bcda0799a7a5c4f116bbe1ed55a43d
e9patch-scorecard.csv,e9patch,eventfd_legacy,verify,pass,1,ci-enforced-measured,True,False,True,b1fdeaf6d7bcda0799a7a5c4f116bbe1ed55a43d
e9patch-scorecard.csv,ptrace,eventfd_rw,verify,pass,,ci-enforced-measured,True,False,True,b1fdeaf6d7bcda0799a7a5c4f116bbe1ed55a43d
e9patch-scorecard.csv,e9patch,eventfd_rw,verify,pass,1,ci-enforced-measured,True,False,True,b1fdeaf6d7bcda0799a7a5c4f116bbe1ed55a43d
e9patch-scorecard.csv,ptrace,eventfd_semaphore,verify,pass,,ci-enforced-measured,True,False,True,b1fdeaf6d7bcda0799a7a5c4f116bbe1ed55a43d
e9patch-scorecard.csv,e9patch,eventfd_semaphore,verify,pass,1,ci-enforced-measured,True,False,True,b1fdeaf6d7bcda0799a7a5c4f116bbe1ed55a43d
e9patch-scorecard.csv,ptrace,faccessat2_devnull,verify,pass,,ci-enforced-measured,True,False,True,b1fdeaf6d7bcda0799a7a5c4f116bbe1ed55a43d
e9patch-scorecard.csv,e9patch,faccessat2_devnull,verify,pass,1,ci-enforced-measured,True,False,True,b1fdeaf6d7bcda0799a7a5c4f116bbe1ed55a43d
e9patch-scorecard.csv,ptrace,faccessat_devnull,verify,pass,,ci-enforced-measured,True,False,True,b1fdeaf6d7bcda0799a7a5c4f116bbe1ed55a43d
e9patch-scorecard.csv,e9patch,faccessat_devnull,verify,pass,1,ci-enforced-measured,True,False,True,b1fdeaf6d7bcda0799a7a5c4f116bbe1ed55a43d
e9patch-scorecard.csv,ptrace,fadvise_memfd,verify,pass,,ci-enforced-measured,True,False,True,b1fdeaf6d7bcda0799a7a5c4f116bbe1ed55a43d
e9patch-scorecard.csv,e9patch,fadvise_memfd,verify,pass,1,ci-enforced-measured,True,False,True,b1fdeaf6d7bcda0799a7a5c4f116bbe1ed55a43d
e9patch-scorecard.csv,ptrace,fallocate_memfd,verify,pass,,ci-enforced-measured,True,False,True,b1fdeaf6d7bcda0799a7a5c4f116bbe1ed55a43d
e9patch-scorecard.csv,e9patch,fallocate_memfd,verify,pass,1,ci-enforced-measured,True,False,True,b1fdeaf6d7bcda0799a7a5c4f116bbe1ed55a43d
e9patch-scorecard.csv,ptrace,fchdir_root,verify,pass,,ci-enforced-measured,True,False,True,b1fdeaf6d7bcda0799a7a5c4f116bbe1ed55a43d
e9patch-scorecard.csv,e9patch,fchdir_root,verify,pass,1,ci-enforced-measured,True,False,True,b1fdeaf6d7bcda0799a7a5c4f116bbe1ed55a43d
e9patch-scorecard.csv,ptrace,fchmod_memfd,verify,pass,,ci-enforced-measured,True,False,True,b1fdeaf6d7bcda0799a7a5c4f116bbe1ed55a43d
e9patch-scorecard.csv,e9patch,fchmod_memfd,verify,pass,1,ci-enforced-measured,True,False,True,b1fdeaf6d7bcda0799a7a5c4f116bbe1ed55a43d
e9patch-scorecard.csv,ptrace,fchown_memfd,verify,pass,,ci-enforced-measured,True,False,True,b1fdeaf6d7bcda0799a7a5c4f116bbe1ed55a43d
e9patch-scorecard.csv,e9patch,fchown_memfd,verify,pass,1,ci-enforced-measured,True,False,True,b1fdeaf6d7bcda0799a7a5c4f116bbe1ed55a43d
e9patch-scorecard.csv,ptrace,fcntl_cloexec,verify,pass,,ci-enforced-measured,True,False,True,b1fdeaf6d7bcda0799a7a5c4f116bbe1ed55a43d
e9patch-scorecard.csv,e9patch,fcntl_cloexec,verify,pass,1,ci-enforced-measured,True,False,True,b1fdeaf6d7bcda0799a7a5c4f116bbe1ed55a43d
e9patch-scorecard.csv,ptrace,fcntl_dupfd,verify,pass,,ci-enforced-measured,True,False,True,b1fdeaf6d7bcda0799a7a5c4f116bbe1ed55a43d
e9patch-scorecard.csv,e9patch,fcntl_dupfd,verify,pass,1,ci-enforced-measured,True,False,True,b1fdeaf6d7bcda0799a7a5c4f116bbe1ed55a43d
e9patch-scorecard.csv,ptrace,fcntl_dupfd_cloexec,verify,pass,,ci-enforced-measured,True,False,True,b1fdeaf6d7bcda0799a7a5c4f116bbe1ed55a43d
e9patch-scorecard.csv,e9patch,fcntl_dupfd_cloexec,verify,pass,1,ci-enforced-measured,True,False,True,b1fdeaf6d7bcda0799a7a5c4f116bbe1ed55a43d
e9patch-scorecard.csv,ptrace,fcntl_getfl,verify,pass,,ci-enforced-measured,True,False,True,b1fdeaf6d7bcda0799a7a5c4f116bbe1ed55a43d
e9patch-scorecard.csv,e9patch,fcntl_getfl,verify,pass,1,ci-enforced-measured,True,False,True,b1fdeaf6d7bcda0799a7a5c4f116bbe1ed55a43d
e9patch-scorecard.csv,ptrace,fcntl_getlk,verify,pass,,ci-enforced-measured,True,False,True,b1fdeaf6d7bcda0799a7a5c4f116bbe1ed55a43d
e9patch-scorecard.csv,e9patch,fcntl_getlk,verify,pass,1,ci-enforced-measured,True,False,True,b1fdeaf6d7bcda0799a7a5c4f116bbe1ed55a43d
e9patch-scorecard.csv,ptrace,fcntl_getown_pipe,verify,pass,,ci-enforced-measured,True,False,True,b1fdeaf6d7bcda0799a7a5c4f116bbe1ed55a43d
e9patch-scorecard.csv,e9patch,fcntl_getown_pipe,verify,pass,1,ci-enforced-measured,True,False,True,b1fdeaf6d7bcda0799a7a5c4f116bbe1ed55a43d
e9patch-scorecard.csv,ptrace,fcntl_getpipe_sz,verify,pass,,ci-enforced-measured,True,False,True,b1fdeaf6d7bcda0799a7a5c4f116bbe1ed55a43d
e9patch-scorecard.csv,e9patch,fcntl_getpipe_sz,verify,pass,1,ci-enforced-measured,True,False,True,b1fdeaf6d7bcda0799a7a5c4f116bbe1ed55a43d
e9patch-scorecard.csv,ptrace,fcntl_setfd_cloexec,verify,pass,,ci-enforced-measured,True,False,True,b1fdeaf6d7bcda0799a7a5c4f116bbe1ed55a43d
e9patch-scorecard.csv,e9patch,fcntl_setfd_cloexec,verify,pass,1,ci-enforced-measured,True,False,True,b1fdeaf6d7bcda0799a7a5c4f116bbe1ed55a43d
e9patch-scorecard.csv,ptrace,fcntl_setfl_nonblock,verify,pass,,ci-enforced-measured,True,False,True,b1fdeaf6d7bcda0799a7a5c4f116bbe1ed55a43d
e9patch-scorecard.csv,e9patch,fcntl_setfl_nonblock,verify,pass,1,ci-enforced-measured,True,False,True,b1fdeaf6d7bcda0799a7a5c4f116bbe1ed55a43d
e9patch-scorecard.csv,ptrace,fcntl_setlk_memfd,verify,pass,,ci-enforced-measured,True,False,True,b1fdeaf6d7bcda0799a7a5c4f116bbe1ed55a43d
e9patch-scorecard.csv,e9patch,fcntl_setlk_memfd,verify,pass,1,ci-enforced-measured,True,False,True,b1fdeaf6d7bcda0799a7a5c4f116bbe1ed55a43d
e9patch-scorecard.csv,ptrace,fd_lowest_free,verify,pass,,ci-enforced-measured,True,False,True,b1fdeaf6d7bcda0799a7a5c4f116bbe1ed55a43d
e9patch-scorecard.csv,e9patch,fd_lowest_free,verify,pass,1,ci-enforced-measured,True,False,True,b1fdeaf6d7bcda0799a7a5c4f116bbe1ed55a43d
e9patch-scorecard.csv,ptrace,fd_open_number,verify,pass,,ci-enforced-measured,True,False,True,b1fdeaf6d7bcda0799a7a5c4f116bbe1ed55a43d
e9patch-scorecard.csv,e9patch,fd_open_number,verify,pass,1,ci-enforced-measured,True,False,True,b1fdeaf6d7bcda0799a7a5c4f116bbe1ed55a43d
e9patch-scorecard.csv,ptrace,fdatasync_memfd,verify,pass,,ci-enforced-measured,True,False,True,b1fdeaf6d7bcda0799a7a5c4f116bbe1ed55a43d
e9patch-scorecard.csv,e9patch,fdatasync_memfd,verify,pass,1,ci-enforced-measured,True,False,True,b1fdeaf6d7bcda0799a7a5c4f116bbe1ed55a43d
e9patch-scorecard.csv,ptrace,fgetxattr_devnull,verify,pass,,ci-enforced-measured,True,False,True,b1fdeaf6d7bcda0799a7a5c4f116bbe1ed55a43d
e9patch-scorecard.csv,e9patch,fgetxattr_devnull,verify,pass,1,ci-enforced-measured,True,False,True,b1fdeaf6d7bcda0799a7a5c4f116bbe1ed55a43d
e9patch-scorecard.csv,ptrace,file_mmap_zero,verify,pass,,ci-enforced-measured,True,False,True,b1fdeaf6d7bcda0799a7a5c4f116bbe1ed55a43d
e9patch-scorecard.csv,e9patch,file_mmap_zero,verify,pass,1,ci-enforced-measured,True,False,True,b1fdeaf6d7bcda0799a7a5c4f116bbe1ed55a43d
e9patch-scorecard.csv,ptrace,flistxattr_memfd,verify,pass,,ci-enforced-measured,True,False,True,b1fdeaf6d7bcda0799a7a5c4f116bbe1ed55a43d
e9patch-scorecard.csv,e9patch,flistxattr_memfd,verify,pass,1,ci-enforced-measured,True,False,True,b1fdeaf6d7bcda0799a7a5c4f116bbe1ed55a43d
e9patch-scorecard.csv,ptrace,flock_memfd,verify,pass,,ci-enforced-measured,True,False,True,b1fdeaf6d7bcda0799a7a5c4f116bbe1ed55a43d
e9patch-scorecard.csv,e9patch,flock_memfd,verify,pass,1,ci-enforced-measured,True,False,True,b1fdeaf6d7bcda0799a7a5c4f116bbe1ed55a43d
e9patch-scorecard.csv,ptrace,fremovexattr_devnull,verify,pass,,ci-enforced-measured,True,False,True,b1fdeaf6d7bcda0799a7a5c4f116bbe1ed55a43d
e9patch-scorecard.csv,e9patch,fremovexattr_devnull,verify,pass,1,ci-enforced-measured,True,False,True,b1fdeaf6d7bcda0799a7a5c4f116bbe1ed55a43d
e9patch-scorecard.csv,ptrace,fstat_devnull,verify,pass,,ci-enforced-measured,True,False,True,b1fdeaf6d7bcda0799a7a5c4f116bbe1ed55a43d
e9patch-scorecard.csv,e9patch,fstat_devnull,verify,pass,1,ci-enforced-measured,True,False,True,b1fdeaf6d7bcda0799a7a5c4f116bbe1ed55a43d
e9patch-scorecard.csv,ptrace,fstat_size_memfd,verify,pass,,ci-enforced-measured,True,False,True,b1fdeaf6d7bcda0799a7a5c4f116bbe1ed55a43d
e9patch-scorecard.csv,e9patch,fstat_size_memfd,verify,pass,1,ci-enforced-measured,True,False,True,b1fdeaf6d7bcda0799a7a5c4f116bbe1ed55a43d
e9patch-scorecard.csv,ptrace,fstatfs_memfd,verify,pass,,ci-enforced-measured,True,False,True,b1fdeaf6d7bcda0799a7a5c4f116bbe1ed55a43d
e9patch-scorecard.csv,e9patch,fstatfs_memfd,verify,pass,1,ci-enforced-measured,True,False,True,b1fdeaf6d7bcda0799a7a5c4f116bbe1ed55a43d
e9patch-scorecard.csv,ptrace,fsync_memfd,verify,pass,,ci-enforced-measured,True,False,True,b1fdeaf6d7bcda0799a7a5c4f116bbe1ed55a43d
e9patch-scorecard.csv,e9patch,fsync_memfd,verify,pass,1,ci-enforced-measured,True,False,True,b1fdeaf6d7bcda0799a7a5c4f116bbe1ed55a43d
e9patch-scorecard.csv,ptrace,ftruncate_memfd,verify,pass,,ci-enforced-measured,True,False,True,b1fdeaf6d7bcda0799a7a5c4f116bbe1ed55a43d
e9patch-scorecard.csv,e9patch,ftruncate_memfd,verify,pass,1,ci-enforced-measured,True,False,True,b1fdeaf6d7bcda0799a7a5c4f116bbe1ed55a43d
e9patch-scorecard.csv,ptrace,futex_wait_mismatch,verify,pass,,ci-enforced-measured,True,False,True,b1fdeaf6d7bcda0799a7a5c4f116bbe1ed55a43d
e9patch-scorecard.csv,e9patch,futex_wait_mismatch,verify,pass,1,ci-enforced-measured,True,False,True,b1fdeaf6d7bcda0799a7a5c4f116bbe1ed55a43d
e9patch-scorecard.csv,ptrace,futex_wake_empty,verify,pass,,ci-enforced-measured,True,False,True,b1fdeaf6d7bcda0799a7a5c4f116bbe1ed55a43d
e9patch-scorecard.csv,e9patch,futex_wake_empty,verify,pass,1,ci-enforced-measured,True,False,True,b1fdeaf6d7bcda0799a7a5c4f116bbe1ed55a43d
e9patch-scorecard.csv,ptrace,get_mempolicy_default,verify,pass,,ci-enforced-measured,True,False,True,b1fdeaf6d7bcda0799a7a5c4f116bbe1ed55a43d
e9patch-scorecard.csv,e9patch,get_mempolicy_default,verify,pass,1,ci-enforced-measured,True,False,True,b1fdeaf6d7bcda0799a7a5c4f116bbe1ed55a43d
e9patch-scorecard.csv,ptrace,get_robust_list_ok,verify,pass,,ci-enforced-measured,True,False,True,b1fdeaf6d7bcda0799a7a5c4f116bbe1ed55a43d
e9patch-scorecard.csv,e9patch,get_robust_list_ok,verify,pass,1,ci-enforced-measured,True,False,True,b1fdeaf6d7bcda0799a7a5c4f116bbe1ed55a43d
e9patch-scorecard.csv,ptrace,getcpu_check,verify,pass,,ci-enforced-measured,True,False,True,b1fdeaf6d7bcda0799a7a5c4f116bbe1ed55a43d
e9patch-scorecard.csv,e9patch,getcpu_check,verify,pass,1,ci-enforced-measured,True,False,True,b1fdeaf6d7bcda0799a7a5c4f116bbe1ed55a43d
e9patch-scorecard.csv,ptrace,getcwd_check,verify,pass,,ci-enforced-measured,True,False,True,b1fdeaf6d7bcda0799a7a5c4f116bbe1ed55a43d
e9patch-scorecard.csv,e9patch,getcwd_check,verify,pass,1,ci-enforced-measured,True,False,True,b1fdeaf6d7bcda0799a7a5c4f116bbe1ed55a43d
e9patch-scorecard.csv,ptrace,getdents_legacy,verify,pass,,ci-enforced-measured,True,False,True,b1fdeaf6d7bcda0799a7a5c4f116bbe1ed55a43d
e9patch-scorecard.csv,e9patch,getdents_legacy,verify,pass,1,ci-enforced-measured,True,False,True,b1fdeaf6d7bcda0799a7a5c4f116bbe1ed55a43d
e9patch-scorecard.csv,ptrace,getdents_root,verify,pass,,ci-enforced-measured,True,False,True,b1fdeaf6d7bcda0799a7a5c4f116bbe1ed55a43d
e9patch-scorecard.csv,e9patch,getdents_root,verify,pass,1,ci-enforced-measured,True,False,True,b1fdeaf6d7bcda0799a7a5c4f116bbe1ed55a43d
e9patch-scorecard.csv,ptrace,getgroups_identity,verify,pass,,ci-enforced-measured,True,False,True,b1fdeaf6d7bcda0799a7a5c4f116bbe1ed55a43d
e9patch-scorecard.csv,e9patch,getgroups_identity,verify,pass,1,ci-enforced-measured,True,False,True,b1fdeaf6d7bcda0799a7a5c4f116bbe1ed55a43d
e9patch-scorecard.csv,ptrace,getid_identity,verify,pass,,ci-enforced-measured,True,False,True,b1fdeaf6d7bcda0799a7a5c4f116bbe1ed55a43d
e9patch-scorecard.csv,e9patch,getid_identity,verify,pass,1,ci-enforced-measured,True,False,True,b1fdeaf6d7bcda0799a7a5c4f116bbe1ed55a43d
e9patch-scorecard.csv,ptrace,getitimer_real,verify,pass,,ci-enforced-measured,True,False,True,b1fdeaf6d7bcda0799a7a5c4f116bbe1ed55a43d
e9patch-scorecard.csv,e9patch,getitimer_real,verify,pass,1,ci-enforced-measured,True,False,True,b1fdeaf6d7bcda0799a7a5c4f116bbe1ed55a43d
e9patch-scorecard.csv,ptrace,getpeername_unix,verify,pass,,ci-enforced-measured,True,False,True,b1fdeaf6d7bcda0799a7a5c4f116bbe1ed55a43d
e9patch-scorecard.csv,e9patch,getpeername_unix,verify,pass,1,ci-enforced-measured,True,False,True,b1fdeaf6d7bcda0799a7a5c4f116bbe1ed55a43d
e9patch-scorecard.csv,ptrace,getpgid_check,verify,pass,,ci-enforced-measured,True,False,True,b1fdeaf6d7bcda0799a7a5c4f116bbe1ed55a43d
e9patch-scorecard.csv,e9patch,getpgid_check,verify,pass,1,ci-enforced-measured,True,False,True,b1fdeaf6d7bcda0799a7a5c4f116bbe1ed55a43d
e9patch-scorecard.csv,ptrace,getpgrp_check,verify,pass,,ci-enforced-measured,True,False,True,b1fdeaf6d7bcda0799a7a5c4f116bbe1ed55a43d
e9patch-scorecard.csv,e9patch,getpgrp_check,verify,pass,1,ci-enforced-measured,True,False,True,b1fdeaf6d7bcda0799a7a5c4f116bbe1ed55a43d
e9patch-scorecard.csv,ptrace,getpid_check,verify,pass,,ci-enforced-measured,True,False,True,b1fdeaf6d7bcda0799a7a5c4f116bbe1ed55a43d
e9patch-scorecard.csv,e9patch,getpid_check,verify,pass,1,ci-enforced-measured,True,False,True,b1fdeaf6d7bcda0799a7a5c4f116bbe1ed55a43d
e9patch-scorecard.csv,ptrace,getppid_check,verify,pass,,ci-enforced-measured,True,False,True,b1fdeaf6d7bcda0799a7a5c4f116bbe1ed55a43d
e9patch-scorecard.csv,e9patch,getppid_check,verify,pass,1,ci-enforced-measured,True,False,True,b1fdeaf6d7bcda0799a7a5c4f116bbe1ed55a43d
e9patch-scorecard.csv,ptrace,getpriority_self,verify,pass,,ci-enforced-measured,True,False,True,b1fdeaf6d7bcda0799a7a5c4f116bbe1ed55a43d
e9patch-scorecard.csv,e9patch,getpriority_self,verify,pass,1,ci-enforced-measured,True,False,True,b1fdeaf6d7bcda0799a7a5c4f116bbe1ed55a43d
e9patch-scorecard.csv,ptrace,getrandom,verify,pass,,ci-enforced-measured,True,False,True,b1fdeaf6d7bcda0799a7a5c4f116bbe1ed55a43d
e9patch-scorecard.csv,e9patch,getrandom,verify,pass,1,ci-enforced-measured,True,False,True,b1fdeaf6d7bcda0799a7a5c4f116bbe1ed55a43d
e9patch-scorecard.csv,ptrace,getrandom_bytes,verify,pass,,ci-enforced-measured,True,False,True,b1fdeaf6d7bcda0799a7a5c4f116bbe1ed55a43d
e9patch-scorecard.csv,e9patch,getrandom_bytes,verify,pass,1,ci-enforced-measured,True,False,True,b1fdeaf6d7bcda0799a7a5c4f116bbe1ed55a43d
e9patch-scorecard.csv,ptrace,getresuid_check,verify,pass,,ci-enforced-measured,True,False,True,b1fdeaf6d7bcda0799a7a5c4f116bbe1ed55a43d
e9patch-scorecard.csv,e9patch,getresuid_check,verify,pass,1,ci-enforced-measured,True,False,True,b1fdeaf6d7bcda0799a7a5c4f116bbe1ed55a43d
e9patch-scorecard.csv,ptrace,getrlimit_nofile,verify,pass,,ci-enforced-measured,True,False,True,b1fdeaf6d7bcda0799a7a5c4f116bbe1ed55a43d
e9patch-scorecard.csv,e9patch,getrlimit_nofile,verify,pass,1,ci-enforced-measured,True,False,True,b1fdeaf6d7bcda0799a7a5c4f116bbe1ed55a43d
e9patch-scorecard.csv,ptrace,getrusage_self,verify,pass,,ci-enforced-measured,True,False,True,b1fdeaf6d7bcda0799a7a5c4f116bbe1ed55a43d
e9patch-scorecard.csv,e9patch,getrusage_self,verify,pass,1,ci-enforced-measured,True,False,True,b1fdeaf6d7bcda0799a7a5c4f116bbe1ed55a43d
e9patch-scorecard.csv,ptrace,getrusage_thread,verify,pass,,ci-enforced-measured,True,False,True,b1fdeaf6d7bcda0799a7a5c4f116bbe1ed55a43d
e9patch-scorecard.csv,e9patch,getrusage_thread,verify,pass,1,ci-enforced-measured,True,False,True,b1fdeaf6d7bcda0799a7a5c4f116bbe1ed55a43d
e9patch-scorecard.csv,ptrace,getsid_check,verify,pass,,ci-enforced-measured,True,False,True,b1fdeaf6d7bcda0799a7a5c4f116bbe1ed55a43d
e9patch-scorecard.csv,e9patch,getsid_check,verify,pass,1,ci-enforced-measured,True,False,True,b1fdeaf6d7bcda0799a7a5c4f116bbe1ed55a43d
e9patch-scorecard.csv,ptrace,getsockname_unix,verify,pass,,ci-enforced-measured,True,False,True,b1fdeaf6d7bcda0799a7a5c4f116bbe1ed55a43d
e9patch-scorecard.csv,e9patch,getsockname_unix,verify,pass,1,ci-enforced-measured,True,False,True,b1fdeaf6d7bcda0799a7a5c4f116bbe1ed55a43d
e9patch-scorecard.csv,ptrace,getsockopt_socktype,verify,pass,,ci-enforced-measured,True,False,True,b1fdeaf6d7bcda0799a7a5c4f116bbe1ed55a43d
e9patch-scorecard.csv,e9patch,getsockopt_socktype,verify,pass,1,ci-enforced-measured,True,False,True,b1fdeaf6d7bcda0799a7a5c4f116bbe1ed55a43d
e9patch-scorecard.csv,ptrace,gettid_check,verify,pass,,ci-enforced-measured,True,False,True,b1fdeaf6d7bcda0799a7a5c4f116bbe1ed55a43d
e9patch-scorecard.csv,e9patch,gettid_check,verify,pass,1,ci-enforced-measured,True,False,True,b1fdeaf6d7bcda0799a7a5c4f116bbe1ed55a43d
e9patch-scorecard.csv,ptrace,gettimeofday_check,verify,pass,,ci-enforced-measured,True,False,True,b1fdeaf6d7bcda0799a7a5c4f116bbe1ed55a43d
e9patch-scorecard.csv,e9patch,gettimeofday_check,verify,pass,1,ci-enforced-measured,True,False,True,b1fdeaf6d7bcda0799a7a5c4f116bbe1ed55a43d
e9patch-scorecard.csv,ptrace,getxattr_devnull,verify,pass,,ci-enforced-measured,True,False,True,b1fdeaf6d7bcda0799a7a5c4f116bbe1ed55a43d
e9patch-scorecard.csv,e9patch,getxattr_devnull,verify,pass,1,ci-enforced-measured,True,False,True,b1fdeaf6d7bcda0799a7a5c4f116bbe1ed55a43d
e9patch-scorecard.csv,ptrace,inotify_init_legacy,verify,pass,,ci-enforced-measured,True,False,True,b1fdeaf6d7bcda0799a7a5c4f116bbe1ed55a43d
e9patch-scorecard.csv,e9patch,inotify_init_legacy,verify,pass,1,ci-enforced-measured,True,False,True,b1fdeaf6d7bcda0799a7a5c4f116bbe1ed55a43d
e9patch-scorecard.csv,ptrace,inotify_rm_watch,verify,pass,,ci-enforced-measured,True,False,True,b1fdeaf6d7bcda0799a7a5c4f116bbe1ed55a43d
e9patch-scorecard.csv,e9patch,inotify_rm_watch,verify,pass,1,ci-enforced-measured,True,False,True,b1fdeaf6d7bcda0799a7a5c4f116bbe1ed55a43d
e9patch-scorecard.csv,ptrace,inotify_watch_root,verify,pass,,ci-enforced-measured,True,False,True,b1fdeaf6d7bcda0799a7a5c4f116bbe1ed55a43d
e9patch-scorecard.csv,e9patch,inotify_watch_root,verify,pass,1,ci-enforced-measured,True,False,True,b1fdeaf6d7bcda0799a7a5c4f116bbe1ed55a43d
e9patch-scorecard.csv,ptrace,ioctl_enotty,verify,pass,,ci-enforced-measured,True,False,True,b1fdeaf6d7bcda0799a7a5c4f116bbe1ed55a43d
e9patch-scorecard.csv,e9patch,ioctl_enotty,verify,pass,1,ci-enforced-measured,True,False,True,b1fdeaf6d7bcda0799a7a5c4f116bbe1ed55a43d
e9patch-scorecard.csv,ptrace,ioctl_fionbio_pipe,verify,pass,,ci-enforced-measured,True,False,True,b1fdeaf6d7bcda0799a7a5c4f116bbe1ed55a43d
e9patch-scorecard.csv,e9patch,ioctl_fionbio_pipe,verify,pass,1,ci-enforced-measured,True,False,True,b1fdeaf6d7bcda0799a7a5c4f116bbe1ed55a43d
e9patch-scorecard.csv,ptrace,ioctl_fionread_pipe,verify,pass,,ci-enforced-measured,True,False,True,b1fdeaf6d7bcda0799a7a5c4f116bbe1ed55a43d
e9patch-scorecard.csv,e9patch,ioctl_fionread_pipe,verify,pass,1,ci-enforced-measured,True,False,True,b1fdeaf6d7bcda0799a7a5c4f116bbe1ed55a43d
e9patch-scorecard.csv,ptrace,ioprio_get_check,verify,pass,,ci-enforced-measured,True,False,True,b1fdeaf6d7bcda0799a7a5c4f116bbe1ed55a43d
e9patch-scorecard.csv,e9patch,ioprio_get_check,verify,pass,1,ci-enforced-measured,True,False,True,b1fdeaf6d7bcda0799a7a5c4f116bbe1ed55a43d
e9patch-scorecard.csv,ptrace,ioprio_set_self,verify,pass,,ci-enforced-measured,True,False,True,b1fdeaf6d7bcda0799a7a5c4f116bbe1ed55a43d
e9patch-scorecard.csv,e9patch,ioprio_set_self,verify,pass,1,ci-enforced-measured,True,False,True,b1fdeaf6d7bcda0799a7a5c4f116bbe1ed55a43d
e9patch-scorecard.csv,ptrace,kill_self_sig0,verify,pass,,ci-enforced-measured,True,False,True,b1fdeaf6d7bcda0799a7a5c4f116bbe1ed55a43d
e9patch-scorecard.csv,e9patch,kill_self_sig0,verify,pass,1,ci-enforced-measured,True,False,True,b1fdeaf6d7bcda0799a7a5c4f116bbe1ed55a43d
e9patch-scorecard.csv,ptrace,lgetxattr_devnull,verify,pass,,ci-enforced-measured,True,False,True,b1fdeaf6d7bcda0799a7a5c4f116bbe1ed55a43d
e9patch-scorecard.csv,e9patch,lgetxattr_devnull,verify,pass,1,ci-enforced-measured,True,False,True,b1fdeaf6d7bcda0799a7a5c4f116bbe1ed55a43d
e9patch-scorecard.csv,ptrace,listen_abstract,verify,pass,,ci-enforced-measured,True,False,True,b1fdeaf6d7bcda0799a7a5c4f116bbe1ed55a43d
e9patch-scorecard.csv,e9patch,listen_abstract,verify,pass,1,ci-enforced-measured,True,False,True,b1fdeaf6d7bcda0799a7a5c4f116bbe1ed55a43d
e9patch-scorecard.csv,ptrace,loop_write,verify,pass,,ci-enforced-measured,True,False,True,b1fdeaf6d7bcda0799a7a5c4f116bbe1ed55a43d
e9patch-scorecard.csv,e9patch,loop_write,verify,pass,1,ci-enforced-measured,True,False,True,b1fdeaf6d7bcda0799a7a5c4f116bbe1ed55a43d
e9patch-scorecard.csv,ptrace,lremovexattr_devnull,verify,pass,,ci-enforced-measured,True,False,True,b1fdeaf6d7bcda0799a7a5c4f116bbe1ed55a43d
e9patch-scorecard.csv,e9patch,lremovexattr_devnull,verify,pass,1,ci-enforced-measured,True,False,True,b1fdeaf6d7bcda0799a7a5c4f116bbe1ed55a43d
e9patch-scorecard.csv,ptrace,lseek_pipe,verify,pass,,ci-enforced-measured,True,False,True,b1fdeaf6d7bcda0799a7a5c4f116bbe1ed55a43d
e9patch-scorecard.csv,e9patch,lseek_pipe,verify,pass,1,ci-enforced-measured,True,False,True,b1fdeaf6d7bcda0799a7a5c4f116bbe1ed55a43d
e9patch-scorecard.csv,ptrace,lseek_seekcur_memfd,verify,pass,,ci-enforced-measured,True,False,True,b1fdeaf6d7bcda0799a7a5c4f116bbe1ed55a43d
e9patch-scorecard.csv,e9patch,lseek_seekcur_memfd,verify,pass,1,ci-enforced-measured,True,False,True,b1fdeaf6d7bcda0799a7a5c4f116bbe1ed55a43d
e9patch-scorecard.csv,ptrace,lstat_devnull,verify,pass,,ci-enforced-measured,True,False,True,b1fdeaf6d7bcda0799a7a5c4f116bbe1ed55a43d
e9patch-scorecard.csv,e9patch,lstat_devnull,verify,pass,1,ci-enforced-measured,True,False,True,b1fdeaf6d7bcda0799a7a5c4f116bbe1ed55a43d
e9patch-scorecard.csv,ptrace,madvise_dontneed,verify,pass,,ci-enforced-measured,True,False,True,b1fdeaf6d7bcda0799a7a5c4f116bbe1ed55a43d
e9patch-scorecard.csv,e9patch,madvise_dontneed,verify,pass,1,ci-enforced-measured,True,False,True,b1fdeaf6d7bcda0799a7a5c4f116bbe1ed55a43d
e9patch-scorecard.csv,ptrace,madvise_willneed,verify,pass,,ci-enforced-measured,True,False,True,b1fdeaf6d7bcda0799a7a5c4f116bbe1ed55a43d
e9patch-scorecard.csv,e9patch,madvise_willneed,verify,pass,1,ci-enforced-measured,True,False,True,b1fdeaf6d7bcda0799a7a5c4f116bbe1ed55a43d
e9patch-scorecard.csv,ptrace,mbind_default,verify,pass,,ci-enforced-measured,True,False,True,b1fdeaf6d7bcda0799a7a5c4f116bbe1ed55a43d
e9patch-scorecard.csv,e9patch,mbind_default,verify,pass,1,ci-enforced-measured,True,False,True,b1fdeaf6d7bcda0799a7a5c4f116bbe1ed55a43d
e9patch-scorecard.csv,ptrace,membarrier_global,verify,pass,,ci-enforced-measured,True,False,True,b1fdeaf6d7bcda0799a7a5c4f116bbe1ed55a43d
e9patch-scorecard.csv,e9patch,membarrier_global,verify,pass,1,ci-enforced-measured,True,False,True,b1fdeaf6d7bcda0799a7a5c4f116bbe1ed55a43d
e9patch-scorecard.csv,ptrace,membarrier_query,verify,pass,,ci-enforced-measured,True,False,True,b1fdeaf6d7bcda0799a7a5c4f116bbe1ed55a43d
e9patch-scorecard.csv,e9patch,membarrier_query,verify,pass,1,ci-enforced-measured,True,False,True,b1fdeaf6d7bcda0799a7a5c4f116bbe1ed55a43d
e9patch-scorecard.csv,ptrace,memfd_create_check,verify,pass,,ci-enforced-measured,True,False,True,b1fdeaf6d7bcda0799a7a5c4f116bbe1ed55a43d
e9patch-scorecard.csv,e9patch,memfd_create_check,verify,pass,1,ci-enforced-measured,True,False,True,b1fdeaf6d7bcda0799a7a5c4f116bbe1ed55a43d
e9patch-scorecard.csv,ptrace,memfd_seal,verify,pass,,ci-enforced-measured,True,False,True,b1fdeaf6d7bcda0799a7a5c4f116bbe1ed55a43d
e9patch-scorecard.csv,e9patch,memfd_seal,verify,pass,1,ci-enforced-measured,True,False,True,b1fdeaf6d7bcda0799a7a5c4f116bbe1ed55a43d
e9patch-scorecard.csv,ptrace,memfd_seek,verify,pass,,ci-enforced-measured,True,False,True,b1fdeaf6d7bcda0799a7a5c4f116bbe1ed55a43d
e9patch-scorecard.csv,e9patch,memfd_seek,verify,pass,1,ci-enforced-measured,True,False,True,b1fdeaf6d7bcda0799a7a5c4f116bbe1ed55a43d
e9patch-scorecard.csv,ptrace,mincore_resident,verify,pass,,ci-enforced-measured,True,False,True,b1fdeaf6d7bcda0799a7a5c4f116bbe1ed55a43d
e9patch-scorecard.csv,e9patch,mincore_resident,verify,pass,1,ci-enforced-measured,True,False,True,b1fdeaf6d7bcda0799a7a5c4f116bbe1ed55a43d
e9patch-scorecard.csv,ptrace,minimal_exit,verify,pass,,ci-enforced-measured,True,False,True,b1fdeaf6d7bcda0799a7a5c4f116bbe1ed55a43d
e9patch-scorecard.csv,e9patch,minimal_exit,verify,pass,1,ci-enforced-measured,True,False,True,b1fdeaf6d7bcda0799a7a5c4f116bbe1ed55a43d
e9patch-scorecard.csv,ptrace,mlock2_page,verify,pass,,ci-enforced-measured,True,False,True,b1fdeaf6d7bcda0799a7a5c4f116bbe1ed55a43d
e9patch-scorecard.csv,e9patch,mlock2_page,verify,pass,1,ci-enforced-measured,True,False,True,b1fdeaf6d7bcda0799a7a5c4f116bbe1ed55a43d
e9patch-scorecard.csv,ptrace,mlock_page,verify,pass,,ci-enforced-measured,True,False,True,b1fdeaf6d7bcda0799a7a5c4f116bbe1ed55a43d
e9patch-scorecard.csv,e9patch,mlock_page,verify,pass,1,ci-enforced-measured,True,False,True,b1fdeaf6d7bcda0799a7a5c4f116bbe1ed55a43d
e9patch-scorecard.csv,ptrace,mlockall_all,verify,pass,,ci-enforced-measured,True,False,True,b1fdeaf6d7bcda0799a7a5c4f116bbe1ed55a43d
e9patch-scorecard.csv,e9patch,mlockall_all,verify,pass,1,ci-enforced-measured,True,False,True,b1fdeaf6d7bcda0799a7a5c4f116bbe1ed55a43d
e9patch-scorecard.csv,ptrace,mmap_anon,verify,pass,,ci-enforced-measured,True,False,True,b1fdeaf6d7bcda0799a7a5c4f116bbe1ed55a43d
e9patch-scorecard.csv,e9patch,mmap_anon,verify,pass,1,ci-enforced-measured,True,False,True,b1fdeaf6d7bcda0799a7a5c4f116bbe1ed55a43d
e9patch-scorecard.csv,ptrace,mmap_shared_anon,verify,pass,,ci-enforced-measured,True,False,True,b1fdeaf6d7bcda0799a7a5c4f116bbe1ed55a43d
e9patch-scorecard.csv,e9patch,mmap_shared_anon,verify,pass,1,ci-enforced-measured,True,False,True,b1fdeaf6d7bcda0799a7a5c4f116bbe1ed55a43d
e9patch-scorecard.csv,ptrace,modify_ldt_read,verify,pass,,ci-enforced-measured,True,False,True,b1fdeaf6d7bcda0799a7a5c4f116bbe1ed55a43d
e9patch-scorecard.csv,e9patch,modify_ldt_read,verify,pass,1,ci-enforced-measured,True,False,True,b1fdeaf6d7bcda0799a7a5c4f116bbe1ed55a43d
e9patch-scorecard.csv,ptrace,mprotect_roundtrip,verify,pass,,ci-enforced-measured,True,False,True,b1fdeaf6d7bcda0799a7a5c4f116bbe1ed55a43d
e9patch-scorecard.csv,e9patch,mprotect_roundtrip,verify,pass,1,ci-enforced-measured,True,False,True,b1fdeaf6d7bcda0799a7a5c4f116bbe1ed55a43d
e9patch-scorecard.csv,ptrace,mremap_grow,verify,pass,,ci-enforced-measured,True,False,True,b1fdeaf6d7bcda0799a7a5c4f116bbe1ed55a43d
e9patch-scorecard.csv,e9patch,mremap_grow,verify,pass,1,ci-enforced-measured,True,False,True,b1fdeaf6d7bcda0799a7a5c4f116bbe1ed55a43d
e9patch-scorecard.csv,ptrace,msync_anon,verify,pass,,ci-enforced-measured,True,False,True,b1fdeaf6d7bcda0799a7a5c4f116bbe1ed55a43d
e9patch-scorecard.csv,e9patch,msync_anon,verify,pass,1,ci-enforced-measured,True,False,True,b1fdeaf6d7bcda0799a7a5c4f116bbe1ed55a43d
e9patch-scorecard.csv,ptrace,multi_site,verify,pass,,ci-enforced-measured,True,False,True,b1fdeaf6d7bcda0799a7a5c4f116bbe1ed55a43d
e9patch-scorecard.csv,e9patch,multi_site,verify,pass,1,ci-enforced-measured,True,False,True,b1fdeaf6d7bcda0799a7a5c4f116bbe1ed55a43d
e9patch-scorecard.csv,ptrace,munlock_page,verify,pass,,ci-enforced-measured,True,False,True,b1fdeaf6d7bcda0799a7a5c4f116bbe1ed55a43d
e9patch-scorecard.csv,e9patch,munlock_page,verify,pass,1,ci-enforced-measured,True,False,True,b1fdeaf6d7bcda0799a7a5c4f116bbe1ed55a43d
e9patch-scorecard.csv,ptrace,munlockall_ok,verify,pass,,ci-enforced-measured,True,False,True,b1fdeaf6d7bcda0799a7a5c4f116bbe1ed55a43d
e9patch-scorecard.csv,e9patch,munlockall_ok,verify,pass,1,ci-enforced-measured,True,False,True,b1fdeaf6d7bcda0799a7a5c4f116bbe1ed55a43d
e9patch-scorecard.csv,ptrace,nanosleep,verify,pass,,ci-enforced-measured,True,False,True,b1fdeaf6d7bcda0799a7a5c4f116bbe1ed55a43d
e9patch-scorecard.csv,e9patch,nanosleep,verify,pass,1,ci-enforced-measured,True,False,True,b1fdeaf6d7bcda0799a7a5c4f116bbe1ed55a43d
e9patch-scorecard.csv,ptrace,newfstatat_devnull,verify,pass,,ci-enforced-measured,True,False,True,b1fdeaf6d7bcda0799a7a5c4f116bbe1ed55a43d
e9patch-scorecard.csv,e9patch,newfstatat_devnull,verify,pass,1,ci-enforced-measured,True,False,True,b1fdeaf6d7bcda0799a7a5c4f116bbe1ed55a43d
e9patch-scorecard.csv,ptrace,open_enoent,verify,pass,,ci-enforced-measured,True,False,True,b1fdeaf6d7bcda0799a7a5c4f116bbe1ed55a43d
e9patch-scorecard.csv,e9patch,open_enoent,verify,pass,1,ci-enforced-measured,True,False,True,b1fdeaf6d7bcda0799a7a5c4f116bbe1ed55a43d
e9patch-scorecard.csv,ptrace,openat_devnull,verify,pass,,ci-enforced-measured,True,False,True,b1fdeaf6d7bcda0799a7a5c4f116bbe1ed55a43d
e9patch-scorecard.csv,e9patch,openat_devnull,verify,pass,1,ci-enforced-measured,True,False,True,b1fdeaf6d7bcda0799a7a5c4f116bbe1ed55a43d
e9patch-scorecard.csv,ptrace,personality_query,verify,pass,,ci-enforced-measured,True,False,True,b1fdeaf6d7bcda0799a7a5c4f116bbe1ed55a43d
e9patch-scorecard.csv,e9patch,personality_query,verify,pass,1,ci-enforced-measured,True,False,True,b1fdeaf6d7bcda0799a7a5c4f116bbe1ed55a43d
e9patch-scorecard.csv,ptrace,pidfd_getfd_self,verify,pass,,ci-enforced-measured,True,False,True,b1fdeaf6d7bcda0799a7a5c4f116bbe1ed55a43d
e9patch-scorecard.csv,e9patch,pidfd_getfd_self,verify,pass,1,ci-enforced-measured,True,False,True,b1fdeaf6d7bcda0799a7a5c4f116bbe1ed55a43d
e9patch-scorecard.csv,ptrace,pidfd_open_self,verify,pass,,ci-enforced-measured,True,False,True,b1fdeaf6d7bcda0799a7a5c4f116bbe1ed55a43d
e9patch-scorecard.csv,e9patch,pidfd_open_self,verify,pass,1,ci-enforced-measured,True,False,True,b1fdeaf6d7bcda0799a7a5c4f116bbe1ed55a43d
e9patch-scorecard.csv,ptrace,pidfd_send_signal_self,verify,pass,,ci-enforced-measured,True,False,True,b1fdeaf6d7bcda0799a7a5c4f116bbe1ed55a43d
e9patch-scorecard.csv,e9patch,pidfd_send_signal_self,verify,pass,1,ci-enforced-measured,True,False,True,b1fdeaf6d7bcda0799a7a5c4f116bbe1ed55a43d
e9patch-scorecard.csv,ptrace,pipe_fds,verify,pass,,ci-enforced-measured,True,False,True,b1fdeaf6d7bcda0799a7a5c4f116bbe1ed55a43d
e9patch-scorecard.csv,e9patch,pipe_fds,verify,pass,1,ci-enforced-measured,True,False,True,b1fdeaf6d7bcda0799a7a5c4f116bbe1ed55a43d
e9patch-scorecard.csv,ptrace,pipe_legacy,verify,pass,,ci-enforced-measured,True,False,True,b1fdeaf6d7bcda0799a7a5c4f116bbe1ed55a43d
e9patch-scorecard.csv,e9patch,pipe_legacy,verify,pass,1,ci-enforced-measured,True,False,True,b1fdeaf6d7bcda0799a7a5c4f116bbe1ed55a43d
e9patch-scorecard.csv,ptrace,pipe_nonblock_eagain,verify,pass,,ci-enforced-measured,True,False,True,b1fdeaf6d7bcda0799a7a5c4f116bbe1ed55a43d
e9patch-scorecard.csv,e9patch,pipe_nonblock_eagain,verify,pass,1,ci-enforced-measured,True,False,True,b1fdeaf6d7bcda0799a7a5c4f116bbe1ed55a43d
e9patch-scorecard.csv,ptrace,pipe_rw,verify,pass,,ci-enforced-measured,True,False,True,b1fdeaf6d7bcda0799a7a5c4f116bbe1ed55a43d
e9patch-scorecard.csv,e9patch,pipe_rw,verify,pass,1,ci-enforced-measured,True,False,True,b1fdeaf6d7bcda0799a7a5c4f116bbe1ed55a43d
e9patch-scorecard.csv,ptrace,poll_timeout_zero,verify,pass,,ci-enforced-measured,True,False,True,b1fdeaf6d7bcda0799a7a5c4f116bbe1ed55a43d
e9patch-scorecard.csv,e9patch,poll_timeout_zero,verify,pass,1,ci-enforced-measured,True,False,True,b1fdeaf6d7bcda0799a7a5c4f116bbe1ed55a43d
e9patch-scorecard.csv,ptrace,ppoll_timeout_zero,verify,pass,,ci-enforced-measured,True,False,True,b1fdeaf6d7bcda0799a7a5c4f116bbe1ed55a43d
e9patch-scorecard.csv,e9patch,ppoll_timeout_zero,verify,pass,1,ci-enforced-measured,True,False,True,b1fdeaf6d7bcda0799a7a5c4f116bbe1ed55a43d
e9patch-scorecard.csv,ptrace,prctl_cap_ambient,verify,pass,,ci-enforced-measured,True,False,True,b1fdeaf6d7bcda0799a7a5c4f116bbe1ed55a43d
e9patch-scorecard.csv,e9patch,prctl_cap_ambient,verify,pass,1,ci-enforced-measured,True,False,True,b1fdeaf6d7bcda0799a7a5c4f116bbe1ed55a43d
e9patch-scorecard.csv,ptrace,prctl_capbset_read,verify,pass,,ci-enforced-measured,True,False,True,b1fdeaf6d7bcda0799a7a5c4f116bbe1ed55a43d
e9patch-scorecard.csv,e9patch,prctl_capbset_read,verify,pass,1,ci-enforced-measured,True,False,True,b1fdeaf6d7bcda0799a7a5c4f116bbe1ed55a43d
e9patch-scorecard.csv,ptrace,prctl_dumpable,verify,pass,,ci-enforced-measured,True,False,True,b1fdeaf6d7bcda0799a7a5c4f116bbe1ed55a43d
e9patch-scorecard.csv,e9patch,prctl_dumpable,verify,pass,1,ci-enforced-measured,True,False,True,b1fdeaf6d7bcda0799a7a5c4f116bbe1ed55a43d
e9patch-scorecard.csv,ptrace,prctl_keepcaps,verify,pass,,ci-enforced-measured,True,False,True,b1fdeaf6d7bcda0799a7a5c4f116bbe1ed55a43d
e9patch-scorecard.csv,e9patch,prctl_keepcaps,verify,pass,1,ci-enforced-measured,True,False,True,b1fdeaf6d7bcda0799a7a5c4f116bbe1ed55a43d
e9patch-scorecard.csv,ptrace,prctl_name,verify,pass,,ci-enforced-measured,True,False,True,b1fdeaf6d7bcda0799a7a5c4f116bbe1ed55a43d
e9patch-scorecard.csv,e9patch,prctl_name,verify,pass,1,ci-enforced-measured,True,False,True,b1fdeaf6d7bcda0799a7a5c4f116bbe1ed55a43d
e9patch-scorecard.csv,ptrace,prctl_pdeathsig,verify,pass,,ci-enforced-measured,True,False,True,b1fdeaf6d7bcda0799a7a5c4f116bbe1ed55a43d
e9patch-scorecard.csv,e9patch,prctl_pdeathsig,verify,pass,1,ci-enforced-measured,True,False,True,b1fdeaf6d7bcda0799a7a5c4f116bbe1ed55a43d
e9patch-scorecard.csv,ptrace,prctl_thp_disable,verify,pass,,ci-enforced-measured,True,False,True,b1fdeaf6d7bcda0799a7a5c4f116bbe1ed55a43d
e9patch-scorecard.csv,e9patch,prctl_thp_disable,verify,pass,1,ci-enforced-measured,True,False,True,b1fdeaf6d7bcda0799a7a5c4f116bbe1ed55a43d
e9patch-scorecard.csv,ptrace,prctl_timerslack,verify,pass,,ci-enforced-measured,True,False,True,b1fdeaf6d7bcda0799a7a5c4f116bbe1ed55a43d
e9patch-scorecard.csv,e9patch,prctl_timerslack,verify,pass,1,ci-enforced-measured,True,False,True,b1fdeaf6d7bcda0799a7a5c4f116bbe1ed55a43d
e9patch-scorecard.csv,ptrace,pread_past_eof,verify,pass,,ci-enforced-measured,True,False,True,b1fdeaf6d7bcda0799a7a5c4f116bbe1ed55a43d
e9patch-scorecard.csv,e9patch,pread_past_eof,verify,pass,1,ci-enforced-measured,True,False,True,b1fdeaf6d7bcda0799a7a5c4f116bbe1ed55a43d
e9patch-scorecard.csv,ptrace,preadv2_memfd,verify,pass,,ci-enforced-measured,True,False,True,b1fdeaf6d7bcda0799a7a5c4f116bbe1ed55a43d
e9patch-scorecard.csv,e9patch,preadv2_memfd,verify,pass,1,ci-enforced-measured,True,False,True,b1fdeaf6d7bcda0799a7a5c4f116bbe1ed55a43d
e9patch-scorecard.csv,ptrace,preadv_memfd,verify,pass,,ci-enforced-measured,True,False,True,b1fdeaf6d7bcda0799a7a5c4f116bbe1ed55a43d
e9patch-scorecard.csv,e9patch,preadv_memfd,verify,pass,1,ci-enforced-measured,True,False,True,b1fdeaf6d7bcda0799a7a5c4f116bbe1ed55a43d
e9patch-scorecard.csv,ptrace,prlimit_nofile,verify,pass,,ci-enforced-measured,True,False,True,b1fdeaf6d7bcda0799a7a5c4f116bbe1ed55a43d
e9patch-scorecard.csv,e9patch,prlimit_nofile,verify,pass,1,ci-enforced-measured,True,False,True,b1fdeaf6d7bcda0799a7a5c4f116bbe1ed55a43d
e9patch-scorecard.csv,ptrace,proc_self_fd_count,verify,pass,,ci-enforced-measured,True,False,True,b1fdeaf6d7bcda0799a7a5c4f116bbe1ed55a43d
e9patch-scorecard.csv,e9patch,proc_self_fd_count,verify,pass,1,ci-enforced-measured,True,False,True,b1fdeaf6d7bcda0799a7a5c4f116bbe1ed55a43d
e9patch-scorecard.csv,ptrace,pselect6_timeout_zero,verify,pass,,ci-enforced-measured,True,False,True,b1fdeaf6d7bcda0799a7a5c4f116bbe1ed55a43d
e9patch-scorecard.csv,e9patch,pselect6_timeout_zero,verify,pass,1,ci-enforced-measured,True,False,True,b1fdeaf6d7bcda0799a7a5c4f116bbe1ed55a43d
e9patch-scorecard.csv,ptrace,pwrite_pread_memfd,verify,pass,,ci-enforced-measured,True,False,True,b1fdeaf6d7bcda0799a7a5c4f116bbe1ed55a43d
e9patch-scorecard.csv,e9patch,pwrite_pread_memfd,verify,pass,1,ci-enforced-measured,True,False,True,b1fdeaf6d7bcda0799a7a5c4f116bbe1ed55a43d
e9patch-scorecard.csv,ptrace,pwritev2_memfd,verify,pass,,ci-enforced-measured,True,False,True,b1fdeaf6d7bcda0799a7a5c4f116bbe1ed55a43d
e9patch-scorecard.csv,e9patch,pwritev2_memfd,verify,pass,1,ci-enforced-measured,True,False,True,b1fdeaf6d7bcda0799a7a5c4f116bbe1ed55a43d
e9patch-scorecard.csv,ptrace,pwritev_memfd,verify,pass,,ci-enforced-measured,True,False,True,b1fdeaf6d7bcda0799a7a5c4f116bbe1ed55a43d
e9patch-scorecard.csv,e9patch,pwritev_memfd,verify,pass,1,ci-enforced-measured,True,False,True,b1fdeaf6d7bcda0799a7a5c4f116bbe1ed55a43d
e9patch-scorecard.csv,ptrace,read_devnull_eof,verify,pass,,ci-enforced-measured,True,False,True,b1fdeaf6d7bcda0799a7a5c4f116bbe1ed55a43d
e9patch-scorecard.csv,e9patch,read_devnull_eof,verify,pass,1,ci-enforced-measured,True,False,True,b1fdeaf6d7bcda0799a7a5c4f116bbe1ed55a43d
e9patch-scorecard.csv,ptrace,read_devzero,verify,pass,,ci-enforced-measured,True,False,True,b1fdeaf6d7bcda0799a7a5c4f116bbe1ed55a43d
e9patch-scorecard.csv,e9patch,read_devzero,verify,pass,1,ci-enforced-measured,True,False,True,b1fdeaf6d7bcda0799a7a5c4f116bbe1ed55a43d
e9patch-scorecard.csv,ptrace,readahead_memfd,verify,pass,,ci-enforced-measured,True,False,True,b1fdeaf6d7bcda0799a7a5c4f116bbe1ed55a43d
e9patch-scorecard.csv,e9patch,readahead_memfd,verify,pass,1,ci-enforced-measured,True,False,True,b1fdeaf6d7bcda0799a7a5c4f116bbe1ed55a43d
e9patch-scorecard.csv,ptrace,readlink_exe,verify,pass,,ci-enforced-measured,True,False,True,b1fdeaf6d7bcda0799a7a5c4f116bbe1ed55a43d
e9patch-scorecard.csv,e9patch,readlink_exe,verify,pass,1,ci-enforced-measured,True,False,True,b1fdeaf6d7bcda0799a7a5c4f116bbe1ed55a43d
e9patch-scorecard.csv,ptrace,readlinkat_exe,verify,pass,,ci-enforced-measured,True,False,True,b1fdeaf6d7bcda0799a7a5c4f116bbe1ed55a43d
e9patch-scorecard.csv,e9patch,readlinkat_exe,verify,pass,1,ci-enforced-measured,True,False,True,b1fdeaf6d7bcda0799a7a5c4f116bbe1ed55a43d
e9patch-scorecard.csv,ptrace,readv_zero,verify,pass,,ci-enforced-measured,True,False,True,b1fdeaf6d7bcda0799a7a5c4f116bbe1ed55a43d
e9patch-scorecard.csv,e9patch,readv_zero,verify,pass,1,ci-enforced-measured,True,False,True,b1fdeaf6d7bcda0799a7a5c4f116bbe1ed55a43d
e9patch-scorecard.csv,ptrace,recvfrom_socketpair,verify,pass,,ci-enforced-measured,True,False,True,b1fdeaf6d7bcda0799a7a5c4f116bbe1ed55a43d
e9patch-scorecard.csv,e9patch,recvfrom_socketpair,verify,pass,1,ci-enforced-measured,True,False,True,b1fdeaf6d7bcda0799a7a5c4f116bbe1ed55a43d
e9patch-scorecard.csv,ptrace,recvmmsg_socketpair,verify,pass,,ci-enforced-measured,True,False,True,b1fdeaf6d7bcda0799a7a5c4f116bbe1ed55a43d
e9patch-scorecard.csv,e9patch,recvmmsg_socketpair,verify,pass,1,ci-enforced-measured,True,False,True,b1fdeaf6d7bcda0799a7a5c4f116bbe1ed55a43d
e9patch-scorecard.csv,ptrace,recvmsg_socketpair,verify,pass,,ci-enforced-measured,True,False,True,b1fdeaf6d7bcda0799a7a5c4f116bbe1ed55a43d
e9patch-scorecard.csv,e9patch,recvmsg_socketpair,verify,pass,1,ci-enforced-measured,True,False,True,b1fdeaf6d7bcda0799a7a5c4f116bbe1ed55a43d
e9patch-scorecard.csv,ptrace,removexattr_devnull,verify,pass,,ci-enforced-measured,True,False,True,b1fdeaf6d7bcda0799a7a5c4f116bbe1ed55a43d
e9patch-scorecard.csv,e9patch,removexattr_devnull,verify,pass,1,ci-enforced-measured,True,False,True,b1fdeaf6d7bcda0799a7a5c4f116bbe1ed55a43d
e9patch-scorecard.csv,ptrace,rt_sigpending_empty,verify,pass,,ci-enforced-measured,True,False,True,b1fdeaf6d7bcda0799a7a5c4f116bbe1ed55a43d
e9patch-scorecard.csv,e9patch,rt_sigpending_empty,verify,pass,1,ci-enforced-measured,True,False,True,b1fdeaf6d7bcda0799a7a5c4f116bbe1ed55a43d
e9patch-scorecard.csv,ptrace,rt_sigprocmask_query,verify,pass,,ci-enforced-measured,True,False,True,b1fdeaf6d7bcda0799a7a5c4f116bbe1ed55a43d
e9patch-scorecard.csv,e9patch,rt_sigprocmask_query,verify,pass,1,ci-enforced-measured,True,False,True,b1fdeaf6d7bcda0799a7a5c4f116bbe1ed55a43d
e9patch-scorecard.csv,ptrace,rt_sigqueueinfo_self,verify,pass,,ci-enforced-measured,True,False,True,b1fdeaf6d7bcda0799a7a5c4f116bbe1ed55a43d
e9patch-scorecard.csv,e9patch,rt_sigqueueinfo_self,verify,pass,1,ci-enforced-measured,True,False,True,b1fdeaf6d7bcda0799a7a5c4f116bbe1ed55a43d
e9patch-scorecard.csv,ptrace,rt_sigtimedwait_empty,verify,pass,,ci-enforced-measured,True,False,True,b1fdeaf6d7bcda0799a7a5c4f116bbe1ed55a43d
e9patch-scorecard.csv,e9patch,rt_sigtimedwait_empty,verify,pass,1,ci-enforced-measured,True,False,True,b1fdeaf6d7bcda0799a7a5c4f116bbe1ed55a43d
e9patch-scorecard.csv,ptrace,rt_tgsigqueueinfo_self,verify,pass,,ci-enforced-measured,True,False,True,b1fdeaf6d7bcda0799a7a5c4f116bbe1ed55a43d
e9patch-scorecard.csv,e9patch,rt_tgsigqueueinfo_self,verify,pass,1,ci-enforced-measured,True,False,True,b1fdeaf6d7bcda0799a7a5c4f116bbe1ed55a43d
e9patch-scorecard.csv,ptrace,sched_get_priority_min_check,verify,pass,,ci-enforced-measured,True,False,True,b1fdeaf6d7bcda0799a7a5c4f116bbe1ed55a43d
e9patch-scorecard.csv,e9patch,sched_get_priority_min_check,verify,pass,1,ci-enforced-measured,True,False,True,b1fdeaf6d7bcda0799a7a5c4f116bbe1ed55a43d
e9patch-scorecard.csv,ptrace,sched_getaffinity_check,verify,pass,,ci-enforced-measured,True,False,True,b1fdeaf6d7bcda0799a7a5c4f116bbe1ed55a43d
e9patch-scorecard.csv,e9patch,sched_getaffinity_check,verify,pass,1,ci-enforced-measured,True,False,True,b1fdeaf6d7bcda0799a7a5c4f116bbe1ed55a43d
e9patch-scorecard.csv,ptrace,sched_getattr_self,verify,pass,,ci-enforced-measured,True,False,True,b1fdeaf6d7bcda0799a7a5c4f116bbe1ed55a43d
e9patch-scorecard.csv,e9patch,sched_getattr_self,verify,pass,1,ci-enforced-measured,True,False,True,b1fdeaf6d7bcda0799a7a5c4f116bbe1ed55a43d
e9patch-scorecard.csv,ptrace,sched_getparam_check,verify,pass,,ci-enforced-measured,True,False,True,b1fdeaf6d7bcda0799a7a5c4f116bbe1ed55a43d
e9patch-scorecard.csv,e9patch,sched_getparam_check,verify,pass,1,ci-enforced-measured,True,False,True,b1fdeaf6d7bcda0799a7a5c4f116bbe1ed55a43d
e9patch-scorecard.csv,ptrace,sched_getscheduler_check,verify,pass,,ci-enforced-measured,True,False,True,b1fdeaf6d7bcda0799a7a5c4f116bbe1ed55a43d
e9patch-scorecard.csv,e9patch,sched_getscheduler_check,verify,pass,1,ci-enforced-measured,True,False,True,b1fdeaf6d7bcda0799a7a5c4f116bbe1ed55a43d
e9patch-scorecard.csv,ptrace,sched_priority_max,verify,pass,,ci-enforced-measured,True,False,True,b1fdeaf6d7bcda0799a7a5c4f116bbe1ed55a43d
e9patch-scorecard.csv,e9patch,sched_priority_max,verify,pass,1,ci-enforced-measured,True,False,True,b1fdeaf6d7bcda0799a7a5c4f116bbe1ed55a43d
e9patch-scorecard.csv,ptrace,sched_rr_get_interval_check,verify,pass,,ci-enforced-measured,True,False,True,b1fdeaf6d7bcda0799a7a5c4f116bbe1ed55a43d
e9patch-scorecard.csv,e9patch,sched_rr_get_interval_check,verify,pass,1,ci-enforced-measured,True,False,True,b1fdeaf6d7bcda0799a7a5c4f116bbe1ed55a43d
e9patch-scorecard.csv,ptrace,sched_setaffinity_self,verify,pass,,ci-enforced-measured,True,False,True,b1fdeaf6d7bcda0799a7a5c4f116bbe1ed55a43d
e9patch-scorecard.csv,e9patch,sched_setaffinity_self,verify,pass,1,ci-enforced-measured,True,False,True,b1fdeaf6d7bcda0799a7a5c4f116bbe1ed55a43d
e9patch-scorecard.csv,ptrace,sched_yield_noop,verify,pass,,ci-enforced-measured,True,False,True,b1fdeaf6d7bcda0799a7a5c4f116bbe1ed55a43d
e9patch-scorecard.csv,e9patch,sched_yield_noop,verify,pass,1,ci-enforced-measured,True,False,True,b1fdeaf6d7bcda0799a7a5c4f116bbe1ed55a43d
e9patch-scorecard.csv,ptrace,select_timeout_zero,verify,pass,,ci-enforced-measured,True,False,True,b1fdeaf6d7bcda0799a7a5c4f116bbe1ed55a43d
e9patch-scorecard.csv,e9patch,select_timeout_zero,verify,pass,1,ci-enforced-measured,True,False,True,b1fdeaf6d7bcda0799a7a5c4f116bbe1ed55a43d
e9patch-scorecard.csv,ptrace,sendfile_memfd,verify,pass,,ci-enforced-measured,True,False,True,b1fdeaf6d7bcda0799a7a5c4f116bbe1ed55a43d
e9patch-scorecard.csv,e9patch,sendfile_memfd,verify,pass,1,ci-enforced-measured,True,False,True,b1fdeaf6d7bcda0799a7a5c4f116bbe1ed55a43d
e9patch-scorecard.csv,ptrace,sendmmsg_socketpair,verify,pass,,ci-enforced-measured,True,False,True,b1fdeaf6d7bcda0799a7a5c4f116bbe1ed55a43d
e9patch-scorecard.csv,e9patch,sendmmsg_socketpair,verify,pass,1,ci-enforced-measured,True,False,True,b1fdeaf6d7bcda0799a7a5c4f116bbe1ed55a43d
e9patch-scorecard.csv,ptrace,sendmsg_socketpair,verify,pass,,ci-enforced-measured,True,False,True,b1fdeaf6d7bcda0799a7a5c4f116bbe1ed55a43d
e9patch-scorecard.csv,e9patch,sendmsg_socketpair,verify,pass,1,ci-enforced-measured,True,False,True,b1fdeaf6d7bcda0799a7a5c4f116bbe1ed55a43d
e9patch-scorecard.csv,ptrace,sendto_socketpair,verify,pass,,ci-enforced-measured,True,False,True,b1fdeaf6d7bcda0799a7a5c4f116bbe1ed55a43d
e9patch-scorecard.csv,e9patch,sendto_socketpair,verify,pass,1,ci-enforced-measured,True,False,True,b1fdeaf6d7bcda0799a7a5c4f116bbe1ed55a43d
e9patch-scorecard.csv,ptrace,set_mempolicy_default,verify,pass,,ci-enforced-measured,True,False,True,b1fdeaf6d7bcda0799a7a5c4f116bbe1ed55a43d
e9patch-scorecard.csv,e9patch,set_mempolicy_default,verify,pass,1,ci-enforced-measured,True,False,True,b1fdeaf6d7bcda0799a7a5c4f116bbe1ed55a43d
e9patch-scorecard.csv,ptrace,set_robust_list_ok,verify,pass,,ci-enforced-measured,True,False,True,b1fdeaf6d7bcda0799a7a5c4f116bbe1ed55a43d
e9patch-scorecard.csv,e9patch,set_robust_list_ok,verify,pass,1,ci-enforced-measured,True,False,True,b1fdeaf6d7bcda0799a7a5c4f116bbe1ed55a43d
e9patch-scorecard.csv,ptrace,set_tid_address_ok,verify,pass,,ci-enforced-measured,True,False,True,b1fdeaf6d7bcda0799a7a5c4f116bbe1ed55a43d
e9patch-scorecard.csv,e9patch,set_tid_address_ok,verify,pass,1,ci-enforced-measured,True,False,True,b1fdeaf6d7bcda0799a7a5c4f116bbe1ed55a43d
e9patch-scorecard.csv,ptrace,setfsgid_noop,verify,pass,,ci-enforced-measured,True,False,True,b1fdeaf6d7bcda0799a7a5c4f116bbe1ed55a43d
e9patch-scorecard.csv,e9patch,setfsgid_noop,verify,pass,1,ci-enforced-measured,True,False,True,b1fdeaf6d7bcda0799a7a5c4f116bbe1ed55a43d
e9patch-scorecard.csv,ptrace,setfsuid_noop,verify,pass,,ci-enforced-measured,True,False,True,b1fdeaf6d7bcda0799a7a5c4f116bbe1ed55a43d
e9patch-scorecard.csv,e9patch,setfsuid_noop,verify,pass,1,ci-enforced-measured,True,False,True,b1fdeaf6d7bcda0799a7a5c4f116bbe1ed55a43d
e9patch-scorecard.csv,ptrace,setpgid_self,verify,pass,,ci-enforced-measured,True,False,True,b1fdeaf6d7bcda0799a7a5c4f116bbe1ed55a43d
e9patch-scorecard.csv,e9patch,setpgid_self,verify,pass,1,ci-enforced-measured,True,False,True,b1fdeaf6d7bcda0799a7a5c4f116bbe1ed55a43d
e9patch-scorecard.csv,ptrace,setpriority_self,verify,pass,,ci-enforced-measured,True,False,True,b1fdeaf6d7bcda0799a7a5c4f116bbe1ed55a43d
e9patch-scorecard.csv,e9patch,setpriority_self,verify,pass,1,ci-enforced-measured,True,False,True,b1fdeaf6d7bcda0799a7a5c4f116bbe1ed55a43d
e9patch-scorecard.csv,ptrace,setregid_noop,verify,pass,,ci-enforced-measured,True,False,True,b1fdeaf6d7bcda0799a7a5c4f116bbe1ed55a43d
e9patch-scorecard.csv,e9patch,setregid_noop,verify,pass,1,ci-enforced-measured,True,False,True,b1fdeaf6d7bcda0799a7a5c4f116bbe1ed55a43d
e9patch-scorecard.csv,ptrace,setresgid_noop,verify,pass,,ci-enforced-measured,True,False,True,b1fdeaf6d7bcda0799a7a5c4f116bbe1ed55a43d
e9patch-scorecard.csv,e9patch,setresgid_noop,verify,pass,1,ci-enforced-measured,True,False,True,b1fdeaf6d7bcda0799a7a5c4f116bbe1ed55a43d
e9patch-scorecard.csv,ptrace,setresuid_noop,verify,pass,,ci-enforced-measured,True,False,True,b1fdeaf6d7bcda0799a7a5c4f116bbe1ed55a43d
e9patch-scorecard.csv,e9patch,setresuid_noop,verify,pass,1,ci-enforced-measured,True,False,True,b1fdeaf6d7bcda0799a7a5c4f116bbe1ed55a43d
e9patch-scorecard.csv,ptrace,setreuid_noop,verify,pass,,ci-enforced-measured,True,False,True,b1fdeaf6d7bcda0799a7a5c4f116bbe1ed55a43d
e9patch-scorecard.csv,e9patch,setreuid_noop,verify,pass,1,ci-enforced-measured,True,False,True,b1fdeaf6d7bcda0799a7a5c4f116bbe1ed55a43d
e9patch-scorecard.csv,ptrace,setrlimit_nofile,verify,pass,,ci-enforced-measured,True,False,True,b1fdeaf6d7bcda0799a7a5c4f116bbe1ed55a43d
e9patch-scorecard.csv,e9patch,setrlimit_nofile,verify,pass,1,ci-enforced-measured,True,False,True,b1fdeaf6d7bcda0799a7a5c4f116bbe1ed55a43d
e9patch-scorecard.csv,ptrace,setsockopt_reuseaddr,verify,pass,,ci-enforced-measured,True,False,True,b1fdeaf6d7bcda0799a7a5c4f116bbe1ed55a43d
e9patch-scorecard.csv,e9patch,setsockopt_reuseaddr,verify,pass,1,ci-enforced-measured,True,False,True,b1fdeaf6d7bcda0799a7a5c4f116bbe1ed55a43d
e9patch-scorecard.csv,ptrace,shutdown_socketpair,verify,pass,,ci-enforced-measured,True,False,True,b1fdeaf6d7bcda0799a7a5c4f116bbe1ed55a43d
e9patch-scorecard.csv,e9patch,shutdown_socketpair,verify,pass,1,ci-enforced-measured,True,False,True,b1fdeaf6d7bcda0799a7a5c4f116bbe1ed55a43d
e9patch-scorecard.csv,ptrace,sigaction_query,verify,pass,,ci-enforced-measured,True,False,True,b1fdeaf6d7bcda0799a7a5c4f116bbe1ed55a43d
e9patch-scorecard.csv,e9patch,sigaction_query,verify,pass,1,ci-enforced-measured,True,False,True,b1fdeaf6d7bcda0799a7a5c4f116bbe1ed55a43d
e9patch-scorecard.csv,ptrace,sigaltstack_query,verify,pass,,ci-enforced-measured,True,False,True,b1fdeaf6d7bcda0799a7a5c4f116bbe1ed55a43d
e9patch-scorecard.csv,e9patch,sigaltstack_query,verify,pass,1,ci-enforced-measured,True,False,True,b1fdeaf6d7bcda0799a7a5c4f116bbe1ed55a43d
e9patch-scorecard.csv,ptrace,sigmask,verify,pass,,ci-enforced-measured,True,False,True,b1fdeaf6d7bcda0799a7a5c4f116bbe1ed55a43d
e9patch-scorecard.csv,e9patch,sigmask,verify,pass,1,ci-enforced-measured,True,False,True,b1fdeaf6d7bcda0799a7a5c4f116bbe1ed55a43d
e9patch-scorecard.csv,ptrace,signalfd_create,verify,pass,,ci-enforced-measured,True,False,True,b1fdeaf6d7bcda0799a7a5c4f116bbe1ed55a43d
e9patch-scorecard.csv,e9patch,signalfd_create,verify,pass,1,ci-enforced-measured,True,False,True,b1fdeaf6d7bcda0799a7a5c4f116bbe1ed55a43d
e9patch-scorecard.csv,ptrace,signalfd_legacy,verify,pass,,ci-enforced-measured,True,False,True,b1fdeaf6d7bcda0799a7a5c4f116bbe1ed55a43d
e9patch-scorecard.csv,e9patch,signalfd_legacy,verify,pass,1,ci-enforced-measured,True,False,True,b1fdeaf6d7bcda0799a7a5c4f116bbe1ed55a43d
e9patch-scorecard.csv,ptrace,socket_dgram,verify,pass,,ci-enforced-measured,True,False,True,b1fdeaf6d7bcda0799a7a5c4f116bbe1ed55a43d
e9patch-scorecard.csv,e9patch,socket_dgram,verify,pass,1,ci-enforced-measured,True,False,True,b1fdeaf6d7bcda0799a7a5c4f116bbe1ed55a43d
e9patch-scorecard.csv,ptrace,socketpair_dgram,verify,pass,,ci-enforced-measured,True,False,True,b1fdeaf6d7bcda0799a7a5c4f116bbe1ed55a43d
e9patch-scorecard.csv,e9patch,socketpair_dgram,verify,pass,1,ci-enforced-measured,True,False,True,b1fdeaf6d7bcda0799a7a5c4f116bbe1ed55a43d
e9patch-scorecard.csv,ptrace,socketpair_rw,verify,pass,,ci-enforced-measured,True,False,True,b1fdeaf6d7bcda0799a7a5c4f116bbe1ed55a43d
e9patch-scorecard.csv,e9patch,socketpair_rw,verify,pass,1,ci-enforced-measured,True,False,True,b1fdeaf6d7bcda0799a7a5c4f116bbe1ed55a43d
e9patch-scorecard.csv,ptrace,socketpair_seqpacket,verify,pass,,ci-enforced-measured,True,False,True,b1fdeaf6d7bcda0799a7a5c4f116bbe1ed55a43d
e9patch-scorecard.csv,e9patch,socketpair_seqpacket,verify,pass,1,ci-enforced-measured,True,False,True,b1fdeaf6d7bcda0799a7a5c4f116bbe1ed55a43d
e9patch-scorecard.csv,ptrace,stat_devnull,verify,pass,,ci-enforced-measured,True,False,True,b1fdeaf6d7bcda0799a7a5c4f116bbe1ed55a43d
e9patch-scorecard.csv,e9patch,stat_devnull,verify,pass,1,ci-enforced-measured,True,False,True,b1fdeaf6d7bcda0799a7a5c4f116bbe1ed55a43d
e9patch-scorecard.csv,ptrace,statfs_root,verify,pass,,ci-enforced-measured,True,False,True,b1fdeaf6d7bcda0799a7a5c4f116bbe1ed55a43d
e9patch-scorecard.csv,e9patch,statfs_root,verify,pass,1,ci-enforced-measured,True,False,True,b1fdeaf6d7bcda0799a7a5c4f116bbe1ed55a43d
e9patch-scorecard.csv,ptrace,statx_devnull,verify,pass,,ci-enforced-measured,True,False,True,b1fdeaf6d7bcda0799a7a5c4f116bbe1ed55a43d
e9patch-scorecard.csv,e9patch,statx_devnull,verify,pass,1,ci-enforced-measured,True,False,True,b1fdeaf6d7bcda0799a7a5c4f116bbe1ed55a43d
e9patch-scorecard.csv,ptrace,sync_all,verify,pass,,ci-enforced-measured,True,False,True,b1fdeaf6d7bcda0799a7a5c4f116bbe1ed55a43d
e9patch-scorecard.csv,e9patch,sync_all,verify,pass,1,ci-enforced-measured,True,False,True,b1fdeaf6d7bcda0799a7a5c4f116bbe1ed55a43d
e9patch-scorecard.csv,ptrace,sync_file_range_memfd,verify,pass,,ci-enforced-measured,True,False,True,b1fdeaf6d7bcda0799a7a5c4f116bbe1ed55a43d
e9patch-scorecard.csv,e9patch,sync_file_range_memfd,verify,pass,1,ci-enforced-measured,True,False,True,b1fdeaf6d7bcda0799a7a5c4f116bbe1ed55a43d
e9patch-scorecard.csv,ptrace,syncfs_memfd,verify,pass,,ci-enforced-measured,True,False,True,b1fdeaf6d7bcda0799a7a5c4f116bbe1ed55a43d
e9patch-scorecard.csv,e9patch,syncfs_memfd,verify,pass,1,ci-enforced-measured,True,False,True,b1fdeaf6d7bcda0799a7a5c4f116bbe1ed55a43d
e9patch-scorecard.csv,ptrace,sysinfo_ok,verify,pass,,ci-enforced-measured,True,False,True,b1fdeaf6d7bcda0799a7a5c4f116bbe1ed55a43d
e9patch-scorecard.csv,e9patch,sysinfo_ok,verify,pass,1,ci-enforced-measured,True,False,True,b1fdeaf6d7bcda0799a7a5c4f116bbe1ed55a43d
e9patch-scorecard.csv,ptrace,tgkill_self_sig0,verify,pass,,ci-enforced-measured,True,False,True,b1fdeaf6d7bcda0799a7a5c4f116bbe1ed55a43d
e9patch-scorecard.csv,e9patch,tgkill_self_sig0,verify,pass,1,ci-enforced-measured,True,False,True,b1fdeaf6d7bcda0799a7a5c4f116bbe1ed55a43d
e9patch-scorecard.csv,ptrace,timer_create_gettime,verify,pass,,ci-enforced-measured,True,False,True,b1fdeaf6d7bcda0799a7a5c4f116bbe1ed55a43d
e9patch-scorecard.csv,e9patch,timer_create_gettime,verify,pass,1,ci-enforced-measured,True,False,True,b1fdeaf6d7bcda0799a7a5c4f116bbe1ed55a43d
e9patch-scorecard.csv,ptrace,timerfd_create_check,verify,pass,,ci-enforced-measured,True,False,True,b1fdeaf6d7bcda0799a7a5c4f116bbe1ed55a43d
e9patch-scorecard.csv,e9patch,timerfd_create_check,verify,pass,1,ci-enforced-measured,True,False,True,b1fdeaf6d7bcda0799a7a5c4f116bbe1ed55a43d
e9patch-scorecard.csv,ptrace,timerfd_gettime_unarmed,verify,pass,,ci-enforced-measured,True,False,True,b1fdeaf6d7bcda0799a7a5c4f116bbe1ed55a43d
e9patch-scorecard.csv,e9patch,timerfd_gettime_unarmed,verify,pass,1,ci-enforced-measured,True,False,True,b1fdeaf6d7bcda0799a7a5c4f116bbe1ed55a43d
e9patch-scorecard.csv,ptrace,times_check,verify,pass,,ci-enforced-measured,True,False,True,b1fdeaf6d7bcda0799a7a5c4f116bbe1ed55a43d
e9patch-scorecard.csv,e9patch,times_check,verify,pass,1,ci-enforced-measured,True,False,True,b1fdeaf6d7bcda0799a7a5c4f116bbe1ed55a43d
e9patch-scorecard.csv,ptrace,tkill_self_sig0,verify,pass,,ci-enforced-measured,True,False,True,b1fdeaf6d7bcda0799a7a5c4f116bbe1ed55a43d
e9patch-scorecard.csv,e9patch,tkill_self_sig0,verify,pass,1,ci-enforced-measured,True,False,True,b1fdeaf6d7bcda0799a7a5c4f116bbe1ed55a43d
e9patch-scorecard.csv,ptrace,umask_set,verify,pass,,ci-enforced-measured,True,False,True,b1fdeaf6d7bcda0799a7a5c4f116bbe1ed55a43d
e9patch-scorecard.csv,e9patch,umask_set,verify,pass,1,ci-enforced-measured,True,False,True,b1fdeaf6d7bcda0799a7a5c4f116bbe1ed55a43d
e9patch-scorecard.csv,ptrace,uname,verify,pass,,ci-enforced-measured,True,False,True,b1fdeaf6d7bcda0799a7a5c4f116bbe1ed55a43d
e9patch-scorecard.csv,e9patch,uname,verify,pass,1,ci-enforced-measured,True,False,True,b1fdeaf6d7bcda0799a7a5c4f116bbe1ed55a43d
e9patch-scorecard.csv,ptrace,uname_sysname,verify,pass,,ci-enforced-measured,True,False,True,b1fdeaf6d7bcda0799a7a5c4f116bbe1ed55a43d
e9patch-scorecard.csv,e9patch,uname_sysname,verify,pass,1,ci-enforced-measured,True,False,True,b1fdeaf6d7bcda0799a7a5c4f116bbe1ed55a43d
e9patch-scorecard.csv,ptrace,wait4_nochild,verify,pass,,ci-enforced-measured,True,False,True,b1fdeaf6d7bcda0799a7a5c4f116bbe1ed55a43d
e9patch-scorecard.csv,e9patch,wait4_nochild,verify,pass,1,ci-enforced-measured,True,False,True,b1fdeaf6d7bcda0799a7a5c4f116bbe1ed55a43d
e9patch-scorecard.csv,ptrace,write_badfd,verify,pass,,ci-enforced-measured,True,False,True,b1fdeaf6d7bcda0799a7a5c4f116bbe1ed55a43d
e9patch-scorecard.csv,e9patch,write_badfd,verify,pass,1,ci-enforced-measured,True,False,True,b1fdeaf6d7bcda0799a7a5c4f116bbe1ed55a43d
e9patch-scorecard.csv,ptrace,write_stdout,verify,pass,,ci-enforced-measured,True,False,True,b1fdeaf6d7bcda0799a7a5c4f116bbe1ed55a43d
e9patch-scorecard.csv,e9patch,write_stdout,verify,pass,1,ci-enforced-measured,True,False,True,b1fdeaf6d7bcda0799a7a5c4f116bbe1ed55a43d
e9patch-scorecard.csv,ptrace,writev_multi,verify,pass,,ci-enforced-measured,True,False,True,b1fdeaf6d7bcda0799a7a5c4f116bbe1ed55a43d
e9patch-scorecard.csv,e9patch,writev_multi,verify,pass,1,ci-enforced-measured,True,False,True,b1fdeaf6d7bcda0799a7a5c4f116bbe1ed55a43d
reverie-scorecard.csv,ptrace,counter1-true,counter,pass,,ci-enforced-measured,True,False,True,2f3689bd8830ab6b59dacea6cb72951f4d0d899e
reverie-scorecard.csv,ptrace,counter1-echo-hi,counter,pass,,ci-enforced-measured,True,False,True,2f3689bd8830ab6b59dacea6cb72951f4d0d899e
reverie-scorecard.csv,ptrace,counter1-pwd,counter,pass,,ci-enforced-measured,True,False,True,2f3689bd8830ab6b59dacea6cb72951f4d0d899e
reverie-scorecard.csv,ptrace,counter2-true,counter,pass,,ci-enforced-measured,True,False,True,2f3689bd8830ab6b59dacea6cb72951f4d0d899e
reverie-scorecard.csv,ptrace,counter2-echo-hi,counter,pass,,ci-enforced-measured,True,False,True,2f3689bd8830ab6b59dacea6cb72951f4d0d899e
reverie-scorecard.csv,ptrace,counter2-pwd,counter,pass,,ci-enforced-measured,True,False,True,2f3689bd8830ab6b59dacea6cb72951f4d0d899e
reverie-scorecard.csv,kvm,counter1-true,counter,diverge,0,ci-enforced-measured,True,False,True,2f3689bd8830ab6b59dacea6cb72951f4d0d899e
reverie-scorecard.csv,kvm,counter1-echo-hi,counter,diverge,0,ci-enforced-measured,True,False,True,2f3689bd8830ab6b59dacea6cb72951f4d0d899e
reverie-scorecard.csv,kvm,counter1-pwd,counter,diverge,0,ci-enforced-measured,True,False,True,2f3689bd8830ab6b59dacea6cb72951f4d0d899e
reverie-scorecard.csv,kvm,counter2-true,counter,diverge,0,ci-enforced-measured,True,False,True,2f3689bd8830ab6b59dacea6cb72951f4d0d899e
reverie-scorecard.csv,kvm,counter2-echo-hi,counter,diverge,0,ci-enforced-measured,True,False,True,2f3689bd8830ab6b59dacea6cb72951f4d0d899e
reverie-scorecard.csv,kvm,counter2-pwd,counter,diverge,0,ci-enforced-measured,True,False,True,2f3689bd8830ab6b59dacea6cb72951f4d0d899e
