run_id,run_utc,hermit_sha,reverie_sha,dirty,run_mode,lane,bucket,test_id,test_mode,backend,cell_state,outcome,deterministic,stdout_parity,output_hash,duration_ms,max_rss_kb,reason,verify_compare,bitwise_parity,compared_log_messages,tier,legacy_parity_unqualified,ref_output_hash,parity_comparator,parity_tier,profile_flags,relaxation_set,population_id,selected_count,executed_count,evidence_count
e9patch-20260801,@1785621326,b1fdeaf6d7bcda0799a7a5c4f116bbe1ed55a43d,2112c0045f25f895388257caed43b7b5abb9b50a,false,e9patch,portable,e9patch-corpus,accept4_abstract,verify,ptrace,enabled,pass,,,4e06c9327d3eed7d6e74caaa52d3f178f389100d5c8bc252f3ee508e6b6eeaf9,201,,level=L2 (Determinism verified),,,,,,,,,,"[""tmp=/tmp""]",,,,
e9patch-20260801,@1785621326,b1fdeaf6d7bcda0799a7a5c4f116bbe1ed55a43d,2112c0045f25f895388257caed43b7b5abb9b50a,false,e9patch,portable,e9patch-corpus,accept4_abstract,verify,e9patch,enabled,pass,,,4e06c9327d3eed7d6e74caaa52d3f178f389100d5c8bc252f3ee508e6b6eeaf9,362,,level=L2 (Determinism verified),,,,,stdout_parity:1,,,,,"[""tmp=/tmp""]",,,,
e9patch-20260801,@1785621326,b1fdeaf6d7bcda0799a7a5c4f116bbe1ed55a43d,2112c0045f25f895388257caed43b7b5abb9b50a,false,e9patch,portable,e9patch-corpus,accept_abstract,verify,ptrace,enabled,pass,,,6eb8866c8d4cb2ee3189e9cc367689314876ac4ca19ebdcd75eae5d913cf6880,281,,level=L2 (Determinism verified),,,,,,,,,,"[""tmp=/tmp""]",,,,
e9patch-20260801,@1785621326,b1fdeaf6d7bcda0799a7a5c4f116bbe1ed55a43d,2112c0045f25f895388257caed43b7b5abb9b50a,false,e9patch,portable,e9patch-corpus,accept_abstract,verify,e9patch,enabled,pass,,,6eb8866c8d4cb2ee3189e9cc367689314876ac4ca19ebdcd75eae5d913cf6880,402,,level=L2 (Determinism verified),,,,,stdout_parity:1,,,,,"[""tmp=/tmp""]",,,,
e9patch-20260801,@1785621326,b1fdeaf6d7bcda0799a7a5c4f116bbe1ed55a43d,2112c0045f25f895388257caed43b7b5abb9b50a,false,e9patch,portable,e9patch-corpus,access_devnull,verify,ptrace,enabled,pass,,,c32ff02f073257601324b46374c6e0a54b87f8331b26ebea99ee2e4295e00c85,201,,level=L2 (Determinism verified),,,,,,,,,,"[""tmp=/tmp""]",,,,
e9patch-20260801,@1785621326,b1fdeaf6d7bcda0799a7a5c4f116bbe1ed55a43d,2112c0045f25f895388257caed43b7b5abb9b50a,false,e9patch,portable,e9patch-corpus,access_devnull,verify,e9patch,enabled,pass,,,c32ff02f073257601324b46374c6e0a54b87f8331b26ebea99ee2e4295e00c85,322,,level=L2 (Determinism verified),,,,,stdout_parity:1,,,,,"[""tmp=/tmp""]",,,,
e9patch-20260801,@1785621326,b1fdeaf6d7bcda0799a7a5c4f116bbe1ed55a43d,2112c0045f25f895388257caed43b7b5abb9b50a,false,e9patch,portable,e9patch-corpus,arch_prctl_getfs,verify,ptrace,enabled,pass,,,5a50ac9f8822bd993fc423cefa7c436101faf6f4ae833cc92df5cc24bd030344,202,,level=L2 (Determinism verified),,,,,,,,,,"[""tmp=/tmp""]",,,,
e9patch-20260801,@1785621326,b1fdeaf6d7bcda0799a7a5c4f116bbe1ed55a43d,2112c0045f25f895388257caed43b7b5abb9b50a,false,e9patch,portable,e9patch-corpus,arch_prctl_getfs,verify,e9patch,enabled,pass,,,5a50ac9f8822bd993fc423cefa7c436101faf6f4ae833cc92df5cc24bd030344,362,,level=L2 (Determinism verified),,,,,stdout_parity:1,,,,,"[""tmp=/tmp""]",,,,
e9patch-20260801,@1785621326,b1fdeaf6d7bcda0799a7a5c4f116bbe1ed55a43d,2112c0045f25f895388257caed43b7b5abb9b50a,false,e9patch,portable,e9patch-corpus,arch_prctl_getgs,verify,ptrace,enabled,pass,,,89c588080460cfbd39210c920007815bb2144d1f86f60a771663c7ec81a52acb,202,,level=L2 (Determinism verified),,,,,,,,,,"[""tmp=/tmp""]",,,,
e9patch-20260801,@1785621326,b1fdeaf6d7bcda0799a7a5c4f116bbe1ed55a43d,2112c0045f25f895388257caed43b7b5abb9b50a,false,e9patch,portable,e9patch-corpus,arch_prctl_getgs,verify,e9patch,enabled,pass,,,89c588080460cfbd39210c920007815bb2144d1f86f60a771663c7ec81a52acb,362,,level=L2 (Determinism verified),,,,,stdout_parity:1,,,,,"[""tmp=/tmp""]",,,,
e9patch-20260801,@1785621326,b1fdeaf6d7bcda0799a7a5c4f116bbe1ed55a43d,2112c0045f25f895388257caed43b7b5abb9b50a,false,e9patch,portable,e9patch-corpus,bind_abstract,verify,ptrace,enabled,pass,,,6f8222ffc5d842508f455eba5ff5c58e82514a51e0ee3b0556ee78f6158d6049,201,,level=L2 (Determinism verified),,,,,,,,,,"[""tmp=/tmp""]",,,,
e9patch-20260801,@1785621326,b1fdeaf6d7bcda0799a7a5c4f116bbe1ed55a43d,2112c0045f25f895388257caed43b7b5abb9b50a,false,e9patch,portable,e9patch-corpus,bind_abstract,verify,e9patch,enabled,pass,,,6f8222ffc5d842508f455eba5ff5c58e82514a51e0ee3b0556ee78f6158d6049,362,,level=L2 (Determinism verified),,,,,stdout_parity:1,,,,,"[""tmp=/tmp""]",,,,
e9patch-20260801,@1785621326,b1fdeaf6d7bcda0799a7a5c4f116bbe1ed55a43d,2112c0045f25f895388257caed43b7b5abb9b50a,false,e9patch,portable,e9patch-corpus,brk_grow,verify,ptrace,enabled,pass,,,5d0a52246e40a12c6d1b441eab4f5c5b481015854879c1a2b9be24510bc83317,160,,level=L2 (Determinism verified),,,,,,,,,,"[""tmp=/tmp""]",,,,
e9patch-20260801,@1785621326,b1fdeaf6d7bcda0799a7a5c4f116bbe1ed55a43d,2112c0045f25f895388257caed43b7b5abb9b50a,false,e9patch,portable,e9patch-corpus,brk_grow,verify,e9patch,enabled,pass,,,5d0a52246e40a12c6d1b441eab4f5c5b481015854879c1a2b9be24510bc83317,361,,level=L2 (Determinism verified),,,,,stdout_parity:1,,,,,"[""tmp=/tmp""]",,,,
e9patch-20260801,@1785621326,b1fdeaf6d7bcda0799a7a5c4f116bbe1ed55a43d,2112c0045f25f895388257caed43b7b5abb9b50a,false,e9patch,portable,e9patch-corpus,capget_ok,verify,ptrace,enabled,pass,,,1184bf9f258670fdc7cc2d83d0d7a7c53572e9ec9a15ec53fd7705e6f29165f1,161,,level=L2 (Determinism verified),,,,,,,,,,"[""tmp=/tmp""]",,,,
e9patch-20260801,@1785621326,b1fdeaf6d7bcda0799a7a5c4f116bbe1ed55a43d,2112c0045f25f895388257caed43b7b5abb9b50a,false,e9patch,portable,e9patch-corpus,capget_ok,verify,e9patch,enabled,pass,,,1184bf9f258670fdc7cc2d83d0d7a7c53572e9ec9a15ec53fd7705e6f29165f1,322,,level=L2 (Determinism verified),,,,,stdout_parity:1,,,,,"[""tmp=/tmp""]",,,,
e9patch-20260801,@1785621326,b1fdeaf6d7bcda0799a7a5c4f116bbe1ed55a43d,2112c0045f25f895388257caed43b7b5abb9b50a,false,e9patch,portable,e9patch-corpus,capset_noop,verify,ptrace,enabled,pass,,,d7ebd2d7b7bc800f1e9eeb127b6ab96f96d0d3a8b0f15244ad182f789b7a273c,160,,level=L2 (Determinism verified),,,,,,,,,,"[""tmp=/tmp""]",,,,
e9patch-20260801,@1785621326,b1fdeaf6d7bcda0799a7a5c4f116bbe1ed55a43d,2112c0045f25f895388257caed43b7b5abb9b50a,false,e9patch,portable,e9patch-corpus,capset_noop,verify,e9patch,enabled,pass,,,d7ebd2d7b7bc800f1e9eeb127b6ab96f96d0d3a8b0f15244ad182f789b7a273c,402,,level=L2 (Determinism verified),,,,,stdout_parity:1,,,,,"[""tmp=/tmp""]",,,,
e9patch-20260801,@1785621326,b1fdeaf6d7bcda0799a7a5c4f116bbe1ed55a43d,2112c0045f25f895388257caed43b7b5abb9b50a,false,e9patch,portable,e9patch-corpus,chdir_root,verify,ptrace,enabled,pass,,,ef489745fc57fa0e49d717e5e51170ca56ad9903068e0f453ddd1774c092f6b6,202,,level=L2 (Determinism verified),,,,,,,,,,"[""tmp=/tmp""]",,,,
e9patch-20260801,@1785621326,b1fdeaf6d7bcda0799a7a5c4f116bbe1ed55a43d,2112c0045f25f895388257caed43b7b5abb9b50a,false,e9patch,portable,e9patch-corpus,chdir_root,verify,e9patch,enabled,pass,,,ef489745fc57fa0e49d717e5e51170ca56ad9903068e0f453ddd1774c092f6b6,361,,level=L2 (Determinism verified),,,,,stdout_parity:1,,,,,"[""tmp=/tmp""]",,,,
e9patch-20260801,@1785621326,b1fdeaf6d7bcda0799a7a5c4f116bbe1ed55a43d,2112c0045f25f895388257caed43b7b5abb9b50a,false,e9patch,portable,e9patch-corpus,clock_getres_monotonic,verify,ptrace,enabled,pass,,,80c73bcd642c4310447915288bf3b9bb9455b82818fe0dd35ef3419ba9cdb7bf,202,,level=L2 (Determinism verified),,,,,,,,,,"[""tmp=/tmp""]",,,,
e9patch-20260801,@1785621326,b1fdeaf6d7bcda0799a7a5c4f116bbe1ed55a43d,2112c0045f25f895388257caed43b7b5abb9b50a,false,e9patch,portable,e9patch-corpus,clock_getres_monotonic,verify,e9patch,enabled,pass,,,80c73bcd642c4310447915288bf3b9bb9455b82818fe0dd35ef3419ba9cdb7bf,362,,level=L2 (Determinism verified),,,,,stdout_parity:1,,,,,"[""tmp=/tmp""]",,,,
e9patch-20260801,@1785621326,b1fdeaf6d7bcda0799a7a5c4f116bbe1ed55a43d,2112c0045f25f895388257caed43b7b5abb9b50a,false,e9patch,portable,e9patch-corpus,clock_gettime,verify,ptrace,enabled,pass,,,e3b0c44298fc1c149afbf4c8996fb92427ae41e4649b934ca495991b7852b855,161,,level=L2 (Determinism verified),,,,,,,,,,"[""tmp=/tmp""]",,,,
e9patch-20260801,@1785621326,b1fdeaf6d7bcda0799a7a5c4f116bbe1ed55a43d,2112c0045f25f895388257caed43b7b5abb9b50a,false,e9patch,portable,e9patch-corpus,clock_gettime,verify,e9patch,enabled,pass,,,e3b0c44298fc1c149afbf4c8996fb92427ae41e4649b934ca495991b7852b855,11820,,level=L2 (Determinism verified),,,,,stdout_parity:1,,,,,"[""tmp=/tmp""]",,,,
e9patch-20260801,@1785621326,b1fdeaf6d7bcda0799a7a5c4f116bbe1ed55a43d,2112c0045f25f895388257caed43b7b5abb9b50a,false,e9patch,portable,e9patch-corpus,clock_nanosleep_relative,verify,ptrace,enabled,pass,,,3036099868c4a8ea6cea0b75d21e8298719343cea2217068116c5bf239e2ecc3,161,,level=L2 (Determinism verified),,,,,,,,,,"[""tmp=/tmp""]",,,,
e9patch-20260801,@1785621326,b1fdeaf6d7bcda0799a7a5c4f116bbe1ed55a43d,2112c0045f25f895388257caed43b7b5abb9b50a,false,e9patch,portable,e9patch-corpus,clock_nanosleep_relative,verify,e9patch,enabled,pass,,,3036099868c4a8ea6cea0b75d21e8298719343cea2217068116c5bf239e2ecc3,321,,level=L2 (Determinism verified),,,,,stdout_parity:1,,,,,"[""tmp=/tmp""]",,,,
e9patch-20260801,@1785621326,b1fdeaf6d7bcda0799a7a5c4f116bbe1ed55a43d,2112c0045f25f895388257caed43b7b5abb9b50a,false,e9patch,portable,e9patch-corpus,close_range_high,verify,ptrace,enabled,pass,,,4b711d45caafa5e6052a5c7d18554f12fa990bfdbcc1c3ce8746c5aa63b4d5de,201,,level=L2 (Determinism verified),,,,,,,,,,"[""tmp=/tmp""]",,,,
e9patch-20260801,@1785621326,b1fdeaf6d7bcda0799a7a5c4f116bbe1ed55a43d,2112c0045f25f895388257caed43b7b5abb9b50a,false,e9patch,portable,e9patch-corpus,close_range_high,verify,e9patch,enabled,pass,,,4b711d45caafa5e6052a5c7d18554f12fa990bfdbcc1c3ce8746c5aa63b4d5de,362,,level=L2 (Determinism verified),,,,,stdout_parity:1,,,,,"[""tmp=/tmp""]",,,,
e9patch-20260801,@1785621326,b1fdeaf6d7bcda0799a7a5c4f116bbe1ed55a43d,2112c0045f25f895388257caed43b7b5abb9b50a,false,e9patch,portable,e9patch-corpus,compute,verify,ptrace,enabled,pass,,,e3b0c44298fc1c149afbf4c8996fb92427ae41e4649b934ca495991b7852b855,162,,level=L2 (Determinism verified),,,,,,,,,,"[""tmp=/tmp""]",,,,
e9patch-20260801,@1785621326,b1fdeaf6d7bcda0799a7a5c4f116bbe1ed55a43d,2112c0045f25f895388257caed43b7b5abb9b50a,false,e9patch,portable,e9patch-corpus,compute,verify,e9patch,enabled,pass,,,e3b0c44298fc1c149afbf4c8996fb92427ae41e4649b934ca495991b7852b855,362,,level=L2 (Determinism verified),,,,,stdout_parity:1,,,,,"[""tmp=/tmp""]",,,,
e9patch-20260801,@1785621326,b1fdeaf6d7bcda0799a7a5c4f116bbe1ed55a43d,2112c0045f25f895388257caed43b7b5abb9b50a,false,e9patch,portable,e9patch-corpus,connect_abstract,verify,ptrace,enabled,pass,,,452dcfcd3318ebe4f12bdd5e9b0d4284a361f00405132a2b39a256308b1c973e,201,,level=L2 (Determinism verified),,,,,,,,,,"[""tmp=/tmp""]",,,,
e9patch-20260801,@1785621326,b1fdeaf6d7bcda0799a7a5c4f116bbe1ed55a43d,2112c0045f25f895388257caed43b7b5abb9b50a,false,e9patch,portable,e9patch-corpus,connect_abstract,verify,e9patch,enabled,pass,,,452dcfcd3318ebe4f12bdd5e9b0d4284a361f00405132a2b39a256308b1c973e,362,,level=L2 (Determinism verified),,,,,stdout_parity:1,,,,,"[""tmp=/tmp""]",,,,
e9patch-20260801,@1785621326,b1fdeaf6d7bcda0799a7a5c4f116bbe1ed55a43d,2112c0045f25f895388257caed43b7b5abb9b50a,false,e9patch,portable,e9patch-corpus,dup2_high,verify,ptrace,enabled,pass,,,f1bdd82ffab9eb9bdfaa674c713edc9353491052a8bdbe2ac3451900b6f38a41,201,,level=L2 (Determinism verified),,,,,,,,,,"[""tmp=/tmp""]",,,,
e9patch-20260801,@1785621326,b1fdeaf6d7bcda0799a7a5c4f116bbe1ed55a43d,2112c0045f25f895388257caed43b7b5abb9b50a,false,e9patch,portable,e9patch-corpus,dup2_high,verify,e9patch,enabled,pass,,,f1bdd82ffab9eb9bdfaa674c713edc9353491052a8bdbe2ac3451900b6f38a41,402,,level=L2 (Determinism verified),,,,,stdout_parity:1,,,,,"[""tmp=/tmp""]",,,,
e9patch-20260801,@1785621326,b1fdeaf6d7bcda0799a7a5c4f116bbe1ed55a43d,2112c0045f25f895388257caed43b7b5abb9b50a,false,e9patch,portable,e9patch-corpus,dup3_high,verify,ptrace,enabled,pass,,,5f15022e6b62310e23a6179e8d079f106de493388d953e0d262e700cfe92c735,201,,level=L2 (Determinism verified),,,,,,,,,,"[""tmp=/tmp""]",,,,
e9patch-20260801,@1785621326,b1fdeaf6d7bcda0799a7a5c4f116bbe1ed55a43d,2112c0045f25f895388257caed43b7b5abb9b50a,false,e9patch,portable,e9patch-corpus,dup3_high,verify,e9patch,enabled,pass,,,5f15022e6b62310e23a6179e8d079f106de493388d953e0d262e700cfe92c735,322,,level=L2 (Determinism verified),,,,,stdout_parity:1,,,,,"[""tmp=/tmp""]",,,,
e9patch-20260801,@1785621326,b1fdeaf6d7bcda0799a7a5c4f116bbe1ed55a43d,2112c0045f25f895388257caed43b7b5abb9b50a,false,e9patch,portable,e9patch-corpus,dup_lowest,verify,ptrace,enabled,pass,,,ded576c6d9e11322ae25219925c18a652d986fd532f48f783a1c1177ebb91cd0,200,,level=L2 (Determinism verified),,,,,,,,,,"[""tmp=/tmp""]",,,,
e9patch-20260801,@1785621326,b1fdeaf6d7bcda0799a7a5c4f116bbe1ed55a43d,2112c0045f25f895388257caed43b7b5abb9b50a,false,e9patch,portable,e9patch-corpus,dup_lowest,verify,e9patch,enabled,pass,,,ded576c6d9e11322ae25219925c18a652d986fd532f48f783a1c1177ebb91cd0,362,,level=L2 (Determinism verified),,,,,stdout_parity:1,,,,,"[""tmp=/tmp""]",,,,
e9patch-20260801,@1785621326,b1fdeaf6d7bcda0799a7a5c4f116bbe1ed55a43d,2112c0045f25f895388257caed43b7b5abb9b50a,false,e9patch,portable,e9patch-corpus,epoll_create_legacy,verify,ptrace,enabled,pass,,,107b646486b0b0bb3436d1971506ddd3029f098f19e2ba9f88c6111b8f8f5f49,201,,level=L2 (Determinism verified),,,,,,,,,,"[""tmp=/tmp""]",,,,
e9patch-20260801,@1785621326,b1fdeaf6d7bcda0799a7a5c4f116bbe1ed55a43d,2112c0045f25f895388257caed43b7b5abb9b50a,false,e9patch,portable,e9patch-corpus,epoll_create_legacy,verify,e9patch,enabled,pass,,,107b646486b0b0bb3436d1971506ddd3029f098f19e2ba9f88c6111b8f8f5f49,361,,level=L2 (Determinism verified),,,,,stdout_parity:1,,,,,"[""tmp=/tmp""]",,,,
e9patch-20260801,@1785621326,b1fdeaf6d7bcda0799a7a5c4f116bbe1ed55a43d,2112c0045f25f895388257caed43b7b5abb9b50a,false,e9patch,portable,e9patch-corpus,epoll_ctl_add,verify,ptrace,enabled,pass,,,af83d56bbc93ceedd0f462881ddd2edc9d375b77d1fc45230ef379aa9e0f476a,201,,level=L2 (Determinism verified),,,,,,,,,,"[""tmp=/tmp""]",,,,
e9patch-20260801,@1785621326,b1fdeaf6d7bcda0799a7a5c4f116bbe1ed55a43d,2112c0045f25f895388257caed43b7b5abb9b50a,false,e9patch,portable,e9patch-corpus,epoll_ctl_add,verify,e9patch,enabled,pass,,,af83d56bbc93ceedd0f462881ddd2edc9d375b77d1fc45230ef379aa9e0f476a,361,,level=L2 (Determinism verified),,,,,stdout_parity:1,,,,,"[""tmp=/tmp""]",,,,
e9patch-20260801,@1785621326,b1fdeaf6d7bcda0799a7a5c4f116bbe1ed55a43d,2112c0045f25f895388257caed43b7b5abb9b50a,false,e9patch,portable,e9patch-corpus,epoll_pwait2_timeout_zero,verify,ptrace,enabled,pass,,,7af7dea7220a69384ff522a922c979ce4ff727ad975fd3a12181b0d1150213ae,161,,level=L2 (Determinism verified),,,,,,,,,,"[""tmp=/tmp""]",,,,
e9patch-20260801,@1785621326,b1fdeaf6d7bcda0799a7a5c4f116bbe1ed55a43d,2112c0045f25f895388257caed43b7b5abb9b50a,false,e9patch,portable,e9patch-corpus,epoll_pwait2_timeout_zero,verify,e9patch,enabled,pass,,,7af7dea7220a69384ff522a922c979ce4ff727ad975fd3a12181b0d1150213ae,361,,level=L2 (Determinism verified),,,,,stdout_parity:1,,,,,"[""tmp=/tmp""]",,,,
e9patch-20260801,@1785621326,b1fdeaf6d7bcda0799a7a5c4f116bbe1ed55a43d,2112c0045f25f895388257caed43b7b5abb9b50a,false,e9patch,portable,e9patch-corpus,epoll_pwait_timeout_zero,verify,ptrace,enabled,pass,,,6bbfa5517fad27fd52a8ec11f3ba6ad06d5dbc059235ace4d181db4eb0492d10,201,,level=L2 (Determinism verified),,,,,,,,,,"[""tmp=/tmp""]",,,,
e9patch-20260801,@1785621326,b1fdeaf6d7bcda0799a7a5c4f116bbe1ed55a43d,2112c0045f25f895388257caed43b7b5abb9b50a,false,e9patch,portable,e9patch-corpus,epoll_pwait_timeout_zero,verify,e9patch,enabled,pass,,,6bbfa5517fad27fd52a8ec11f3ba6ad06d5dbc059235ace4d181db4eb0492d10,362,,level=L2 (Determinism verified),,,,,stdout_parity:1,,,,,"[""tmp=/tmp""]",,,,
e9patch-20260801,@1785621326,b1fdeaf6d7bcda0799a7a5c4f116bbe1ed55a43d,2112c0045f25f895388257caed43b7b5abb9b50a,false,e9patch,portable,e9patch-corpus,epoll_wait_timeout_zero,verify,ptrace,enabled,pass,,,6168a3d0429d34215795b96bdfc07e4cd17ce93e524230e5f387c6d1366b72e4,201,,level=L2 (Determinism verified),,,,,,,,,,"[""tmp=/tmp""]",,,,
e9patch-20260801,@1785621326,b1fdeaf6d7bcda0799a7a5c4f116bbe1ed55a43d,2112c0045f25f895388257caed43b7b5abb9b50a,false,e9patch,portable,e9patch-corpus,epoll_wait_timeout_zero,verify,e9patch,enabled,pass,,,6168a3d0429d34215795b96bdfc07e4cd17ce93e524230e5f387c6d1366b72e4,361,,level=L2 (Determinism verified),,,,,stdout_parity:1,,,,,"[""tmp=/tmp""]",,,,
e9patch-20260801,@1785621326,b1fdeaf6d7bcda0799a7a5c4f116bbe1ed55a43d,2112c0045f25f895388257caed43b7b5abb9b50a,false,e9patch,portable,e9patch-corpus,eventfd_legacy,verify,ptrace,enabled,pass,,,08c6beeea07b5d28cce54a34cd5f013557f1ccc58d77abfe6f8b3a0d991c2514,201,,level=L2 (Determinism verified),,,,,,,,,,"[""tmp=/tmp""]",,,,
e9patch-20260801,@1785621326,b1fdeaf6d7bcda0799a7a5c4f116bbe1ed55a43d,2112c0045f25f895388257caed43b7b5abb9b50a,false,e9patch,portable,e9patch-corpus,eventfd_legacy,verify,e9patch,enabled,pass,,,08c6beeea07b5d28cce54a34cd5f013557f1ccc58d77abfe6f8b3a0d991c2514,361,,level=L2 (Determinism verified),,,,,stdout_parity:1,,,,,"[""tmp=/tmp""]",,,,
e9patch-20260801,@1785621326,b1fdeaf6d7bcda0799a7a5c4f116bbe1ed55a43d,2112c0045f25f895388257caed43b7b5abb9b50a,false,e9patch,portable,e9patch-corpus,eventfd_rw,verify,ptrace,enabled,pass,,,27187b4c336baedd4814e63f6f37abefcafbd1e4ebe232804fee577930bd01a3,201,,level=L2 (Determinism verified),,,,,,,,,,"[""tmp=/tmp""]",,,,
e9patch-20260801,@1785621326,b1fdeaf6d7bcda0799a7a5c4f116bbe1ed55a43d,2112c0045f25f895388257caed43b7b5abb9b50a,false,e9patch,portable,e9patch-corpus,eventfd_rw,verify,e9patch,enabled,pass,,,27187b4c336baedd4814e63f6f37abefcafbd1e4ebe232804fee577930bd01a3,361,,level=L2 (Determinism verified),,,,,stdout_parity:1,,,,,"[""tmp=/tmp""]",,,,
e9patch-20260801,@1785621326,b1fdeaf6d7bcda0799a7a5c4f116bbe1ed55a43d,2112c0045f25f895388257caed43b7b5abb9b50a,false,e9patch,portable,e9patch-corpus,eventfd_semaphore,verify,ptrace,enabled,pass,,,1ea561debc6f11f0b74b839bd6151ca3227af1dbc2e587a329c3d58f5a771f2e,201,,level=L2 (Determinism verified),,,,,,,,,,"[""tmp=/tmp""]",,,,
e9patch-20260801,@1785621326,b1fdeaf6d7bcda0799a7a5c4f116bbe1ed55a43d,2112c0045f25f895388257caed43b7b5abb9b50a,false,e9patch,portable,e9patch-corpus,eventfd_semaphore,verify,e9patch,enabled,pass,,,1ea561debc6f11f0b74b839bd6151ca3227af1dbc2e587a329c3d58f5a771f2e,361,,level=L2 (Determinism verified),,,,,stdout_parity:1,,,,,"[""tmp=/tmp""]",,,,
e9patch-20260801,@1785621326,b1fdeaf6d7bcda0799a7a5c4f116bbe1ed55a43d,2112c0045f25f895388257caed43b7b5abb9b50a,false,e9patch,portable,e9patch-corpus,faccessat2_devnull,verify,ptrace,enabled,pass,,,2a8cefbf623806fddb2d879606d6ab1f51010fffe8704b16edb4fa7c4a62448d,90190,,level=L2 (Determinism verified),,,,,,,,,,"[""tmp=/tmp""]",,,,
e9patch-20260801,@1785621326,b1fdeaf6d7bcda0799a7a5c4f116bbe1ed55a43d,2112c0045f25f895388257caed43b7b5abb9b50a,false,e9patch,portable,e9patch-corpus,faccessat2_devnull,verify,e9patch,enabled,pass,,,2a8cefbf623806fddb2d879606d6ab1f51010fffe8704b16edb4fa7c4a62448d,40545,,level=L2 (Determinism verified),,,,,stdout_parity:1,,,,,"[""tmp=/tmp""]",,,,
e9patch-20260801,@1785621326,b1fdeaf6d7bcda0799a7a5c4f116bbe1ed55a43d,2112c0045f25f895388257caed43b7b5abb9b50a,false,e9patch,portable,e9patch-corpus,faccessat_devnull,verify,ptrace,enabled,pass,,,799c72cab5e12209ab6f986ca99f1617eec5848a9f32463e9065b82db9cf6797,162,,level=L2 (Determinism verified),,,,,,,,,,"[""tmp=/tmp""]",,,,
e9patch-20260801,@1785621326,b1fdeaf6d7bcda0799a7a5c4f116bbe1ed55a43d,2112c0045f25f895388257caed43b7b5abb9b50a,false,e9patch,portable,e9patch-corpus,faccessat_devnull,verify,e9patch,enabled,pass,,,799c72cab5e12209ab6f986ca99f1617eec5848a9f32463e9065b82db9cf6797,322,,level=L2 (Determinism verified),,,,,stdout_parity:1,,,,,"[""tmp=/tmp""]",,,,
e9patch-20260801,@1785621326,b1fdeaf6d7bcda0799a7a5c4f116bbe1ed55a43d,2112c0045f25f895388257caed43b7b5abb9b50a,false,e9patch,portable,e9patch-corpus,fadvise_memfd,verify,ptrace,enabled,pass,,,8afce498824d8301bbf6a7ac5260e38dd8000992948381bdfef1f957ac7350d4,200,,level=L2 (Determinism verified),,,,,,,,,,"[""tmp=/tmp""]",,,,
e9patch-20260801,@1785621326,b1fdeaf6d7bcda0799a7a5c4f116bbe1ed55a43d,2112c0045f25f895388257caed43b7b5abb9b50a,false,e9patch,portable,e9patch-corpus,fadvise_memfd,verify,e9patch,enabled,pass,,,8afce498824d8301bbf6a7ac5260e38dd8000992948381bdfef1f957ac7350d4,362,,level=L2 (Determinism verified),,,,,stdout_parity:1,,,,,"[""tmp=/tmp""]",,,,
e9patch-20260801,@1785621326,b1fdeaf6d7bcda0799a7a5c4f116bbe1ed55a43d,2112c0045f25f895388257caed43b7b5abb9b50a,false,e9patch,portable,e9patch-corpus,fallocate_memfd,verify,ptrace,enabled,pass,,,fe31d7d3d8112a7ab53363e24a387e4bece58dd346597299508a6d5e8d2ffa17,201,,level=L2 (Determinism verified),,,,,,,,,,"[""tmp=/tmp""]",,,,
e9patch-20260801,@1785621326,b1fdeaf6d7bcda0799a7a5c4f116bbe1ed55a43d,2112c0045f25f895388257caed43b7b5abb9b50a,false,e9patch,portable,e9patch-corpus,fallocate_memfd,verify,e9patch,enabled,pass,,,fe31d7d3d8112a7ab53363e24a387e4bece58dd346597299508a6d5e8d2ffa17,362,,level=L2 (Determinism verified),,,,,stdout_parity:1,,,,,"[""tmp=/tmp""]",,,,
e9patch-20260801,@1785621326,b1fdeaf6d7bcda0799a7a5c4f116bbe1ed55a43d,2112c0045f25f895388257caed43b7b5abb9b50a,false,e9patch,portable,e9patch-corpus,fchdir_root,verify,ptrace,enabled,pass,,,ef489745fc57fa0e49d717e5e51170ca56ad9903068e0f453ddd1774c092f6b6,201,,level=L2 (Determinism verified),,,,,,,,,,"[""tmp=/tmp""]",,,,
e9patch-20260801,@1785621326,b1fdeaf6d7bcda0799a7a5c4f116bbe1ed55a43d,2112c0045f25f895388257caed43b7b5abb9b50a,false,e9patch,portable,e9patch-corpus,fchdir_root,verify,e9patch,enabled,pass,,,ef489745fc57fa0e49d717e5e51170ca56ad9903068e0f453ddd1774c092f6b6,361,,level=L2 (Determinism verified),,,,,stdout_parity:1,,,,,"[""tmp=/tmp""]",,,,
e9patch-20260801,@1785621326,b1fdeaf6d7bcda0799a7a5c4f116bbe1ed55a43d,2112c0045f25f895388257caed43b7b5abb9b50a,false,e9patch,portable,e9patch-corpus,fchmod_memfd,verify,ptrace,enabled,pass,,,b7c1393e5c54d4db5d5d239138fe395cf1da27a51f929c762dc407665b6538a2,201,,level=L2 (Determinism verified),,,,,,,,,,"[""tmp=/tmp""]",,,,
e9patch-20260801,@1785621326,b1fdeaf6d7bcda0799a7a5c4f116bbe1ed55a43d,2112c0045f25f895388257caed43b7b5abb9b50a,false,e9patch,portable,e9patch-corpus,fchmod_memfd,verify,e9patch,enabled,pass,,,b7c1393e5c54d4db5d5d239138fe395cf1da27a51f929c762dc407665b6538a2,361,,level=L2 (Determinism verified),,,,,stdout_parity:1,,,,,"[""tmp=/tmp""]",,,,
e9patch-20260801,@1785621326,b1fdeaf6d7bcda0799a7a5c4f116bbe1ed55a43d,2112c0045f25f895388257caed43b7b5abb9b50a,false,e9patch,portable,e9patch-corpus,fchown_memfd,verify,ptrace,enabled,pass,,,45e1cfe73fbabfa69abe3baaec1ce591e2def3b31e290d647ef1b1021a936798,201,,level=L2 (Determinism verified),,,,,,,,,,"[""tmp=/tmp""]",,,,
e9patch-20260801,@1785621326,b1fdeaf6d7bcda0799a7a5c4f116bbe1ed55a43d,2112c0045f25f895388257caed43b7b5abb9b50a,false,e9patch,portable,e9patch-corpus,fchown_memfd,verify,e9patch,enabled,pass,,,45e1cfe73fbabfa69abe3baaec1ce591e2def3b31e290d647ef1b1021a936798,362,,level=L2 (Determinism verified),,,,,stdout_parity:1,,,,,"[""tmp=/tmp""]",,,,
e9patch-20260801,@1785621326,b1fdeaf6d7bcda0799a7a5c4f116bbe1ed55a43d,2112c0045f25f895388257caed43b7b5abb9b50a,false,e9patch,portable,e9patch-corpus,fcntl_cloexec,verify,ptrace,enabled,pass,,,5cae9858b5c45e616529ef0c608b1b18f690340bdf6d5241487cb7f3779da6cc,201,,level=L2 (Determinism verified),,,,,,,,,,"[""tmp=/tmp""]",,,,
e9patch-20260801,@1785621326,b1fdeaf6d7bcda0799a7a5c4f116bbe1ed55a43d,2112c0045f25f895388257caed43b7b5abb9b50a,false,e9patch,portable,e9patch-corpus,fcntl_cloexec,verify,e9patch,enabled,pass,,,5cae9858b5c45e616529ef0c608b1b18f690340bdf6d5241487cb7f3779da6cc,362,,level=L2 (Determinism verified),,,,,stdout_parity:1,,,,,"[""tmp=/tmp""]",,,,
e9patch-20260801,@1785621326,b1fdeaf6d7bcda0799a7a5c4f116bbe1ed55a43d,2112c0045f25f895388257caed43b7b5abb9b50a,false,e9patch,portable,e9patch-corpus,fcntl_dupfd,verify,ptrace,enabled,pass,,,6cc0cec65a6a84180268ae8463b491c3b10e079e25ac657806e0a28c2eb15f4e,200,,level=L2 (Determinism verified),,,,,,,,,,"[""tmp=/tmp""]",,,,
e9patch-20260801,@1785621326,b1fdeaf6d7bcda0799a7a5c4f116bbe1ed55a43d,2112c0045f25f895388257caed43b7b5abb9b50a,false,e9patch,portable,e9patch-corpus,fcntl_dupfd,verify,e9patch,enabled,pass,,,6cc0cec65a6a84180268ae8463b491c3b10e079e25ac657806e0a28c2eb15f4e,361,,level=L2 (Determinism verified),,,,,stdout_parity:1,,,,,"[""tmp=/tmp""]",,,,
e9patch-20260801,@1785621326,b1fdeaf6d7bcda0799a7a5c4f116bbe1ed55a43d,2112c0045f25f895388257caed43b7b5abb9b50a,false,e9patch,portable,e9patch-corpus,fcntl_dupfd_cloexec,verify,ptrace,enabled,pass,,,a18d39370831aafd24f6fc26fcc9d7f5d0ec6673aeada84c9b6901f4f7e03779,200,,level=L2 (Determinism verified),,,,,,,,,,"[""tmp=/tmp""]",,,,
e9patch-20260801,@1785621326,b1fdeaf6d7bcda0799a7a5c4f116bbe1ed55a43d,2112c0045f25f895388257caed43b7b5abb9b50a,false,e9patch,portable,e9patch-corpus,fcntl_dupfd_cloexec,verify,e9patch,enabled,pass,,,a18d39370831aafd24f6fc26fcc9d7f5d0ec6673aeada84c9b6901f4f7e03779,361,,level=L2 (Determinism verified),,,,,stdout_parity:1,,,,,"[""tmp=/tmp""]",,,,
e9patch-20260801,@1785621326,b1fdeaf6d7bcda0799a7a5c4f116bbe1ed55a43d,2112c0045f25f895388257caed43b7b5abb9b50a,false,e9patch,portable,e9patch-corpus,fcntl_getfl,verify,ptrace,enabled,pass,,,fd2a67e57382aeb5c51492205a64570ee24f772e1f939eadb7a9ab57f0a8d4ef,201,,level=L2 (Determinism verified),,,,,,,,,,"[""tmp=/tmp""]",,,,
e9patch-20260801,@1785621326,b1fdeaf6d7bcda0799a7a5c4f116bbe1ed55a43d,2112c0045f25f895388257caed43b7b5abb9b50a,false,e9patch,portable,e9patch-corpus,fcntl_getfl,verify,e9patch,enabled,pass,,,fd2a67e57382aeb5c51492205a64570ee24f772e1f939eadb7a9ab57f0a8d4ef,322,,level=L2 (Determinism verified),,,,,stdout_parity:1,,,,,"[""tmp=/tmp""]",,,,
e9patch-20260801,@1785621326,b1fdeaf6d7bcda0799a7a5c4f116bbe1ed55a43d,2112c0045f25f895388257caed43b7b5abb9b50a,false,e9patch,portable,e9patch-corpus,fcntl_getlk,verify,ptrace,enabled,pass,,,9fe0694476dc3d456651162b05d029648e9fb13159ffa585de64ee42c01710da,201,,level=L2 (Determinism verified),,,,,,,,,,"[""tmp=/tmp""]",,,,
e9patch-20260801,@1785621326,b1fdeaf6d7bcda0799a7a5c4f116bbe1ed55a43d,2112c0045f25f895388257caed43b7b5abb9b50a,false,e9patch,portable,e9patch-corpus,fcntl_getlk,verify,e9patch,enabled,pass,,,9fe0694476dc3d456651162b05d029648e9fb13159ffa585de64ee42c01710da,362,,level=L2 (Determinism verified),,,,,stdout_parity:1,,,,,"[""tmp=/tmp""]",,,,
e9patch-20260801,@1785621326,b1fdeaf6d7bcda0799a7a5c4f116bbe1ed55a43d,2112c0045f25f895388257caed43b7b5abb9b50a,false,e9patch,portable,e9patch-corpus,fcntl_getown_pipe,verify,ptrace,enabled,pass,,,8bba1a84c761a4bc1f4254a4f15ad6a66ef39c047ac0a14deab2fb9f63c302bb,200,,level=L2 (Determinism verified),,,,,,,,,,"[""tmp=/tmp""]",,,,
e9patch-20260801,@1785621326,b1fdeaf6d7bcda0799a7a5c4f116bbe1ed55a43d,2112c0045f25f895388257caed43b7b5abb9b50a,false,e9patch,portable,e9patch-corpus,fcntl_getown_pipe,verify,e9patch,enabled,pass,,,8bba1a84c761a4bc1f4254a4f15ad6a66ef39c047ac0a14deab2fb9f63c302bb,362,,level=L2 (Determinism verified),,,,,stdout_parity:1,,,,,"[""tmp=/tmp""]",,,,
e9patch-20260801,@1785621326,b1fdeaf6d7bcda0799a7a5c4f116bbe1ed55a43d,2112c0045f25f895388257caed43b7b5abb9b50a,false,e9patch,portable,e9patch-corpus,fcntl_getpipe_sz,verify,ptrace,enabled,pass,,,3dd20daf8aa725a6dbd58867cc17c5f43e4b91a923f7021902579dd8308bef28,200,,level=L2 (Determinism verified),,,,,,,,,,"[""tmp=/tmp""]",,,,
e9patch-20260801,@1785621326,b1fdeaf6d7bcda0799a7a5c4f116bbe1ed55a43d,2112c0045f25f895388257caed43b7b5abb9b50a,false,e9patch,portable,e9patch-corpus,fcntl_getpipe_sz,verify,e9patch,enabled,pass,,,3dd20daf8aa725a6dbd58867cc17c5f43e4b91a923f7021902579dd8308bef28,361,,level=L2 (Determinism verified),,,,,stdout_parity:1,,,,,"[""tmp=/tmp""]",,,,
e9patch-20260801,@1785621326,b1fdeaf6d7bcda0799a7a5c4f116bbe1ed55a43d,2112c0045f25f895388257caed43b7b5abb9b50a,false,e9patch,portable,e9patch-corpus,fcntl_setfd_cloexec,verify,ptrace,enabled,pass,,,fec8d7336aa4eb71f41c4907aeb83837f1c25bf775c742dd26ee99a0c1ade575,201,,level=L2 (Determinism verified),,,,,,,,,,"[""tmp=/tmp""]",,,,
e9patch-20260801,@1785621326,b1fdeaf6d7bcda0799a7a5c4f116bbe1ed55a43d,2112c0045f25f895388257caed43b7b5abb9b50a,false,e9patch,portable,e9patch-corpus,fcntl_setfd_cloexec,verify,e9patch,enabled,pass,,,fec8d7336aa4eb71f41c4907aeb83837f1c25bf775c742dd26ee99a0c1ade575,362,,level=L2 (Determinism verified),,,,,stdout_parity:1,,,,,"[""tmp=/tmp""]",,,,
e9patch-20260801,@1785621326,b1fdeaf6d7bcda0799a7a5c4f116bbe1ed55a43d,2112c0045f25f895388257caed43b7b5abb9b50a,false,e9patch,portable,e9patch-corpus,fcntl_setfl_nonblock,verify,ptrace,enabled,pass,,,490e296a030fd45db374e0a56b1d9ba1d21ac1f387170daf0390c843fb7fe202,201,,level=L2 (Determinism verified),,,,,,,,,,"[""tmp=/tmp""]",,,,
e9patch-20260801,@1785621326,b1fdeaf6d7bcda0799a7a5c4f116bbe1ed55a43d,2112c0045f25f895388257caed43b7b5abb9b50a,false,e9patch,portable,e9patch-corpus,fcntl_setfl_nonblock,verify,e9patch,enabled,pass,,,490e296a030fd45db374e0a56b1d9ba1d21ac1f387170daf0390c843fb7fe202,361,,level=L2 (Determinism verified),,,,,stdout_parity:1,,,,,"[""tmp=/tmp""]",,,,
e9patch-20260801,@1785621326,b1fdeaf6d7bcda0799a7a5c4f116bbe1ed55a43d,2112c0045f25f895388257caed43b7b5abb9b50a,false,e9patch,portable,e9patch-corpus,fcntl_setlk_memfd,verify,ptrace,enabled,pass,,,a870fc6ef61a9b954338a47fe5d194f629b22f8627ad3341f1ce0f1e5caa1bdc,201,,level=L2 (Determinism verified),,,,,,,,,,"[""tmp=/tmp""]",,,,
e9patch-20260801,@1785621326,b1fdeaf6d7bcda0799a7a5c4f116bbe1ed55a43d,2112c0045f25f895388257caed43b7b5abb9b50a,false,e9patch,portable,e9patch-corpus,fcntl_setlk_memfd,verify,e9patch,enabled,pass,,,a870fc6ef61a9b954338a47fe5d194f629b22f8627ad3341f1ce0f1e5caa1bdc,362,,level=L2 (Determinism verified),,,,,stdout_parity:1,,,,,"[""tmp=/tmp""]",,,,
e9patch-20260801,@1785621326,b1fdeaf6d7bcda0799a7a5c4f116bbe1ed55a43d,2112c0045f25f895388257caed43b7b5abb9b50a,false,e9patch,portable,e9patch-corpus,fd_lowest_free,verify,ptrace,enabled,pass,,,a6906f51082a758a8ee64ab547cac22237ff411aead6065670db51c15d9518c1,241,,level=L2 (Determinism verified),,,,,,,,,,"[""tmp=/tmp""]",,,,
e9patch-20260801,@1785621326,b1fdeaf6d7bcda0799a7a5c4f116bbe1ed55a43d,2112c0045f25f895388257caed43b7b5abb9b50a,false,e9patch,portable,e9patch-corpus,fd_lowest_free,verify,e9patch,enabled,pass,,,a6906f51082a758a8ee64ab547cac22237ff411aead6065670db51c15d9518c1,402,,level=L2 (Determinism verified),,,,,stdout_parity:1,,,,,"[""tmp=/tmp""]",,,,
e9patch-20260801,@1785621326,b1fdeaf6d7bcda0799a7a5c4f116bbe1ed55a43d,2112c0045f25f895388257caed43b7b5abb9b50a,false,e9patch,portable,e9patch-corpus,fd_open_number,verify,ptrace,enabled,pass,,,aa4963f23ed1313130b5a50a3a95e518b810332988b075c1af8d0569e16e6625,161,,level=L2 (Determinism verified),,,,,,,,,,"[""tmp=/tmp""]",,,,
e9patch-20260801,@1785621326,b1fdeaf6d7bcda0799a7a5c4f116bbe1ed55a43d,2112c0045f25f895388257caed43b7b5abb9b50a,false,e9patch,portable,e9patch-corpus,fd_open_number,verify,e9patch,enabled,pass,,,aa4963f23ed1313130b5a50a3a95e518b810332988b075c1af8d0569e16e6625,361,,level=L2 (Determinism verified),,,,,stdout_parity:1,,,,,"[""tmp=/tmp""]",,,,
e9patch-20260801,@1785621326,b1fdeaf6d7bcda0799a7a5c4f116bbe1ed55a43d,2112c0045f25f895388257caed43b7b5abb9b50a,false,e9patch,portable,e9patch-corpus,fdatasync_memfd,verify,ptrace,enabled,pass,,,0644d2b1fa6290070bf6c72a31daf080ecf2752c632667a606ba71151d3f8bb1,201,,level=L2 (Determinism verified),,,,,,,,,,"[""tmp=/tmp""]",,,,
e9patch-20260801,@1785621326,b1fdeaf6d7bcda0799a7a5c4f116bbe1ed55a43d,2112c0045f25f895388257caed43b7b5abb9b50a,false,e9patch,portable,e9patch-corpus,fdatasync_memfd,verify,e9patch,enabled,pass,,,0644d2b1fa6290070bf6c72a31daf080ecf2752c632667a606ba71151d3f8bb1,361,,level=L2 (Determinism verified),,,,,stdout_parity:1,,,,,"[""tmp=/tmp""]",,,,
e9patch-20260801,@1785621326,b1fdeaf6d7bcda0799a7a5c4f116bbe1ed55a43d,2112c0045f25f895388257caed43b7b5abb9b50a,false,e9patch,portable,e9patch-corpus,fgetxattr_devnull,verify,ptrace,enabled,pass,,,1c2e9332bf3cce4827a4871eebecedb422ffbbbb2130627e298c060e8571b8d4,201,,level=L2 (Determinism verified),,,,,,,,,,"[""tmp=/tmp""]",,,,
e9patch-20260801,@1785621326,b1fdeaf6d7bcda0799a7a5c4f116bbe1ed55a43d,2112c0045f25f895388257caed43b7b5abb9b50a,false,e9patch,portable,e9patch-corpus,fgetxattr_devnull,verify,e9patch,enabled,pass,,,1c2e9332bf3cce4827a4871eebecedb422ffbbbb2130627e298c060e8571b8d4,34255,,level=L2 (Determinism verified),,,,,stdout_parity:1,,,,,"[""tmp=/tmp""]",,,,
e9patch-20260801,@1785621326,b1fdeaf6d7bcda0799a7a5c4f116bbe1ed55a43d,2112c0045f25f895388257caed43b7b5abb9b50a,false,e9patch,portable,e9patch-corpus,file_mmap_zero,verify,ptrace,enabled,pass,,,c671eabdc0f3b5ae3ad79766f7b41ae0dbc905ba8c39aca553ccf77e530ba6f1,201,,level=L2 (Determinism verified),,,,,,,,,,"[""tmp=/tmp""]",,,,
e9patch-20260801,@1785621326,b1fdeaf6d7bcda0799a7a5c4f116bbe1ed55a43d,2112c0045f25f895388257caed43b7b5abb9b50a,false,e9patch,portable,e9patch-corpus,file_mmap_zero,verify,e9patch,enabled,pass,,,c671eabdc0f3b5ae3ad79766f7b41ae0dbc905ba8c39aca553ccf77e530ba6f1,361,,level=L2 (Determinism verified),,,,,stdout_parity:1,,,,,"[""tmp=/tmp""]",,,,
e9patch-20260801,@1785621326,b1fdeaf6d7bcda0799a7a5c4f116bbe1ed55a43d,2112c0045f25f895388257caed43b7b5abb9b50a,false,e9patch,portable,e9patch-corpus,flistxattr_memfd,verify,ptrace,enabled,pass,,,f2575670ec10f8d66f58a2f9dbb17f0f9a177512fd685773b3b7274076d38f17,201,,level=L2 (Determinism verified),,,,,,,,,,"[""tmp=/tmp""]",,,,
e9patch-20260801,@1785621326,b1fdeaf6d7bcda0799a7a5c4f116bbe1ed55a43d,2112c0045f25f895388257caed43b7b5abb9b50a,false,e9patch,portable,e9patch-corpus,flistxattr_memfd,verify,e9patch,enabled,pass,,,f2575670ec10f8d66f58a2f9dbb17f0f9a177512fd685773b3b7274076d38f17,360,,level=L2 (Determinism verified),,,,,stdout_parity:1,,,,,"[""tmp=/tmp""]",,,,
e9patch-20260801,@1785621326,b1fdeaf6d7bcda0799a7a5c4f116bbe1ed55a43d,2112c0045f25f895388257caed43b7b5abb9b50a,false,e9patch,portable,e9patch-corpus,flock_memfd,verify,ptrace,enabled,pass,,,55112c0653114d44a48d789d5ea0c74906542c23d01d0e8a8950c84eaa2672cf,160,,level=L2 (Determinism verified),,,,,,,,,,"[""tmp=/tmp""]",,,,
e9patch-20260801,@1785621326,b1fdeaf6d7bcda0799a7a5c4f116bbe1ed55a43d,2112c0045f25f895388257caed43b7b5abb9b50a,false,e9patch,portable,e9patch-corpus,flock_memfd,verify,e9patch,enabled,pass,,,55112c0653114d44a48d789d5ea0c74906542c23d01d0e8a8950c84eaa2672cf,361,,level=L2 (Determinism verified),,,,,stdout_parity:1,,,,,"[""tmp=/tmp""]",,,,
e9patch-20260801,@1785621326,b1fdeaf6d7bcda0799a7a5c4f116bbe1ed55a43d,2112c0045f25f895388257caed43b7b5abb9b50a,false,e9patch,portable,e9patch-corpus,fremovexattr_devnull,verify,ptrace,enabled,pass,,,7dddcf55aeb3175bd3ecc92a0f697420e523e1be8f8e1d600f0fc9b3f9243bd9,160,,level=L2 (Determinism verified),,,,,,,,,,"[""tmp=/tmp""]",,,,
e9patch-20260801,@1785621326,b1fdeaf6d7bcda0799a7a5c4f116bbe1ed55a43d,2112c0045f25f895388257caed43b7b5abb9b50a,false,e9patch,portable,e9patch-corpus,fremovexattr_devnull,verify,e9patch,enabled,pass,,,7dddcf55aeb3175bd3ecc92a0f697420e523e1be8f8e1d600f0fc9b3f9243bd9,362,,level=L2 (Determinism verified),,,,,stdout_parity:1,,,,,"[""tmp=/tmp""]",,,,
e9patch-20260801,@1785621326,b1fdeaf6d7bcda0799a7a5c4f116bbe1ed55a43d,2112c0045f25f895388257caed43b7b5abb9b50a,false,e9patch,portable,e9patch-corpus,fstat_devnull,verify,ptrace,enabled,pass,,,660c05b6053ab978f27206123646b9d3b8e7c9b5b31fabea0d94e0d7541a68df,201,,level=L2 (Determinism verified),,,,,,,,,,"[""tmp=/tmp""]",,,,
e9patch-20260801,@1785621326,b1fdeaf6d7bcda0799a7a5c4f116bbe1ed55a43d,2112c0045f25f895388257caed43b7b5abb9b50a,false,e9patch,portable,e9patch-corpus,fstat_devnull,verify,e9patch,enabled,pass,,,660c05b6053ab978f27206123646b9d3b8e7c9b5b31fabea0d94e0d7541a68df,361,,level=L2 (Determinism verified),,,,,stdout_parity:1,,,,,"[""tmp=/tmp""]",,,,
e9patch-20260801,@1785621326,b1fdeaf6d7bcda0799a7a5c4f116bbe1ed55a43d,2112c0045f25f895388257caed43b7b5abb9b50a,false,e9patch,portable,e9patch-corpus,fstat_size_memfd,verify,ptrace,enabled,pass,,,d33476919df3a8d8f3cc391f15482e7371e57c144a5258e78d1bb5dea9fffa3f,201,,level=L2 (Determinism verified),,,,,,,,,,"[""tmp=/tmp""]",,,,
e9patch-20260801,@1785621326,b1fdeaf6d7bcda0799a7a5c4f116bbe1ed55a43d,2112c0045f25f895388257caed43b7b5abb9b50a,false,e9patch,portable,e9patch-corpus,fstat_size_memfd,verify,e9patch,enabled,pass,,,d33476919df3a8d8f3cc391f15482e7371e57c144a5258e78d1bb5dea9fffa3f,361,,level=L2 (Determinism verified),,,,,stdout_parity:1,,,,,"[""tmp=/tmp""]",,,,
e9patch-20260801,@1785621326,b1fdeaf6d7bcda0799a7a5c4f116bbe1ed55a43d,2112c0045f25f895388257caed43b7b5abb9b50a,false,e9patch,portable,e9patch-corpus,fstatfs_memfd,verify,ptrace,enabled,pass,,,68c41631bd9ed69c0748c0b0249d99bdee158d865f9269f146596998e6b8e97b,201,,level=L2 (Determinism verified),,,,,,,,,,"[""tmp=/tmp""]",,,,
e9patch-20260801,@1785621326,b1fdeaf6d7bcda0799a7a5c4f116bbe1ed55a43d,2112c0045f25f895388257caed43b7b5abb9b50a,false,e9patch,portable,e9patch-corpus,fstatfs_memfd,verify,e9patch,enabled,pass,,,68c41631bd9ed69c0748c0b0249d99bdee158d865f9269f146596998e6b8e97b,362,,level=L2 (Determinism verified),,,,,stdout_parity:1,,,,,"[""tmp=/tmp""]",,,,
e9patch-20260801,@1785621326,b1fdeaf6d7bcda0799a7a5c4f116bbe1ed55a43d,2112c0045f25f895388257caed43b7b5abb9b50a,false,e9patch,portable,e9patch-corpus,fsync_memfd,verify,ptrace,enabled,pass,,,9bf54a600d821c630631dc2361cb41268e8f9a73dc411e55f36c9b43c3418eda,202,,level=L2 (Determinism verified),,,,,,,,,,"[""tmp=/tmp""]",,,,
e9patch-20260801,@1785621326,b1fdeaf6d7bcda0799a7a5c4f116bbe1ed55a43d,2112c0045f25f895388257caed43b7b5abb9b50a,false,e9patch,portable,e9patch-corpus,fsync_memfd,verify,e9patch,enabled,pass,,,9bf54a600d821c630631dc2361cb41268e8f9a73dc411e55f36c9b43c3418eda,362,,level=L2 (Determinism verified),,,,,stdout_parity:1,,,,,"[""tmp=/tmp""]",,,,
e9patch-20260801,@1785621326,b1fdeaf6d7bcda0799a7a5c4f116bbe1ed55a43d,2112c0045f25f895388257caed43b7b5abb9b50a,false,e9patch,portable,e9patch-corpus,ftruncate_memfd,verify,ptrace,enabled,pass,,,e8f6d6bc7ff94e10bfb235b59ad249b87c58a953abbcc53af329ee6c66fc5877,201,,level=L2 (Determinism verified),,,,,,,,,,"[""tmp=/tmp""]",,,,
e9patch-20260801,@1785621326,b1fdeaf6d7bcda0799a7a5c4f116bbe1ed55a43d,2112c0045f25f895388257caed43b7b5abb9b50a,false,e9patch,portable,e9patch-corpus,ftruncate_memfd,verify,e9patch,enabled,pass,,,e8f6d6bc7ff94e10bfb235b59ad249b87c58a953abbcc53af329ee6c66fc5877,403,,level=L2 (Determinism verified),,,,,stdout_parity:1,,,,,"[""tmp=/tmp""]",,,,
e9patch-20260801,@1785621326,b1fdeaf6d7bcda0799a7a5c4f116bbe1ed55a43d,2112c0045f25f895388257caed43b7b5abb9b50a,false,e9patch,portable,e9patch-corpus,futex_wait_mismatch,verify,ptrace,enabled,pass,,,7b18f39441d03e915b6fe5e34b5a97a4f35d57ce719f2d8608a4b0d7deb110d4,242,,level=L2 (Determinism verified),,,,,,,,,,"[""tmp=/tmp""]",,,,
e9patch-20260801,@1785621326,b1fdeaf6d7bcda0799a7a5c4f116bbe1ed55a43d,2112c0045f25f895388257caed43b7b5abb9b50a,false,e9patch,portable,e9patch-corpus,futex_wait_mismatch,verify,e9patch,enabled,pass,,,7b18f39441d03e915b6fe5e34b5a97a4f35d57ce719f2d8608a4b0d7deb110d4,364,,level=L2 (Determinism verified),,,,,stdout_parity:1,,,,,"[""tmp=/tmp""]",,,,
e9patch-20260801,@1785621326,b1fdeaf6d7bcda0799a7a5c4f116bbe1ed55a43d,2112c0045f25f895388257caed43b7b5abb9b50a,false,e9patch,portable,e9patch-corpus,futex_wake_empty,verify,ptrace,enabled,pass,,,b51c97ec06ac498462dcb9e18bba53a8d26868ea3bb0f8452ebfb1259c9fdfe4,202,,level=L2 (Determinism verified),,,,,,,,,,"[""tmp=/tmp""]",,,,
e9patch-20260801,@1785621326,b1fdeaf6d7bcda0799a7a5c4f116bbe1ed55a43d,2112c0045f25f895388257caed43b7b5abb9b50a,false,e9patch,portable,e9patch-corpus,futex_wake_empty,verify,e9patch,enabled,pass,,,b51c97ec06ac498462dcb9e18bba53a8d26868ea3bb0f8452ebfb1259c9fdfe4,403,,level=L2 (Determinism verified),,,,,stdout_parity:1,,,,,"[""tmp=/tmp""]",,,,
e9patch-20260801,@1785621326,b1fdeaf6d7bcda0799a7a5c4f116bbe1ed55a43d,2112c0045f25f895388257caed43b7b5abb9b50a,false,e9patch,portable,e9patch-corpus,get_mempolicy_default,verify,ptrace,enabled,pass,,,4014c984dc8a6511e6f9f38045ae6af9f58f9d8a82f041ca8cf67ccd1a7c133c,202,,level=L2 (Determinism verified),,,,,,,,,,"[""tmp=/tmp""]",,,,
e9patch-20260801,@1785621326,b1fdeaf6d7bcda0799a7a5c4f116bbe1ed55a43d,2112c0045f25f895388257caed43b7b5abb9b50a,false,e9patch,portable,e9patch-corpus,get_mempolicy_default,verify,e9patch,enabled,pass,,,4014c984dc8a6511e6f9f38045ae6af9f58f9d8a82f041ca8cf67ccd1a7c133c,366,,level=L2 (Determinism verified),,,,,stdout_parity:1,,,,,"[""tmp=/tmp""]",,,,
e9patch-20260801,@1785621326,b1fdeaf6d7bcda0799a7a5c4f116bbe1ed55a43d,2112c0045f25f895388257caed43b7b5abb9b50a,false,e9patch,portable,e9patch-corpus,get_robust_list_ok,verify,ptrace,enabled,pass,,,ae385ef54fe9afd6db656bc114d52d68802becb8c53ec2fcae1fc65d5e63f750,203,,level=L2 (Determinism verified),,,,,,,,,,"[""tmp=/tmp""]",,,,
e9patch-20260801,@1785621326,b1fdeaf6d7bcda0799a7a5c4f116bbe1ed55a43d,2112c0045f25f895388257caed43b7b5abb9b50a,false,e9patch,portable,e9patch-corpus,get_robust_list_ok,verify,e9patch,enabled,pass,,,ae385ef54fe9afd6db656bc114d52d68802becb8c53ec2fcae1fc65d5e63f750,364,,level=L2 (Determinism verified),,,,,stdout_parity:1,,,,,"[""tmp=/tmp""]",,,,
e9patch-20260801,@1785621326,b1fdeaf6d7bcda0799a7a5c4f116bbe1ed55a43d,2112c0045f25f895388257caed43b7b5abb9b50a,false,e9patch,portable,e9patch-corpus,getcpu_check,verify,ptrace,enabled,pass,,,b5add3b5a3a40e426819789912927c47d4de7ba3c0e9e497646a83faffd866f8,201,,level=L2 (Determinism verified),,,,,,,,,,"[""tmp=/tmp""]",,,,
e9patch-20260801,@1785621326,b1fdeaf6d7bcda0799a7a5c4f116bbe1ed55a43d,2112c0045f25f895388257caed43b7b5abb9b50a,false,e9patch,portable,e9patch-corpus,getcpu_check,verify,e9patch,enabled,pass,,,b5add3b5a3a40e426819789912927c47d4de7ba3c0e9e497646a83faffd866f8,362,,level=L2 (Determinism verified),,,,,stdout_parity:1,,,,,"[""tmp=/tmp""]",,,,
e9patch-20260801,@1785621326,b1fdeaf6d7bcda0799a7a5c4f116bbe1ed55a43d,2112c0045f25f895388257caed43b7b5abb9b50a,false,e9patch,portable,e9patch-corpus,getcwd_check,verify,ptrace,enabled,pass,,,c8ee231d8ba92cf17936c7105655a252e0cb97e27bbd4ee82fd2bd15c130ed4c,242,,level=L2 (Determinism verified),,,,,,,,,,"[""tmp=/tmp""]",,,,
e9patch-20260801,@1785621326,b1fdeaf6d7bcda0799a7a5c4f116bbe1ed55a43d,2112c0045f25f895388257caed43b7b5abb9b50a,false,e9patch,portable,e9patch-corpus,getcwd_check,verify,e9patch,enabled,pass,,,c8ee231d8ba92cf17936c7105655a252e0cb97e27bbd4ee82fd2bd15c130ed4c,321,,level=L2 (Determinism verified),,,,,stdout_parity:1,,,,,"[""tmp=/tmp""]",,,,
e9patch-20260801,@1785621326,b1fdeaf6d7bcda0799a7a5c4f116bbe1ed55a43d,2112c0045f25f895388257caed43b7b5abb9b50a,false,e9patch,portable,e9patch-corpus,getdents_legacy,verify,ptrace,enabled,pass,,,558ef98d4fcd838ec6f055cca4bc72577eb697e9b1872206ca4efbd6ed2ba88f,201,,level=L2 (Determinism verified),,,,,,,,,,"[""tmp=/tmp""]",,,,
e9patch-20260801,@1785621326,b1fdeaf6d7bcda0799a7a5c4f116bbe1ed55a43d,2112c0045f25f895388257caed43b7b5abb9b50a,false,e9patch,portable,e9patch-corpus,getdents_legacy,verify,e9patch,enabled,pass,,,558ef98d4fcd838ec6f055cca4bc72577eb697e9b1872206ca4efbd6ed2ba88f,362,,level=L2 (Determinism verified),,,,,stdout_parity:1,,,,,"[""tmp=/tmp""]",,,,
e9patch-20260801,@1785621326,b1fdeaf6d7bcda0799a7a5c4f116bbe1ed55a43d,2112c0045f25f895388257caed43b7b5abb9b50a,false,e9patch,portable,e9patch-corpus,getdents_root,verify,ptrace,enabled,pass,,,558ef98d4fcd838ec6f055cca4bc72577eb697e9b1872206ca4efbd6ed2ba88f,202,,level=L2 (Determinism verified),,,,,,,,,,"[""tmp=/tmp""]",,,,
e9patch-20260801,@1785621326,b1fdeaf6d7bcda0799a7a5c4f116bbe1ed55a43d,2112c0045f25f895388257caed43b7b5abb9b50a,false,e9patch,portable,e9patch-corpus,getdents_root,verify,e9patch,enabled,pass,,,558ef98d4fcd838ec6f055cca4bc72577eb697e9b1872206ca4efbd6ed2ba88f,362,,level=L2 (Determinism verified),,,,,stdout_parity:1,,,,,"[""tmp=/tmp""]",,,,
e9patch-20260801,@1785621326,b1fdeaf6d7bcda0799a7a5c4f116bbe1ed55a43d,2112c0045f25f895388257caed43b7b5abb9b50a,false,e9patch,portable,e9patch-corpus,getgroups_identity,verify,ptrace,enabled,pass,,,000ef608851db8f2f7f5f323fe61c164866d9e5ae7576f47475fc48abb9ab730,201,,level=L2 (Determinism verified),,,,,,,,,,"[""tmp=/tmp""]",,,,
e9patch-20260801,@1785621326,b1fdeaf6d7bcda0799a7a5c4f116bbe1ed55a43d,2112c0045f25f895388257caed43b7b5abb9b50a,false,e9patch,portable,e9patch-corpus,getgroups_identity,verify,e9patch,enabled,pass,,,000ef608851db8f2f7f5f323fe61c164866d9e5ae7576f47475fc48abb9ab730,322,,level=L2 (Determinism verified),,,,,stdout_parity:1,,,,,"[""tmp=/tmp""]",,,,
e9patch-20260801,@1785621326,b1fdeaf6d7bcda0799a7a5c4f116bbe1ed55a43d,2112c0045f25f895388257caed43b7b5abb9b50a,false,e9patch,portable,e9patch-corpus,getid_identity,verify,ptrace,enabled,pass,,,5d021db29283266907ec30dc7da59b254049613f7397ba44ab2bd0c0fe1fd8e8,202,,level=L2 (Determinism verified),,,,,,,,,,"[""tmp=/tmp""]",,,,
e9patch-20260801,@1785621326,b1fdeaf6d7bcda0799a7a5c4f116bbe1ed55a43d,2112c0045f25f895388257caed43b7b5abb9b50a,false,e9patch,portable,e9patch-corpus,getid_identity,verify,e9patch,enabled,pass,,,5d021db29283266907ec30dc7da59b254049613f7397ba44ab2bd0c0fe1fd8e8,402,,level=L2 (Determinism verified),,,,,stdout_parity:1,,,,,"[""tmp=/tmp""]",,,,
e9patch-20260801,@1785621326,b1fdeaf6d7bcda0799a7a5c4f116bbe1ed55a43d,2112c0045f25f895388257caed43b7b5abb9b50a,false,e9patch,portable,e9patch-corpus,getitimer_real,verify,ptrace,enabled,pass,,,4cb73ba8c93ad085784480325439ad0b1f4463312a98470927ce1dac7463d475,161,,level=L2 (Determinism verified),,,,,,,,,,"[""tmp=/tmp""]",,,,
e9patch-20260801,@1785621326,b1fdeaf6d7bcda0799a7a5c4f116bbe1ed55a43d,2112c0045f25f895388257caed43b7b5abb9b50a,false,e9patch,portable,e9patch-corpus,getitimer_real,verify,e9patch,enabled,pass,,,4cb73ba8c93ad085784480325439ad0b1f4463312a98470927ce1dac7463d475,362,,level=L2 (Determinism verified),,,,,stdout_parity:1,,,,,"[""tmp=/tmp""]",,,,
e9patch-20260801,@1785621326,b1fdeaf6d7bcda0799a7a5c4f116bbe1ed55a43d,2112c0045f25f895388257caed43b7b5abb9b50a,false,e9patch,portable,e9patch-corpus,getpeername_unix,verify,ptrace,enabled,pass,,,21e35b3405f840915151eb4f15fedda90e3fd419f5e02410a71086f908de6f34,201,,level=L2 (Determinism verified),,,,,,,,,,"[""tmp=/tmp""]",,,,
e9patch-20260801,@1785621326,b1fdeaf6d7bcda0799a7a5c4f116bbe1ed55a43d,2112c0045f25f895388257caed43b7b5abb9b50a,false,e9patch,portable,e9patch-corpus,getpeername_unix,verify,e9patch,enabled,pass,,,21e35b3405f840915151eb4f15fedda90e3fd419f5e02410a71086f908de6f34,362,,level=L2 (Determinism verified),,,,,stdout_parity:1,,,,,"[""tmp=/tmp""]",,,,
e9patch-20260801,@1785621326,b1fdeaf6d7bcda0799a7a5c4f116bbe1ed55a43d,2112c0045f25f895388257caed43b7b5abb9b50a,false,e9patch,portable,e9patch-corpus,getpgid_check,verify,ptrace,enabled,pass,,,91c6aa2e9e8607dc2a2cab426f7f5f633e1ee5de3ca0b40d279ac66e02ce1f37,161,,level=L2 (Determinism verified),,,,,,,,,,"[""tmp=/tmp""]",,,,
e9patch-20260801,@1785621326,b1fdeaf6d7bcda0799a7a5c4f116bbe1ed55a43d,2112c0045f25f895388257caed43b7b5abb9b50a,false,e9patch,portable,e9patch-corpus,getpgid_check,verify,e9patch,enabled,pass,,,91c6aa2e9e8607dc2a2cab426f7f5f633e1ee5de3ca0b40d279ac66e02ce1f37,361,,level=L2 (Determinism verified),,,,,stdout_parity:1,,,,,"[""tmp=/tmp""]",,,,
e9patch-20260801,@1785621326,b1fdeaf6d7bcda0799a7a5c4f116bbe1ed55a43d,2112c0045f25f895388257caed43b7b5abb9b50a,false,e9patch,portable,e9patch-corpus,getpgrp_check,verify,ptrace,enabled,pass,,,f9a3c76ee3f3d05fdbfd3b6cd541a9343af0c3b7b4536ef4afff232216c3950b,160,,level=L2 (Determinism verified),,,,,,,,,,"[""tmp=/tmp""]",,,,
e9patch-20260801,@1785621326,b1fdeaf6d7bcda0799a7a5c4f116bbe1ed55a43d,2112c0045f25f895388257caed43b7b5abb9b50a,false,e9patch,portable,e9patch-corpus,getpgrp_check,verify,e9patch,enabled,pass,,,f9a3c76ee3f3d05fdbfd3b6cd541a9343af0c3b7b4536ef4afff232216c3950b,361,,level=L2 (Determinism verified),,,,,stdout_parity:1,,,,,"[""tmp=/tmp""]",,,,
e9patch-20260801,@1785621326,b1fdeaf6d7bcda0799a7a5c4f116bbe1ed55a43d,2112c0045f25f895388257caed43b7b5abb9b50a,false,e9patch,portable,e9patch-corpus,getpid_check,verify,ptrace,enabled,pass,,,e3b0c44298fc1c149afbf4c8996fb92427ae41e4649b934ca495991b7852b855,162,,level=L2 (Determinism verified),,,,,,,,,,"[""tmp=/tmp""]",,,,
e9patch-20260801,@1785621326,b1fdeaf6d7bcda0799a7a5c4f116bbe1ed55a43d,2112c0045f25f895388257caed43b7b5abb9b50a,false,e9patch,portable,e9patch-corpus,getpid_check,verify,e9patch,enabled,pass,,,e3b0c44298fc1c149afbf4c8996fb92427ae41e4649b934ca495991b7852b855,362,,level=L2 (Determinism verified),,,,,stdout_parity:1,,,,,"[""tmp=/tmp""]",,,,
e9patch-20260801,@1785621326,b1fdeaf6d7bcda0799a7a5c4f116bbe1ed55a43d,2112c0045f25f895388257caed43b7b5abb9b50a,false,e9patch,portable,e9patch-corpus,getppid_check,verify,ptrace,enabled,pass,,,68b6f86e33859007b3a43d16ca11e070b41e14e8e3cd2b1e43e6661cd568d247,161,,level=L2 (Determinism verified),,,,,,,,,,"[""tmp=/tmp""]",,,,
e9patch-20260801,@1785621326,b1fdeaf6d7bcda0799a7a5c4f116bbe1ed55a43d,2112c0045f25f895388257caed43b7b5abb9b50a,false,e9patch,portable,e9patch-corpus,getppid_check,verify,e9patch,enabled,pass,,,68b6f86e33859007b3a43d16ca11e070b41e14e8e3cd2b1e43e6661cd568d247,362,,level=L2 (Determinism verified),,,,,stdout_parity:1,,,,,"[""tmp=/tmp""]",,,,
e9patch-20260801,@1785621326,b1fdeaf6d7bcda0799a7a5c4f116bbe1ed55a43d,2112c0045f25f895388257caed43b7b5abb9b50a,false,e9patch,portable,e9patch-corpus,getpriority_self,verify,ptrace,enabled,pass,,,2332dbddc5ff6df8d0313ce0b6eb2a1c1b60f6b0e2fbd888b304f96533f74f30,161,,level=L2 (Determinism verified),,,,,,,,,,"[""tmp=/tmp""]",,,,
e9patch-20260801,@1785621326,b1fdeaf6d7bcda0799a7a5c4f116bbe1ed55a43d,2112c0045f25f895388257caed43b7b5abb9b50a,false,e9patch,portable,e9patch-corpus,getpriority_self,verify,e9patch,enabled,pass,,,2332dbddc5ff6df8d0313ce0b6eb2a1c1b60f6b0e2fbd888b304f96533f74f30,362,,level=L2 (Determinism verified),,,,,stdout_parity:1,,,,,"[""tmp=/tmp""]",,,,
e9patch-20260801,@1785621326,b1fdeaf6d7bcda0799a7a5c4f116bbe1ed55a43d,2112c0045f25f895388257caed43b7b5abb9b50a,false,e9patch,portable,e9patch-corpus,getrandom,verify,ptrace,enabled,pass,,,e3b0c44298fc1c149afbf4c8996fb92427ae41e4649b934ca495991b7852b855,161,,level=L2 (Determinism verified),,,,,,,,,,"[""tmp=/tmp""]",,,,
e9patch-20260801,@1785621326,b1fdeaf6d7bcda0799a7a5c4f116bbe1ed55a43d,2112c0045f25f895388257caed43b7b5abb9b50a,false,e9patch,portable,e9patch-corpus,getrandom,verify,e9patch,enabled,pass,,,e3b0c44298fc1c149afbf4c8996fb92427ae41e4649b934ca495991b7852b855,322,,level=L2 (Determinism verified),,,,,stdout_parity:1,,,,,"[""tmp=/tmp""]",,,,
e9patch-20260801,@1785621326,b1fdeaf6d7bcda0799a7a5c4f116bbe1ed55a43d,2112c0045f25f895388257caed43b7b5abb9b50a,false,e9patch,portable,e9patch-corpus,getrandom_bytes,verify,ptrace,enabled,pass,,,cf3e9c8af07566ebf3aa3a1363ded5d6ac9142a2d87486c85c9f4b5c76359c2b,160,,level=L2 (Determinism verified),,,,,,,,,,"[""tmp=/tmp""]",,,,
e9patch-20260801,@1785621326,b1fdeaf6d7bcda0799a7a5c4f116bbe1ed55a43d,2112c0045f25f895388257caed43b7b5abb9b50a,false,e9patch,portable,e9patch-corpus,getrandom_bytes,verify,e9patch,enabled,pass,,,cf3e9c8af07566ebf3aa3a1363ded5d6ac9142a2d87486c85c9f4b5c76359c2b,362,,level=L2 (Determinism verified),,,,,stdout_parity:1,,,,,"[""tmp=/tmp""]",,,,
e9patch-20260801,@1785621326,b1fdeaf6d7bcda0799a7a5c4f116bbe1ed55a43d,2112c0045f25f895388257caed43b7b5abb9b50a,false,e9patch,portable,e9patch-corpus,getresuid_check,verify,ptrace,enabled,pass,,,4b0704b84f0539c5b0b3203f5f05ca939c046b72a4322ef1e01044fe525b32aa,160,,level=L2 (Determinism verified),,,,,,,,,,"[""tmp=/tmp""]",,,,
e9patch-20260801,@1785621326,b1fdeaf6d7bcda0799a7a5c4f116bbe1ed55a43d,2112c0045f25f895388257caed43b7b5abb9b50a,false,e9patch,portable,e9patch-corpus,getresuid_check,verify,e9patch,enabled,pass,,,4b0704b84f0539c5b0b3203f5f05ca939c046b72a4322ef1e01044fe525b32aa,321,,level=L2 (Determinism verified),,,,,stdout_parity:1,,,,,"[""tmp=/tmp""]",,,,
e9patch-20260801,@1785621326,b1fdeaf6d7bcda0799a7a5c4f116bbe1ed55a43d,2112c0045f25f895388257caed43b7b5abb9b50a,false,e9patch,portable,e9patch-corpus,getrlimit_nofile,verify,ptrace,enabled,pass,,,26c42943d947dcd597e282ff41463e0a97e1d0830a2b60665ee745fe07962de8,162,,level=L2 (Determinism verified),,,,,,,,,,"[""tmp=/tmp""]",,,,
e9patch-20260801,@1785621326,b1fdeaf6d7bcda0799a7a5c4f116bbe1ed55a43d,2112c0045f25f895388257caed43b7b5abb9b50a,false,e9patch,portable,e9patch-corpus,getrlimit_nofile,verify,e9patch,enabled,pass,,,26c42943d947dcd597e282ff41463e0a97e1d0830a2b60665ee745fe07962de8,362,,level=L2 (Determinism verified),,,,,stdout_parity:1,,,,,"[""tmp=/tmp""]",,,,
e9patch-20260801,@1785621326,b1fdeaf6d7bcda0799a7a5c4f116bbe1ed55a43d,2112c0045f25f895388257caed43b7b5abb9b50a,false,e9patch,portable,e9patch-corpus,getrusage_self,verify,ptrace,enabled,pass,,,466c2fa03ad9ae0f099064705f8ad4c116b96fe12a5c61cf46b3d902d4c38e82,161,,level=L2 (Determinism verified),,,,,,,,,,"[""tmp=/tmp""]",,,,
e9patch-20260801,@1785621326,b1fdeaf6d7bcda0799a7a5c4f116bbe1ed55a43d,2112c0045f25f895388257caed43b7b5abb9b50a,false,e9patch,portable,e9patch-corpus,getrusage_self,verify,e9patch,enabled,pass,,,466c2fa03ad9ae0f099064705f8ad4c116b96fe12a5c61cf46b3d902d4c38e82,45397,,level=L2 (Determinism verified),,,,,stdout_parity:1,,,,,"[""tmp=/tmp""]",,,,
e9patch-20260801,@1785621326,b1fdeaf6d7bcda0799a7a5c4f116bbe1ed55a43d,2112c0045f25f895388257caed43b7b5abb9b50a,false,e9patch,portable,e9patch-corpus,getrusage_thread,verify,ptrace,enabled,pass,,,5eb4555e3665ec38ba246cc573b3ca6f818805bf158d40b0d0b1ca1cb3d31b77,162,,level=L2 (Determinism verified),,,,,,,,,,"[""tmp=/tmp""]",,,,
e9patch-20260801,@1785621326,b1fdeaf6d7bcda0799a7a5c4f116bbe1ed55a43d,2112c0045f25f895388257caed43b7b5abb9b50a,false,e9patch,portable,e9patch-corpus,getrusage_thread,verify,e9patch,enabled,pass,,,5eb4555e3665ec38ba246cc573b3ca6f818805bf158d40b0d0b1ca1cb3d31b77,362,,level=L2 (Determinism verified),,,,,stdout_parity:1,,,,,"[""tmp=/tmp""]",,,,
e9patch-20260801,@1785621326,b1fdeaf6d7bcda0799a7a5c4f116bbe1ed55a43d,2112c0045f25f895388257caed43b7b5abb9b50a,false,e9patch,portable,e9patch-corpus,getsid_check,verify,ptrace,enabled,pass,,,d3545b8b861347d27caffed5e2990bf989eac9400c65352a83ab493dc88dbdb7,201,,level=L2 (Determinism verified),,,,,,,,,,"[""tmp=/tmp""]",,,,
e9patch-20260801,@1785621326,b1fdeaf6d7bcda0799a7a5c4f116bbe1ed55a43d,2112c0045f25f895388257caed43b7b5abb9b50a,false,e9patch,portable,e9patch-corpus,getsid_check,verify,e9patch,enabled,pass,,,d3545b8b861347d27caffed5e2990bf989eac9400c65352a83ab493dc88dbdb7,361,,level=L2 (Determinism verified),,,,,stdout_parity:1,,,,,"[""tmp=/tmp""]",,,,
e9patch-20260801,@1785621326,b1fdeaf6d7bcda0799a7a5c4f116bbe1ed55a43d,2112c0045f25f895388257caed43b7b5abb9b50a,false,e9patch,portable,e9patch-corpus,getsockname_unix,verify,ptrace,enabled,pass,,,e794a468415876aaa32e66610ef66001d60b5e169405000ba8d4eae33312e260,202,,level=L2 (Determinism verified),,,,,,,,,,"[""tmp=/tmp""]",,,,
e9patch-20260801,@1785621326,b1fdeaf6d7bcda0799a7a5c4f116bbe1ed55a43d,2112c0045f25f895388257caed43b7b5abb9b50a,false,e9patch,portable,e9patch-corpus,getsockname_unix,verify,e9patch,enabled,pass,,,e794a468415876aaa32e66610ef66001d60b5e169405000ba8d4eae33312e260,362,,level=L2 (Determinism verified),,,,,stdout_parity:1,,,,,"[""tmp=/tmp""]",,,,
e9patch-20260801,@1785621326,b1fdeaf6d7bcda0799a7a5c4f116bbe1ed55a43d,2112c0045f25f895388257caed43b7b5abb9b50a,false,e9patch,portable,e9patch-corpus,getsockopt_socktype,verify,ptrace,enabled,pass,,,4400b866e9ec9af149ef408bceadc7e9ce1179f3f53f0e521559d3d9f3edd9db,202,,level=L2 (Determinism verified),,,,,,,,,,"[""tmp=/tmp""]",,,,
e9patch-20260801,@1785621326,b1fdeaf6d7bcda0799a7a5c4f116bbe1ed55a43d,2112c0045f25f895388257caed43b7b5abb9b50a,false,e9patch,portable,e9patch-corpus,getsockopt_socktype,verify,e9patch,enabled,pass,,,4400b866e9ec9af149ef408bceadc7e9ce1179f3f53f0e521559d3d9f3edd9db,45399,,level=L2 (Determinism verified),,,,,stdout_parity:1,,,,,"[""tmp=/tmp""]",,,,
e9patch-20260801,@1785621326,b1fdeaf6d7bcda0799a7a5c4f116bbe1ed55a43d,2112c0045f25f895388257caed43b7b5abb9b50a,false,e9patch,portable,e9patch-corpus,gettid_check,verify,ptrace,enabled,pass,,,77d66c655e8136fc955a2f4412bf86847c60cbd13389c5ba6ce26ad1b6073611,161,,level=L2 (Determinism verified),,,,,,,,,,"[""tmp=/tmp""]",,,,
e9patch-20260801,@1785621326,b1fdeaf6d7bcda0799a7a5c4f116bbe1ed55a43d,2112c0045f25f895388257caed43b7b5abb9b50a,false,e9patch,portable,e9patch-corpus,gettid_check,verify,e9patch,enabled,pass,,,77d66c655e8136fc955a2f4412bf86847c60cbd13389c5ba6ce26ad1b6073611,321,,level=L2 (Determinism verified),,,,,stdout_parity:1,,,,,"[""tmp=/tmp""]",,,,
e9patch-20260801,@1785621326,b1fdeaf6d7bcda0799a7a5c4f116bbe1ed55a43d,2112c0045f25f895388257caed43b7b5abb9b50a,false,e9patch,portable,e9patch-corpus,gettimeofday_check,verify,ptrace,enabled,pass,,,9599d859c3889957c3e98640a0d844a3384d91f3a1ffa2a2f11f0254b421ae33,45233,,level=L2 (Determinism verified),,,,,,,,,,"[""tmp=/tmp""]",,,,
e9patch-20260801,@1785621326,b1fdeaf6d7bcda0799a7a5c4f116bbe1ed55a43d,2112c0045f25f895388257caed43b7b5abb9b50a,false,e9patch,portable,e9patch-corpus,gettimeofday_check,verify,e9patch,enabled,pass,,,9599d859c3889957c3e98640a0d844a3384d91f3a1ffa2a2f11f0254b421ae33,321,,level=L2 (Determinism verified),,,,,stdout_parity:1,,,,,"[""tmp=/tmp""]",,,,
e9patch-20260801,@1785621326,b1fdeaf6d7bcda0799a7a5c4f116bbe1ed55a43d,2112c0045f25f895388257caed43b7b5abb9b50a,false,e9patch,portable,e9patch-corpus,getxattr_devnull,verify,ptrace,enabled,pass,,,53aebb609afe09fe4596135fbebf2dc57e0165f726ef4bf7a6b88a05233861b1,161,,level=L2 (Determinism verified),,,,,,,,,,"[""tmp=/tmp""]",,,,
e9patch-20260801,@1785621326,b1fdeaf6d7bcda0799a7a5c4f116bbe1ed55a43d,2112c0045f25f895388257caed43b7b5abb9b50a,false,e9patch,portable,e9patch-corpus,getxattr_devnull,verify,e9patch,enabled,pass,,,53aebb609afe09fe4596135fbebf2dc57e0165f726ef4bf7a6b88a05233861b1,361,,level=L2 (Determinism verified),,,,,stdout_parity:1,,,,,"[""tmp=/tmp""]",,,,
e9patch-20260801,@1785621326,b1fdeaf6d7bcda0799a7a5c4f116bbe1ed55a43d,2112c0045f25f895388257caed43b7b5abb9b50a,false,e9patch,portable,e9patch-corpus,inotify_init_legacy,verify,ptrace,enabled,pass,,,9bcea77fcb7a726839d961315a46b0506c67806e4e6b228a9e141b436d726064,202,,level=L2 (Determinism verified),,,,,,,,,,"[""tmp=/tmp""]",,,,
e9patch-20260801,@1785621326,b1fdeaf6d7bcda0799a7a5c4f116bbe1ed55a43d,2112c0045f25f895388257caed43b7b5abb9b50a,false,e9patch,portable,e9patch-corpus,inotify_init_legacy,verify,e9patch,enabled,pass,,,9bcea77fcb7a726839d961315a46b0506c67806e4e6b228a9e141b436d726064,362,,level=L2 (Determinism verified),,,,,stdout_parity:1,,,,,"[""tmp=/tmp""]",,,,
e9patch-20260801,@1785621326,b1fdeaf6d7bcda0799a7a5c4f116bbe1ed55a43d,2112c0045f25f895388257caed43b7b5abb9b50a,false,e9patch,portable,e9patch-corpus,inotify_rm_watch,verify,ptrace,enabled,pass,,,7cc23e9bba7665703e72f6bde113b92210b073c6ae90a6b98cf3a99a144dc757,201,,level=L2 (Determinism verified),,,,,,,,,,"[""tmp=/tmp""]",,,,
e9patch-20260801,@1785621326,b1fdeaf6d7bcda0799a7a5c4f116bbe1ed55a43d,2112c0045f25f895388257caed43b7b5abb9b50a,false,e9patch,portable,e9patch-corpus,inotify_rm_watch,verify,e9patch,enabled,pass,,,7cc23e9bba7665703e72f6bde113b92210b073c6ae90a6b98cf3a99a144dc757,362,,level=L2 (Determinism verified),,,,,stdout_parity:1,,,,,"[""tmp=/tmp""]",,,,
e9patch-20260801,@1785621326,b1fdeaf6d7bcda0799a7a5c4f116bbe1ed55a43d,2112c0045f25f895388257caed43b7b5abb9b50a,false,e9patch,portable,e9patch-corpus,inotify_watch_root,verify,ptrace,enabled,pass,,,198e0d6083a10fd61bab49db838421e58a5cf31fe71e7815f1da488d5553ccc8,201,,level=L2 (Determinism verified),,,,,,,,,,"[""tmp=/tmp""]",,,,
e9patch-20260801,@1785621326,b1fdeaf6d7bcda0799a7a5c4f116bbe1ed55a43d,2112c0045f25f895388257caed43b7b5abb9b50a,false,e9patch,portable,e9patch-corpus,inotify_watch_root,verify,e9patch,enabled,pass,,,198e0d6083a10fd61bab49db838421e58a5cf31fe71e7815f1da488d5553ccc8,361,,level=L2 (Determinism verified),,,,,stdout_parity:1,,,,,"[""tmp=/tmp""]",,,,
e9patch-20260801,@1785621326,b1fdeaf6d7bcda0799a7a5c4f116bbe1ed55a43d,2112c0045f25f895388257caed43b7b5abb9b50a,false,e9patch,portable,e9patch-corpus,ioctl_enotty,verify,ptrace,enabled,pass,,,24fb6c085207597270de05d8d4beb89d726cb493c5dec364fef19daacb096dea,202,,level=L2 (Determinism verified),,,,,,,,,,"[""tmp=/tmp""]",,,,
e9patch-20260801,@1785621326,b1fdeaf6d7bcda0799a7a5c4f116bbe1ed55a43d,2112c0045f25f895388257caed43b7b5abb9b50a,false,e9patch,portable,e9patch-corpus,ioctl_enotty,verify,e9patch,enabled,pass,,,24fb6c085207597270de05d8d4beb89d726cb493c5dec364fef19daacb096dea,361,,level=L2 (Determinism verified),,,,,stdout_parity:1,,,,,"[""tmp=/tmp""]",,,,
e9patch-20260801,@1785621326,b1fdeaf6d7bcda0799a7a5c4f116bbe1ed55a43d,2112c0045f25f895388257caed43b7b5abb9b50a,false,e9patch,portable,e9patch-corpus,ioctl_fionbio_pipe,verify,ptrace,enabled,pass,,,fc144f8b932269074c7d6499b7641f3fd524ebaeeef5c23a1f1aa28061afa964,45234,,level=L2 (Determinism verified),,,,,,,,,,"[""tmp=/tmp""]",,,,
e9patch-20260801,@1785621326,b1fdeaf6d7bcda0799a7a5c4f116bbe1ed55a43d,2112c0045f25f895388257caed43b7b5abb9b50a,false,e9patch,portable,e9patch-corpus,ioctl_fionbio_pipe,verify,e9patch,enabled,pass,,,fc144f8b932269074c7d6499b7641f3fd524ebaeeef5c23a1f1aa28061afa964,362,,level=L2 (Determinism verified),,,,,stdout_parity:1,,,,,"[""tmp=/tmp""]",,,,
e9patch-20260801,@1785621326,b1fdeaf6d7bcda0799a7a5c4f116bbe1ed55a43d,2112c0045f25f895388257caed43b7b5abb9b50a,false,e9patch,portable,e9patch-corpus,ioctl_fionread_pipe,verify,ptrace,enabled,pass,,,86844ad9b722450d31e319a2bed677fc3dde6cfa61c1d1f9437cf1b92e768d22,201,,level=L2 (Determinism verified),,,,,,,,,,"[""tmp=/tmp""]",,,,
e9patch-20260801,@1785621326,b1fdeaf6d7bcda0799a7a5c4f116bbe1ed55a43d,2112c0045f25f895388257caed43b7b5abb9b50a,false,e9patch,portable,e9patch-corpus,ioctl_fionread_pipe,verify,e9patch,enabled,pass,,,86844ad9b722450d31e319a2bed677fc3dde6cfa61c1d1f9437cf1b92e768d22,361,,level=L2 (Determinism verified),,,,,stdout_parity:1,,,,,"[""tmp=/tmp""]",,,,
e9patch-20260801,@1785621326,b1fdeaf6d7bcda0799a7a5c4f116bbe1ed55a43d,2112c0045f25f895388257caed43b7b5abb9b50a,false,e9patch,portable,e9patch-corpus,ioprio_get_check,verify,ptrace,enabled,pass,,,16045c3855819aa406b8361287059b52f1640c8b89e56e1193a40593c4911e95,200,,level=L2 (Determinism verified),,,,,,,,,,"[""tmp=/tmp""]",,,,
e9patch-20260801,@1785621326,b1fdeaf6d7bcda0799a7a5c4f116bbe1ed55a43d,2112c0045f25f895388257caed43b7b5abb9b50a,false,e9patch,portable,e9patch-corpus,ioprio_get_check,verify,e9patch,enabled,pass,,,16045c3855819aa406b8361287059b52f1640c8b89e56e1193a40593c4911e95,321,,level=L2 (Determinism verified),,,,,stdout_parity:1,,,,,"[""tmp=/tmp""]",,,,
e9patch-20260801,@1785621326,b1fdeaf6d7bcda0799a7a5c4f116bbe1ed55a43d,2112c0045f25f895388257caed43b7b5abb9b50a,false,e9patch,portable,e9patch-corpus,ioprio_set_self,verify,ptrace,enabled,pass,,,5f07ef4e5e2998aabf5cac03c4d39ffccb2c3ec04afd67c20f7f0c362e292109,161,,level=L2 (Determinism verified),,,,,,,,,,"[""tmp=/tmp""]",,,,
e9patch-20260801,@1785621326,b1fdeaf6d7bcda0799a7a5c4f116bbe1ed55a43d,2112c0045f25f895388257caed43b7b5abb9b50a,false,e9patch,portable,e9patch-corpus,ioprio_set_self,verify,e9patch,enabled,pass,,,5f07ef4e5e2998aabf5cac03c4d39ffccb2c3ec04afd67c20f7f0c362e292109,321,,level=L2 (Determinism verified),,,,,stdout_parity:1,,,,,"[""tmp=/tmp""]",,,,
e9patch-20260801,@1785621326,b1fdeaf6d7bcda0799a7a5c4f116bbe1ed55a43d,2112c0045f25f895388257caed43b7b5abb9b50a,false,e9patch,portable,e9patch-corpus,kill_self_sig0,verify,ptrace,enabled,pass,,,04727740893f165ebdf8917bf598468f70f7e8612a45f98e8983d72ab53d148b,161,,level=L2 (Determinism verified),,,,,,,,,,"[""tmp=/tmp""]",,,,
e9patch-20260801,@1785621326,b1fdeaf6d7bcda0799a7a5c4f116bbe1ed55a43d,2112c0045f25f895388257caed43b7b5abb9b50a,false,e9patch,portable,e9patch-corpus,kill_self_sig0,verify,e9patch,enabled,pass,,,04727740893f165ebdf8917bf598468f70f7e8612a45f98e8983d72ab53d148b,361,,level=L2 (Determinism verified),,,,,stdout_parity:1,,,,,"[""tmp=/tmp""]",,,,
e9patch-20260801,@1785621326,b1fdeaf6d7bcda0799a7a5c4f116bbe1ed55a43d,2112c0045f25f895388257caed43b7b5abb9b50a,false,e9patch,portable,e9patch-corpus,lgetxattr_devnull,verify,ptrace,enabled,pass,,,2b51abbd9b4d383e6a92bb513167b030abe89635da8fdadc359ca8b88d221a57,25801,,level=L2 (Determinism verified),,,,,,,,,,"[""tmp=/tmp""]",,,,
e9patch-20260801,@1785621326,b1fdeaf6d7bcda0799a7a5c4f116bbe1ed55a43d,2112c0045f25f895388257caed43b7b5abb9b50a,false,e9patch,portable,e9patch-corpus,lgetxattr_devnull,verify,e9patch,enabled,pass,,,2b51abbd9b4d383e6a92bb513167b030abe89635da8fdadc359ca8b88d221a57,322,,level=L2 (Determinism verified),,,,,stdout_parity:1,,,,,"[""tmp=/tmp""]",,,,
e9patch-20260801,@1785621326,b1fdeaf6d7bcda0799a7a5c4f116bbe1ed55a43d,2112c0045f25f895388257caed43b7b5abb9b50a,false,e9patch,portable,e9patch-corpus,listen_abstract,verify,ptrace,enabled,pass,,,a8fdc0aca2327a6764d22fd87fd9abc2df8e252fa15afba60bd9f111b6b7a621,201,,level=L2 (Determinism verified),,,,,,,,,,"[""tmp=/tmp""]",,,,
e9patch-20260801,@1785621326,b1fdeaf6d7bcda0799a7a5c4f116bbe1ed55a43d,2112c0045f25f895388257caed43b7b5abb9b50a,false,e9patch,portable,e9patch-corpus,listen_abstract,verify,e9patch,enabled,pass,,,a8fdc0aca2327a6764d22fd87fd9abc2df8e252fa15afba60bd9f111b6b7a621,362,,level=L2 (Determinism verified),,,,,stdout_parity:1,,,,,"[""tmp=/tmp""]",,,,
e9patch-20260801,@1785621326,b1fdeaf6d7bcda0799a7a5c4f116bbe1ed55a43d,2112c0045f25f895388257caed43b7b5abb9b50a,false,e9patch,portable,e9patch-corpus,loop_write,verify,ptrace,enabled,pass,,,fc85161a13d76785dee53a8b27be4c4a8bd1d85e75a9e90577c0901b51b2af02,201,,level=L2 (Determinism verified),,,,,,,,,,"[""tmp=/tmp""]",,,,
e9patch-20260801,@1785621326,b1fdeaf6d7bcda0799a7a5c4f116bbe1ed55a43d,2112c0045f25f895388257caed43b7b5abb9b50a,false,e9patch,portable,e9patch-corpus,loop_write,verify,e9patch,enabled,pass,,,fc85161a13d76785dee53a8b27be4c4a8bd1d85e75a9e90577c0901b51b2af02,362,,level=L2 (Determinism verified),,,,,stdout_parity:1,,,,,"[""tmp=/tmp""]",,,,
e9patch-20260801,@1785621326,b1fdeaf6d7bcda0799a7a5c4f116bbe1ed55a43d,2112c0045f25f895388257caed43b7b5abb9b50a,false,e9patch,portable,e9patch-corpus,lremovexattr_devnull,verify,ptrace,enabled,pass,,,aad27483550ebb965b82635d6cdc3dc1d16dd7adf131bd6a95c20cd2e88806a5,160,,level=L2 (Determinism verified),,,,,,,,,,"[""tmp=/tmp""]",,,,
e9patch-20260801,@1785621326,b1fdeaf6d7bcda0799a7a5c4f116bbe1ed55a43d,2112c0045f25f895388257caed43b7b5abb9b50a,false,e9patch,portable,e9patch-corpus,lremovexattr_devnull,verify,e9patch,enabled,pass,,,aad27483550ebb965b82635d6cdc3dc1d16dd7adf131bd6a95c20cd2e88806a5,362,,level=L2 (Determinism verified),,,,,stdout_parity:1,,,,,"[""tmp=/tmp""]",,,,
e9patch-20260801,@1785621326,b1fdeaf6d7bcda0799a7a5c4f116bbe1ed55a43d,2112c0045f25f895388257caed43b7b5abb9b50a,false,e9patch,portable,e9patch-corpus,lseek_pipe,verify,ptrace,enabled,pass,,,9609f7bf309ae10264f31a7134df009893ebaf61f6b8ed317f6c939614896ca8,161,,level=L2 (Determinism verified),,,,,,,,,,"[""tmp=/tmp""]",,,,
e9patch-20260801,@1785621326,b1fdeaf6d7bcda0799a7a5c4f116bbe1ed55a43d,2112c0045f25f895388257caed43b7b5abb9b50a,false,e9patch,portable,e9patch-corpus,lseek_pipe,verify,e9patch,enabled,pass,,,9609f7bf309ae10264f31a7134df009893ebaf61f6b8ed317f6c939614896ca8,362,,level=L2 (Determinism verified),,,,,stdout_parity:1,,,,,"[""tmp=/tmp""]",,,,
e9patch-20260801,@1785621326,b1fdeaf6d7bcda0799a7a5c4f116bbe1ed55a43d,2112c0045f25f895388257caed43b7b5abb9b50a,false,e9patch,portable,e9patch-corpus,lseek_seekcur_memfd,verify,ptrace,enabled,pass,,,ba2d1e95f46897b7e896efba30e7d4facf51e0ade011b927b5451bbab785a8eb,201,,level=L2 (Determinism verified),,,,,,,,,,"[""tmp=/tmp""]",,,,
e9patch-20260801,@1785621326,b1fdeaf6d7bcda0799a7a5c4f116bbe1ed55a43d,2112c0045f25f895388257caed43b7b5abb9b50a,false,e9patch,portable,e9patch-corpus,lseek_seekcur_memfd,verify,e9patch,enabled,pass,,,ba2d1e95f46897b7e896efba30e7d4facf51e0ade011b927b5451bbab785a8eb,361,,level=L2 (Determinism verified),,,,,stdout_parity:1,,,,,"[""tmp=/tmp""]",,,,
e9patch-20260801,@1785621326,b1fdeaf6d7bcda0799a7a5c4f116bbe1ed55a43d,2112c0045f25f895388257caed43b7b5abb9b50a,false,e9patch,portable,e9patch-corpus,lstat_devnull,verify,ptrace,enabled,pass,,,95c9a7abf95648e01f8086f0ad2f4ef60c28a465c5cbbfeaa6afe7f569679eaa,161,,level=L2 (Determinism verified),,,,,,,,,,"[""tmp=/tmp""]",,,,
e9patch-20260801,@1785621326,b1fdeaf6d7bcda0799a7a5c4f116bbe1ed55a43d,2112c0045f25f895388257caed43b7b5abb9b50a,false,e9patch,portable,e9patch-corpus,lstat_devnull,verify,e9patch,enabled,pass,,,95c9a7abf95648e01f8086f0ad2f4ef60c28a465c5cbbfeaa6afe7f569679eaa,361,,level=L2 (Determinism verified),,,,,stdout_parity:1,,,,,"[""tmp=/tmp""]",,,,
e9patch-20260801,@1785621326,b1fdeaf6d7bcda0799a7a5c4f116bbe1ed55a43d,2112c0045f25f895388257caed43b7b5abb9b50a,false,e9patch,portable,e9patch-corpus,madvise_dontneed,verify,ptrace,enabled,pass,,,111ae642e36b404a3a2b4ca6462f7f097e66051e84ffb28ab2c53bdbcbe97554,25521,,level=L2 (Determinism verified),,,,,,,,,,"[""tmp=/tmp""]",,,,
e9patch-20260801,@1785621326,b1fdeaf6d7bcda0799a7a5c4f116bbe1ed55a43d,2112c0045f25f895388257caed43b7b5abb9b50a,false,e9patch,portable,e9patch-corpus,madvise_dontneed,verify,e9patch,enabled,pass,,,111ae642e36b404a3a2b4ca6462f7f097e66051e84ffb28ab2c53bdbcbe97554,362,,level=L2 (Determinism verified),,,,,stdout_parity:1,,,,,"[""tmp=/tmp""]",,,,
e9patch-20260801,@1785621326,b1fdeaf6d7bcda0799a7a5c4f116bbe1ed55a43d,2112c0045f25f895388257caed43b7b5abb9b50a,false,e9patch,portable,e9patch-corpus,madvise_willneed,verify,ptrace,enabled,pass,,,c52ea1aa8c6a4759f53945b0fb5812de1e88e2ac4f645b9d2741453bcb9cc4df,45197,,level=L2 (Determinism verified),,,,,,,,,,"[""tmp=/tmp""]",,,,
e9patch-20260801,@1785621326,b1fdeaf6d7bcda0799a7a5c4f116bbe1ed55a43d,2112c0045f25f895388257caed43b7b5abb9b50a,false,e9patch,portable,e9patch-corpus,madvise_willneed,verify,e9patch,enabled,pass,,,c52ea1aa8c6a4759f53945b0fb5812de1e88e2ac4f645b9d2741453bcb9cc4df,361,,level=L2 (Determinism verified),,,,,stdout_parity:1,,,,,"[""tmp=/tmp""]",,,,
e9patch-20260801,@1785621326,b1fdeaf6d7bcda0799a7a5c4f116bbe1ed55a43d,2112c0045f25f895388257caed43b7b5abb9b50a,false,e9patch,portable,e9patch-corpus,mbind_default,verify,ptrace,enabled,pass,,,858f3b8b4aea3cf7614c1fa8838557f79eb52a4b25e7d980ac2f043de4486b5c,201,,level=L2 (Determinism verified),,,,,,,,,,"[""tmp=/tmp""]",,,,
e9patch-20260801,@1785621326,b1fdeaf6d7bcda0799a7a5c4f116bbe1ed55a43d,2112c0045f25f895388257caed43b7b5abb9b50a,false,e9patch,portable,e9patch-corpus,mbind_default,verify,e9patch,enabled,pass,,,858f3b8b4aea3cf7614c1fa8838557f79eb52a4b25e7d980ac2f043de4486b5c,362,,level=L2 (Determinism verified),,,,,stdout_parity:1,,,,,"[""tmp=/tmp""]",,,,
e9patch-20260801,@1785621326,b1fdeaf6d7bcda0799a7a5c4f116bbe1ed55a43d,2112c0045f25f895388257caed43b7b5abb9b50a,false,e9patch,portable,e9patch-corpus,membarrier_global,verify,ptrace,enabled,pass,,,49c6689ddd03db1c3976121e64bdaa1aedf7b5adaaaa6d110f02691d23917313,161,,level=L2 (Determinism verified),,,,,,,,,,"[""tmp=/tmp""]",,,,
e9patch-20260801,@1785621326,b1fdeaf6d7bcda0799a7a5c4f116bbe1ed55a43d,2112c0045f25f895388257caed43b7b5abb9b50a,false,e9patch,portable,e9patch-corpus,membarrier_global,verify,e9patch,enabled,pass,,,49c6689ddd03db1c3976121e64bdaa1aedf7b5adaaaa6d110f02691d23917313,322,,level=L2 (Determinism verified),,,,,stdout_parity:1,,,,,"[""tmp=/tmp""]",,,,
e9patch-20260801,@1785621326,b1fdeaf6d7bcda0799a7a5c4f116bbe1ed55a43d,2112c0045f25f895388257caed43b7b5abb9b50a,false,e9patch,portable,e9patch-corpus,membarrier_query,verify,ptrace,enabled,pass,,,557244d866a8c6370d1fbead71da339a1232b86e8263386d1b735adb55cc0b76,161,,level=L2 (Determinism verified),,,,,,,,,,"[""tmp=/tmp""]",,,,
e9patch-20260801,@1785621326,b1fdeaf6d7bcda0799a7a5c4f116bbe1ed55a43d,2112c0045f25f895388257caed43b7b5abb9b50a,false,e9patch,portable,e9patch-corpus,membarrier_query,verify,e9patch,enabled,pass,,,557244d866a8c6370d1fbead71da339a1232b86e8263386d1b735adb55cc0b76,321,,level=L2 (Determinism verified),,,,,stdout_parity:1,,,,,"[""tmp=/tmp""]",,,,
e9patch-20260801,@1785621326,b1fdeaf6d7bcda0799a7a5c4f116bbe1ed55a43d,2112c0045f25f895388257caed43b7b5abb9b50a,false,e9patch,portable,e9patch-corpus,memfd_create_check,verify,ptrace,enabled,pass,,,c4682d94e4514298bc08ea02e07f75d44d72cf864bd15704cd420aae47dc0ff1,201,,level=L2 (Determinism verified),,,,,,,,,,"[""tmp=/tmp""]",,,,
e9patch-20260801,@1785621326,b1fdeaf6d7bcda0799a7a5c4f116bbe1ed55a43d,2112c0045f25f895388257caed43b7b5abb9b50a,false,e9patch,portable,e9patch-corpus,memfd_create_check,verify,e9patch,enabled,pass,,,c4682d94e4514298bc08ea02e07f75d44d72cf864bd15704cd420aae47dc0ff1,45356,,level=L2 (Determinism verified),,,,,stdout_parity:1,,,,,"[""tmp=/tmp""]",,,,
e9patch-20260801,@1785621326,b1fdeaf6d7bcda0799a7a5c4f116bbe1ed55a43d,2112c0045f25f895388257caed43b7b5abb9b50a,false,e9patch,portable,e9patch-corpus,memfd_seal,verify,ptrace,enabled,pass,,,8683eae7288a46c70443ddbe0d9855e36456e59559dcb3345e2f5613e33d9d41,201,,level=L2 (Determinism verified),,,,,,,,,,"[""tmp=/tmp""]",,,,
e9patch-20260801,@1785621326,b1fdeaf6d7bcda0799a7a5c4f116bbe1ed55a43d,2112c0045f25f895388257caed43b7b5abb9b50a,false,e9patch,portable,e9patch-corpus,memfd_seal,verify,e9patch,enabled,pass,,,8683eae7288a46c70443ddbe0d9855e36456e59559dcb3345e2f5613e33d9d41,178530,,level=L2 (Determinism verified),,,,,stdout_parity:1,,,,,"[""tmp=/tmp""]",,,,
e9patch-20260801,@1785621326,b1fdeaf6d7bcda0799a7a5c4f116bbe1ed55a43d,2112c0045f25f895388257caed43b7b5abb9b50a,false,e9patch,portable,e9patch-corpus,memfd_seek,verify,ptrace,enabled,pass,,,d92124ead04573515de15b8542f30bbfaf7451034bad87cd50e1659a23c6da29,202,,level=L2 (Determinism verified),,,,,,,,,,"[""tmp=/tmp""]",,,,
e9patch-20260801,@1785621326,b1fdeaf6d7bcda0799a7a5c4f116bbe1ed55a43d,2112c0045f25f895388257caed43b7b5abb9b50a,false,e9patch,portable,e9patch-corpus,memfd_seek,verify,e9patch,enabled,pass,,,d92124ead04573515de15b8542f30bbfaf7451034bad87cd50e1659a23c6da29,362,,level=L2 (Determinism verified),,,,,stdout_parity:1,,,,,"[""tmp=/tmp""]",,,,
e9patch-20260801,@1785621326,b1fdeaf6d7bcda0799a7a5c4f116bbe1ed55a43d,2112c0045f25f895388257caed43b7b5abb9b50a,false,e9patch,portable,e9patch-corpus,mincore_resident,verify,ptrace,enabled,pass,,,ccc65a0ece311b1ed7c7aa34e0541bece5180b8a7288a339ac391e101c6aa116,202,,level=L2 (Determinism verified),,,,,,,,,,"[""tmp=/tmp""]",,,,
e9patch-20260801,@1785621326,b1fdeaf6d7bcda0799a7a5c4f116bbe1ed55a43d,2112c0045f25f895388257caed43b7b5abb9b50a,false,e9patch,portable,e9patch-corpus,mincore_resident,verify,e9patch,enabled,pass,,,ccc65a0ece311b1ed7c7aa34e0541bece5180b8a7288a339ac391e101c6aa116,362,,level=L2 (Determinism verified),,,,,stdout_parity:1,,,,,"[""tmp=/tmp""]",,,,
e9patch-20260801,@1785621326,b1fdeaf6d7bcda0799a7a5c4f116bbe1ed55a43d,2112c0045f25f895388257caed43b7b5abb9b50a,false,e9patch,portable,e9patch-corpus,minimal_exit,verify,ptrace,enabled,pass,,,e3b0c44298fc1c149afbf4c8996fb92427ae41e4649b934ca495991b7852b855,162,,level=L2 (Determinism verified),,,,,,,,,,"[""tmp=/tmp""]",,,,
e9patch-20260801,@1785621326,b1fdeaf6d7bcda0799a7a5c4f116bbe1ed55a43d,2112c0045f25f895388257caed43b7b5abb9b50a,false,e9patch,portable,e9patch-corpus,minimal_exit,verify,e9patch,enabled,pass,,,e3b0c44298fc1c149afbf4c8996fb92427ae41e4649b934ca495991b7852b855,322,,level=L2 (Determinism verified),,,,,stdout_parity:1,,,,,"[""tmp=/tmp""]",,,,
e9patch-20260801,@1785621326,b1fdeaf6d7bcda0799a7a5c4f116bbe1ed55a43d,2112c0045f25f895388257caed43b7b5abb9b50a,false,e9patch,portable,e9patch-corpus,mlock2_page,verify,ptrace,enabled,pass,,,e5e7bcfe826498e955e09a5a45cfcab314b37644e920f7ad30446be0d4610a8b,201,,level=L2 (Determinism verified),,,,,,,,,,"[""tmp=/tmp""]",,,,
e9patch-20260801,@1785621326,b1fdeaf6d7bcda0799a7a5c4f116bbe1ed55a43d,2112c0045f25f895388257caed43b7b5abb9b50a,false,e9patch,portable,e9patch-corpus,mlock2_page,verify,e9patch,enabled,pass,,,e5e7bcfe826498e955e09a5a45cfcab314b37644e920f7ad30446be0d4610a8b,362,,level=L2 (Determinism verified),,,,,stdout_parity:1,,,,,"[""tmp=/tmp""]",,,,
e9patch-20260801,@1785621326,b1fdeaf6d7bcda0799a7a5c4f116bbe1ed55a43d,2112c0045f25f895388257caed43b7b5abb9b50a,false,e9patch,portable,e9patch-corpus,mlock_page,verify,ptrace,enabled,pass,,,3e4b287505e040f9b25a264381568bc2076edfaec7d144458cbbd2cbb6221671,201,,level=L2 (Determinism verified),,,,,,,,,,"[""tmp=/tmp""]",,,,
e9patch-20260801,@1785621326,b1fdeaf6d7bcda0799a7a5c4f116bbe1ed55a43d,2112c0045f25f895388257caed43b7b5abb9b50a,false,e9patch,portable,e9patch-corpus,mlock_page,verify,e9patch,enabled,pass,,,3e4b287505e040f9b25a264381568bc2076edfaec7d144458cbbd2cbb6221671,401,,level=L2 (Determinism verified),,,,,stdout_parity:1,,,,,"[""tmp=/tmp""]",,,,
e9patch-20260801,@1785621326,b1fdeaf6d7bcda0799a7a5c4f116bbe1ed55a43d,2112c0045f25f895388257caed43b7b5abb9b50a,false,e9patch,portable,e9patch-corpus,mlockall_all,verify,ptrace,enabled,pass,,,eed8c813f9683b26ad5abae4911bfe979a865b2fcc058230b3bd59e34375b75f,161,,level=L2 (Determinism verified),,,,,,,,,,"[""tmp=/tmp""]",,,,
e9patch-20260801,@1785621326,b1fdeaf6d7bcda0799a7a5c4f116bbe1ed55a43d,2112c0045f25f895388257caed43b7b5abb9b50a,false,e9patch,portable,e9patch-corpus,mlockall_all,verify,e9patch,enabled,pass,,,eed8c813f9683b26ad5abae4911bfe979a865b2fcc058230b3bd59e34375b75f,362,,level=L2 (Determinism verified),,,,,stdout_parity:1,,,,,"[""tmp=/tmp""]",,,,
e9patch-20260801,@1785621326,b1fdeaf6d7bcda0799a7a5c4f116bbe1ed55a43d,2112c0045f25f895388257caed43b7b5abb9b50a,false,e9patch,portable,e9patch-corpus,mmap_anon,verify,ptrace,enabled,pass,,,e3b0c44298fc1c149afbf4c8996fb92427ae41e4649b934ca495991b7852b855,160,,level=L2 (Determinism verified),,,,,,,,,,"[""tmp=/tmp""]",,,,
e9patch-20260801,@1785621326,b1fdeaf6d7bcda0799a7a5c4f116bbe1ed55a43d,2112c0045f25f895388257caed43b7b5abb9b50a,false,e9patch,portable,e9patch-corpus,mmap_anon,verify,e9patch,enabled,pass,,,e3b0c44298fc1c149afbf4c8996fb92427ae41e4649b934ca495991b7852b855,322,,level=L2 (Determinism verified),,,,,stdout_parity:1,,,,,"[""tmp=/tmp""]",,,,
e9patch-20260801,@1785621326,b1fdeaf6d7bcda0799a7a5c4f116bbe1ed55a43d,2112c0045f25f895388257caed43b7b5abb9b50a,false,e9patch,portable,e9patch-corpus,mmap_shared_anon,verify,ptrace,enabled,pass,,,ffc98e71a0cd68065c715ebea8f1e76935726aad435bcd3ca648a4c7c55ec0dd,160,,level=L2 (Determinism verified),,,,,,,,,,"[""tmp=/tmp""]",,,,
e9patch-20260801,@1785621326,b1fdeaf6d7bcda0799a7a5c4f116bbe1ed55a43d,2112c0045f25f895388257caed43b7b5abb9b50a,false,e9patch,portable,e9patch-corpus,mmap_shared_anon,verify,e9patch,enabled,pass,,,ffc98e71a0cd68065c715ebea8f1e76935726aad435bcd3ca648a4c7c55ec0dd,361,,level=L2 (Determinism verified),,,,,stdout_parity:1,,,,,"[""tmp=/tmp""]",,,,
e9patch-20260801,@1785621326,b1fdeaf6d7bcda0799a7a5c4f116bbe1ed55a43d,2112c0045f25f895388257caed43b7b5abb9b50a,false,e9patch,portable,e9patch-corpus,modify_ldt_read,verify,ptrace,enabled,pass,,,a7efd250ca31e9ff9443488a7f09c119c52200c03834e9a91271c0b1a970754f,202,,level=L2 (Determinism verified),,,,,,,,,,"[""tmp=/tmp""]",,,,
e9patch-20260801,@1785621326,b1fdeaf6d7bcda0799a7a5c4f116bbe1ed55a43d,2112c0045f25f895388257caed43b7b5abb9b50a,false,e9patch,portable,e9patch-corpus,modify_ldt_read,verify,e9patch,enabled,pass,,,a7efd250ca31e9ff9443488a7f09c119c52200c03834e9a91271c0b1a970754f,322,,level=L2 (Determinism verified),,,,,stdout_parity:1,,,,,"[""tmp=/tmp""]",,,,
e9patch-20260801,@1785621326,b1fdeaf6d7bcda0799a7a5c4f116bbe1ed55a43d,2112c0045f25f895388257caed43b7b5abb9b50a,false,e9patch,portable,e9patch-corpus,mprotect_roundtrip,verify,ptrace,enabled,pass,,,f010967d26450ad3eaea425a407cb6edbbcdc325bbdf9e55c19f74e44ab7c72b,200,,level=L2 (Determinism verified),,,,,,,,,,"[""tmp=/tmp""]",,,,
e9patch-20260801,@1785621326,b1fdeaf6d7bcda0799a7a5c4f116bbe1ed55a43d,2112c0045f25f895388257caed43b7b5abb9b50a,false,e9patch,portable,e9patch-corpus,mprotect_roundtrip,verify,e9patch,enabled,pass,,,f010967d26450ad3eaea425a407cb6edbbcdc325bbdf9e55c19f74e44ab7c72b,362,,level=L2 (Determinism verified),,,,,stdout_parity:1,,,,,"[""tmp=/tmp""]",,,,
e9patch-20260801,@1785621326,b1fdeaf6d7bcda0799a7a5c4f116bbe1ed55a43d,2112c0045f25f895388257caed43b7b5abb9b50a,false,e9patch,portable,e9patch-corpus,mremap_grow,verify,ptrace,enabled,pass,,,0edc44bb9929bd7f5db12c607772fe043311c8e4c8da695e967be59c9732e63d,202,,level=L2 (Determinism verified),,,,,,,,,,"[""tmp=/tmp""]",,,,
e9patch-20260801,@1785621326,b1fdeaf6d7bcda0799a7a5c4f116bbe1ed55a43d,2112c0045f25f895388257caed43b7b5abb9b50a,false,e9patch,portable,e9patch-corpus,mremap_grow,verify,e9patch,enabled,pass,,,0edc44bb9929bd7f5db12c607772fe043311c8e4c8da695e967be59c9732e63d,362,,level=L2 (Determinism verified),,,,,stdout_parity:1,,,,,"[""tmp=/tmp""]",,,,
e9patch-20260801,@1785621326,b1fdeaf6d7bcda0799a7a5c4f116bbe1ed55a43d,2112c0045f25f895388257caed43b7b5abb9b50a,false,e9patch,portable,e9patch-corpus,msync_anon,verify,ptrace,enabled,pass,,,ac5de22af481f696ccff0c1b619559435259062c7e7b410229b617f2e26e01b7,201,,level=L2 (Determinism verified),,,,,,,,,,"[""tmp=/tmp""]",,,,
e9patch-20260801,@1785621326,b1fdeaf6d7bcda0799a7a5c4f116bbe1ed55a43d,2112c0045f25f895388257caed43b7b5abb9b50a,false,e9patch,portable,e9patch-corpus,msync_anon,verify,e9patch,enabled,pass,,,ac5de22af481f696ccff0c1b619559435259062c7e7b410229b617f2e26e01b7,322,,level=L2 (Determinism verified),,,,,stdout_parity:1,,,,,"[""tmp=/tmp""]",,,,
e9patch-20260801,@1785621326,b1fdeaf6d7bcda0799a7a5c4f116bbe1ed55a43d,2112c0045f25f895388257caed43b7b5abb9b50a,false,e9patch,portable,e9patch-corpus,multi_site,verify,ptrace,enabled,pass,,,0ff14330194fa1d3997f9874824cf00d8c521b5a00e48c49c9812665aff660c2,161,,level=L2 (Determinism verified),,,,,,,,,,"[""tmp=/tmp""]",,,,
e9patch-20260801,@1785621326,b1fdeaf6d7bcda0799a7a5c4f116bbe1ed55a43d,2112c0045f25f895388257caed43b7b5abb9b50a,false,e9patch,portable,e9patch-corpus,multi_site,verify,e9patch,enabled,pass,,,0ff14330194fa1d3997f9874824cf00d8c521b5a00e48c49c9812665aff660c2,362,,level=L2 (Determinism verified),,,,,stdout_parity:1,,,,,"[""tmp=/tmp""]",,,,
e9patch-20260801,@1785621326,b1fdeaf6d7bcda0799a7a5c4f116bbe1ed55a43d,2112c0045f25f895388257caed43b7b5abb9b50a,false,e9patch,portable,e9patch-corpus,munlock_page,verify,ptrace,enabled,pass,,,bb334a2d356d638076053fc5c2e718509fb0d3991d24a34742dfd5dd41c58836,202,,level=L2 (Determinism verified),,,,,,,,,,"[""tmp=/tmp""]",,,,
e9patch-20260801,@1785621326,b1fdeaf6d7bcda0799a7a5c4f116bbe1ed55a43d,2112c0045f25f895388257caed43b7b5abb9b50a,false,e9patch,portable,e9patch-corpus,munlock_page,verify,e9patch,enabled,pass,,,bb334a2d356d638076053fc5c2e718509fb0d3991d24a34742dfd5dd41c58836,362,,level=L2 (Determinism verified),,,,,stdout_parity:1,,,,,"[""tmp=/tmp""]",,,,
e9patch-20260801,@1785621326,b1fdeaf6d7bcda0799a7a5c4f116bbe1ed55a43d,2112c0045f25f895388257caed43b7b5abb9b50a,false,e9patch,portable,e9patch-corpus,munlockall_ok,verify,ptrace,enabled,pass,,,a79dcc9cd50bc1d96aed6d06488ac71301c7e4d0dbbd4e842b059dd386f87602,162,,level=L2 (Determinism verified),,,,,,,,,,"[""tmp=/tmp""]",,,,
e9patch-20260801,@1785621326,b1fdeaf6d7bcda0799a7a5c4f116bbe1ed55a43d,2112c0045f25f895388257caed43b7b5abb9b50a,false,e9patch,portable,e9patch-corpus,munlockall_ok,verify,e9patch,enabled,pass,,,a79dcc9cd50bc1d96aed6d06488ac71301c7e4d0dbbd4e842b059dd386f87602,362,,level=L2 (Determinism verified),,,,,stdout_parity:1,,,,,"[""tmp=/tmp""]",,,,
e9patch-20260801,@1785621326,b1fdeaf6d7bcda0799a7a5c4f116bbe1ed55a43d,2112c0045f25f895388257caed43b7b5abb9b50a,false,e9patch,portable,e9patch-corpus,nanosleep,verify,ptrace,enabled,pass,,,e3b0c44298fc1c149afbf4c8996fb92427ae41e4649b934ca495991b7852b855,161,,level=L2 (Determinism verified),,,,,,,,,,"[""tmp=/tmp""]",,,,
e9patch-20260801,@1785621326,b1fdeaf6d7bcda0799a7a5c4f116bbe1ed55a43d,2112c0045f25f895388257caed43b7b5abb9b50a,false,e9patch,portable,e9patch-corpus,nanosleep,verify,e9patch,enabled,pass,,,e3b0c44298fc1c149afbf4c8996fb92427ae41e4649b934ca495991b7852b855,322,,level=L2 (Determinism verified),,,,,stdout_parity:1,,,,,"[""tmp=/tmp""]",,,,
e9patch-20260801,@1785621326,b1fdeaf6d7bcda0799a7a5c4f116bbe1ed55a43d,2112c0045f25f895388257caed43b7b5abb9b50a,false,e9patch,portable,e9patch-corpus,newfstatat_devnull,verify,ptrace,enabled,pass,,,4a592ac12b826c1e2d14fc99cfee53e465bc13913c6728597f269e9add212d0e,161,,level=L2 (Determinism verified),,,,,,,,,,"[""tmp=/tmp""]",,,,
e9patch-20260801,@1785621326,b1fdeaf6d7bcda0799a7a5c4f116bbe1ed55a43d,2112c0045f25f895388257caed43b7b5abb9b50a,false,e9patch,portable,e9patch-corpus,newfstatat_devnull,verify,e9patch,enabled,pass,,,4a592ac12b826c1e2d14fc99cfee53e465bc13913c6728597f269e9add212d0e,362,,level=L2 (Determinism verified),,,,,stdout_parity:1,,,,,"[""tmp=/tmp""]",,,,
e9patch-20260801,@1785621326,b1fdeaf6d7bcda0799a7a5c4f116bbe1ed55a43d,2112c0045f25f895388257caed43b7b5abb9b50a,false,e9patch,portable,e9patch-corpus,open_enoent,verify,ptrace,enabled,pass,,,7c05cfa7c62914cd96a2316459be40f2ef814fd01b0b521b79e9b7b618621951,202,,level=L2 (Determinism verified),,,,,,,,,,"[""tmp=/tmp""]",,,,
e9patch-20260801,@1785621326,b1fdeaf6d7bcda0799a7a5c4f116bbe1ed55a43d,2112c0045f25f895388257caed43b7b5abb9b50a,false,e9patch,portable,e9patch-corpus,open_enoent,verify,e9patch,enabled,pass,,,7c05cfa7c62914cd96a2316459be40f2ef814fd01b0b521b79e9b7b618621951,362,,level=L2 (Determinism verified),,,,,stdout_parity:1,,,,,"[""tmp=/tmp""]",,,,
e9patch-20260801,@1785621326,b1fdeaf6d7bcda0799a7a5c4f116bbe1ed55a43d,2112c0045f25f895388257caed43b7b5abb9b50a,false,e9patch,portable,e9patch-corpus,openat_devnull,verify,ptrace,enabled,pass,,,659d09ce7ffaf2484fa9d6c11423597a3d22ad093c3b3a507b01a76e637aed3b,202,,level=L2 (Determinism verified),,,,,,,,,,"[""tmp=/tmp""]",,,,
e9patch-20260801,@1785621326,b1fdeaf6d7bcda0799a7a5c4f116bbe1ed55a43d,2112c0045f25f895388257caed43b7b5abb9b50a,false,e9patch,portable,e9patch-corpus,openat_devnull,verify,e9patch,enabled,pass,,,659d09ce7ffaf2484fa9d6c11423597a3d22ad093c3b3a507b01a76e637aed3b,362,,level=L2 (Determinism verified),,,,,stdout_parity:1,,,,,"[""tmp=/tmp""]",,,,
e9patch-20260801,@1785621326,b1fdeaf6d7bcda0799a7a5c4f116bbe1ed55a43d,2112c0045f25f895388257caed43b7b5abb9b50a,false,e9patch,portable,e9patch-corpus,personality_query,verify,ptrace,enabled,pass,,,cfa2a3407d6cce38f9de4de5117a6db46f24e0ce6152599d9bfc25f52d29e5f3,161,,level=L2 (Determinism verified),,,,,,,,,,"[""tmp=/tmp""]",,,,
e9patch-20260801,@1785621326,b1fdeaf6d7bcda0799a7a5c4f116bbe1ed55a43d,2112c0045f25f895388257caed43b7b5abb9b50a,false,e9patch,portable,e9patch-corpus,personality_query,verify,e9patch,enabled,pass,,,cfa2a3407d6cce38f9de4de5117a6db46f24e0ce6152599d9bfc25f52d29e5f3,362,,level=L2 (Determinism verified),,,,,stdout_parity:1,,,,,"[""tmp=/tmp""]",,,,
e9patch-20260801,@1785621326,b1fdeaf6d7bcda0799a7a5c4f116bbe1ed55a43d,2112c0045f25f895388257caed43b7b5abb9b50a,false,e9patch,portable,e9patch-corpus,pidfd_getfd_self,verify,ptrace,enabled,pass,,,26a4d1adee0bc0a8d3c588b91720ccf9d172ada98b2fc4483f739518ea232c2c,201,,level=L2 (Determinism verified),,,,,,,,,,"[""tmp=/tmp""]",,,,
e9patch-20260801,@1785621326,b1fdeaf6d7bcda0799a7a5c4f116bbe1ed55a43d,2112c0045f25f895388257caed43b7b5abb9b50a,false,e9patch,portable,e9patch-corpus,pidfd_getfd_self,verify,e9patch,enabled,pass,,,26a4d1adee0bc0a8d3c588b91720ccf9d172ada98b2fc4483f739518ea232c2c,362,,level=L2 (Determinism verified),,,,,stdout_parity:1,,,,,"[""tmp=/tmp""]",,,,
e9patch-20260801,@1785621326,b1fdeaf6d7bcda0799a7a5c4f116bbe1ed55a43d,2112c0045f25f895388257caed43b7b5abb9b50a,false,e9patch,portable,e9patch-corpus,pidfd_open_self,verify,ptrace,enabled,pass,,,695575a08e432ab727da5b2a563167a4e3489caf3e0ea481415b0203926d4e3a,201,,level=L2 (Determinism verified),,,,,,,,,,"[""tmp=/tmp""]",,,,
e9patch-20260801,@1785621326,b1fdeaf6d7bcda0799a7a5c4f116bbe1ed55a43d,2112c0045f25f895388257caed43b7b5abb9b50a,false,e9patch,portable,e9patch-corpus,pidfd_open_self,verify,e9patch,enabled,pass,,,695575a08e432ab727da5b2a563167a4e3489caf3e0ea481415b0203926d4e3a,361,,level=L2 (Determinism verified),,,,,stdout_parity:1,,,,,"[""tmp=/tmp""]",,,,
e9patch-20260801,@1785621326,b1fdeaf6d7bcda0799a7a5c4f116bbe1ed55a43d,2112c0045f25f895388257caed43b7b5abb9b50a,false,e9patch,portable,e9patch-corpus,pidfd_send_signal_self,verify,ptrace,enabled,pass,,,d7f58e74619a1dfb313f17f9c9eab706e1c35d33621248667fa9ebc6a5ffc0c0,202,,level=L2 (Determinism verified),,,,,,,,,,"[""tmp=/tmp""]",,,,
e9patch-20260801,@1785621326,b1fdeaf6d7bcda0799a7a5c4f116bbe1ed55a43d,2112c0045f25f895388257caed43b7b5abb9b50a,false,e9patch,portable,e9patch-corpus,pidfd_send_signal_self,verify,e9patch,enabled,pass,,,d7f58e74619a1dfb313f17f9c9eab706e1c35d33621248667fa9ebc6a5ffc0c0,361,,level=L2 (Determinism verified),,,,,stdout_parity:1,,,,,"[""tmp=/tmp""]",,,,
e9patch-20260801,@1785621326,b1fdeaf6d7bcda0799a7a5c4f116bbe1ed55a43d,2112c0045f25f895388257caed43b7b5abb9b50a,false,e9patch,portable,e9patch-corpus,pipe_fds,verify,ptrace,enabled,pass,,,4dc4e1e797059f65c055ec361e17ea8f1889d16003f163104ca453e83ace472f,201,,level=L2 (Determinism verified),,,,,,,,,,"[""tmp=/tmp""]",,,,
e9patch-20260801,@1785621326,b1fdeaf6d7bcda0799a7a5c4f116bbe1ed55a43d,2112c0045f25f895388257caed43b7b5abb9b50a,false,e9patch,portable,e9patch-corpus,pipe_fds,verify,e9patch,enabled,pass,,,4dc4e1e797059f65c055ec361e17ea8f1889d16003f163104ca453e83ace472f,362,,level=L2 (Determinism verified),,,,,stdout_parity:1,,,,,"[""tmp=/tmp""]",,,,
e9patch-20260801,@1785621326,b1fdeaf6d7bcda0799a7a5c4f116bbe1ed55a43d,2112c0045f25f895388257caed43b7b5abb9b50a,false,e9patch,portable,e9patch-corpus,pipe_legacy,verify,ptrace,enabled,pass,,,2579234faadef9920872feec298fd309616ae26cc20e2cdd86581717c5cdea25,201,,level=L2 (Determinism verified),,,,,,,,,,"[""tmp=/tmp""]",,,,
e9patch-20260801,@1785621326,b1fdeaf6d7bcda0799a7a5c4f116bbe1ed55a43d,2112c0045f25f895388257caed43b7b5abb9b50a,false,e9patch,portable,e9patch-corpus,pipe_legacy,verify,e9patch,enabled,pass,,,2579234faadef9920872feec298fd309616ae26cc20e2cdd86581717c5cdea25,362,,level=L2 (Determinism verified),,,,,stdout_parity:1,,,,,"[""tmp=/tmp""]",,,,
e9patch-20260801,@1785621326,b1fdeaf6d7bcda0799a7a5c4f116bbe1ed55a43d,2112c0045f25f895388257caed43b7b5abb9b50a,false,e9patch,portable,e9patch-corpus,pipe_nonblock_eagain,verify,ptrace,enabled,pass,,,12c5d24cbe5fcd27fd17168b340cea5d95ac2c3f14cae3caa1bfac656cc8cbfc,202,,level=L2 (Determinism verified),,,,,,,,,,"[""tmp=/tmp""]",,,,
e9patch-20260801,@1785621326,b1fdeaf6d7bcda0799a7a5c4f116bbe1ed55a43d,2112c0045f25f895388257caed43b7b5abb9b50a,false,e9patch,portable,e9patch-corpus,pipe_nonblock_eagain,verify,e9patch,enabled,pass,,,12c5d24cbe5fcd27fd17168b340cea5d95ac2c3f14cae3caa1bfac656cc8cbfc,362,,level=L2 (Determinism verified),,,,,stdout_parity:1,,,,,"[""tmp=/tmp""]",,,,
e9patch-20260801,@1785621326,b1fdeaf6d7bcda0799a7a5c4f116bbe1ed55a43d,2112c0045f25f895388257caed43b7b5abb9b50a,false,e9patch,portable,e9patch-corpus,pipe_rw,verify,ptrace,enabled,pass,,,5baddc51566f6e287072ead4b1cfd5d8642ec840d1dcd2baa493045496b780c0,202,,level=L2 (Determinism verified),,,,,,,,,,"[""tmp=/tmp""]",,,,
e9patch-20260801,@1785621326,b1fdeaf6d7bcda0799a7a5c4f116bbe1ed55a43d,2112c0045f25f895388257caed43b7b5abb9b50a,false,e9patch,portable,e9patch-corpus,pipe_rw,verify,e9patch,enabled,pass,,,5baddc51566f6e287072ead4b1cfd5d8642ec840d1dcd2baa493045496b780c0,361,,level=L2 (Determinism verified),,,,,stdout_parity:1,,,,,"[""tmp=/tmp""]",,,,
e9patch-20260801,@1785621326,b1fdeaf6d7bcda0799a7a5c4f116bbe1ed55a43d,2112c0045f25f895388257caed43b7b5abb9b50a,false,e9patch,portable,e9patch-corpus,poll_timeout_zero,verify,ptrace,enabled,pass,,,780d2cdf01e79cac3eb5339a54262f99d81e813abc939a2f46ff52b883969ebd,162,,level=L2 (Determinism verified),,,,,,,,,,"[""tmp=/tmp""]",,,,
e9patch-20260801,@1785621326,b1fdeaf6d7bcda0799a7a5c4f116bbe1ed55a43d,2112c0045f25f895388257caed43b7b5abb9b50a,false,e9patch,portable,e9patch-corpus,poll_timeout_zero,verify,e9patch,enabled,pass,,,780d2cdf01e79cac3eb5339a54262f99d81e813abc939a2f46ff52b883969ebd,362,,level=L2 (Determinism verified),,,,,stdout_parity:1,,,,,"[""tmp=/tmp""]",,,,
e9patch-20260801,@1785621326,b1fdeaf6d7bcda0799a7a5c4f116bbe1ed55a43d,2112c0045f25f895388257caed43b7b5abb9b50a,false,e9patch,portable,e9patch-corpus,ppoll_timeout_zero,verify,ptrace,enabled,pass,,,1bd06cfd526f309565fea6892bcf7214cd88d5dafec4b1fa45ac1dcb9a2b5ebd,202,,level=L2 (Determinism verified),,,,,,,,,,"[""tmp=/tmp""]",,,,
e9patch-20260801,@1785621326,b1fdeaf6d7bcda0799a7a5c4f116bbe1ed55a43d,2112c0045f25f895388257caed43b7b5abb9b50a,false,e9patch,portable,e9patch-corpus,ppoll_timeout_zero,verify,e9patch,enabled,pass,,,1bd06cfd526f309565fea6892bcf7214cd88d5dafec4b1fa45ac1dcb9a2b5ebd,362,,level=L2 (Determinism verified),,,,,stdout_parity:1,,,,,"[""tmp=/tmp""]",,,,
e9patch-20260801,@1785621326,b1fdeaf6d7bcda0799a7a5c4f116bbe1ed55a43d,2112c0045f25f895388257caed43b7b5abb9b50a,false,e9patch,portable,e9patch-corpus,prctl_cap_ambient,verify,ptrace,enabled,pass,,,aafe449f91723bda1328b670013d2cae8c9334812688eb1330d33189b0752dd9,161,,level=L2 (Determinism verified),,,,,,,,,,"[""tmp=/tmp""]",,,,
e9patch-20260801,@1785621326,b1fdeaf6d7bcda0799a7a5c4f116bbe1ed55a43d,2112c0045f25f895388257caed43b7b5abb9b50a,false,e9patch,portable,e9patch-corpus,prctl_cap_ambient,verify,e9patch,enabled,pass,,,aafe449f91723bda1328b670013d2cae8c9334812688eb1330d33189b0752dd9,322,,level=L2 (Determinism verified),,,,,stdout_parity:1,,,,,"[""tmp=/tmp""]",,,,
e9patch-20260801,@1785621326,b1fdeaf6d7bcda0799a7a5c4f116bbe1ed55a43d,2112c0045f25f895388257caed43b7b5abb9b50a,false,e9patch,portable,e9patch-corpus,prctl_capbset_read,verify,ptrace,enabled,pass,,,d79a07ae28ba94f81adddc389a19b5d2621c891a855bdfbe05838e3dbbefcb12,201,,level=L2 (Determinism verified),,,,,,,,,,"[""tmp=/tmp""]",,,,
e9patch-20260801,@1785621326,b1fdeaf6d7bcda0799a7a5c4f116bbe1ed55a43d,2112c0045f25f895388257caed43b7b5abb9b50a,false,e9patch,portable,e9patch-corpus,prctl_capbset_read,verify,e9patch,enabled,pass,,,d79a07ae28ba94f81adddc389a19b5d2621c891a855bdfbe05838e3dbbefcb12,362,,level=L2 (Determinism verified),,,,,stdout_parity:1,,,,,"[""tmp=/tmp""]",,,,
e9patch-20260801,@1785621326,b1fdeaf6d7bcda0799a7a5c4f116bbe1ed55a43d,2112c0045f25f895388257caed43b7b5abb9b50a,false,e9patch,portable,e9patch-corpus,prctl_dumpable,verify,ptrace,enabled,pass,,,d0a87e790c92e1f8ca89f2c174f7c29cb7972aa37c7d7b1e8fe4d583f8e9d203,162,,level=L2 (Determinism verified),,,,,,,,,,"[""tmp=/tmp""]",,,,
e9patch-20260801,@1785621326,b1fdeaf6d7bcda0799a7a5c4f116bbe1ed55a43d,2112c0045f25f895388257caed43b7b5abb9b50a,false,e9patch,portable,e9patch-corpus,prctl_dumpable,verify,e9patch,enabled,pass,,,d0a87e790c92e1f8ca89f2c174f7c29cb7972aa37c7d7b1e8fe4d583f8e9d203,361,,level=L2 (Determinism verified),,,,,stdout_parity:1,,,,,"[""tmp=/tmp""]",,,,
e9patch-20260801,@1785621326,b1fdeaf6d7bcda0799a7a5c4f116bbe1ed55a43d,2112c0045f25f895388257caed43b7b5abb9b50a,false,e9patch,portable,e9patch-corpus,prctl_keepcaps,verify,ptrace,enabled,pass,,,440cc4be11ad9507d2e648414a2f34276cb4c3cbb08518cf90d7c70c7c8e7975,160,,level=L2 (Determinism verified),,,,,,,,,,"[""tmp=/tmp""]",,,,
e9patch-20260801,@1785621326,b1fdeaf6d7bcda0799a7a5c4f116bbe1ed55a43d,2112c0045f25f895388257caed43b7b5abb9b50a,false,e9patch,portable,e9patch-corpus,prctl_keepcaps,verify,e9patch,enabled,pass,,,440cc4be11ad9507d2e648414a2f34276cb4c3cbb08518cf90d7c70c7c8e7975,362,,level=L2 (Determinism verified),,,,,stdout_parity:1,,,,,"[""tmp=/tmp""]",,,,
e9patch-20260801,@1785621326,b1fdeaf6d7bcda0799a7a5c4f116bbe1ed55a43d,2112c0045f25f895388257caed43b7b5abb9b50a,false,e9patch,portable,e9patch-corpus,prctl_name,verify,ptrace,enabled,pass,,,5d4187485c55f583901271a9f928ca0a7a1a674937b6479a7b385cd2ad45fc15,201,,level=L2 (Determinism verified),,,,,,,,,,"[""tmp=/tmp""]",,,,
e9patch-20260801,@1785621326,b1fdeaf6d7bcda0799a7a5c4f116bbe1ed55a43d,2112c0045f25f895388257caed43b7b5abb9b50a,false,e9patch,portable,e9patch-corpus,prctl_name,verify,e9patch,enabled,pass,,,5d4187485c55f583901271a9f928ca0a7a1a674937b6479a7b385cd2ad45fc15,362,,level=L2 (Determinism verified),,,,,stdout_parity:1,,,,,"[""tmp=/tmp""]",,,,
e9patch-20260801,@1785621326,b1fdeaf6d7bcda0799a7a5c4f116bbe1ed55a43d,2112c0045f25f895388257caed43b7b5abb9b50a,false,e9patch,portable,e9patch-corpus,prctl_pdeathsig,verify,ptrace,enabled,pass,,,2b804ea5e8ee61a6731424b5a7fecf8ff2528565f48b0998a565084f7d2249dd,161,,level=L2 (Determinism verified),,,,,,,,,,"[""tmp=/tmp""]",,,,
e9patch-20260801,@1785621326,b1fdeaf6d7bcda0799a7a5c4f116bbe1ed55a43d,2112c0045f25f895388257caed43b7b5abb9b50a,false,e9patch,portable,e9patch-corpus,prctl_pdeathsig,verify,e9patch,enabled,pass,,,2b804ea5e8ee61a6731424b5a7fecf8ff2528565f48b0998a565084f7d2249dd,321,,level=L2 (Determinism verified),,,,,stdout_parity:1,,,,,"[""tmp=/tmp""]",,,,
e9patch-20260801,@1785621326,b1fdeaf6d7bcda0799a7a5c4f116bbe1ed55a43d,2112c0045f25f895388257caed43b7b5abb9b50a,false,e9patch,portable,e9patch-corpus,prctl_thp_disable,verify,ptrace,enabled,pass,,,c1a180ae5ad7487d1b1402797d1eb05a5a7881378d572dd62a83c35155eeecd3,160,,level=L2 (Determinism verified),,,,,,,,,,"[""tmp=/tmp""]",,,,
e9patch-20260801,@1785621326,b1fdeaf6d7bcda0799a7a5c4f116bbe1ed55a43d,2112c0045f25f895388257caed43b7b5abb9b50a,false,e9patch,portable,e9patch-corpus,prctl_thp_disable,verify,e9patch,enabled,pass,,,c1a180ae5ad7487d1b1402797d1eb05a5a7881378d572dd62a83c35155eeecd3,362,,level=L2 (Determinism verified),,,,,stdout_parity:1,,,,,"[""tmp=/tmp""]",,,,
e9patch-20260801,@1785621326,b1fdeaf6d7bcda0799a7a5c4f116bbe1ed55a43d,2112c0045f25f895388257caed43b7b5abb9b50a,false,e9patch,portable,e9patch-corpus,prctl_timerslack,verify,ptrace,enabled,pass,,,a856d03c4b2ac3c42a4870b23c6a60760bfcbb56c289c8a414fd26ab7dcacc78,161,,level=L2 (Determinism verified),,,,,,,,,,"[""tmp=/tmp""]",,,,
e9patch-20260801,@1785621326,b1fdeaf6d7bcda0799a7a5c4f116bbe1ed55a43d,2112c0045f25f895388257caed43b7b5abb9b50a,false,e9patch,portable,e9patch-corpus,prctl_timerslack,verify,e9patch,enabled,pass,,,a856d03c4b2ac3c42a4870b23c6a60760bfcbb56c289c8a414fd26ab7dcacc78,362,,level=L2 (Determinism verified),,,,,stdout_parity:1,,,,,"[""tmp=/tmp""]",,,,
e9patch-20260801,@1785621326,b1fdeaf6d7bcda0799a7a5c4f116bbe1ed55a43d,2112c0045f25f895388257caed43b7b5abb9b50a,false,e9patch,portable,e9patch-corpus,pread_past_eof,verify,ptrace,enabled,pass,,,7d75f5c462145fc51ed8fc0ef4c0090566e9a553f5a28a3179970edecd88cb80,200,,level=L2 (Determinism verified),,,,,,,,,,"[""tmp=/tmp""]",,,,
e9patch-20260801,@1785621326,b1fdeaf6d7bcda0799a7a5c4f116bbe1ed55a43d,2112c0045f25f895388257caed43b7b5abb9b50a,false,e9patch,portable,e9patch-corpus,pread_past_eof,verify,e9patch,enabled,pass,,,7d75f5c462145fc51ed8fc0ef4c0090566e9a553f5a28a3179970edecd88cb80,362,,level=L2 (Determinism verified),,,,,stdout_parity:1,,,,,"[""tmp=/tmp""]",,,,
e9patch-20260801,@1785621326,b1fdeaf6d7bcda0799a7a5c4f116bbe1ed55a43d,2112c0045f25f895388257caed43b7b5abb9b50a,false,e9patch,portable,e9patch-corpus,preadv2_memfd,verify,ptrace,enabled,pass,,,7e45632e7d8ced7abe4d8869e5f340b289f46e22eff1a1c6371ff6d1fd63bbd1,201,,level=L2 (Determinism verified),,,,,,,,,,"[""tmp=/tmp""]",,,,
e9patch-20260801,@1785621326,b1fdeaf6d7bcda0799a7a5c4f116bbe1ed55a43d,2112c0045f25f895388257caed43b7b5abb9b50a,false,e9patch,portable,e9patch-corpus,preadv2_memfd,verify,e9patch,enabled,pass,,,7e45632e7d8ced7abe4d8869e5f340b289f46e22eff1a1c6371ff6d1fd63bbd1,362,,level=L2 (Determinism verified),,,,,stdout_parity:1,,,,,"[""tmp=/tmp""]",,,,
e9patch-20260801,@1785621326,b1fdeaf6d7bcda0799a7a5c4f116bbe1ed55a43d,2112c0045f25f895388257caed43b7b5abb9b50a,false,e9patch,portable,e9patch-corpus,preadv_memfd,verify,ptrace,enabled,pass,,,4895997648ad8dc017ace37ac2c908de403585650a1bcc66b945c3a5b16aa97b,201,,level=L2 (Determinism verified),,,,,,,,,,"[""tmp=/tmp""]",,,,
e9patch-20260801,@1785621326,b1fdeaf6d7bcda0799a7a5c4f116bbe1ed55a43d,2112c0045f25f895388257caed43b7b5abb9b50a,false,e9patch,portable,e9patch-corpus,preadv_memfd,verify,e9patch,enabled,pass,,,4895997648ad8dc017ace37ac2c908de403585650a1bcc66b945c3a5b16aa97b,362,,level=L2 (Determinism verified),,,,,stdout_parity:1,,,,,"[""tmp=/tmp""]",,,,
e9patch-20260801,@1785621326,b1fdeaf6d7bcda0799a7a5c4f116bbe1ed55a43d,2112c0045f25f895388257caed43b7b5abb9b50a,false,e9patch,portable,e9patch-corpus,prlimit_nofile,verify,ptrace,enabled,pass,,,b4f9e01f45b97afd2e33e7659fbef84abcc2265b30a46b0ef0421cc6effa6866,161,,level=L2 (Determinism verified),,,,,,,,,,"[""tmp=/tmp""]",,,,
e9patch-20260801,@1785621326,b1fdeaf6d7bcda0799a7a5c4f116bbe1ed55a43d,2112c0045f25f895388257caed43b7b5abb9b50a,false,e9patch,portable,e9patch-corpus,prlimit_nofile,verify,e9patch,enabled,pass,,,b4f9e01f45b97afd2e33e7659fbef84abcc2265b30a46b0ef0421cc6effa6866,362,,level=L2 (Determinism verified),,,,,stdout_parity:1,,,,,"[""tmp=/tmp""]",,,,
e9patch-20260801,@1785621326,b1fdeaf6d7bcda0799a7a5c4f116bbe1ed55a43d,2112c0045f25f895388257caed43b7b5abb9b50a,false,e9patch,portable,e9patch-corpus,proc_self_fd_count,verify,ptrace,enabled,pass,,,b44b133cf1f970c9f7596b863f39ab871579fcb3f8876bfa562ab17df6327a08,201,,level=L2 (Determinism verified),,,,,,,,,,"[""tmp=/tmp""]",,,,
e9patch-20260801,@1785621326,b1fdeaf6d7bcda0799a7a5c4f116bbe1ed55a43d,2112c0045f25f895388257caed43b7b5abb9b50a,false,e9patch,portable,e9patch-corpus,proc_self_fd_count,verify,e9patch,enabled,pass,,,b44b133cf1f970c9f7596b863f39ab871579fcb3f8876bfa562ab17df6327a08,362,,level=L2 (Determinism verified),,,,,stdout_parity:1,,,,,"[""tmp=/tmp""]",,,,
e9patch-20260801,@1785621326,b1fdeaf6d7bcda0799a7a5c4f116bbe1ed55a43d,2112c0045f25f895388257caed43b7b5abb9b50a,false,e9patch,portable,e9patch-corpus,pselect6_timeout_zero,verify,ptrace,enabled,pass,,,d64b65f14dfd98e85e4e6ac05c3c346e3d75486d7f29c17f2a6cd2b3e139781b,202,,level=L2 (Determinism verified),,,,,,,,,,"[""tmp=/tmp""]",,,,
e9patch-20260801,@1785621326,b1fdeaf6d7bcda0799a7a5c4f116bbe1ed55a43d,2112c0045f25f895388257caed43b7b5abb9b50a,false,e9patch,portable,e9patch-corpus,pselect6_timeout_zero,verify,e9patch,enabled,pass,,,d64b65f14dfd98e85e4e6ac05c3c346e3d75486d7f29c17f2a6cd2b3e139781b,362,,level=L2 (Determinism verified),,,,,stdout_parity:1,,,,,"[""tmp=/tmp""]",,,,
e9patch-20260801,@1785621326,b1fdeaf6d7bcda0799a7a5c4f116bbe1ed55a43d,2112c0045f25f895388257caed43b7b5abb9b50a,false,e9patch,portable,e9patch-corpus,pwrite_pread_memfd,verify,ptrace,enabled,pass,,,ca84f8e2851e844795bc1d6b228121eb2c4dcaaa559f1ff1ef4f6a2820c59c03,201,,level=L2 (Determinism verified),,,,,,,,,,"[""tmp=/tmp""]",,,,
e9patch-20260801,@1785621326,b1fdeaf6d7bcda0799a7a5c4f116bbe1ed55a43d,2112c0045f25f895388257caed43b7b5abb9b50a,false,e9patch,portable,e9patch-corpus,pwrite_pread_memfd,verify,e9patch,enabled,pass,,,ca84f8e2851e844795bc1d6b228121eb2c4dcaaa559f1ff1ef4f6a2820c59c03,361,,level=L2 (Determinism verified),,,,,stdout_parity:1,,,,,"[""tmp=/tmp""]",,,,
e9patch-20260801,@1785621326,b1fdeaf6d7bcda0799a7a5c4f116bbe1ed55a43d,2112c0045f25f895388257caed43b7b5abb9b50a,false,e9patch,portable,e9patch-corpus,pwritev2_memfd,verify,ptrace,enabled,pass,,,05e745c03447274ef9004f55409f77ece19758de80168b5489c33ba8a8955970,201,,level=L2 (Determinism verified),,,,,,,,,,"[""tmp=/tmp""]",,,,
e9patch-20260801,@1785621326,b1fdeaf6d7bcda0799a7a5c4f116bbe1ed55a43d,2112c0045f25f895388257caed43b7b5abb9b50a,false,e9patch,portable,e9patch-corpus,pwritev2_memfd,verify,e9patch,enabled,pass,,,05e745c03447274ef9004f55409f77ece19758de80168b5489c33ba8a8955970,362,,level=L2 (Determinism verified),,,,,stdout_parity:1,,,,,"[""tmp=/tmp""]",,,,
e9patch-20260801,@1785621326,b1fdeaf6d7bcda0799a7a5c4f116bbe1ed55a43d,2112c0045f25f895388257caed43b7b5abb9b50a,false,e9patch,portable,e9patch-corpus,pwritev_memfd,verify,ptrace,enabled,pass,,,0f1fe4e41943d900b271aaf3235db1ae170422dc2763e38e88ba98fbcab8818e,201,,level=L2 (Determinism verified),,,,,,,,,,"[""tmp=/tmp""]",,,,
e9patch-20260801,@1785621326,b1fdeaf6d7bcda0799a7a5c4f116bbe1ed55a43d,2112c0045f25f895388257caed43b7b5abb9b50a,false,e9patch,portable,e9patch-corpus,pwritev_memfd,verify,e9patch,enabled,pass,,,0f1fe4e41943d900b271aaf3235db1ae170422dc2763e38e88ba98fbcab8818e,362,,level=L2 (Determinism verified),,,,,stdout_parity:1,,,,,"[""tmp=/tmp""]",,,,
e9patch-20260801,@1785621326,b1fdeaf6d7bcda0799a7a5c4f116bbe1ed55a43d,2112c0045f25f895388257caed43b7b5abb9b50a,false,e9patch,portable,e9patch-corpus,read_devnull_eof,verify,ptrace,enabled,pass,,,7d75f5c462145fc51ed8fc0ef4c0090566e9a553f5a28a3179970edecd88cb80,200,,level=L2 (Determinism verified),,,,,,,,,,"[""tmp=/tmp""]",,,,
e9patch-20260801,@1785621326,b1fdeaf6d7bcda0799a7a5c4f116bbe1ed55a43d,2112c0045f25f895388257caed43b7b5abb9b50a,false,e9patch,portable,e9patch-corpus,read_devnull_eof,verify,e9patch,enabled,pass,,,7d75f5c462145fc51ed8fc0ef4c0090566e9a553f5a28a3179970edecd88cb80,362,,level=L2 (Determinism verified),,,,,stdout_parity:1,,,,,"[""tmp=/tmp""]",,,,
e9patch-20260801,@1785621326,b1fdeaf6d7bcda0799a7a5c4f116bbe1ed55a43d,2112c0045f25f895388257caed43b7b5abb9b50a,false,e9patch,portable,e9patch-corpus,read_devzero,verify,ptrace,enabled,pass,,,f96d5cceb303f43e0f36650d2fcbecbe4db3f7ced05aa4fcdd24e3f338d56a2d,201,,level=L2 (Determinism verified),,,,,,,,,,"[""tmp=/tmp""]",,,,
e9patch-20260801,@1785621326,b1fdeaf6d7bcda0799a7a5c4f116bbe1ed55a43d,2112c0045f25f895388257caed43b7b5abb9b50a,false,e9patch,portable,e9patch-corpus,read_devzero,verify,e9patch,enabled,pass,,,f96d5cceb303f43e0f36650d2fcbecbe4db3f7ced05aa4fcdd24e3f338d56a2d,362,,level=L2 (Determinism verified),,,,,stdout_parity:1,,,,,"[""tmp=/tmp""]",,,,
e9patch-20260801,@1785621326,b1fdeaf6d7bcda0799a7a5c4f116bbe1ed55a43d,2112c0045f25f895388257caed43b7b5abb9b50a,false,e9patch,portable,e9patch-corpus,readahead_memfd,verify,ptrace,enabled,pass,,,6d6edb671a3c7bc99c17fcc584e6c8f3d43f3cd5d45e1521c146a01afa366c68,201,,level=L2 (Determinism verified),,,,,,,,,,"[""tmp=/tmp""]",,,,
e9patch-20260801,@1785621326,b1fdeaf6d7bcda0799a7a5c4f116bbe1ed55a43d,2112c0045f25f895388257caed43b7b5abb9b50a,false,e9patch,portable,e9patch-corpus,readahead_memfd,verify,e9patch,enabled,pass,,,6d6edb671a3c7bc99c17fcc584e6c8f3d43f3cd5d45e1521c146a01afa366c68,362,,level=L2 (Determinism verified),,,,,stdout_parity:1,,,,,"[""tmp=/tmp""]",,,,
e9patch-20260801,@1785621326,b1fdeaf6d7bcda0799a7a5c4f116bbe1ed55a43d,2112c0045f25f895388257caed43b7b5abb9b50a,false,e9patch,portable,e9patch-corpus,readlink_exe,verify,ptrace,enabled,pass,,,fc0aeb5cabc0492dcc6306f56e8048854c49523d81198d68b07aa819e024a5ff,201,,level=L2 (Determinism verified),,,,,,,,,,"[""tmp=/tmp""]",,,,
e9patch-20260801,@1785621326,b1fdeaf6d7bcda0799a7a5c4f116bbe1ed55a43d,2112c0045f25f895388257caed43b7b5abb9b50a,false,e9patch,portable,e9patch-corpus,readlink_exe,verify,e9patch,enabled,pass,,,fc0aeb5cabc0492dcc6306f56e8048854c49523d81198d68b07aa819e024a5ff,362,,level=L2 (Determinism verified),,,,,stdout_parity:1,,,,,"[""tmp=/tmp""]",,,,
e9patch-20260801,@1785621326,b1fdeaf6d7bcda0799a7a5c4f116bbe1ed55a43d,2112c0045f25f895388257caed43b7b5abb9b50a,false,e9patch,portable,e9patch-corpus,readlinkat_exe,verify,ptrace,enabled,pass,,,1038d21050f513f9fd7f013006b66ad34ffc41635a4016e491bc8fb968e34cb1,201,,level=L2 (Determinism verified),,,,,,,,,,"[""tmp=/tmp""]",,,,
e9patch-20260801,@1785621326,b1fdeaf6d7bcda0799a7a5c4f116bbe1ed55a43d,2112c0045f25f895388257caed43b7b5abb9b50a,false,e9patch,portable,e9patch-corpus,readlinkat_exe,verify,e9patch,enabled,pass,,,1038d21050f513f9fd7f013006b66ad34ffc41635a4016e491bc8fb968e34cb1,362,,level=L2 (Determinism verified),,,,,stdout_parity:1,,,,,"[""tmp=/tmp""]",,,,
e9patch-20260801,@1785621326,b1fdeaf6d7bcda0799a7a5c4f116bbe1ed55a43d,2112c0045f25f895388257caed43b7b5abb9b50a,false,e9patch,portable,e9patch-corpus,readv_zero,verify,ptrace,enabled,pass,,,76951681e4c0d4568a6a478a44d1022fa578c9f87f0b9adde36765e380cde96f,202,,level=L2 (Determinism verified),,,,,,,,,,"[""tmp=/tmp""]",,,,
e9patch-20260801,@1785621326,b1fdeaf6d7bcda0799a7a5c4f116bbe1ed55a43d,2112c0045f25f895388257caed43b7b5abb9b50a,false,e9patch,portable,e9patch-corpus,readv_zero,verify,e9patch,enabled,pass,,,76951681e4c0d4568a6a478a44d1022fa578c9f87f0b9adde36765e380cde96f,362,,level=L2 (Determinism verified),,,,,stdout_parity:1,,,,,"[""tmp=/tmp""]",,,,
e9patch-20260801,@1785621326,b1fdeaf6d7bcda0799a7a5c4f116bbe1ed55a43d,2112c0045f25f895388257caed43b7b5abb9b50a,false,e9patch,portable,e9patch-corpus,recvfrom_socketpair,verify,ptrace,enabled,pass,,,efcfe043efb0489b47252f01e5b1174f50bd2a8e7216f81a61a5434e247cda60,201,,level=L2 (Determinism verified),,,,,,,,,,"[""tmp=/tmp""]",,,,
e9patch-20260801,@1785621326,b1fdeaf6d7bcda0799a7a5c4f116bbe1ed55a43d,2112c0045f25f895388257caed43b7b5abb9b50a,false,e9patch,portable,e9patch-corpus,recvfrom_socketpair,verify,e9patch,enabled,pass,,,efcfe043efb0489b47252f01e5b1174f50bd2a8e7216f81a61a5434e247cda60,362,,level=L2 (Determinism verified),,,,,stdout_parity:1,,,,,"[""tmp=/tmp""]",,,,
e9patch-20260801,@1785621326,b1fdeaf6d7bcda0799a7a5c4f116bbe1ed55a43d,2112c0045f25f895388257caed43b7b5abb9b50a,false,e9patch,portable,e9patch-corpus,recvmmsg_socketpair,verify,ptrace,enabled,pass,,,752444c4db0218b855c5736cb92128d5856a7affa7000b2831e4b1a41b06dee3,202,,level=L2 (Determinism verified),,,,,,,,,,"[""tmp=/tmp""]",,,,
e9patch-20260801,@1785621326,b1fdeaf6d7bcda0799a7a5c4f116bbe1ed55a43d,2112c0045f25f895388257caed43b7b5abb9b50a,false,e9patch,portable,e9patch-corpus,recvmmsg_socketpair,verify,e9patch,enabled,pass,,,752444c4db0218b855c5736cb92128d5856a7affa7000b2831e4b1a41b06dee3,362,,level=L2 (Determinism verified),,,,,stdout_parity:1,,,,,"[""tmp=/tmp""]",,,,
e9patch-20260801,@1785621326,b1fdeaf6d7bcda0799a7a5c4f116bbe1ed55a43d,2112c0045f25f895388257caed43b7b5abb9b50a,false,e9patch,portable,e9patch-corpus,recvmsg_socketpair,verify,ptrace,enabled,pass,,,b13b381e8eaf7dc3260d91f73818e66fb8f402c42197f323e681640ed1b10d28,201,,level=L2 (Determinism verified),,,,,,,,,,"[""tmp=/tmp""]",,,,
e9patch-20260801,@1785621326,b1fdeaf6d7bcda0799a7a5c4f116bbe1ed55a43d,2112c0045f25f895388257caed43b7b5abb9b50a,false,e9patch,portable,e9patch-corpus,recvmsg_socketpair,verify,e9patch,enabled,pass,,,b13b381e8eaf7dc3260d91f73818e66fb8f402c42197f323e681640ed1b10d28,401,,level=L2 (Determinism verified),,,,,stdout_parity:1,,,,,"[""tmp=/tmp""]",,,,
e9patch-20260801,@1785621326,b1fdeaf6d7bcda0799a7a5c4f116bbe1ed55a43d,2112c0045f25f895388257caed43b7b5abb9b50a,false,e9patch,portable,e9patch-corpus,removexattr_devnull,verify,ptrace,enabled,pass,,,ac3a185fcdc07f6a7000f119484917c2f58cbec8028fb9f31b469473f6a73a8d,162,,level=L2 (Determinism verified),,,,,,,,,,"[""tmp=/tmp""]",,,,
e9patch-20260801,@1785621326,b1fdeaf6d7bcda0799a7a5c4f116bbe1ed55a43d,2112c0045f25f895388257caed43b7b5abb9b50a,false,e9patch,portable,e9patch-corpus,removexattr_devnull,verify,e9patch,enabled,pass,,,ac3a185fcdc07f6a7000f119484917c2f58cbec8028fb9f31b469473f6a73a8d,322,,level=L2 (Determinism verified),,,,,stdout_parity:1,,,,,"[""tmp=/tmp""]",,,,
e9patch-20260801,@1785621326,b1fdeaf6d7bcda0799a7a5c4f116bbe1ed55a43d,2112c0045f25f895388257caed43b7b5abb9b50a,false,e9patch,portable,e9patch-corpus,rt_sigpending_empty,verify,ptrace,enabled,pass,,,94f6764a8e2bf03bcf7f386397c10bd93b9ab48cb14d8881272a3091f94239cf,201,,level=L2 (Determinism verified),,,,,,,,,,"[""tmp=/tmp""]",,,,
e9patch-20260801,@1785621326,b1fdeaf6d7bcda0799a7a5c4f116bbe1ed55a43d,2112c0045f25f895388257caed43b7b5abb9b50a,false,e9patch,portable,e9patch-corpus,rt_sigpending_empty,verify,e9patch,enabled,pass,,,94f6764a8e2bf03bcf7f386397c10bd93b9ab48cb14d8881272a3091f94239cf,362,,level=L2 (Determinism verified),,,,,stdout_parity:1,,,,,"[""tmp=/tmp""]",,,,
e9patch-20260801,@1785621326,b1fdeaf6d7bcda0799a7a5c4f116bbe1ed55a43d,2112c0045f25f895388257caed43b7b5abb9b50a,false,e9patch,portable,e9patch-corpus,rt_sigprocmask_query,verify,ptrace,enabled,pass,,,9e5ccedaca6c06a762aff906385bd13e276eab73a465f2c41456f624911b90cb,162,,level=L2 (Determinism verified),,,,,,,,,,"[""tmp=/tmp""]",,,,
e9patch-20260801,@1785621326,b1fdeaf6d7bcda0799a7a5c4f116bbe1ed55a43d,2112c0045f25f895388257caed43b7b5abb9b50a,false,e9patch,portable,e9patch-corpus,rt_sigprocmask_query,verify,e9patch,enabled,pass,,,9e5ccedaca6c06a762aff906385bd13e276eab73a465f2c41456f624911b90cb,361,,level=L2 (Determinism verified),,,,,stdout_parity:1,,,,,"[""tmp=/tmp""]",,,,
e9patch-20260801,@1785621326,b1fdeaf6d7bcda0799a7a5c4f116bbe1ed55a43d,2112c0045f25f895388257caed43b7b5abb9b50a,false,e9patch,portable,e9patch-corpus,rt_sigqueueinfo_self,verify,ptrace,enabled,pass,,,1c379e47e3fbb60e6a430ff9e113fa0a7d644243c5af480973ecbb5d5aca5ded,161,,level=L2 (Determinism verified),,,,,,,,,,"[""tmp=/tmp""]",,,,
e9patch-20260801,@1785621326,b1fdeaf6d7bcda0799a7a5c4f116bbe1ed55a43d,2112c0045f25f895388257caed43b7b5abb9b50a,false,e9patch,portable,e9patch-corpus,rt_sigqueueinfo_self,verify,e9patch,enabled,pass,,,1c379e47e3fbb60e6a430ff9e113fa0a7d644243c5af480973ecbb5d5aca5ded,362,,level=L2 (Determinism verified),,,,,stdout_parity:1,,,,,"[""tmp=/tmp""]",,,,
e9patch-20260801,@1785621326,b1fdeaf6d7bcda0799a7a5c4f116bbe1ed55a43d,2112c0045f25f895388257caed43b7b5abb9b50a,false,e9patch,portable,e9patch-corpus,rt_sigtimedwait_empty,verify,ptrace,enabled,pass,,,c6af752b3933fe4c9e031ca8662c076ef911c58c17258f198305a10316e14553,160,,level=L2 (Determinism verified),,,,,,,,,,"[""tmp=/tmp""]",,,,
e9patch-20260801,@1785621326,b1fdeaf6d7bcda0799a7a5c4f116bbe1ed55a43d,2112c0045f25f895388257caed43b7b5abb9b50a,false,e9patch,portable,e9patch-corpus,rt_sigtimedwait_empty,verify,e9patch,enabled,pass,,,c6af752b3933fe4c9e031ca8662c076ef911c58c17258f198305a10316e14553,402,,level=L2 (Determinism verified),,,,,stdout_parity:1,,,,,"[""tmp=/tmp""]",,,,
e9patch-20260801,@1785621326,b1fdeaf6d7bcda0799a7a5c4f116bbe1ed55a43d,2112c0045f25f895388257caed43b7b5abb9b50a,false,e9patch,portable,e9patch-corpus,rt_tgsigqueueinfo_self,verify,ptrace,enabled,pass,,,5d72bf2c2aec0e06b2fda84085a4519a786cbd522e18f9ad62a92b704e9c50c4,201,,level=L2 (Determinism verified),,,,,,,,,,"[""tmp=/tmp""]",,,,
e9patch-20260801,@1785621326,b1fdeaf6d7bcda0799a7a5c4f116bbe1ed55a43d,2112c0045f25f895388257caed43b7b5abb9b50a,false,e9patch,portable,e9patch-corpus,rt_tgsigqueueinfo_self,verify,e9patch,enabled,pass,,,5d72bf2c2aec0e06b2fda84085a4519a786cbd522e18f9ad62a92b704e9c50c4,321,,level=L2 (Determinism verified),,,,,stdout_parity:1,,,,,"[""tmp=/tmp""]",,,,
e9patch-20260801,@1785621326,b1fdeaf6d7bcda0799a7a5c4f116bbe1ed55a43d,2112c0045f25f895388257caed43b7b5abb9b50a,false,e9patch,portable,e9patch-corpus,sched_get_priority_min_check,verify,ptrace,enabled,pass,,,cacb467b48c48a093c0dd3ede24711e22d72080805cc1aefdf156acbc5cef704,161,,level=L2 (Determinism verified),,,,,,,,,,"[""tmp=/tmp""]",,,,
e9patch-20260801,@1785621326,b1fdeaf6d7bcda0799a7a5c4f116bbe1ed55a43d,2112c0045f25f895388257caed43b7b5abb9b50a,false,e9patch,portable,e9patch-corpus,sched_get_priority_min_check,verify,e9patch,enabled,pass,,,cacb467b48c48a093c0dd3ede24711e22d72080805cc1aefdf156acbc5cef704,322,,level=L2 (Determinism verified),,,,,stdout_parity:1,,,,,"[""tmp=/tmp""]",,,,
e9patch-20260801,@1785621326,b1fdeaf6d7bcda0799a7a5c4f116bbe1ed55a43d,2112c0045f25f895388257caed43b7b5abb9b50a,false,e9patch,portable,e9patch-corpus,sched_getaffinity_check,verify,ptrace,enabled,pass,,,77e3a5ba169bcd8ad78f11a31f0ca08d347f8d382cf453aab137f17eb1d01fe4,161,,level=L2 (Determinism verified),,,,,,,,,,"[""tmp=/tmp""]",,,,
e9patch-20260801,@1785621326,b1fdeaf6d7bcda0799a7a5c4f116bbe1ed55a43d,2112c0045f25f895388257caed43b7b5abb9b50a,false,e9patch,portable,e9patch-corpus,sched_getaffinity_check,verify,e9patch,enabled,pass,,,77e3a5ba169bcd8ad78f11a31f0ca08d347f8d382cf453aab137f17eb1d01fe4,322,,level=L2 (Determinism verified),,,,,stdout_parity:1,,,,,"[""tmp=/tmp""]",,,,
e9patch-20260801,@1785621326,b1fdeaf6d7bcda0799a7a5c4f116bbe1ed55a43d,2112c0045f25f895388257caed43b7b5abb9b50a,false,e9patch,portable,e9patch-corpus,sched_getattr_self,verify,ptrace,enabled,pass,,,3147cc3f30a0ea8a5010689b5cf6b6c8dfaf42dffda15e43f869c6c3af45055a,201,,level=L2 (Determinism verified),,,,,,,,,,"[""tmp=/tmp""]",,,,
e9patch-20260801,@1785621326,b1fdeaf6d7bcda0799a7a5c4f116bbe1ed55a43d,2112c0045f25f895388257caed43b7b5abb9b50a,false,e9patch,portable,e9patch-corpus,sched_getattr_self,verify,e9patch,enabled,pass,,,3147cc3f30a0ea8a5010689b5cf6b6c8dfaf42dffda15e43f869c6c3af45055a,321,,level=L2 (Determinism verified),,,,,stdout_parity:1,,,,,"[""tmp=/tmp""]",,,,
e9patch-20260801,@1785621326,b1fdeaf6d7bcda0799a7a5c4f116bbe1ed55a43d,2112c0045f25f895388257caed43b7b5abb9b50a,false,e9patch,portable,e9patch-corpus,sched_getparam_check,verify,ptrace,enabled,pass,,,5ccc91c9a4f60ebf14aa75ffb95476751e05b56ef9cf9bca73f0fe9bfc2ec7ed,202,,level=L2 (Determinism verified),,,,,,,,,,"[""tmp=/tmp""]",,,,
e9patch-20260801,@1785621326,b1fdeaf6d7bcda0799a7a5c4f116bbe1ed55a43d,2112c0045f25f895388257caed43b7b5abb9b50a,false,e9patch,portable,e9patch-corpus,sched_getparam_check,verify,e9patch,enabled,pass,,,5ccc91c9a4f60ebf14aa75ffb95476751e05b56ef9cf9bca73f0fe9bfc2ec7ed,363,,level=L2 (Determinism verified),,,,,stdout_parity:1,,,,,"[""tmp=/tmp""]",,,,
e9patch-20260801,@1785621326,b1fdeaf6d7bcda0799a7a5c4f116bbe1ed55a43d,2112c0045f25f895388257caed43b7b5abb9b50a,false,e9patch,portable,e9patch-corpus,sched_getscheduler_check,verify,ptrace,enabled,pass,,,e5a2f5a7518229e160974d0603ea60ffad766758a433a0b9e4a6bd85f5917b60,201,,level=L2 (Determinism verified),,,,,,,,,,"[""tmp=/tmp""]",,,,
e9patch-20260801,@1785621326,b1fdeaf6d7bcda0799a7a5c4f116bbe1ed55a43d,2112c0045f25f895388257caed43b7b5abb9b50a,false,e9patch,portable,e9patch-corpus,sched_getscheduler_check,verify,e9patch,enabled,pass,,,e5a2f5a7518229e160974d0603ea60ffad766758a433a0b9e4a6bd85f5917b60,321,,level=L2 (Determinism verified),,,,,stdout_parity:1,,,,,"[""tmp=/tmp""]",,,,
e9patch-20260801,@1785621326,b1fdeaf6d7bcda0799a7a5c4f116bbe1ed55a43d,2112c0045f25f895388257caed43b7b5abb9b50a,false,e9patch,portable,e9patch-corpus,sched_priority_max,verify,ptrace,enabled,pass,,,a4e2bdef320981adc98452c2570a640ee9c67b5de8b4e4e25812fe21379e1c01,160,,level=L2 (Determinism verified),,,,,,,,,,"[""tmp=/tmp""]",,,,
e9patch-20260801,@1785621326,b1fdeaf6d7bcda0799a7a5c4f116bbe1ed55a43d,2112c0045f25f895388257caed43b7b5abb9b50a,false,e9patch,portable,e9patch-corpus,sched_priority_max,verify,e9patch,enabled,pass,,,a4e2bdef320981adc98452c2570a640ee9c67b5de8b4e4e25812fe21379e1c01,321,,level=L2 (Determinism verified),,,,,stdout_parity:1,,,,,"[""tmp=/tmp""]",,,,
e9patch-20260801,@1785621326,b1fdeaf6d7bcda0799a7a5c4f116bbe1ed55a43d,2112c0045f25f895388257caed43b7b5abb9b50a,false,e9patch,portable,e9patch-corpus,sched_rr_get_interval_check,verify,ptrace,enabled,pass,,,240265b9a325d37c278309a01b45ad912e8327e6c7b9fca6c4ae280d300b5adf,161,,level=L2 (Determinism verified),,,,,,,,,,"[""tmp=/tmp""]",,,,
e9patch-20260801,@1785621326,b1fdeaf6d7bcda0799a7a5c4f116bbe1ed55a43d,2112c0045f25f895388257caed43b7b5abb9b50a,false,e9patch,portable,e9patch-corpus,sched_rr_get_interval_check,verify,e9patch,enabled,pass,,,240265b9a325d37c278309a01b45ad912e8327e6c7b9fca6c4ae280d300b5adf,362,,level=L2 (Determinism verified),,,,,stdout_parity:1,,,,,"[""tmp=/tmp""]",,,,
e9patch-20260801,@1785621326,b1fdeaf6d7bcda0799a7a5c4f116bbe1ed55a43d,2112c0045f25f895388257caed43b7b5abb9b50a,false,e9patch,portable,e9patch-corpus,sched_setaffinity_self,verify,ptrace,enabled,pass,,,e264befdf3a2496c5b849b9d19da5affff08f65af932906469e1e4bf12c28141,282,,level=L2 (Determinism verified),,,,,,,,,,"[""tmp=/tmp""]",,,,
e9patch-20260801,@1785621326,b1fdeaf6d7bcda0799a7a5c4f116bbe1ed55a43d,2112c0045f25f895388257caed43b7b5abb9b50a,false,e9patch,portable,e9patch-corpus,sched_setaffinity_self,verify,e9patch,enabled,pass,,,e264befdf3a2496c5b849b9d19da5affff08f65af932906469e1e4bf12c28141,362,,level=L2 (Determinism verified),,,,,stdout_parity:1,,,,,"[""tmp=/tmp""]",,,,
e9patch-20260801,@1785621326,b1fdeaf6d7bcda0799a7a5c4f116bbe1ed55a43d,2112c0045f25f895388257caed43b7b5abb9b50a,false,e9patch,portable,e9patch-corpus,sched_yield_noop,verify,ptrace,enabled,pass,,,0612211de0a25477539a5c5f628520c5d0c6b9549378314e983cc4fe39595e62,202,,level=L2 (Determinism verified),,,,,,,,,,"[""tmp=/tmp""]",,,,
e9patch-20260801,@1785621326,b1fdeaf6d7bcda0799a7a5c4f116bbe1ed55a43d,2112c0045f25f895388257caed43b7b5abb9b50a,false,e9patch,portable,e9patch-corpus,sched_yield_noop,verify,e9patch,enabled,pass,,,0612211de0a25477539a5c5f628520c5d0c6b9549378314e983cc4fe39595e62,362,,level=L2 (Determinism verified),,,,,stdout_parity:1,,,,,"[""tmp=/tmp""]",,,,
e9patch-20260801,@1785621326,b1fdeaf6d7bcda0799a7a5c4f116bbe1ed55a43d,2112c0045f25f895388257caed43b7b5abb9b50a,false,e9patch,portable,e9patch-corpus,select_timeout_zero,verify,ptrace,enabled,pass,,,64d2d8dbd5c573175d4b26a6de0d1b2da6cff02ad28ffec8f965de927f03296b,202,,level=L2 (Determinism verified),,,,,,,,,,"[""tmp=/tmp""]",,,,
e9patch-20260801,@1785621326,b1fdeaf6d7bcda0799a7a5c4f116bbe1ed55a43d,2112c0045f25f895388257caed43b7b5abb9b50a,false,e9patch,portable,e9patch-corpus,select_timeout_zero,verify,e9patch,enabled,pass,,,64d2d8dbd5c573175d4b26a6de0d1b2da6cff02ad28ffec8f965de927f03296b,362,,level=L2 (Determinism verified),,,,,stdout_parity:1,,,,,"[""tmp=/tmp""]",,,,
e9patch-20260801,@1785621326,b1fdeaf6d7bcda0799a7a5c4f116bbe1ed55a43d,2112c0045f25f895388257caed43b7b5abb9b50a,false,e9patch,portable,e9patch-corpus,sendfile_memfd,verify,ptrace,enabled,pass,,,0c8827506d9e239ced7c16ff9ca3d0cbb1270252215b5f1936a45fbcab12fde2,322,,level=L2 (Determinism verified),,,,,,,,,,"[""tmp=/tmp""]",,,,
e9patch-20260801,@1785621326,b1fdeaf6d7bcda0799a7a5c4f116bbe1ed55a43d,2112c0045f25f895388257caed43b7b5abb9b50a,false,e9patch,portable,e9patch-corpus,sendfile_memfd,verify,e9patch,enabled,pass,,,0c8827506d9e239ced7c16ff9ca3d0cbb1270252215b5f1936a45fbcab12fde2,402,,level=L2 (Determinism verified),,,,,stdout_parity:1,,,,,"[""tmp=/tmp""]",,,,
e9patch-20260801,@1785621326,b1fdeaf6d7bcda0799a7a5c4f116bbe1ed55a43d,2112c0045f25f895388257caed43b7b5abb9b50a,false,e9patch,portable,e9patch-corpus,sendmmsg_socketpair,verify,ptrace,enabled,pass,,,26f6ec2df015f5bdde0848188ce7530dbb204a1b594de9aa38e03845ac3315a0,201,,level=L2 (Determinism verified),,,,,,,,,,"[""tmp=/tmp""]",,,,
e9patch-20260801,@1785621326,b1fdeaf6d7bcda0799a7a5c4f116bbe1ed55a43d,2112c0045f25f895388257caed43b7b5abb9b50a,false,e9patch,portable,e9patch-corpus,sendmmsg_socketpair,verify,e9patch,enabled,pass,,,26f6ec2df015f5bdde0848188ce7530dbb204a1b594de9aa38e03845ac3315a0,602,,level=L2 (Determinism verified),,,,,stdout_parity:1,,,,,"[""tmp=/tmp""]",,,,
e9patch-20260801,@1785621326,b1fdeaf6d7bcda0799a7a5c4f116bbe1ed55a43d,2112c0045f25f895388257caed43b7b5abb9b50a,false,e9patch,portable,e9patch-corpus,sendmsg_socketpair,verify,ptrace,enabled,pass,,,223044eb15d46f01e5a7ba4b9ceb0445a76d854de6b4dc19846f0d731d4dcb20,201,,level=L2 (Determinism verified),,,,,,,,,,"[""tmp=/tmp""]",,,,
e9patch-20260801,@1785621326,b1fdeaf6d7bcda0799a7a5c4f116bbe1ed55a43d,2112c0045f25f895388257caed43b7b5abb9b50a,false,e9patch,portable,e9patch-corpus,sendmsg_socketpair,verify,e9patch,enabled,pass,,,223044eb15d46f01e5a7ba4b9ceb0445a76d854de6b4dc19846f0d731d4dcb20,361,,level=L2 (Determinism verified),,,,,stdout_parity:1,,,,,"[""tmp=/tmp""]",,,,
e9patch-20260801,@1785621326,b1fdeaf6d7bcda0799a7a5c4f116bbe1ed55a43d,2112c0045f25f895388257caed43b7b5abb9b50a,false,e9patch,portable,e9patch-corpus,sendto_socketpair,verify,ptrace,enabled,pass,,,ef80acea9eb7fced2a98ec3d4042af6cf32a511490558e40aa5c06e4469a32ac,201,,level=L2 (Determinism verified),,,,,,,,,,"[""tmp=/tmp""]",,,,
e9patch-20260801,@1785621326,b1fdeaf6d7bcda0799a7a5c4f116bbe1ed55a43d,2112c0045f25f895388257caed43b7b5abb9b50a,false,e9patch,portable,e9patch-corpus,sendto_socketpair,verify,e9patch,enabled,pass,,,ef80acea9eb7fced2a98ec3d4042af6cf32a511490558e40aa5c06e4469a32ac,362,,level=L2 (Determinism verified),,,,,stdout_parity:1,,,,,"[""tmp=/tmp""]",,,,
e9patch-20260801,@1785621326,b1fdeaf6d7bcda0799a7a5c4f116bbe1ed55a43d,2112c0045f25f895388257caed43b7b5abb9b50a,false,e9patch,portable,e9patch-corpus,set_mempolicy_default,verify,ptrace,enabled,pass,,,2e890aae3ac2d8a43dce0b0e7955be7e99d754fb01a94703cc49bf6e3d400c6b,2485,,level=L2 (Determinism verified),,,,,,,,,,"[""tmp=/tmp""]",,,,
e9patch-20260801,@1785621326,b1fdeaf6d7bcda0799a7a5c4f116bbe1ed55a43d,2112c0045f25f895388257caed43b7b5abb9b50a,false,e9patch,portable,e9patch-corpus,set_mempolicy_default,verify,e9patch,enabled,pass,,,2e890aae3ac2d8a43dce0b0e7955be7e99d754fb01a94703cc49bf6e3d400c6b,1323,,level=L2 (Determinism verified),,,,,stdout_parity:1,,,,,"[""tmp=/tmp""]",,,,
e9patch-20260801,@1785621326,b1fdeaf6d7bcda0799a7a5c4f116bbe1ed55a43d,2112c0045f25f895388257caed43b7b5abb9b50a,false,e9patch,portable,e9patch-corpus,set_robust_list_ok,verify,ptrace,enabled,pass,,,951ddc231ac82f2098b7f27f0ef1bfa235ad3f3660dff2cb4d4962af612cb9ed,1203,,level=L2 (Determinism verified),,,,,,,,,,"[""tmp=/tmp""]",,,,
e9patch-20260801,@1785621326,b1fdeaf6d7bcda0799a7a5c4f116bbe1ed55a43d,2112c0045f25f895388257caed43b7b5abb9b50a,false,e9patch,portable,e9patch-corpus,set_robust_list_ok,verify,e9patch,enabled,pass,,,951ddc231ac82f2098b7f27f0ef1bfa235ad3f3660dff2cb4d4962af612cb9ed,321,,level=L2 (Determinism verified),,,,,stdout_parity:1,,,,,"[""tmp=/tmp""]",,,,
e9patch-20260801,@1785621326,b1fdeaf6d7bcda0799a7a5c4f116bbe1ed55a43d,2112c0045f25f895388257caed43b7b5abb9b50a,false,e9patch,portable,e9patch-corpus,set_tid_address_ok,verify,ptrace,enabled,pass,,,4101f1267de868dc7d9b5afde612b4b79680f8d6116b51a6f95d5d250812c9f1,202,,level=L2 (Determinism verified),,,,,,,,,,"[""tmp=/tmp""]",,,,
e9patch-20260801,@1785621326,b1fdeaf6d7bcda0799a7a5c4f116bbe1ed55a43d,2112c0045f25f895388257caed43b7b5abb9b50a,false,e9patch,portable,e9patch-corpus,set_tid_address_ok,verify,e9patch,enabled,pass,,,4101f1267de868dc7d9b5afde612b4b79680f8d6116b51a6f95d5d250812c9f1,362,,level=L2 (Determinism verified),,,,,stdout_parity:1,,,,,"[""tmp=/tmp""]",,,,
e9patch-20260801,@1785621326,b1fdeaf6d7bcda0799a7a5c4f116bbe1ed55a43d,2112c0045f25f895388257caed43b7b5abb9b50a,false,e9patch,portable,e9patch-corpus,setfsgid_noop,verify,ptrace,enabled,pass,,,1845637659ed21999cd51aa86b27162b1bab91a754f74abac42105c61a649727,160,,level=L2 (Determinism verified),,,,,,,,,,"[""tmp=/tmp""]",,,,
e9patch-20260801,@1785621326,b1fdeaf6d7bcda0799a7a5c4f116bbe1ed55a43d,2112c0045f25f895388257caed43b7b5abb9b50a,false,e9patch,portable,e9patch-corpus,setfsgid_noop,verify,e9patch,enabled,pass,,,1845637659ed21999cd51aa86b27162b1bab91a754f74abac42105c61a649727,322,,level=L2 (Determinism verified),,,,,stdout_parity:1,,,,,"[""tmp=/tmp""]",,,,
e9patch-20260801,@1785621326,b1fdeaf6d7bcda0799a7a5c4f116bbe1ed55a43d,2112c0045f25f895388257caed43b7b5abb9b50a,false,e9patch,portable,e9patch-corpus,setfsuid_noop,verify,ptrace,enabled,pass,,,acbe820bab289ff7e7e0c9045fdfe81226e2c08b27a2527cfa3457bb55e732e8,201,,level=L2 (Determinism verified),,,,,,,,,,"[""tmp=/tmp""]",,,,
e9patch-20260801,@1785621326,b1fdeaf6d7bcda0799a7a5c4f116bbe1ed55a43d,2112c0045f25f895388257caed43b7b5abb9b50a,false,e9patch,portable,e9patch-corpus,setfsuid_noop,verify,e9patch,enabled,pass,,,acbe820bab289ff7e7e0c9045fdfe81226e2c08b27a2527cfa3457bb55e732e8,322,,level=L2 (Determinism verified),,,,,stdout_parity:1,,,,,"[""tmp=/tmp""]",,,,
e9patch-20260801,@1785621326,b1fdeaf6d7bcda0799a7a5c4f116bbe1ed55a43d,2112c0045f25f895388257caed43b7b5abb9b50a,false,e9patch,portable,e9patch-corpus,setpgid_self,verify,ptrace,enabled,pass,,,7399ceec5d76dd2c7c0a0206b5b2924827a15ccf9de0f00cb4be5ec6ad6135d6,201,,level=L2 (Determinism verified),,,,,,,,,,"[""tmp=/tmp""]",,,,
e9patch-20260801,@1785621326,b1fdeaf6d7bcda0799a7a5c4f116bbe1ed55a43d,2112c0045f25f895388257caed43b7b5abb9b50a,false,e9patch,portable,e9patch-corpus,setpgid_self,verify,e9patch,enabled,pass,,,7399ceec5d76dd2c7c0a0206b5b2924827a15ccf9de0f00cb4be5ec6ad6135d6,321,,level=L2 (Determinism verified),,,,,stdout_parity:1,,,,,"[""tmp=/tmp""]",,,,
e9patch-20260801,@1785621326,b1fdeaf6d7bcda0799a7a5c4f116bbe1ed55a43d,2112c0045f25f895388257caed43b7b5abb9b50a,false,e9patch,portable,e9patch-corpus,setpriority_self,verify,ptrace,enabled,pass,,,2ef5b0fcafe9d9550c34189dab2d9fef3e7512d65f2b0ab051f7988750faf5fc,201,,level=L2 (Determinism verified),,,,,,,,,,"[""tmp=/tmp""]",,,,
e9patch-20260801,@1785621326,b1fdeaf6d7bcda0799a7a5c4f116bbe1ed55a43d,2112c0045f25f895388257caed43b7b5abb9b50a,false,e9patch,portable,e9patch-corpus,setpriority_self,verify,e9patch,enabled,pass,,,2ef5b0fcafe9d9550c34189dab2d9fef3e7512d65f2b0ab051f7988750faf5fc,321,,level=L2 (Determinism verified),,,,,stdout_parity:1,,,,,"[""tmp=/tmp""]",,,,
e9patch-20260801,@1785621326,b1fdeaf6d7bcda0799a7a5c4f116bbe1ed55a43d,2112c0045f25f895388257caed43b7b5abb9b50a,false,e9patch,portable,e9patch-corpus,setregid_noop,verify,ptrace,enabled,pass,,,bc89e0277e7444ab7a55d5d436fc15ff7d945daf9c171a29b91810cba0c190e2,161,,level=L2 (Determinism verified),,,,,,,,,,"[""tmp=/tmp""]",,,,
e9patch-20260801,@1785621326,b1fdeaf6d7bcda0799a7a5c4f116bbe1ed55a43d,2112c0045f25f895388257caed43b7b5abb9b50a,false,e9patch,portable,e9patch-corpus,setregid_noop,verify,e9patch,enabled,pass,,,bc89e0277e7444ab7a55d5d436fc15ff7d945daf9c171a29b91810cba0c190e2,362,,level=L2 (Determinism verified),,,,,stdout_parity:1,,,,,"[""tmp=/tmp""]",,,,
e9patch-20260801,@1785621326,b1fdeaf6d7bcda0799a7a5c4f116bbe1ed55a43d,2112c0045f25f895388257caed43b7b5abb9b50a,false,e9patch,portable,e9patch-corpus,setresgid_noop,verify,ptrace,enabled,pass,,,0a8f471e7ea820127fbde615e5beb8fb4df3edc9e8406ed70bcb7d90912a8003,161,,level=L2 (Determinism verified),,,,,,,,,,"[""tmp=/tmp""]",,,,
e9patch-20260801,@1785621326,b1fdeaf6d7bcda0799a7a5c4f116bbe1ed55a43d,2112c0045f25f895388257caed43b7b5abb9b50a,false,e9patch,portable,e9patch-corpus,setresgid_noop,verify,e9patch,enabled,pass,,,0a8f471e7ea820127fbde615e5beb8fb4df3edc9e8406ed70bcb7d90912a8003,362,,level=L2 (Determinism verified),,,,,stdout_parity:1,,,,,"[""tmp=/tmp""]",,,,
e9patch-20260801,@1785621326,b1fdeaf6d7bcda0799a7a5c4f116bbe1ed55a43d,2112c0045f25f895388257caed43b7b5abb9b50a,false,e9patch,portable,e9patch-corpus,setresuid_noop,verify,ptrace,enabled,pass,,,7c37a55f69a23e02ddf9df3a55298c5b68c7e40c4cf3f36be0ef37b03456422e,160,,level=L2 (Determinism verified),,,,,,,,,,"[""tmp=/tmp""]",,,,
e9patch-20260801,@1785621326,b1fdeaf6d7bcda0799a7a5c4f116bbe1ed55a43d,2112c0045f25f895388257caed43b7b5abb9b50a,false,e9patch,portable,e9patch-corpus,setresuid_noop,verify,e9patch,enabled,pass,,,7c37a55f69a23e02ddf9df3a55298c5b68c7e40c4cf3f36be0ef37b03456422e,321,,level=L2 (Determinism verified),,,,,stdout_parity:1,,,,,"[""tmp=/tmp""]",,,,
e9patch-20260801,@1785621326,b1fdeaf6d7bcda0799a7a5c4f116bbe1ed55a43d,2112c0045f25f895388257caed43b7b5abb9b50a,false,e9patch,portable,e9patch-corpus,setreuid_noop,verify,ptrace,enabled,pass,,,e6b320337da9af73f028bc222a41f3a35c6c64b4d4a8f650c558f90607158fb5,161,,level=L2 (Determinism verified),,,,,,,,,,"[""tmp=/tmp""]",,,,
e9patch-20260801,@1785621326,b1fdeaf6d7bcda0799a7a5c4f116bbe1ed55a43d,2112c0045f25f895388257caed43b7b5abb9b50a,false,e9patch,portable,e9patch-corpus,setreuid_noop,verify,e9patch,enabled,pass,,,e6b320337da9af73f028bc222a41f3a35c6c64b4d4a8f650c558f90607158fb5,361,,level=L2 (Determinism verified),,,,,stdout_parity:1,,,,,"[""tmp=/tmp""]",,,,
e9patch-20260801,@1785621326,b1fdeaf6d7bcda0799a7a5c4f116bbe1ed55a43d,2112c0045f25f895388257caed43b7b5abb9b50a,false,e9patch,portable,e9patch-corpus,setrlimit_nofile,verify,ptrace,enabled,pass,,,f0566e4e8ae4301b137df68057b18825c4675fdb9100e2fe9619f1eb7fdc3786,201,,level=L2 (Determinism verified),,,,,,,,,,"[""tmp=/tmp""]",,,,
e9patch-20260801,@1785621326,b1fdeaf6d7bcda0799a7a5c4f116bbe1ed55a43d,2112c0045f25f895388257caed43b7b5abb9b50a,false,e9patch,portable,e9patch-corpus,setrlimit_nofile,verify,e9patch,enabled,pass,,,f0566e4e8ae4301b137df68057b18825c4675fdb9100e2fe9619f1eb7fdc3786,321,,level=L2 (Determinism verified),,,,,stdout_parity:1,,,,,"[""tmp=/tmp""]",,,,
e9patch-20260801,@1785621326,b1fdeaf6d7bcda0799a7a5c4f116bbe1ed55a43d,2112c0045f25f895388257caed43b7b5abb9b50a,false,e9patch,portable,e9patch-corpus,setsockopt_reuseaddr,verify,ptrace,enabled,pass,,,497303cbc3ded1387932599edeaeb1ebd711e823aabc15540e18d7655544c3db,202,,level=L2 (Determinism verified),,,,,,,,,,"[""tmp=/tmp""]",,,,
e9patch-20260801,@1785621326,b1fdeaf6d7bcda0799a7a5c4f116bbe1ed55a43d,2112c0045f25f895388257caed43b7b5abb9b50a,false,e9patch,portable,e9patch-corpus,setsockopt_reuseaddr,verify,e9patch,enabled,pass,,,497303cbc3ded1387932599edeaeb1ebd711e823aabc15540e18d7655544c3db,362,,level=L2 (Determinism verified),,,,,stdout_parity:1,,,,,"[""tmp=/tmp""]",,,,
e9patch-20260801,@1785621326,b1fdeaf6d7bcda0799a7a5c4f116bbe1ed55a43d,2112c0045f25f895388257caed43b7b5abb9b50a,false,e9patch,portable,e9patch-corpus,shutdown_socketpair,verify,ptrace,enabled,pass,,,2b2d25ea0bc3140d20b86a2620b5b5cba6265cb1b538ab990ad05084cbc14f40,200,,level=L2 (Determinism verified),,,,,,,,,,"[""tmp=/tmp""]",,,,
e9patch-20260801,@1785621326,b1fdeaf6d7bcda0799a7a5c4f116bbe1ed55a43d,2112c0045f25f895388257caed43b7b5abb9b50a,false,e9patch,portable,e9patch-corpus,shutdown_socketpair,verify,e9patch,enabled,pass,,,2b2d25ea0bc3140d20b86a2620b5b5cba6265cb1b538ab990ad05084cbc14f40,361,,level=L2 (Determinism verified),,,,,stdout_parity:1,,,,,"[""tmp=/tmp""]",,,,
e9patch-20260801,@1785621326,b1fdeaf6d7bcda0799a7a5c4f116bbe1ed55a43d,2112c0045f25f895388257caed43b7b5abb9b50a,false,e9patch,portable,e9patch-corpus,sigaction_query,verify,ptrace,enabled,pass,,,0aa72f42ee13a54f747aa76ee0cc964d4a882524ecd4ff773a0345d1e92032e0,161,,level=L2 (Determinism verified),,,,,,,,,,"[""tmp=/tmp""]",,,,
e9patch-20260801,@1785621326,b1fdeaf6d7bcda0799a7a5c4f116bbe1ed55a43d,2112c0045f25f895388257caed43b7b5abb9b50a,false,e9patch,portable,e9patch-corpus,sigaction_query,verify,e9patch,enabled,pass,,,0aa72f42ee13a54f747aa76ee0cc964d4a882524ecd4ff773a0345d1e92032e0,322,,level=L2 (Determinism verified),,,,,stdout_parity:1,,,,,"[""tmp=/tmp""]",,,,
e9patch-20260801,@1785621326,b1fdeaf6d7bcda0799a7a5c4f116bbe1ed55a43d,2112c0045f25f895388257caed43b7b5abb9b50a,false,e9patch,portable,e9patch-corpus,sigaltstack_query,verify,ptrace,enabled,pass,,,a3392b2060a6f232f93d900c41cf2815b131a30e2bda457e7b6f9c3874c3e663,161,,level=L2 (Determinism verified),,,,,,,,,,"[""tmp=/tmp""]",,,,
e9patch-20260801,@1785621326,b1fdeaf6d7bcda0799a7a5c4f116bbe1ed55a43d,2112c0045f25f895388257caed43b7b5abb9b50a,false,e9patch,portable,e9patch-corpus,sigaltstack_query,verify,e9patch,enabled,pass,,,a3392b2060a6f232f93d900c41cf2815b131a30e2bda457e7b6f9c3874c3e663,322,,level=L2 (Determinism verified),,,,,stdout_parity:1,,,,,"[""tmp=/tmp""]",,,,
e9patch-20260801,@1785621326,b1fdeaf6d7bcda0799a7a5c4f116bbe1ed55a43d,2112c0045f25f895388257caed43b7b5abb9b50a,false,e9patch,portable,e9patch-corpus,sigmask,verify,ptrace,enabled,pass,,,e3b0c44298fc1c149afbf4c8996fb92427ae41e4649b934ca495991b7852b855,160,,level=L2 (Determinism verified),,,,,,,,,,"[""tmp=/tmp""]",,,,
e9patch-20260801,@1785621326,b1fdeaf6d7bcda0799a7a5c4f116bbe1ed55a43d,2112c0045f25f895388257caed43b7b5abb9b50a,false,e9patch,portable,e9patch-corpus,sigmask,verify,e9patch,enabled,pass,,,e3b0c44298fc1c149afbf4c8996fb92427ae41e4649b934ca495991b7852b855,362,,level=L2 (Determinism verified),,,,,stdout_parity:1,,,,,"[""tmp=/tmp""]",,,,
e9patch-20260801,@1785621326,b1fdeaf6d7bcda0799a7a5c4f116bbe1ed55a43d,2112c0045f25f895388257caed43b7b5abb9b50a,false,e9patch,portable,e9patch-corpus,signalfd_create,verify,ptrace,enabled,pass,,,d48dfa15548a9ea5d1b006e04cb457b21ccc02ed3f07b991abc4cd0853ed28c8,200,,level=L2 (Determinism verified),,,,,,,,,,"[""tmp=/tmp""]",,,,
e9patch-20260801,@1785621326,b1fdeaf6d7bcda0799a7a5c4f116bbe1ed55a43d,2112c0045f25f895388257caed43b7b5abb9b50a,false,e9patch,portable,e9patch-corpus,signalfd_create,verify,e9patch,enabled,pass,,,d48dfa15548a9ea5d1b006e04cb457b21ccc02ed3f07b991abc4cd0853ed28c8,361,,level=L2 (Determinism verified),,,,,stdout_parity:1,,,,,"[""tmp=/tmp""]",,,,
e9patch-20260801,@1785621326,b1fdeaf6d7bcda0799a7a5c4f116bbe1ed55a43d,2112c0045f25f895388257caed43b7b5abb9b50a,false,e9patch,portable,e9patch-corpus,signalfd_legacy,verify,ptrace,enabled,pass,,,eabda7e96f5539d7dd7ef05f238b915a2bf0df77ad2e881721b98ae6f7583cb4,161,,level=L2 (Determinism verified),,,,,,,,,,"[""tmp=/tmp""]",,,,
e9patch-20260801,@1785621326,b1fdeaf6d7bcda0799a7a5c4f116bbe1ed55a43d,2112c0045f25f895388257caed43b7b5abb9b50a,false,e9patch,portable,e9patch-corpus,signalfd_legacy,verify,e9patch,enabled,pass,,,eabda7e96f5539d7dd7ef05f238b915a2bf0df77ad2e881721b98ae6f7583cb4,362,,level=L2 (Determinism verified),,,,,stdout_parity:1,,,,,"[""tmp=/tmp""]",,,,
e9patch-20260801,@1785621326,b1fdeaf6d7bcda0799a7a5c4f116bbe1ed55a43d,2112c0045f25f895388257caed43b7b5abb9b50a,false,e9patch,portable,e9patch-corpus,socket_dgram,verify,ptrace,enabled,pass,,,ae5b4bfdc454b79b582fec49a5d266a1be03091cba3d706e289a4f62b5b06f08,200,,level=L2 (Determinism verified),,,,,,,,,,"[""tmp=/tmp""]",,,,
e9patch-20260801,@1785621326,b1fdeaf6d7bcda0799a7a5c4f116bbe1ed55a43d,2112c0045f25f895388257caed43b7b5abb9b50a,false,e9patch,portable,e9patch-corpus,socket_dgram,verify,e9patch,enabled,pass,,,ae5b4bfdc454b79b582fec49a5d266a1be03091cba3d706e289a4f62b5b06f08,361,,level=L2 (Determinism verified),,,,,stdout_parity:1,,,,,"[""tmp=/tmp""]",,,,
e9patch-20260801,@1785621326,b1fdeaf6d7bcda0799a7a5c4f116bbe1ed55a43d,2112c0045f25f895388257caed43b7b5abb9b50a,false,e9patch,portable,e9patch-corpus,socketpair_dgram,verify,ptrace,enabled,pass,,,3c144966f6c789fcdea6b58960a02dcfbe350ffff42c3d7783345e0fa5d8d69d,201,,level=L2 (Determinism verified),,,,,,,,,,"[""tmp=/tmp""]",,,,
e9patch-20260801,@1785621326,b1fdeaf6d7bcda0799a7a5c4f116bbe1ed55a43d,2112c0045f25f895388257caed43b7b5abb9b50a,false,e9patch,portable,e9patch-corpus,socketpair_dgram,verify,e9patch,enabled,pass,,,3c144966f6c789fcdea6b58960a02dcfbe350ffff42c3d7783345e0fa5d8d69d,362,,level=L2 (Determinism verified),,,,,stdout_parity:1,,,,,"[""tmp=/tmp""]",,,,
e9patch-20260801,@1785621326,b1fdeaf6d7bcda0799a7a5c4f116bbe1ed55a43d,2112c0045f25f895388257caed43b7b5abb9b50a,false,e9patch,portable,e9patch-corpus,socketpair_rw,verify,ptrace,enabled,pass,,,3c144966f6c789fcdea6b58960a02dcfbe350ffff42c3d7783345e0fa5d8d69d,201,,level=L2 (Determinism verified),,,,,,,,,,"[""tmp=/tmp""]",,,,
e9patch-20260801,@1785621326,b1fdeaf6d7bcda0799a7a5c4f116bbe1ed55a43d,2112c0045f25f895388257caed43b7b5abb9b50a,false,e9patch,portable,e9patch-corpus,socketpair_rw,verify,e9patch,enabled,pass,,,3c144966f6c789fcdea6b58960a02dcfbe350ffff42c3d7783345e0fa5d8d69d,362,,level=L2 (Determinism verified),,,,,stdout_parity:1,,,,,"[""tmp=/tmp""]",,,,
e9patch-20260801,@1785621326,b1fdeaf6d7bcda0799a7a5c4f116bbe1ed55a43d,2112c0045f25f895388257caed43b7b5abb9b50a,false,e9patch,portable,e9patch-corpus,socketpair_seqpacket,verify,ptrace,enabled,pass,,,3c144966f6c789fcdea6b58960a02dcfbe350ffff42c3d7783345e0fa5d8d69d,202,,level=L2 (Determinism verified),,,,,,,,,,"[""tmp=/tmp""]",,,,
e9patch-20260801,@1785621326,b1fdeaf6d7bcda0799a7a5c4f116bbe1ed55a43d,2112c0045f25f895388257caed43b7b5abb9b50a,false,e9patch,portable,e9patch-corpus,socketpair_seqpacket,verify,e9patch,enabled,pass,,,3c144966f6c789fcdea6b58960a02dcfbe350ffff42c3d7783345e0fa5d8d69d,922,,level=L2 (Determinism verified),,,,,stdout_parity:1,,,,,"[""tmp=/tmp""]",,,,
e9patch-20260801,@1785621326,b1fdeaf6d7bcda0799a7a5c4f116bbe1ed55a43d,2112c0045f25f895388257caed43b7b5abb9b50a,false,e9patch,portable,e9patch-corpus,stat_devnull,verify,ptrace,enabled,pass,,,b627eca50a67c6ac8d7a8eb30e50fc5d81a48d3f719695ea179ccd5b9f601d37,161,,level=L2 (Determinism verified),,,,,,,,,,"[""tmp=/tmp""]",,,,
e9patch-20260801,@1785621326,b1fdeaf6d7bcda0799a7a5c4f116bbe1ed55a43d,2112c0045f25f895388257caed43b7b5abb9b50a,false,e9patch,portable,e9patch-corpus,stat_devnull,verify,e9patch,enabled,pass,,,b627eca50a67c6ac8d7a8eb30e50fc5d81a48d3f719695ea179ccd5b9f601d37,322,,level=L2 (Determinism verified),,,,,stdout_parity:1,,,,,"[""tmp=/tmp""]",,,,
e9patch-20260801,@1785621326,b1fdeaf6d7bcda0799a7a5c4f116bbe1ed55a43d,2112c0045f25f895388257caed43b7b5abb9b50a,false,e9patch,portable,e9patch-corpus,statfs_root,verify,ptrace,enabled,pass,,,4f70ba281b5076878b110ceb22631de8005a6699c68b1da55db9f6472181d5c3,202,,level=L2 (Determinism verified),,,,,,,,,,"[""tmp=/tmp""]",,,,
e9patch-20260801,@1785621326,b1fdeaf6d7bcda0799a7a5c4f116bbe1ed55a43d,2112c0045f25f895388257caed43b7b5abb9b50a,false,e9patch,portable,e9patch-corpus,statfs_root,verify,e9patch,enabled,pass,,,4f70ba281b5076878b110ceb22631de8005a6699c68b1da55db9f6472181d5c3,362,,level=L2 (Determinism verified),,,,,stdout_parity:1,,,,,"[""tmp=/tmp""]",,,,
e9patch-20260801,@1785621326,b1fdeaf6d7bcda0799a7a5c4f116bbe1ed55a43d,2112c0045f25f895388257caed43b7b5abb9b50a,false,e9patch,portable,e9patch-corpus,statx_devnull,verify,ptrace,enabled,pass,,,3ef83fbe9e8c26bdf1e8a704cbc5b9c2a775eae0e5f44c6b2f5648c65d112c9e,161,,level=L2 (Determinism verified),,,,,,,,,,"[""tmp=/tmp""]",,,,
e9patch-20260801,@1785621326,b1fdeaf6d7bcda0799a7a5c4f116bbe1ed55a43d,2112c0045f25f895388257caed43b7b5abb9b50a,false,e9patch,portable,e9patch-corpus,statx_devnull,verify,e9patch,enabled,pass,,,3ef83fbe9e8c26bdf1e8a704cbc5b9c2a775eae0e5f44c6b2f5648c65d112c9e,361,,level=L2 (Determinism verified),,,,,stdout_parity:1,,,,,"[""tmp=/tmp""]",,,,
e9patch-20260801,@1785621326,b1fdeaf6d7bcda0799a7a5c4f116bbe1ed55a43d,2112c0045f25f895388257caed43b7b5abb9b50a,false,e9patch,portable,e9patch-corpus,sync_all,verify,ptrace,enabled,pass,,,fe1ed6d6d0afec2b69dba1f58e28532692c8fb61d178a2483a25c556b272ef9f,1042,,level=L2 (Determinism verified),,,,,,,,,,"[""tmp=/tmp""]",,,,
e9patch-20260801,@1785621326,b1fdeaf6d7bcda0799a7a5c4f116bbe1ed55a43d,2112c0045f25f895388257caed43b7b5abb9b50a,false,e9patch,portable,e9patch-corpus,sync_all,verify,e9patch,enabled,pass,,,fe1ed6d6d0afec2b69dba1f58e28532692c8fb61d178a2483a25c556b272ef9f,441,,level=L2 (Determinism verified),,,,,stdout_parity:1,,,,,"[""tmp=/tmp""]",,,,
e9patch-20260801,@1785621326,b1fdeaf6d7bcda0799a7a5c4f116bbe1ed55a43d,2112c0045f25f895388257caed43b7b5abb9b50a,false,e9patch,portable,e9patch-corpus,sync_file_range_memfd,verify,ptrace,enabled,pass,,,d9596bceb805d1f2ddb2b30506140636de837e89ee5f6779e98ff616f6ce4960,162,,level=L2 (Determinism verified),,,,,,,,,,"[""tmp=/tmp""]",,,,
e9patch-20260801,@1785621326,b1fdeaf6d7bcda0799a7a5c4f116bbe1ed55a43d,2112c0045f25f895388257caed43b7b5abb9b50a,false,e9patch,portable,e9patch-corpus,sync_file_range_memfd,verify,e9patch,enabled,pass,,,d9596bceb805d1f2ddb2b30506140636de837e89ee5f6779e98ff616f6ce4960,362,,level=L2 (Determinism verified),,,,,stdout_parity:1,,,,,"[""tmp=/tmp""]",,,,
e9patch-20260801,@1785621326,b1fdeaf6d7bcda0799a7a5c4f116bbe1ed55a43d,2112c0045f25f895388257caed43b7b5abb9b50a,false,e9patch,portable,e9patch-corpus,syncfs_memfd,verify,ptrace,enabled,pass,,,a7d1834dc6016b443e326b236b164e4987b16f261f6b27deb9cb33b0ac39f985,201,,level=L2 (Determinism verified),,,,,,,,,,"[""tmp=/tmp""]",,,,
e9patch-20260801,@1785621326,b1fdeaf6d7bcda0799a7a5c4f116bbe1ed55a43d,2112c0045f25f895388257caed43b7b5abb9b50a,false,e9patch,portable,e9patch-corpus,syncfs_memfd,verify,e9patch,enabled,pass,,,a7d1834dc6016b443e326b236b164e4987b16f261f6b27deb9cb33b0ac39f985,361,,level=L2 (Determinism verified),,,,,stdout_parity:1,,,,,"[""tmp=/tmp""]",,,,
e9patch-20260801,@1785621326,b1fdeaf6d7bcda0799a7a5c4f116bbe1ed55a43d,2112c0045f25f895388257caed43b7b5abb9b50a,false,e9patch,portable,e9patch-corpus,sysinfo_ok,verify,ptrace,enabled,pass,,,55f15f4325930df7151a8e632c707216740b7e7623c00860765d1de0c91f21c2,1042,,level=L2 (Determinism verified),,,,,,,,,,"[""tmp=/tmp""]",,,,
e9patch-20260801,@1785621326,b1fdeaf6d7bcda0799a7a5c4f116bbe1ed55a43d,2112c0045f25f895388257caed43b7b5abb9b50a,false,e9patch,portable,e9patch-corpus,sysinfo_ok,verify,e9patch,enabled,pass,,,55f15f4325930df7151a8e632c707216740b7e7623c00860765d1de0c91f21c2,322,,level=L2 (Determinism verified),,,,,stdout_parity:1,,,,,"[""tmp=/tmp""]",,,,
e9patch-20260801,@1785621326,b1fdeaf6d7bcda0799a7a5c4f116bbe1ed55a43d,2112c0045f25f895388257caed43b7b5abb9b50a,false,e9patch,portable,e9patch-corpus,tgkill_self_sig0,verify,ptrace,enabled,pass,,,d59cefcbd18a88da6fab35db3f2ca4a486f947f2d056d1ab5f98d91e52534637,201,,level=L2 (Determinism verified),,,,,,,,,,"[""tmp=/tmp""]",,,,
e9patch-20260801,@1785621326,b1fdeaf6d7bcda0799a7a5c4f116bbe1ed55a43d,2112c0045f25f895388257caed43b7b5abb9b50a,false,e9patch,portable,e9patch-corpus,tgkill_self_sig0,verify,e9patch,enabled,pass,,,d59cefcbd18a88da6fab35db3f2ca4a486f947f2d056d1ab5f98d91e52534637,361,,level=L2 (Determinism verified),,,,,stdout_parity:1,,,,,"[""tmp=/tmp""]",,,,
e9patch-20260801,@1785621326,b1fdeaf6d7bcda0799a7a5c4f116bbe1ed55a43d,2112c0045f25f895388257caed43b7b5abb9b50a,false,e9patch,portable,e9patch-corpus,timer_create_gettime,verify,ptrace,enabled,pass,,,cbf85c5c80a5b28b3cc0bde60a81678eef886af1926ecd4e76bf13fc8abc6e12,161,,level=L2 (Determinism verified),,,,,,,,,,"[""tmp=/tmp""]",,,,
e9patch-20260801,@1785621326,b1fdeaf6d7bcda0799a7a5c4f116bbe1ed55a43d,2112c0045f25f895388257caed43b7b5abb9b50a,false,e9patch,portable,e9patch-corpus,timer_create_gettime,verify,e9patch,enabled,pass,,,cbf85c5c80a5b28b3cc0bde60a81678eef886af1926ecd4e76bf13fc8abc6e12,361,,level=L2 (Determinism verified),,,,,stdout_parity:1,,,,,"[""tmp=/tmp""]",,,,
e9patch-20260801,@1785621326,b1fdeaf6d7bcda0799a7a5c4f116bbe1ed55a43d,2112c0045f25f895388257caed43b7b5abb9b50a,false,e9patch,portable,e9patch-corpus,timerfd_create_check,verify,ptrace,enabled,pass,,,dbb1621af21967624f30d2dd7d3103bfbc36683239bf99dac56b77dc2d360869,200,,level=L2 (Determinism verified),,,,,,,,,,"[""tmp=/tmp""]",,,,
e9patch-20260801,@1785621326,b1fdeaf6d7bcda0799a7a5c4f116bbe1ed55a43d,2112c0045f25f895388257caed43b7b5abb9b50a,false,e9patch,portable,e9patch-corpus,timerfd_create_check,verify,e9patch,enabled,pass,,,dbb1621af21967624f30d2dd7d3103bfbc36683239bf99dac56b77dc2d360869,322,,level=L2 (Determinism verified),,,,,stdout_parity:1,,,,,"[""tmp=/tmp""]",,,,
e9patch-20260801,@1785621326,b1fdeaf6d7bcda0799a7a5c4f116bbe1ed55a43d,2112c0045f25f895388257caed43b7b5abb9b50a,false,e9patch,portable,e9patch-corpus,timerfd_gettime_unarmed,verify,ptrace,enabled,pass,,,2e37a6fcae00ffa5e8119b0c796c175875cff88b087f46953499fdd99dcc55fe,160,,level=L2 (Determinism verified),,,,,,,,,,"[""tmp=/tmp""]",,,,
e9patch-20260801,@1785621326,b1fdeaf6d7bcda0799a7a5c4f116bbe1ed55a43d,2112c0045f25f895388257caed43b7b5abb9b50a,false,e9patch,portable,e9patch-corpus,timerfd_gettime_unarmed,verify,e9patch,enabled,pass,,,2e37a6fcae00ffa5e8119b0c796c175875cff88b087f46953499fdd99dcc55fe,361,,level=L2 (Determinism verified),,,,,stdout_parity:1,,,,,"[""tmp=/tmp""]",,,,
e9patch-20260801,@1785621326,b1fdeaf6d7bcda0799a7a5c4f116bbe1ed55a43d,2112c0045f25f895388257caed43b7b5abb9b50a,false,e9patch,portable,e9patch-corpus,times_check,verify,ptrace,enabled,pass,,,8f229538d38651ac3c74efb738a916837c16ea68656c3845aa536de6cf85d262,160,,level=L2 (Determinism verified),,,,,,,,,,"[""tmp=/tmp""]",,,,
e9patch-20260801,@1785621326,b1fdeaf6d7bcda0799a7a5c4f116bbe1ed55a43d,2112c0045f25f895388257caed43b7b5abb9b50a,false,e9patch,portable,e9patch-corpus,times_check,verify,e9patch,enabled,pass,,,8f229538d38651ac3c74efb738a916837c16ea68656c3845aa536de6cf85d262,320,,level=L2 (Determinism verified),,,,,stdout_parity:1,,,,,"[""tmp=/tmp""]",,,,
e9patch-20260801,@1785621326,b1fdeaf6d7bcda0799a7a5c4f116bbe1ed55a43d,2112c0045f25f895388257caed43b7b5abb9b50a,false,e9patch,portable,e9patch-corpus,tkill_self_sig0,verify,ptrace,enabled,pass,,,a34e1578a948aae78c482a18f3dd9fa4f1c60be5da09e4cdb7c448f0628e7cdb,201,,level=L2 (Determinism verified),,,,,,,,,,"[""tmp=/tmp""]",,,,
e9patch-20260801,@1785621326,b1fdeaf6d7bcda0799a7a5c4f116bbe1ed55a43d,2112c0045f25f895388257caed43b7b5abb9b50a,false,e9patch,portable,e9patch-corpus,tkill_self_sig0,verify,e9patch,enabled,pass,,,a34e1578a948aae78c482a18f3dd9fa4f1c60be5da09e4cdb7c448f0628e7cdb,361,,level=L2 (Determinism verified),,,,,stdout_parity:1,,,,,"[""tmp=/tmp""]",,,,
e9patch-20260801,@1785621326,b1fdeaf6d7bcda0799a7a5c4f116bbe1ed55a43d,2112c0045f25f895388257caed43b7b5abb9b50a,false,e9patch,portable,e9patch-corpus,umask_set,verify,ptrace,enabled,pass,,,5504a779e836fde914258b2877b74ea9f1ac3b2de315adce83783b95f19b1a6b,201,,level=L2 (Determinism verified),,,,,,,,,,"[""tmp=/tmp""]",,,,
e9patch-20260801,@1785621326,b1fdeaf6d7bcda0799a7a5c4f116bbe1ed55a43d,2112c0045f25f895388257caed43b7b5abb9b50a,false,e9patch,portable,e9patch-corpus,umask_set,verify,e9patch,enabled,pass,,,5504a779e836fde914258b2877b74ea9f1ac3b2de315adce83783b95f19b1a6b,322,,level=L2 (Determinism verified),,,,,stdout_parity:1,,,,,"[""tmp=/tmp""]",,,,
e9patch-20260801,@1785621326,b1fdeaf6d7bcda0799a7a5c4f116bbe1ed55a43d,2112c0045f25f895388257caed43b7b5abb9b50a,false,e9patch,portable,e9patch-corpus,uname,verify,ptrace,enabled,pass,,,e3b0c44298fc1c149afbf4c8996fb92427ae41e4649b934ca495991b7852b855,161,,level=L2 (Determinism verified),,,,,,,,,,"[""tmp=/tmp""]",,,,
e9patch-20260801,@1785621326,b1fdeaf6d7bcda0799a7a5c4f116bbe1ed55a43d,2112c0045f25f895388257caed43b7b5abb9b50a,false,e9patch,portable,e9patch-corpus,uname,verify,e9patch,enabled,pass,,,e3b0c44298fc1c149afbf4c8996fb92427ae41e4649b934ca495991b7852b855,322,,level=L2 (Determinism verified),,,,,stdout_parity:1,,,,,"[""tmp=/tmp""]",,,,
e9patch-20260801,@1785621326,b1fdeaf6d7bcda0799a7a5c4f116bbe1ed55a43d,2112c0045f25f895388257caed43b7b5abb9b50a,false,e9patch,portable,e9patch-corpus,uname_sysname,verify,ptrace,enabled,pass,,,cef9d88636e51c9d16fadf2e05e4eb1a1360029c1102c3d1ac89fee936748859,160,,level=L2 (Determinism verified),,,,,,,,,,"[""tmp=/tmp""]",,,,
e9patch-20260801,@1785621326,b1fdeaf6d7bcda0799a7a5c4f116bbe1ed55a43d,2112c0045f25f895388257caed43b7b5abb9b50a,false,e9patch,portable,e9patch-corpus,uname_sysname,verify,e9patch,enabled,pass,,,cef9d88636e51c9d16fadf2e05e4eb1a1360029c1102c3d1ac89fee936748859,361,,level=L2 (Determinism verified),,,,,stdout_parity:1,,,,,"[""tmp=/tmp""]",,,,
e9patch-20260801,@1785621326,b1fdeaf6d7bcda0799a7a5c4f116bbe1ed55a43d,2112c0045f25f895388257caed43b7b5abb9b50a,false,e9patch,portable,e9patch-corpus,wait4_nochild,verify,ptrace,enabled,pass,,,1cb71ec4099bee850fa8d6b1d077ccc085ae8a24f0906c58d1216e65351bbae8,162,,level=L2 (Determinism verified),,,,,,,,,,"[""tmp=/tmp""]",,,,
e9patch-20260801,@1785621326,b1fdeaf6d7bcda0799a7a5c4f116bbe1ed55a43d,2112c0045f25f895388257caed43b7b5abb9b50a,false,e9patch,portable,e9patch-corpus,wait4_nochild,verify,e9patch,enabled,pass,,,1cb71ec4099bee850fa8d6b1d077ccc085ae8a24f0906c58d1216e65351bbae8,322,,level=L2 (Determinism verified),,,,,stdout_parity:1,,,,,"[""tmp=/tmp""]",,,,
e9patch-20260801,@1785621326,b1fdeaf6d7bcda0799a7a5c4f116bbe1ed55a43d,2112c0045f25f895388257caed43b7b5abb9b50a,false,e9patch,portable,e9patch-corpus,write_badfd,verify,ptrace,enabled,pass,,,5da2b906168aed0e5ca1688ff80877bdaaab0da05742cd21c1bbd99f2f456fb7,161,,level=L2 (Determinism verified),,,,,,,,,,"[""tmp=/tmp""]",,,,
e9patch-20260801,@1785621326,b1fdeaf6d7bcda0799a7a5c4f116bbe1ed55a43d,2112c0045f25f895388257caed43b7b5abb9b50a,false,e9patch,portable,e9patch-corpus,write_badfd,verify,e9patch,enabled,pass,,,5da2b906168aed0e5ca1688ff80877bdaaab0da05742cd21c1bbd99f2f456fb7,322,,level=L2 (Determinism verified),,,,,stdout_parity:1,,,,,"[""tmp=/tmp""]",,,,
e9patch-20260801,@1785621326,b1fdeaf6d7bcda0799a7a5c4f116bbe1ed55a43d,2112c0045f25f895388257caed43b7b5abb9b50a,false,e9patch,portable,e9patch-corpus,write_stdout,verify,ptrace,enabled,pass,,,5460c7fb8d3eddd6d75b245a23521b7360ac4439682ac99e79513902cd0210c4,160,,level=L2 (Determinism verified),,,,,,,,,,"[""tmp=/tmp""]",,,,
e9patch-20260801,@1785621326,b1fdeaf6d7bcda0799a7a5c4f116bbe1ed55a43d,2112c0045f25f895388257caed43b7b5abb9b50a,false,e9patch,portable,e9patch-corpus,write_stdout,verify,e9patch,enabled,pass,,,5460c7fb8d3eddd6d75b245a23521b7360ac4439682ac99e79513902cd0210c4,322,,level=L2 (Determinism verified),,,,,stdout_parity:1,,,,,"[""tmp=/tmp""]",,,,
e9patch-20260801,@1785621326,b1fdeaf6d7bcda0799a7a5c4f116bbe1ed55a43d,2112c0045f25f895388257caed43b7b5abb9b50a,false,e9patch,portable,e9patch-corpus,writev_multi,verify,ptrace,enabled,pass,,,ee9b6b24f17fffad369a603212f4f1f700480616ba4930cdc8c50da5cb8ee8e0,160,,level=L2 (Determinism verified),,,,,,,,,,"[""tmp=/tmp""]",,,,
e9patch-20260801,@1785621326,b1fdeaf6d7bcda0799a7a5c4f116bbe1ed55a43d,2112c0045f25f895388257caed43b7b5abb9b50a,false,e9patch,portable,e9patch-corpus,writev_multi,verify,e9patch,enabled,pass,,,ee9b6b24f17fffad369a603212f4f1f700480616ba4930cdc8c50da5cb8ee8e0,322,,level=L2 (Determinism verified),,,,,stdout_parity:1,,,,,"[""tmp=/tmp""]",,,,
