run_id,run_utc,hermit_sha,reverie_sha,dirty,run_mode,lane,bucket,test_id,test_mode,backend,cell_state,outcome,deterministic,parity,output_hash,duration_ms,max_rss_kb,reason
fullcorpus,@1785876974,f80b1c09a6e8c3ed21a2a1d5ecd57edac4862de0,04a46b43930b918f6ff0f6b53644df732f908c46,false,expansion,portable,applications,applications/example-timed-progress-bar,verify,dbi,expansion,pass,1,1,d8778ce336753d09dab6c6d94699898498ccbc31d6ec6b0b7b3d4bc559745b47,5139,,
fullcorpus,@1785876974,f80b1c09a6e8c3ed21a2a1d5ecd57edac4862de0,04a46b43930b918f6ff0f6b53644df732f908c46,false,expansion,portable,applications,applications/timed-progress-bar,verify,dbi,expansion,diverge,0,,e3b0c44298fc1c149afbf4c8996fb92427ae41e4649b934ca495991b7852b855,6,,dbi-verify-fail-exit1
fullcorpus,@1785876974,f80b1c09a6e8c3ed21a2a1d5ecd57edac4862de0,04a46b43930b918f6ff0f6b53644df732f908c46,false,expansion,privileged,backend-parity-c,backend-parity-c/cpuid-probe,verify,dbi,expansion,pass,1,1,86ff9718c1542322ee8165258f455b9774cc88c99e37cc57f30e74283a2d83c0,116,,
fullcorpus,@1785876974,f80b1c09a6e8c3ed21a2a1d5ecd57edac4862de0,04a46b43930b918f6ff0f6b53644df732f908c46,false,expansion,portable,backend-parity-c,backend-parity-c/pid-probe,verify,dbi,expansion,pass,1,1,342cc5c394f2bfe94370f4f30493c870f7877e1dd0646dc7c41af1fc9d14838c,112,,
fullcorpus,@1785876974,f80b1c09a6e8c3ed21a2a1d5ecd57edac4862de0,04a46b43930b918f6ff0f6b53644df732f908c46,false,expansion,portable,backend-parity-c,backend-parity-c/pthread-lifecycle,verify,dbi,expansion,pass,1,1,6f916c392b593c2835823f98adada81a14b81ff8683b4045610a9a1cc0728563,140,,
fullcorpus,@1785876974,f80b1c09a6e8c3ed21a2a1d5ecd57edac4862de0,04a46b43930b918f6ff0f6b53644df732f908c46,false,expansion,portable,bin-c,bin-c/posix-timer-test,verify,dbi,expansion,pass,1,1,73bc36274f961af2a8ad43917d15a87a59ead3cb7c6f54c81db28c45d5395fa1,111,,
fullcorpus,@1785876974,f80b1c09a6e8c3ed21a2a1d5ecd57edac4862de0,04a46b43930b918f6ff0f6b53644df732f908c46,false,expansion,portable,bin-c,bin-c/robust-futex-test,verify,dbi,expansion,timeout,0,,e3b0c44298fc1c149afbf4c8996fb92427ae41e4649b934ca495991b7852b855,120005,,dbi-verify-timeout-120s
fullcorpus,@1785876974,f80b1c09a6e8c3ed21a2a1d5ecd57edac4862de0,04a46b43930b918f6ff0f6b53644df732f908c46,false,expansion,portable,c-programs,c-programs/acct-refusal-probe,verify,dbi,expansion,pass,1,1,fb9a253ff29ae72ad120fbe932651dd0471ff759f020fcad04b62895c481980f,110,,
fullcorpus,@1785876974,f80b1c09a6e8c3ed21a2a1d5ecd57edac4862de0,04a46b43930b918f6ff0f6b53644df732f908c46,false,expansion,portable,c-programs,c-programs/add-key-enosys,verify,dbi,expansion,pass,1,1,392cdd6f142e243a9db3f8bd6d60cde54e983ffe6d072bf7ea3b03cc297cbf72,112,,
fullcorpus,@1785876974,f80b1c09a6e8c3ed21a2a1d5ecd57edac4862de0,04a46b43930b918f6ff0f6b53644df732f908c46,false,expansion,portable,c-programs,c-programs/adjtimex-deterministic,verify,dbi,expansion,pass,1,1,ea6836e27a3d5c63e79076c3c5c976a785aa833022022fc0f2e5361942c6579e,112,,
fullcorpus,@1785876974,f80b1c09a6e8c3ed21a2a1d5ecd57edac4862de0,04a46b43930b918f6ff0f6b53644df732f908c46,false,expansion,portable,c-programs,c-programs/arch-prctl-determinism,verify,dbi,expansion,diverge,0,0,e3b0c44298fc1c149afbf4c8996fb92427ae41e4649b934ca495991b7852b855,51,,dbi-verify-fail-exit40
fullcorpus,@1785876974,f80b1c09a6e8c3ed21a2a1d5ecd57edac4862de0,04a46b43930b918f6ff0f6b53644df732f908c46,false,expansion,portable,c-programs,c-programs/bpf-enosys,verify,dbi,expansion,pass,1,1,00b8c2fc33f814bfeb2da739d302426f0122369289c96bb40f9a11ef86f4befe,109,,
fullcorpus,@1785876974,f80b1c09a6e8c3ed21a2a1d5ecd57edac4862de0,04a46b43930b918f6ff0f6b53644df732f908c46,false,expansion,portable,c-programs,c-programs/cachestat-enosys,verify,dbi,expansion,pass,1,1,c99ecc14f33146eb9b4b3c76f1fd310e0b0992a23465df5ce2715ead516e565e,111,,
fullcorpus,@1785876974,f80b1c09a6e8c3ed21a2a1d5ecd57edac4862de0,04a46b43930b918f6ff0f6b53644df732f908c46,false,expansion,portable,c-programs,c-programs/clock-adjtime-deterministic,verify,dbi,expansion,pass,1,1,f8df8f96682085b6719931fa985c994642bd388d6849e9c751941db746098343,112,,
fullcorpus,@1785876974,f80b1c09a6e8c3ed21a2a1d5ecd57edac4862de0,04a46b43930b918f6ff0f6b53644df732f908c46,false,expansion,portable,c-programs,c-programs/clone,verify,dbi,expansion,pass,1,1,6bed7c4e58faa0f69f82d7af16adcaa45cce6217b25a9cab2b709b1ac60b68de,114,,
fullcorpus,@1785876974,f80b1c09a6e8c3ed21a2a1d5ecd57edac4862de0,04a46b43930b918f6ff0f6b53644df732f908c46,false,expansion,portable,c-programs,c-programs/copy-file-range-refusal-probe,verify,dbi,expansion,pass,1,1,eaf5a67ca844e6a832cd95774ecdb4c48e345e2b64e1c67092ad7fb6ac39777a,111,,
fullcorpus,@1785876974,f80b1c09a6e8c3ed21a2a1d5ecd57edac4862de0,04a46b43930b918f6ff0f6b53644df732f908c46,false,expansion,portable,c-programs,c-programs/dbi-copied-tiocgpgrp,verify,dbi,expansion,pass,1,1,a72cc9796486e612c72fa45a187dc2c1d587ee69e27aaebf4771a60d8a743d79,126,,
fullcorpus,@1785876974,f80b1c09a6e8c3ed21a2a1d5ecd57edac4862de0,04a46b43930b918f6ff0f6b53644df732f908c46,false,expansion,portable,c-programs,c-programs/dbi-exec-failure,verify,dbi,expansion,pass,1,1,d9255dd9cc061248208ec6fabc39e2695034a2f78b3a79675522090f004de84c,118,,
fullcorpus,@1785876974,f80b1c09a6e8c3ed21a2a1d5ecd57edac4862de0,04a46b43930b918f6ff0f6b53644df732f908c46,false,expansion,portable,c-programs,c-programs/dbi-execveat-unsupported,verify,dbi,expansion,pass,1,0,7947be50cdee3f827784a09d831fabc07d17b724187b49cff96e14b42208779d,115,,
fullcorpus,@1785876974,f80b1c09a6e8c3ed21a2a1d5ecd57edac4862de0,04a46b43930b918f6ff0f6b53644df732f908c46,false,expansion,portable,c-programs,c-programs/dbi-mmap-exec,verify,dbi,expansion,pass,1,1,87ef25ed096b64f71e5581bf5d09a9bb24b8dca9402b010322037898b99a81cf,111,,
fullcorpus,@1785876974,f80b1c09a6e8c3ed21a2a1d5ecd57edac4862de0,04a46b43930b918f6ff0f6b53644df732f908c46,false,expansion,portable,c-programs,c-programs/dbi-pid-virtualization,verify,dbi,expansion,pass,1,0,3d8f0a754d64b811646125ae97c66d0a811e030e12095fb6427d9b766ca603f0,396,,
fullcorpus,@1785876974,f80b1c09a6e8c3ed21a2a1d5ecd57edac4862de0,04a46b43930b918f6ff0f6b53644df732f908c46,false,expansion,portable,c-programs,c-programs/dbi-prlimit-self,verify,dbi,expansion,pass,1,1,b5d0a733abb9b3694c70cc548fbd236ede0f60c1e06673b4e4999419c7721e12,110,,
fullcorpus,@1785876974,f80b1c09a6e8c3ed21a2a1d5ecd57edac4862de0,04a46b43930b918f6ff0f6b53644df732f908c46,false,expansion,portable,c-programs,c-programs/dbi-self-sigqueue,verify,dbi,expansion,pass,1,1,f4c3bb314cd68d7f8c7e053c24257d5eaf5369087b8c21ee95fd29727f460537,111,,
fullcorpus,@1785876974,f80b1c09a6e8c3ed21a2a1d5ecd57edac4862de0,04a46b43930b918f6ff0f6b53644df732f908c46,false,expansion,portable,c-programs,c-programs/dbi-unsupported-syscall,verify,dbi,expansion,diverge,0,0,e3b0c44298fc1c149afbf4c8996fb92427ae41e4649b934ca495991b7852b855,51,,dbi-verify-fail-exit101
fullcorpus,@1785876974,f80b1c09a6e8c3ed21a2a1d5ecd57edac4862de0,04a46b43930b918f6ff0f6b53644df732f908c46,false,expansion,portable,c-programs,c-programs/dbi-wait-lifecycle,verify,dbi,expansion,pass,1,,8b2dc7afefe0de8a206779cafaa728f8589221319ecd6040f8721c0895618a65,129,,
fullcorpus,@1785876974,f80b1c09a6e8c3ed21a2a1d5ecd57edac4862de0,04a46b43930b918f6ff0f6b53644df732f908c46,false,expansion,portable,c-programs,c-programs/epoll-determinism,verify,dbi,expansion,diverge,0,,e3b0c44298fc1c149afbf4c8996fb92427ae41e4649b934ca495991b7852b855,57,,dbi-verify-fail-exit2
fullcorpus,@1785876974,f80b1c09a6e8c3ed21a2a1d5ecd57edac4862de0,04a46b43930b918f6ff0f6b53644df732f908c46,false,expansion,portable,c-programs,c-programs/fp-reduction-nondeterminism,verify,dbi,expansion,timeout,0,0,e3b0c44298fc1c149afbf4c8996fb92427ae41e4649b934ca495991b7852b855,120037,,dbi-verify-timeout-120s
fullcorpus,@1785876974,f80b1c09a6e8c3ed21a2a1d5ecd57edac4862de0,04a46b43930b918f6ff0f6b53644df732f908c46,false,expansion,portable,c-programs,c-programs/futex-requeue-enosys,verify,dbi,expansion,pass,1,1,3a97289e82874a6de3f7329de461ff8e98aab222e591b44478b0cbfa224b778e,109,,
fullcorpus,@1785876974,f80b1c09a6e8c3ed21a2a1d5ecd57edac4862de0,04a46b43930b918f6ff0f6b53644df732f908c46,false,expansion,portable,c-programs,c-programs/futex-waitv-enosys,verify,dbi,expansion,pass,1,1,889b019ce9ffec65e091b4ebb00324388abe68095b3a9aebf5a6243a8d00540e,108,,
fullcorpus,@1785876974,f80b1c09a6e8c3ed21a2a1d5ecd57edac4862de0,04a46b43930b918f6ff0f6b53644df732f908c46,false,expansion,portable,c-programs,c-programs/futex-wake-enosys,verify,dbi,expansion,pass,1,1,d841d882ef04ba206243543971a6e2d842db22c3508947d6fb60095d878b0da9,107,,
fullcorpus,@1785876974,f80b1c09a6e8c3ed21a2a1d5ecd57edac4862de0,04a46b43930b918f6ff0f6b53644df732f908c46,false,expansion,portable,c-programs,c-programs/get-robust-list-child,verify,dbi,expansion,diverge,0,0,e3b0c44298fc1c149afbf4c8996fb92427ae41e4649b934ca495991b7852b855,60,,dbi-verify-fail-exit1
fullcorpus,@1785876974,f80b1c09a6e8c3ed21a2a1d5ecd57edac4862de0,04a46b43930b918f6ff0f6b53644df732f908c46,false,expansion,portable,c-programs,c-programs/get-robust-list-self,verify,dbi,expansion,pass,1,1,8a606e83612b4b4c869cfae1cd2f9f03220d7fde25cc88f10079b81f9b3423d1,109,,
fullcorpus,@1785876974,f80b1c09a6e8c3ed21a2a1d5ecd57edac4862de0,04a46b43930b918f6ff0f6b53644df732f908c46,false,expansion,portable,c-programs,c-programs/get-robust-list-thread,verify,dbi,expansion,pass,1,1,281d743aba1e1247003f2ad95dda0456f103ab208c1d960079fd0ac272560d4c,134,,
fullcorpus,@1785876974,f80b1c09a6e8c3ed21a2a1d5ecd57edac4862de0,04a46b43930b918f6ff0f6b53644df732f908c46,false,expansion,portable,c-programs,c-programs/getcpu,verify,dbi,expansion,pass,1,1,345e84333a5805a44f38c499137ebb962d9e683e804aa45642afa84e41127f5d,109,,
fullcorpus,@1785876974,f80b1c09a6e8c3ed21a2a1d5ecd57edac4862de0,04a46b43930b918f6ff0f6b53644df732f908c46,false,expansion,portable,c-programs,c-programs/getitimer-determinism-probe,verify,dbi,expansion,pass,1,1,17720cebaa5ab1c96e7035832f98c160d4b41b2c32a7bd909ca74d855fa5aaf9,108,,
fullcorpus,@1785876974,f80b1c09a6e8c3ed21a2a1d5ecd57edac4862de0,04a46b43930b918f6ff0f6b53644df732f908c46,false,expansion,portable,c-programs,c-programs/getsockopt-null,verify,dbi,expansion,pass,1,1,b8636471f62fb5c81c4b4a5bacf5f4ec2b3e3b4970bc0aded5f496dae6670bfd,112,,
fullcorpus,@1785876974,f80b1c09a6e8c3ed21a2a1d5ecd57edac4862de0,04a46b43930b918f6ff0f6b53644df732f908c46,false,expansion,portable,c-programs,c-programs/hello-alarm,verify,dbi,expansion,pass,1,1,69771519a00dad7a34964816b4a9d71896eed8707b6b8c7c3b2d901285fa09f8,119,,
fullcorpus,@1785876974,f80b1c09a6e8c3ed21a2a1d5ecd57edac4862de0,04a46b43930b918f6ff0f6b53644df732f908c46,false,expansion,portable,c-programs,c-programs/hello-nostdlib,verify,dbi,expansion,pass,1,1,e3b0c44298fc1c149afbf4c8996fb92427ae41e4649b934ca495991b7852b855,32,,
fullcorpus,@1785876974,f80b1c09a6e8c3ed21a2a1d5ecd57edac4862de0,04a46b43930b918f6ff0f6b53644df732f908c46,false,expansion,portable,c-programs,c-programs/hello-signals,verify,dbi,expansion,pass,1,1,2b4df140dfdd472e4bde5c4d449c859ae4a83efe7f0372f448b95db8b40614d8,118,,
fullcorpus,@1785876974,f80b1c09a6e8c3ed21a2a1d5ecd57edac4862de0,04a46b43930b918f6ff0f6b53644df732f908c46,false,expansion,portable,c-programs,c-programs/io-uring-fallback,verify,dbi,expansion,pass,1,1,8546e30d188b0b196b8d907e1289e7b830df6fd61ff9dd83f5165ba9bda77e7f,114,,
fullcorpus,@1785876974,f80b1c09a6e8c3ed21a2a1d5ecd57edac4862de0,04a46b43930b918f6ff0f6b53644df732f908c46,false,expansion,portable,c-programs,c-programs/io-uring-ring-determinism,verify,dbi,expansion,pass,1,1,5de332a6e2af5315f34ec08e21ca7f8c037a65ecbaee17efd47005a7f1809201,111,,
fullcorpus,@1785876974,f80b1c09a6e8c3ed21a2a1d5ecd57edac4862de0,04a46b43930b918f6ff0f6b53644df732f908c46,false,expansion,portable,c-programs,c-programs/ioctl-fioclex,verify,dbi,expansion,pass,1,1,ed203ed9433cb973a747cbe39690fecc753e9fd7c1e7688563d6f3a154eb0d5e,113,,
fullcorpus,@1785876974,f80b1c09a6e8c3ed21a2a1d5ecd57edac4862de0,04a46b43930b918f6ff0f6b53644df732f908c46,false,expansion,portable,c-programs,c-programs/ioctl-siocethtool,verify,dbi,expansion,pass,1,1,28f38ce93b6d5f0d279d4f3d619cc3fc7e134e190ae9ee4f652eeb6afe623291,112,,
fullcorpus,@1785876974,f80b1c09a6e8c3ed21a2a1d5ecd57edac4862de0,04a46b43930b918f6ff0f6b53644df732f908c46,false,expansion,portable,c-programs,c-programs/ipc-determinism,verify,dbi,expansion,diverge,0,,e3b0c44298fc1c149afbf4c8996fb92427ae41e4649b934ca495991b7852b855,58,,dbi-verify-fail-exit2
fullcorpus,@1785876974,f80b1c09a6e8c3ed21a2a1d5ecd57edac4862de0,04a46b43930b918f6ff0f6b53644df732f908c46,false,expansion,portable,c-programs,c-programs/just-spin,verify,dbi,expansion,pass,1,1,e3b0c44298fc1c149afbf4c8996fb92427ae41e4649b934ca495991b7852b855,1451,,
fullcorpus,@1785876974,f80b1c09a6e8c3ed21a2a1d5ecd57edac4862de0,04a46b43930b918f6ff0f6b53644df732f908c46,false,expansion,portable,c-programs,c-programs/kcmp-eperm,verify,dbi,expansion,pass,1,1,288278193317b71ec5d15a6dcc2239918b1eea39229a8ef5eb7ae1e6b0a72cce,113,,
fullcorpus,@1785876974,f80b1c09a6e8c3ed21a2a1d5ecd57edac4862de0,04a46b43930b918f6ff0f6b53644df732f908c46,false,expansion,portable,c-programs,c-programs/keyctl-enosys,verify,dbi,expansion,pass,1,1,83d9f2169baa0647471ca5f2e4e1c5b73ff2d356b322b7fcdd75d5cf129a292f,112,,
fullcorpus,@1785876974,f80b1c09a6e8c3ed21a2a1d5ecd57edac4862de0,04a46b43930b918f6ff0f6b53644df732f908c46,false,expansion,portable,c-programs,c-programs/keyctl-passthrough,verify,dbi,expansion,pass,1,1,decfa402c4223a34ee494253769befc420b46b13da25f3082c91dfe7f19a0310,114,,
fullcorpus,@1785876974,f80b1c09a6e8c3ed21a2a1d5ecd57edac4862de0,04a46b43930b918f6ff0f6b53644df732f908c46,false,expansion,portable,c-programs,c-programs/listmount-enosys,verify,dbi,expansion,pass,1,1,231c3dfcda497bd1b166dfb575578d2868721d30f15362cfabcad6f930e43713,108,,
fullcorpus,@1785876974,f80b1c09a6e8c3ed21a2a1d5ecd57edac4862de0,04a46b43930b918f6ff0f6b53644df732f908c46,false,expansion,portable,c-programs,c-programs/liteinst-advanced,verify,dbi,expansion,diverge,0,,e3b0c44298fc1c149afbf4c8996fb92427ae41e4649b934ca495991b7852b855,54,,dbi-verify-fail-exit2
fullcorpus,@1785876974,f80b1c09a6e8c3ed21a2a1d5ecd57edac4862de0,04a46b43930b918f6ff0f6b53644df732f908c46,false,expansion,portable,c-programs,c-programs/lsm-get-self-attr-enosys,verify,dbi,expansion,pass,1,1,e83dcdfbdee854f34e05165d3a7aa7b774ca748bc96ee665789c63a32c593fe0,111,,
fullcorpus,@1785876974,f80b1c09a6e8c3ed21a2a1d5ecd57edac4862de0,04a46b43930b918f6ff0f6b53644df732f908c46,false,expansion,portable,c-programs,c-programs/lsm-list-modules-enosys,verify,dbi,expansion,pass,1,1,8f5862ec33defb2bf2625429444eaec8b64ce9b7d2c21635e7db07f99c92fc3d,118,,
fullcorpus,@1785876974,f80b1c09a6e8c3ed21a2a1d5ecd57edac4862de0,04a46b43930b918f6ff0f6b53644df732f908c46,false,expansion,portable,c-programs,c-programs/lsm-set-self-attr-enosys,verify,dbi,expansion,pass,1,1,326c5b270af2a116865e2690f44310bc17aa77c6cc96d4c83800615036e10e16,125,,
fullcorpus,@1785876974,f80b1c09a6e8c3ed21a2a1d5ecd57edac4862de0,04a46b43930b918f6ff0f6b53644df732f908c46,false,expansion,portable,c-programs,c-programs/madvise-determinism,verify,dbi,expansion,pass,1,1,c6053a1ebd42e4762ac34b01ed5d666e0b1f5f18b83ddca9d1b7f4ebef175e83,119,,
fullcorpus,@1785876974,f80b1c09a6e8c3ed21a2a1d5ecd57edac4862de0,04a46b43930b918f6ff0f6b53644df732f908c46,false,expansion,portable,c-programs,c-programs/map-shadow-stack-enosys,verify,dbi,expansion,pass,1,1,97ae187dd98c3d4b943dd9b69d472da499f0ef3ae9b2c66152d2ed5dc04bd569,114,,
fullcorpus,@1785876974,f80b1c09a6e8c3ed21a2a1d5ecd57edac4862de0,04a46b43930b918f6ff0f6b53644df732f908c46,false,expansion,portable,c-programs,c-programs/memfd-secret-enosys,verify,dbi,expansion,pass,1,1,dcbbb5f4e71889cba127631a6a9a2fce4d68defe8aa92a8d437fd6be6129d6dd,114,,
fullcorpus,@1785876974,f80b1c09a6e8c3ed21a2a1d5ecd57edac4862de0,04a46b43930b918f6ff0f6b53644df732f908c46,false,expansion,portable,c-programs,c-programs/meminfo-available-deterministic,verify,dbi,expansion,pass,1,1,7b76f77046d0c4bc8e2105f9850b009d269b48c26e0b7de4723c8adc25181af4,126,,
fullcorpus,@1785876974,f80b1c09a6e8c3ed21a2a1d5ecd57edac4862de0,04a46b43930b918f6ff0f6b53644df732f908c46,false,expansion,portable,c-programs,c-programs/meminfo-cached-deterministic,verify,dbi,expansion,pass,1,1,6a4a1ce51b1c48a3c39972e58451953b36a3a49ed40cdf242978e2c2da4cabe4,132,,
fullcorpus,@1785876974,f80b1c09a6e8c3ed21a2a1d5ecd57edac4862de0,04a46b43930b918f6ff0f6b53644df732f908c46,false,expansion,portable,c-programs,c-programs/meminfo-free-deterministic,verify,dbi,expansion,pass,1,1,b8a06902cd8245cc3d8acabb5118c81f14b6455c7e6d5da9cf2e59f0b0bcc9da,132,,
fullcorpus,@1785876974,f80b1c09a6e8c3ed21a2a1d5ecd57edac4862de0,04a46b43930b918f6ff0f6b53644df732f908c46,false,expansion,portable,c-programs,c-programs/memorypress,verify,dbi,expansion,pass,1,1,e3b0c44298fc1c149afbf4c8996fb92427ae41e4649b934ca495991b7852b855,121,,
fullcorpus,@1785876974,f80b1c09a6e8c3ed21a2a1d5ecd57edac4862de0,04a46b43930b918f6ff0f6b53644df732f908c46,false,expansion,portable,c-programs,c-programs/mmap-determinism,verify,dbi,expansion,diverge,0,,e3b0c44298fc1c149afbf4c8996fb92427ae41e4649b934ca495991b7852b855,57,,dbi-verify-fail-exit2
fullcorpus,@1785876974,f80b1c09a6e8c3ed21a2a1d5ecd57edac4862de0,04a46b43930b918f6ff0f6b53644df732f908c46,false,expansion,portable,c-programs,c-programs/mmap-stress-determinism,verify,dbi,expansion,pass,1,1,890065cac586dbeaf7ae771f63d223dd2d04995b4e051040bdd9c9792019dec0,246,,
fullcorpus,@1785876974,f80b1c09a6e8c3ed21a2a1d5ecd57edac4862de0,04a46b43930b918f6ff0f6b53644df732f908c46,false,expansion,portable,c-programs,c-programs/name-to-handle-at-eopnotsupp,verify,dbi,expansion,pass,1,1,29e0c39b5f7ab315794d97b7e06e60cf737450deef4306dd8ad0ffd040a25cc0,114,,
fullcorpus,@1785876974,f80b1c09a6e8c3ed21a2a1d5ecd57edac4862de0,04a46b43930b918f6ff0f6b53644df732f908c46,false,expansion,portable,c-programs,c-programs/name-to-handle-directory-eopnotsupp,verify,dbi,expansion,pass,1,1,7e5656f3fa9831a9c1f43055b26f6f209b6549daeb42ef1ce12677b324adf310,112,,
fullcorpus,@1785876974,f80b1c09a6e8c3ed21a2a1d5ecd57edac4862de0,04a46b43930b918f6ff0f6b53644df732f908c46,false,expansion,portable,c-programs,c-programs/name-to-handle-empty-path-eopnotsupp,verify,dbi,expansion,pass,1,1,e3f9de47951c04e5f8349e7bb340fca6dcb76fffe659a12ab8f9e16fe48f72dd,113,,
fullcorpus,@1785876974,f80b1c09a6e8c3ed21a2a1d5ecd57edac4862de0,04a46b43930b918f6ff0f6b53644df732f908c46,false,expansion,portable,c-programs,c-programs/name-to-handle-regular-eopnotsupp,verify,dbi,expansion,pass,1,1,82b589b3f458bbdcffe0a9aaf1a18ab2cfe882ab232290e1ca113714923af2a0,111,,
fullcorpus,@1785876974,f80b1c09a6e8c3ed21a2a1d5ecd57edac4862de0,04a46b43930b918f6ff0f6b53644df732f908c46,false,expansion,portable,c-programs,c-programs/nanosleep-par,verify,dbi,expansion,pass,1,1,bf8aa1c7b00aeb67d9ce84b6efe29c410ef142938a5c71a932bbe34e2cf09f91,2402,,
fullcorpus,@1785876974,f80b1c09a6e8c3ed21a2a1d5ecd57edac4862de0,04a46b43930b918f6ff0f6b53644df732f908c46,false,expansion,portable,c-programs,c-programs/nanosleep-threads-nocrash,verify,dbi,expansion,pass,1,1,e3b0c44298fc1c149afbf4c8996fb92427ae41e4649b934ca495991b7852b855,121,,
fullcorpus,@1785876974,f80b1c09a6e8c3ed21a2a1d5ecd57edac4862de0,04a46b43930b918f6ff0f6b53644df732f908c46,false,expansion,portable,c-programs,c-programs/nanosleep-threads-simple,verify,dbi,expansion,diverge,0,,e3b0c44298fc1c149afbf4c8996fb92427ae41e4649b934ca495991b7852b855,101944,,dbi-verify-fail-exit1
fullcorpus,@1785876974,f80b1c09a6e8c3ed21a2a1d5ecd57edac4862de0,04a46b43930b918f6ff0f6b53644df732f908c46,false,expansion,portable,c-programs,c-programs/netlink-autobind-generic,verify,dbi,expansion,pass,1,1,947db933d2beaaa7502b24b06bc2aa623116320e9099408e0714af30e877b237,113,,
fullcorpus,@1785876974,f80b1c09a6e8c3ed21a2a1d5ecd57edac4862de0,04a46b43930b918f6ff0f6b53644df732f908c46,false,expansion,portable,c-programs,c-programs/netlink-autobind-route,verify,dbi,expansion,pass,1,1,6b579b3015fa46b849f2c563d3caa3f1113b30eda45f2c376a535ade155a5264,114,,
fullcorpus,@1785876974,f80b1c09a6e8c3ed21a2a1d5ecd57edac4862de0,04a46b43930b918f6ff0f6b53644df732f908c46,false,expansion,portable,c-programs,c-programs/netlink-autobind-usersock,verify,dbi,expansion,pass,1,1,434cfac765f7a108d0f27c8b43ba45a2b7acff66219ef8104a01612dd7e70956,114,,
fullcorpus,@1785876974,f80b1c09a6e8c3ed21a2a1d5ecd57edac4862de0,04a46b43930b918f6ff0f6b53644df732f908c46,false,expansion,portable,c-programs,c-programs/netns-cookie-tcp4,verify,dbi,expansion,pass,1,1,69c87be106187443c99bd437315cc2bb5e8110445a962b89b9d3d9d5446a505e,114,,
fullcorpus,@1785876974,f80b1c09a6e8c3ed21a2a1d5ecd57edac4862de0,04a46b43930b918f6ff0f6b53644df732f908c46,false,expansion,portable,c-programs,c-programs/netns-cookie-tcp6,verify,dbi,expansion,pass,1,1,a6c1c996f6bed470020b9575b0884d32ba10a29938b56ce56dbcbce889a1c719,111,,
fullcorpus,@1785876974,f80b1c09a6e8c3ed21a2a1d5ecd57edac4862de0,04a46b43930b918f6ff0f6b53644df732f908c46,false,expansion,portable,c-programs,c-programs/netns-cookie-udp4,verify,dbi,expansion,pass,1,1,3f3599e44c7dcd4ec95cf8d9e67c01200ce6a491020b553a010b6ee754095bb0,113,,
fullcorpus,@1785876974,f80b1c09a6e8c3ed21a2a1d5ecd57edac4862de0,04a46b43930b918f6ff0f6b53644df732f908c46,false,expansion,portable,c-programs,c-programs/perf-event-hardware-enosys,verify,dbi,expansion,pass,1,1,c7ea49ae4eac3a1842c692e71eff658fde408e8ccb4b9a1efa9094b58a8d453a,108,,
fullcorpus,@1785876974,f80b1c09a6e8c3ed21a2a1d5ecd57edac4862de0,04a46b43930b918f6ff0f6b53644df732f908c46,false,expansion,portable,c-programs,c-programs/perf-event-open-enosys,verify,dbi,expansion,pass,1,1,2ce5d62fee05f49913ea9ac04a79850be9af6e16eae2083b3054c2186d1fd933,107,,
fullcorpus,@1785876974,f80b1c09a6e8c3ed21a2a1d5ecd57edac4862de0,04a46b43930b918f6ff0f6b53644df732f908c46,false,expansion,portable,c-programs,c-programs/perf-event-software-enosys,verify,dbi,expansion,pass,1,1,9dd8d0a9c51029d92fb24312cc38b62b647ab6e796f26f0670e2e54d062b54b6,109,,
fullcorpus,@1785876974,f80b1c09a6e8c3ed21a2a1d5ecd57edac4862de0,04a46b43930b918f6ff0f6b53644df732f908c46,false,expansion,portable,c-programs,c-programs/perf-event-watchpoint-enosys,verify,dbi,expansion,pass,1,1,a3c1e5e84ae8a1c634c0fd8ad162c35918124d312ed7e23f44555334e58daf40,110,,
fullcorpus,@1785876974,f80b1c09a6e8c3ed21a2a1d5ecd57edac4862de0,04a46b43930b918f6ff0f6b53644df732f908c46,false,expansion,portable,c-programs,c-programs/periodic-setitimer-delivery,verify,dbi,expansion,pass,1,1,db1d924766d35b4e879b61b7ca0256ae3656e1bcfb81e882ef4e754d9df0d87d,116,,
fullcorpus,@1785876974,f80b1c09a6e8c3ed21a2a1d5ecd57edac4862de0,04a46b43930b918f6ff0f6b53644df732f908c46,false,expansion,portable,c-programs,c-programs/pidfd-open-self,verify,dbi,expansion,pass,1,1,eb85b13112d24bf3eabf6dc998951dba694fd8a544d48d55b0243fcea3a30de9,111,,
fullcorpus,@1785876974,f80b1c09a6e8c3ed21a2a1d5ecd57edac4862de0,04a46b43930b918f6ff0f6b53644df732f908c46,false,expansion,portable,c-programs,c-programs/pidfd-poll-self,verify,dbi,expansion,pass,1,1,d9c4e30a92ce688e867036dd07e60be370ba398f888f35db4edc54730e9abe08,109,,
fullcorpus,@1785876974,f80b1c09a6e8c3ed21a2a1d5ecd57edac4862de0,04a46b43930b918f6ff0f6b53644df732f908c46,false,expansion,portable,c-programs,c-programs/pidfd-waitid-child,verify,dbi,expansion,diverge,0,0,e3b0c44298fc1c149afbf4c8996fb92427ae41e4649b934ca495991b7852b855,59,,dbi-verify-fail-exit1
fullcorpus,@1785876974,f80b1c09a6e8c3ed21a2a1d5ecd57edac4862de0,04a46b43930b918f6ff0f6b53644df732f908c46,false,expansion,portable,c-programs,c-programs/ppoll-readv,verify,dbi,expansion,pass,1,1,c03be617b251e1b37d3570212e2f93d6a815c70dfb73dca0dd25cef02468153a,114,,
fullcorpus,@1785876974,f80b1c09a6e8c3ed21a2a1d5ecd57edac4862de0,04a46b43930b918f6ff0f6b53644df732f908c46,false,expansion,portable,c-programs,c-programs/ppoll-simulation,verify,dbi,expansion,pass,1,1,8ed6c0a2fbe8457da0a0b394c05e4ce42009f4631451de6c41e371d77a9068f5,262,,
fullcorpus,@1785876974,f80b1c09a6e8c3ed21a2a1d5ecd57edac4862de0,04a46b43930b918f6ff0f6b53644df732f908c46,false,expansion,portable,c-programs,c-programs/prctl-dumpable,verify,dbi,expansion,pass,1,1,789f3fd97e00c2b30751851b5bd08f2703b2539a14421d29dea17db83c379696,112,,
fullcorpus,@1785876974,f80b1c09a6e8c3ed21a2a1d5ecd57edac4862de0,04a46b43930b918f6ff0f6b53644df732f908c46,false,expansion,portable,c-programs,c-programs/pread64-nostdlib,verify,dbi,expansion,pass,1,1,e3b0c44298fc1c149afbf4c8996fb92427ae41e4649b934ca495991b7852b855,33,,
fullcorpus,@1785876974,f80b1c09a6e8c3ed21a2a1d5ecd57edac4862de0,04a46b43930b918f6ff0f6b53644df732f908c46,false,expansion,portable,c-programs,c-programs/print-memaddrs,verify,dbi,expansion,pass,1,0,f2a2400c733cc41bfe0a5e5aec52ba3c31800fc30f6bd509aaf7e498aca6b4dc,111,,
fullcorpus,@1785876974,f80b1c09a6e8c3ed21a2a1d5ecd57edac4862de0,04a46b43930b918f6ff0f6b53644df732f908c46,false,expansion,portable,c-programs,c-programs/printf-with-threads,verify,dbi,expansion,pass,1,1,e36a044d5d2a2be76cbf0550fa744da4e751c78870cf3712ebc061f1a2c55f83,125,,
fullcorpus,@1785876974,f80b1c09a6e8c3ed21a2a1d5ecd57edac4862de0,04a46b43930b918f6ff0f6b53644df732f908c46,false,expansion,portable,c-programs,c-programs/proc-fd-link-aliases,verify,dbi,expansion,pass,1,1,a54aec5d7147422feac8782b9d053b8609b9f6a45b8b2ab71f16cca54da845a0,119,,
fullcorpus,@1785876974,f80b1c09a6e8c3ed21a2a1d5ecd57edac4862de0,04a46b43930b918f6ff0f6b53644df732f908c46,false,expansion,portable,c-programs,c-programs/proc-fdinfo,verify,dbi,expansion,pass,1,1,09c8d421c9e02c39d1a9a12743b93cf3c835778ba9d531ad35625cb8f1699033,123,,
fullcorpus,@1785876974,f80b1c09a6e8c3ed21a2a1d5ecd57edac4862de0,04a46b43930b918f6ff0f6b53644df732f908c46,false,expansion,portable,c-programs,c-programs/proc-locks,verify,dbi,expansion,pass,1,1,fa314d5543a63dd3d6317f97c24feb7b33c9a47fbeea304c79fbd732f5fea7a6,227,,
fullcorpus,@1785876974,f80b1c09a6e8c3ed21a2a1d5ecd57edac4862de0,04a46b43930b918f6ff0f6b53644df732f908c46,false,expansion,portable,c-programs,c-programs/process-mrelease-enosys,verify,dbi,expansion,pass,1,1,c21e5000294b34b0a296fdceaa1377156cde383448706c80e1f4ad705bfdb076,110,,
fullcorpus,@1785876974,f80b1c09a6e8c3ed21a2a1d5ecd57edac4862de0,04a46b43930b918f6ff0f6b53644df732f908c46,false,expansion,portable,c-programs,c-programs/process-vm-readv-refusal-probe,verify,dbi,expansion,pass,1,1,50905f5ed2b6d9b2083dc16aabfd535f7c531aa42e72dc6c2b67f36e70e97a66,108,,
fullcorpus,@1785876974,f80b1c09a6e8c3ed21a2a1d5ecd57edac4862de0,04a46b43930b918f6ff0f6b53644df732f908c46,false,expansion,portable,c-programs,c-programs/process-vm-writev-refusal-probe,verify,dbi,expansion,pass,1,1,92c63d99c7bc830d36fb97a16d43febe7a7fcdca938131c9963f92c1b1a2b59d,106,,
fullcorpus,@1785876974,f80b1c09a6e8c3ed21a2a1d5ecd57edac4862de0,04a46b43930b918f6ff0f6b53644df732f908c46,false,expansion,portable,c-programs,c-programs/procfs-positioned-probe,verify,dbi,expansion,pass,1,1,96c70ad84f7430a56bdf020c7e3c24dbbd8719d841a1cb616712b1b96ad38f03,117,,
fullcorpus,@1785876974,f80b1c09a6e8c3ed21a2a1d5ecd57edac4862de0,04a46b43930b918f6ff0f6b53644df732f908c46,false,expansion,portable,c-programs,c-programs/prodcons-determinism,verify,dbi,expansion,pass,1,1,81282a1fb8147d5cf198f784f93142129205c96b3a1587329eda16ce1581673e,3338,,
fullcorpus,@1785876974,f80b1c09a6e8c3ed21a2a1d5ecd57edac4862de0,04a46b43930b918f6ff0f6b53644df732f908c46,false,expansion,portable,c-programs,c-programs/pselect6-simulation,verify,dbi,expansion,diverge,0,0,e3b0c44298fc1c149afbf4c8996fb92427ae41e4649b934ca495991b7852b855,103825,,dbi-verify-fail-exit1
fullcorpus,@1785876974,f80b1c09a6e8c3ed21a2a1d5ecd57edac4862de0,04a46b43930b918f6ff0f6b53644df732f908c46,false,expansion,portable,c-programs,c-programs/ptrace-attach-eperm,verify,dbi,expansion,diverge,0,0,e3b0c44298fc1c149afbf4c8996fb92427ae41e4649b934ca495991b7852b855,59,,dbi-verify-fail-exit1
fullcorpus,@1785876974,f80b1c09a6e8c3ed21a2a1d5ecd57edac4862de0,04a46b43930b918f6ff0f6b53644df732f908c46,false,expansion,portable,c-programs,c-programs/ptrace-eperm,verify,dbi,expansion,pass,1,1,4357c8a18b9107c54242303395afea99ea744c6c288d8db499b4e1062383de17,131,,
fullcorpus,@1785876974,f80b1c09a6e8c3ed21a2a1d5ecd57edac4862de0,04a46b43930b918f6ff0f6b53644df732f908c46,false,expansion,portable,c-programs,c-programs/ptrace-seize-eperm,verify,dbi,expansion,diverge,0,0,e3b0c44298fc1c149afbf4c8996fb92427ae41e4649b934ca495991b7852b855,73,,dbi-verify-fail-exit1
fullcorpus,@1785876974,f80b1c09a6e8c3ed21a2a1d5ecd57edac4862de0,04a46b43930b918f6ff0f6b53644df732f908c46,false,expansion,portable,c-programs,c-programs/ptrace-traceme-eperm,verify,dbi,expansion,pass,1,1,7ceef18c073f15987e5d89441dc5bf378f7c1b50e8bf3ac626a6ea3eaa9cad56,118,,
fullcorpus,@1785876974,f80b1c09a6e8c3ed21a2a1d5ecd57edac4862de0,04a46b43930b918f6ff0f6b53644df732f908c46,false,expansion,portable,c-programs,c-programs/pty-nr-count,verify,dbi,expansion,pass,1,1,d6aa3c553b74b5052939893a096d0f320c69d79a52c3ed819d2c10f57ea6e3ac,162,,
fullcorpus,@1785876974,f80b1c09a6e8c3ed21a2a1d5ecd57edac4862de0,04a46b43930b918f6ff0f6b53644df732f908c46,false,expansion,portable,c-programs,c-programs/racewrite-nostdlib,verify,dbi,expansion,pass,1,1,e3b0c44298fc1c149afbf4c8996fb92427ae41e4649b934ca495991b7852b855,32,,
fullcorpus,@1785876974,f80b1c09a6e8c3ed21a2a1d5ecd57edac4862de0,04a46b43930b918f6ff0f6b53644df732f908c46,false,expansion,portable,c-programs,c-programs/random-sources,verify,dbi,expansion,pass,1,0,7923544f5e441584bdf0e8156ca188c2235cc8542031a2b9a6754cfb96327be1,196,,
fullcorpus,@1785876974,f80b1c09a6e8c3ed21a2a1d5ecd57edac4862de0,04a46b43930b918f6ff0f6b53644df732f908c46,false,expansion,portable,c-programs,c-programs/rcx-canonicalization,verify,dbi,expansion,pass,1,1,60ab39b068f20e83e1e12d5fc849301a3ee11bab51ddf3f0f8240e5c38b7ed25,124,,
fullcorpus,@1785876974,f80b1c09a6e8c3ed21a2a1d5ecd57edac4862de0,04a46b43930b918f6ff0f6b53644df732f908c46,false,expansion,portable,c-programs,c-programs/record-replay-fd-close,verify,dbi,expansion,pass,1,1,e3b0c44298fc1c149afbf4c8996fb92427ae41e4649b934ca495991b7852b855,275,,
fullcorpus,@1785876974,f80b1c09a6e8c3ed21a2a1d5ecd57edac4862de0,04a46b43930b918f6ff0f6b53644df732f908c46,false,expansion,portable,c-programs,c-programs/record-replay-file-state,verify,dbi,expansion,pass,1,1,d268fdbcb2aaea519d6f8b15d5e78ce369dd8ebf69be7c2941316f26c0e02471,146,,
fullcorpus,@1785876974,f80b1c09a6e8c3ed21a2a1d5ecd57edac4862de0,04a46b43930b918f6ff0f6b53644df732f908c46,false,expansion,portable,c-programs,c-programs/record-replay-lseek-seek-cur,verify,dbi,expansion,diverge,0,,e3b0c44298fc1c149afbf4c8996fb92427ae41e4649b934ca495991b7852b855,58,,dbi-verify-fail-exit2
fullcorpus,@1785876974,f80b1c09a6e8c3ed21a2a1d5ecd57edac4862de0,04a46b43930b918f6ff0f6b53644df732f908c46,false,expansion,portable,c-programs,c-programs/record-replay-setsockopt,verify,dbi,expansion,pass,1,1,81a01674bdbc3ed8aff53344a3ca68dd615e08ff5a413f537980546e30757714,115,,
fullcorpus,@1785876974,f80b1c09a6e8c3ed21a2a1d5ecd57edac4862de0,04a46b43930b918f6ff0f6b53644df732f908c46,false,expansion,portable,c-programs,c-programs/recvmsg-scm-rights-mmap,verify,dbi,expansion,pass,1,1,50212370d90ce8b680af7c5a9448684c494dc504956193611b2f034831e5c80d,119,,
fullcorpus,@1785876974,f80b1c09a6e8c3ed21a2a1d5ecd57edac4862de0,04a46b43930b918f6ff0f6b53644df732f908c46,false,expansion,portable,c-programs,c-programs/remap-file-pages-anonymous-enosys,verify,dbi,expansion,pass,1,1,18b174a569bfacdfaa99b5ec11dec76b5c857e910913d52f2b0886ccf43c8de5,115,,
fullcorpus,@1785876974,f80b1c09a6e8c3ed21a2a1d5ecd57edac4862de0,04a46b43930b918f6ff0f6b53644df732f908c46,false,expansion,portable,c-programs,c-programs/remap-file-pages-memfd-enosys,verify,dbi,expansion,pass,1,1,bd053ef4819b7e8bcfbb6cae1bfce238da7007e770af9efcdd46419aedff5631,114,,
fullcorpus,@1785876974,f80b1c09a6e8c3ed21a2a1d5ecd57edac4862de0,04a46b43930b918f6ff0f6b53644df732f908c46,false,expansion,portable,c-programs,c-programs/remap-file-pages-tmpfile-enosys,verify,dbi,expansion,pass,1,1,86f8d7cfd95fa8053265e9077e7cefc2b5f36f9060c8719f7f2652421a984d31,114,,
fullcorpus,@1785876974,f80b1c09a6e8c3ed21a2a1d5ecd57edac4862de0,04a46b43930b918f6ff0f6b53644df732f908c46,false,expansion,portable,c-programs,c-programs/request-key-enosys,verify,dbi,expansion,pass,1,1,745b53ba9579787b43a3a4b6271a471d8915b07ef8be45f28360fc0fb683d9d1,114,,
fullcorpus,@1785876974,f80b1c09a6e8c3ed21a2a1d5ecd57edac4862de0,04a46b43930b918f6ff0f6b53644df732f908c46,false,expansion,portable,c-programs,c-programs/resource-determinism,verify,dbi,expansion,diverge,0,0,24969c4f31b5e7f71c8bd876b88fb72711fcdc3e3096c0d20efe4fb863400f23,68,,dbi-verify-fail-exit1
fullcorpus,@1785876974,f80b1c09a6e8c3ed21a2a1d5ecd57edac4862de0,04a46b43930b918f6ff0f6b53644df732f908c46,false,expansion,portable,c-programs,c-programs/sched-setattr-batch,verify,dbi,expansion,pass,1,1,99eac8d5cfe2b3c98d2a509ad3c4095f749dedf91bfe3a50c888ca25482ff328,111,,
fullcorpus,@1785876974,f80b1c09a6e8c3ed21a2a1d5ecd57edac4862de0,04a46b43930b918f6ff0f6b53644df732f908c46,false,expansion,portable,c-programs,c-programs/sched-setattr-idle,verify,dbi,expansion,pass,1,1,5ee4cb2f5210f1a5945af443dbb57effe1a8f04c69f632d2391781c6f900af7c,107,,
fullcorpus,@1785876974,f80b1c09a6e8c3ed21a2a1d5ecd57edac4862de0,04a46b43930b918f6ff0f6b53644df732f908c46,false,expansion,portable,c-programs,c-programs/sched-setattr-other,verify,dbi,expansion,pass,1,1,b9b3b39b4487c39eff3a18989355c0d25dae1bbef9c9eb9868729f3335163e9d,111,,
fullcorpus,@1785876974,f80b1c09a6e8c3ed21a2a1d5ecd57edac4862de0,04a46b43930b918f6ff0f6b53644df732f908c46,false,expansion,portable,c-programs,c-programs/sched-yield-progress,verify,dbi,expansion,pass,1,1,0cf05b84c117bf29ad0908b6ed54b07ab9fd5cd576bd8e2c42ac2411eec42a5e,125,,
fullcorpus,@1785876974,f80b1c09a6e8c3ed21a2a1d5ecd57edac4862de0,04a46b43930b918f6ff0f6b53644df732f908c46,false,expansion,portable,c-programs,c-programs/scheduler-policy-queries,verify,dbi,expansion,pass,1,1,49a4292eaa9d835040b884177ac3fed11611ee037c7577af8a28d977675dde27,114,,
fullcorpus,@1785876974,f80b1c09a6e8c3ed21a2a1d5ecd57edac4862de0,04a46b43930b918f6ff0f6b53644df732f908c46,false,expansion,portable,c-programs,c-programs/setitimer-determinism,verify,dbi,expansion,diverge,0,0,dec0f81b3ccdd745a926ed8ff7a2f50ee1391a7c50bd1f28dcb7d5ed1e1b6a6c,153,,dbi-verify-fail-exit1
fullcorpus,@1785876974,f80b1c09a6e8c3ed21a2a1d5ecd57edac4862de0,04a46b43930b918f6ff0f6b53644df732f908c46,false,expansion,portable,c-programs,c-programs/sigmask-preemption,verify,dbi,expansion,pass,1,1,33120d6f8e5896b4921d592649470484fdfb0c3438aedd6f7a19dc625829cb76,159,,
fullcorpus,@1785876974,f80b1c09a6e8c3ed21a2a1d5ecd57edac4862de0,04a46b43930b918f6ff0f6b53644df732f908c46,false,expansion,portable,c-programs,c-programs/signal-determinism,verify,dbi,expansion,diverge,0,,e3b0c44298fc1c149afbf4c8996fb92427ae41e4649b934ca495991b7852b855,55,,dbi-verify-fail-exit2
fullcorpus,@1785876974,f80b1c09a6e8c3ed21a2a1d5ecd57edac4862de0,04a46b43930b918f6ff0f6b53644df732f908c46,false,expansion,portable,c-programs,c-programs/sigpipe-siginfo,verify,dbi,expansion,diverge,0,0,e3b0c44298fc1c149afbf4c8996fb92427ae41e4649b934ca495991b7852b855,78,,dbi-verify-fail-exit1
fullcorpus,@1785876974,f80b1c09a6e8c3ed21a2a1d5ecd57edac4862de0,04a46b43930b918f6ff0f6b53644df732f908c46,false,expansion,portable,c-programs,c-programs/sigtimedwait-no-timeout,verify,dbi,expansion,timeout,0,0,e3b0c44298fc1c149afbf4c8996fb92427ae41e4649b934ca495991b7852b855,120007,,dbi-verify-timeout-120s
fullcorpus,@1785876974,f80b1c09a6e8c3ed21a2a1d5ecd57edac4862de0,04a46b43930b918f6ff0f6b53644df732f908c46,false,expansion,portable,c-programs,c-programs/sigtimedwait-timeout-0s,verify,dbi,expansion,pass,1,1,1fdb5bc221fec017d7d094e8aeef5164e5684040b75235798955040a2cae9573,149,,
fullcorpus,@1785876974,f80b1c09a6e8c3ed21a2a1d5ecd57edac4862de0,04a46b43930b918f6ff0f6b53644df732f908c46,false,expansion,portable,c-programs,c-programs/sigtimedwait-timeout-1s,verify,dbi,expansion,pass,1,1,879d7ab11fa7ee8fb9ef0480411cf236c70259b0e020427b92a7c3bb89fbb729,3850,,
fullcorpus,@1785876974,f80b1c09a6e8c3ed21a2a1d5ecd57edac4862de0,04a46b43930b918f6ff0f6b53644df732f908c46,false,expansion,portable,c-programs,c-programs/so-incoming-cpu-tcp4,verify,dbi,expansion,diverge,0,1,37d9e0d38876a4913d49d1524721047328ff7d139c4bea030fc003d86325cb12,61,,dbi-verify-fail-exit1
fullcorpus,@1785876974,f80b1c09a6e8c3ed21a2a1d5ecd57edac4862de0,04a46b43930b918f6ff0f6b53644df732f908c46,false,expansion,portable,c-programs,c-programs/so-incoming-cpu-tcp6,verify,dbi,expansion,diverge,0,1,71986d6a252d40985852f55c3577bc0d86ae15e892c678bea20d0f320e584593,60,,dbi-verify-fail-exit1
fullcorpus,@1785876974,f80b1c09a6e8c3ed21a2a1d5ecd57edac4862de0,04a46b43930b918f6ff0f6b53644df732f908c46,false,expansion,portable,c-programs,c-programs/so-incoming-cpu-udp4,verify,dbi,expansion,pass,1,1,b49fc8be9466892afd2c8ad552ba7b28128fc5ac32fc5d89f9a1146264aa4dc7,116,,
fullcorpus,@1785876974,f80b1c09a6e8c3ed21a2a1d5ecd57edac4862de0,04a46b43930b918f6ff0f6b53644df732f908c46,false,expansion,portable,c-programs,c-programs/socket-cookie-tcp,verify,dbi,expansion,pass,1,1,6180a36432851ee86fbec823dd6fe6c7588f786bfadefd70480438b246053b6b,117,,
fullcorpus,@1785876974,f80b1c09a6e8c3ed21a2a1d5ecd57edac4862de0,04a46b43930b918f6ff0f6b53644df732f908c46,false,expansion,portable,c-programs,c-programs/socket-cookie-udp,verify,dbi,expansion,pass,1,1,2d06feadf81160afca89105d6b83f0ce0a7296070a855b1b25b8b72d58e724be,111,,
fullcorpus,@1785876974,f80b1c09a6e8c3ed21a2a1d5ecd57edac4862de0,04a46b43930b918f6ff0f6b53644df732f908c46,false,expansion,portable,c-programs,c-programs/socket-cookie-unix,verify,dbi,expansion,pass,1,1,af2ebd36b3b776fa4c0c4c215288f5e66fa5241f8dfda47f8ef017ba351e3734,114,,
fullcorpus,@1785876974,f80b1c09a6e8c3ed21a2a1d5ecd57edac4862de0,04a46b43930b918f6ff0f6b53644df732f908c46,false,expansion,portable,c-programs,c-programs/socket-ioctl-timestamp,verify,dbi,expansion,diverge,0,,e3b0c44298fc1c149afbf4c8996fb92427ae41e4649b934ca495991b7852b855,57,,dbi-verify-fail-exit1
fullcorpus,@1785876974,f80b1c09a6e8c3ed21a2a1d5ecd57edac4862de0,04a46b43930b918f6ff0f6b53644df732f908c46,false,expansion,portable,c-programs,c-programs/socket-timestamp-edge-cases,verify,dbi,expansion,pass,1,1,237ff1081253f64aba6ed9e84bad994c1c481d9bd2312ba4fe80afa1d959f9cc,122,,
fullcorpus,@1785876974,f80b1c09a6e8c3ed21a2a1d5ecd57edac4862de0,04a46b43930b918f6ff0f6b53644df732f908c46,false,expansion,portable,c-programs,c-programs/socket-timestamp-timespec,verify,dbi,expansion,pass,1,1,4a5eae51288da929c514799c22251bb18ec475d82ca4a648f9732da9a00cfd75,110,,
fullcorpus,@1785876974,f80b1c09a6e8c3ed21a2a1d5ecd57edac4862de0,04a46b43930b918f6ff0f6b53644df732f908c46,false,expansion,portable,c-programs,c-programs/socket-timestamp-timeval,verify,dbi,expansion,pass,1,1,2a6d69ec1e29905992985dd6131920efd96bd015b70cd2c003724b8065750683,115,,
fullcorpus,@1785876974,f80b1c09a6e8c3ed21a2a1d5ecd57edac4862de0,04a46b43930b918f6ff0f6b53644df732f908c46,false,expansion,portable,c-programs,c-programs/splice-enosys,verify,dbi,expansion,pass,1,1,0bc4f64fe4ad2292443e402eba4830484779aeb4370264c9c0abfa7a78f95c8e,113,,
fullcorpus,@1785876974,f80b1c09a6e8c3ed21a2a1d5ecd57edac4862de0,04a46b43930b918f6ff0f6b53644df732f908c46,false,expansion,portable,c-programs,c-programs/statmount-enosys,verify,dbi,expansion,pass,1,1,84a55d7cfcd9fe81a459d4852c82ddf5ad78845213534c19fa6dcdef66cfdf95,112,,
fullcorpus,@1785876974,f80b1c09a6e8c3ed21a2a1d5ecd57edac4862de0,04a46b43930b918f6ff0f6b53644df732f908c46,false,expansion,portable,c-programs,c-programs/syscall-file-io,verify,dbi,expansion,pass,1,1,632d0f8b9698ef9868e243dd5432fca72d482ec38beb954c8af6f6ddf94e8e51,117,,
fullcorpus,@1785876974,f80b1c09a6e8c3ed21a2a1d5ecd57edac4862de0,04a46b43930b918f6ff0f6b53644df732f908c46,false,expansion,portable,c-programs,c-programs/syscall-file-metadata,verify,dbi,expansion,pass,1,1,57a74d78ecf93f4f8f188f946cdd5345bed2d126fc15a9f362d320bed2c5236a,122,,
fullcorpus,@1785876974,f80b1c09a6e8c3ed21a2a1d5ecd57edac4862de0,04a46b43930b918f6ff0f6b53644df732f908c46,false,expansion,portable,c-programs,c-programs/syscall-quick-wins,verify,dbi,expansion,pass,1,0,60b58a8f8fcf33fec043f7c10402ca00687851f4d7a64ca347422a7644066ee6,121,,
fullcorpus,@1785876974,f80b1c09a6e8c3ed21a2a1d5ecd57edac4862de0,04a46b43930b918f6ff0f6b53644df732f908c46,false,expansion,portable,c-programs,c-programs/sysfs-enosys,verify,dbi,expansion,pass,1,1,77a60c6b8a6c3c908333e6f4dfa94a2c397b1bd7c93991eebb8ed5915b0ad95f,110,,
fullcorpus,@1785876974,f80b1c09a6e8c3ed21a2a1d5ecd57edac4862de0,04a46b43930b918f6ff0f6b53644df732f908c46,false,expansion,portable,c-programs,c-programs/sysinfo-uptime,verify,dbi,expansion,pass,1,0,1429541a342182baeb957e7490636685d8d6bcb5011ec02e4260a42020c3c5f5,6479,,
fullcorpus,@1785876974,f80b1c09a6e8c3ed21a2a1d5ecd57edac4862de0,04a46b43930b918f6ff0f6b53644df732f908c46,false,expansion,portable,c-programs,c-programs/sysinfo,verify,dbi,expansion,pass,1,0,906d8e561c1c66638de700d08a85dc6b087a48cd409ac283c0a3089242559966,117,,
fullcorpus,@1785876974,f80b1c09a6e8c3ed21a2a1d5ecd57edac4862de0,04a46b43930b918f6ff0f6b53644df732f908c46,false,expansion,portable,c-programs,c-programs/syslog-deterministic,verify,dbi,expansion,pass,1,1,c23edf066d3bda360f91b47308f840e8b42b87278b5e379c8d71d8bf10a255d2,110,,
fullcorpus,@1785876974,f80b1c09a6e8c3ed21a2a1d5ecd57edac4862de0,04a46b43930b918f6ff0f6b53644df732f908c46,false,expansion,portable,c-programs,c-programs/sysv-sem-enosys,verify,dbi,expansion,pass,1,1,f024dd91d8c142074c08ff93925022b5acfeab0e3d58d7ea1fdbdee13ebada99,110,,
fullcorpus,@1785876974,f80b1c09a6e8c3ed21a2a1d5ecd57edac4862de0,04a46b43930b918f6ff0f6b53644df732f908c46,false,expansion,portable,c-programs,c-programs/sysv-shm-enosys,verify,dbi,expansion,pass,1,1,7b4564e64aa38d43273e5e7e1df8e80071b1c9219f7de2628fa37e6ab4da5794,110,,
fullcorpus,@1785876974,f80b1c09a6e8c3ed21a2a1d5ecd57edac4862de0,04a46b43930b918f6ff0f6b53644df732f908c46,false,expansion,portable,c-programs,c-programs/tcp-info-accept4,verify,dbi,expansion,diverge,0,0,e3b0c44298fc1c149afbf4c8996fb92427ae41e4649b934ca495991b7852b855,59,,dbi-verify-fail-exit1
fullcorpus,@1785876974,f80b1c09a6e8c3ed21a2a1d5ecd57edac4862de0,04a46b43930b918f6ff0f6b53644df732f908c46,false,expansion,portable,c-programs,c-programs/tcp-info-accept6,verify,dbi,expansion,diverge,0,0,e3b0c44298fc1c149afbf4c8996fb92427ae41e4649b934ca495991b7852b855,59,,dbi-verify-fail-exit1
fullcorpus,@1785876974,f80b1c09a6e8c3ed21a2a1d5ecd57edac4862de0,04a46b43930b918f6ff0f6b53644df732f908c46,false,expansion,portable,c-programs,c-programs/tcp-info-client4,verify,dbi,expansion,diverge,0,0,e3b0c44298fc1c149afbf4c8996fb92427ae41e4649b934ca495991b7852b855,59,,dbi-verify-fail-exit1
fullcorpus,@1785876974,f80b1c09a6e8c3ed21a2a1d5ecd57edac4862de0,04a46b43930b918f6ff0f6b53644df732f908c46,false,expansion,portable,c-programs,c-programs/tee-enosys,verify,dbi,expansion,pass,1,1,1c8d3e5b5c25e921430729592b73be499a63f45dc355ac8686a3070d1e2f6108,112,,
fullcorpus,@1785876974,f80b1c09a6e8c3ed21a2a1d5ecd57edac4862de0,04a46b43930b918f6ff0f6b53644df732f908c46,false,expansion,portable,c-programs,c-programs/thread-self-procfs-handoff,verify,dbi,expansion,pass,1,1,4ec014d923f7213d78fc3fe481bb1e5a1afe2966878e2967593bac452513edd6,130,,
fullcorpus,@1785876974,f80b1c09a6e8c3ed21a2a1d5ecd57edac4862de0,04a46b43930b918f6ff0f6b53644df732f908c46,false,expansion,portable,c-programs,c-programs/thread-sync-determinism,verify,dbi,expansion,diverge,0,,e3b0c44298fc1c149afbf4c8996fb92427ae41e4649b934ca495991b7852b855,59,,dbi-verify-fail-exit2
fullcorpus,@1785876974,f80b1c09a6e8c3ed21a2a1d5ecd57edac4862de0,04a46b43930b918f6ff0f6b53644df732f908c46,false,expansion,portable,c-programs,c-programs/threadexhaustion,verify,dbi,expansion,pass,1,1,6ed164be2f904840f8cd736bc12bac0858d8d7238d37fbebd539fbac7d14d0ed,151,,
fullcorpus,@1785876974,f80b1c09a6e8c3ed21a2a1d5ecd57edac4862de0,04a46b43930b918f6ff0f6b53644df732f908c46,false,expansion,portable,c-programs,c-programs/timer-create-determinism,verify,dbi,expansion,pass,1,1,88d3c6bddc5cce602a98a315d6413f65c9be3b4af294699a8a553337ef4033ae,112,,
fullcorpus,@1785876974,f80b1c09a6e8c3ed21a2a1d5ecd57edac4862de0,04a46b43930b918f6ff0f6b53644df732f908c46,false,expansion,portable,c-programs,c-programs/uname,verify,dbi,expansion,pass,1,1,29a9d1c5f680e45d5fdca33498014a47ce0a123af49e3fecb74543db547788be,112,,
fullcorpus,@1785876974,f80b1c09a6e8c3ed21a2a1d5ecd57edac4862de0,04a46b43930b918f6ff0f6b53644df732f908c46,false,expansion,portable,c-programs,c-programs/unix-autobind-dgram,verify,dbi,expansion,pass,1,1,b3679cef7d4cbb0bfc40803796036d2ea2e8262e846ad4d345c0c0646e79d21b,111,,
fullcorpus,@1785876974,f80b1c09a6e8c3ed21a2a1d5ecd57edac4862de0,04a46b43930b918f6ff0f6b53644df732f908c46,false,expansion,portable,c-programs,c-programs/unix-autobind-seqpacket,verify,dbi,expansion,pass,1,1,adab29374a2e454a06823fd8e1ecc9ba038ed4be7ad9f95ae67cebeec58a3d8c,113,,
fullcorpus,@1785876974,f80b1c09a6e8c3ed21a2a1d5ecd57edac4862de0,04a46b43930b918f6ff0f6b53644df732f908c46,false,expansion,portable,c-programs,c-programs/unix-autobind-stream,verify,dbi,expansion,pass,1,1,91304ad318232da9ea6432240290691ddc20ad0ebf2e4c889c7ab6cd3f71db0c,112,,
fullcorpus,@1785876974,f80b1c09a6e8c3ed21a2a1d5ecd57edac4862de0,04a46b43930b918f6ff0f6b53644df732f908c46,false,expansion,portable,c-programs,c-programs/ustat-enosys,verify,dbi,expansion,pass,1,1,a3385f3800f1f726246c5551a73e98c6ae29a6dd2757326caac8afdf53bb90d3,109,,
fullcorpus,@1785876974,f80b1c09a6e8c3ed21a2a1d5ecd57edac4862de0,04a46b43930b918f6ff0f6b53644df732f908c46,false,expansion,portable,c-programs,c-programs/vforkexec,verify,dbi,expansion,pass,1,0,f7b3cbbfcc7fe5e1e9d009c2575bc1e835e071e27d4236d56626cc98572b4239,224,,
fullcorpus,@1785876974,f80b1c09a6e8c3ed21a2a1d5ecd57edac4862de0,04a46b43930b918f6ff0f6b53644df732f908c46,false,expansion,portable,c-programs,c-programs/vmsplice-enosys,verify,dbi,expansion,pass,1,1,8f5a5d41aa1ad4af965f89cb80f73347c556f46f42dfaca5a32853b7798fe6f0,112,,
fullcorpus,@1785876974,f80b1c09a6e8c3ed21a2a1d5ecd57edac4862de0,04a46b43930b918f6ff0f6b53644df732f908c46,false,expansion,portable,c-programs,c-programs/wait-on-child,verify,dbi,expansion,pass,1,0,6aee6c1568a29c06fde6ca7cc0291f6b70876b0012146915ec8c26b0dd73f09b,130,,
fullcorpus,@1785876974,f80b1c09a6e8c3ed21a2a1d5ecd57edac4862de0,04a46b43930b918f6ff0f6b53644df732f908c46,false,expansion,portable,c-programs,c-programs/writev-determinism,verify,dbi,expansion,diverge,0,0,e3b0c44298fc1c149afbf4c8996fb92427ae41e4649b934ca495991b7852b855,102709,,dbi-verify-fail-exit1
fullcorpus,@1785876974,f80b1c09a6e8c3ed21a2a1d5ecd57edac4862de0,04a46b43930b918f6ff0f6b53644df732f908c46,false,expansion,portable,chaos-c,chaos-c/lock-granularity,verify,dbi,expansion,pass,1,1,1cd27b440cf0189a08ed714e62668d8ff37ae183e61d111b8ee14b2759ad2b2d,135,,
fullcorpus,@1785876974,f80b1c09a6e8c3ed21a2a1d5ecd57edac4862de0,04a46b43930b918f6ff0f6b53644df732f908c46,false,expansion,portable,data-handling,data-handling/archive-roundtrip,verify,dbi,expansion,diverge,0,,e3b0c44298fc1c149afbf4c8996fb92427ae41e4649b934ca495991b7852b855,194,,dbi-verify-fail-exit1
fullcorpus,@1785876974,f80b1c09a6e8c3ed21a2a1d5ecd57edac4862de0,04a46b43930b918f6ff0f6b53644df732f908c46,false,expansion,portable,data-handling,data-handling/shell-pipeline,verify,dbi,expansion,diverge,0,,e3b0c44298fc1c149afbf4c8996fb92427ae41e4649b934ca495991b7852b855,199,,dbi-verify-fail-exit1
fullcorpus,@1785876974,f80b1c09a6e8c3ed21a2a1d5ecd57edac4862de0,04a46b43930b918f6ff0f6b53644df732f908c46,false,expansion,portable,debugger-c,debugger-c/debuggee,verify,dbi,expansion,pass,1,1,48d3d236efc470a63642ab7a23fc174f378f389d2f6738b84db4f7a550ce4192,112,,
fullcorpus,@1785876974,f80b1c09a6e8c3ed21a2a1d5ecd57edac4862de0,04a46b43930b918f6ff0f6b53644df732f908c46,false,expansion,portable,determinism-stress-c,determinism-stress-c/fork-tree,verify,dbi,expansion,pass,1,1,8ddf8b17d77780a3d7a236df0e42893354e51a485e840d08fc7906ef2207637f,131,,
fullcorpus,@1785876974,f80b1c09a6e8c3ed21a2a1d5ecd57edac4862de0,04a46b43930b918f6ff0f6b53644df732f908c46,false,expansion,portable,determinism-stress-c,determinism-stress-c/lock-free,verify,dbi,expansion,pass,1,1,b3bab857d371911d8565e55d6907439bd3c32995e2938f1ac285ce02884c9c54,155,,
fullcorpus,@1785876974,f80b1c09a6e8c3ed21a2a1d5ecd57edac4862de0,04a46b43930b918f6ff0f6b53644df732f908c46,false,expansion,portable,determinism-stress-c,determinism-stress-c/mmap-fork-shared,verify,dbi,expansion,timeout,0,0,e3b0c44298fc1c149afbf4c8996fb92427ae41e4649b934ca495991b7852b855,120005,,dbi-verify-timeout-120s
fullcorpus,@1785876974,f80b1c09a6e8c3ed21a2a1d5ecd57edac4862de0,04a46b43930b918f6ff0f6b53644df732f908c46,false,expansion,portable,determinism-stress-c,determinism-stress-c/pid-tid,verify,dbi,expansion,pass,1,0,a76e1d2cf165788b6320aac1e30a9ee51e7f9869e327a2ee63111280e4bb6a22,155,,
fullcorpus,@1785876974,f80b1c09a6e8c3ed21a2a1d5ecd57edac4862de0,04a46b43930b918f6ff0f6b53644df732f908c46,false,expansion,portable,determinism-stress-c,determinism-stress-c/pipe-chain,verify,dbi,expansion,diverge,0,0,e3b0c44298fc1c149afbf4c8996fb92427ae41e4649b934ca495991b7852b855,57,,dbi-verify-fail-exit1
fullcorpus,@1785876974,f80b1c09a6e8c3ed21a2a1d5ecd57edac4862de0,04a46b43930b918f6ff0f6b53644df732f908c46,false,expansion,portable,determinism-stress-c,determinism-stress-c/pipe-prefill,verify,dbi,expansion,pass,1,1,85f07bae7e5247a9311974855de758b431bedf55bf167fc173adc6e9877db1f6,131,,
fullcorpus,@1785876974,f80b1c09a6e8c3ed21a2a1d5ecd57edac4862de0,04a46b43930b918f6ff0f6b53644df732f908c46,false,expansion,portable,determinism-stress-c,determinism-stress-c/producer-consumer,verify,dbi,expansion,pass,1,1,4a1f3835471600bc0823a28a5669705a0e6864214ae213a1083b4c1bf10c50bf,434,,
fullcorpus,@1785876974,f80b1c09a6e8c3ed21a2a1d5ecd57edac4862de0,04a46b43930b918f6ff0f6b53644df732f908c46,false,expansion,portable,determinism-stress-c,determinism-stress-c/signal-order,verify,dbi,expansion,pass,1,1,e4b06b822726e5ff96ca7bcbbf59e764019be179d7b198987fd4c4216687561a,138,,
fullcorpus,@1785876974,f80b1c09a6e8c3ed21a2a1d5ecd57edac4862de0,04a46b43930b918f6ff0f6b53644df732f908c46,false,expansion,portable,determinism-stress-c,determinism-stress-c/thread-contention,verify,dbi,expansion,diverge,0,,e3b0c44298fc1c149afbf4c8996fb92427ae41e4649b934ca495991b7852b855,58,,dbi-verify-fail-exit1
fullcorpus,@1785876974,f80b1c09a6e8c3ed21a2a1d5ecd57edac4862de0,04a46b43930b918f6ff0f6b53644df732f908c46,false,expansion,portable,determinism-stress-c,determinism-stress-c/thread-stress,verify,dbi,expansion,pass,1,1,5cc9e2f4adb1ce9d9da8fd455891107712ac699631b4d0b492f52be27a71ba73,1927,,
fullcorpus,@1785876974,f80b1c09a6e8c3ed21a2a1d5ecd57edac4862de0,04a46b43930b918f6ff0f6b53644df732f908c46,false,expansion,portable,determinism-stress,determinism-stress/example-race,verify,dbi,expansion,diverge,0,0,e9cfe1bd8d523a568be90df845920b3a366e987da073d551e1a799fc584ba8f3,769,,dbi-verify-fail-exit1
fullcorpus,@1785876974,f80b1c09a6e8c3ed21a2a1d5ecd57edac4862de0,04a46b43930b918f6ff0f6b53644df732f908c46,false,expansion,portable,determinism-stress,determinism-stress/order-violation,verify,dbi,expansion,pass,1,1,0ba904eae8773b70c75333db4de2f3ac45a8ad4ddba1b242f0b3cfc199391dd8,131,,
fullcorpus,@1785876974,f80b1c09a6e8c3ed21a2a1d5ecd57edac4862de0,04a46b43930b918f6ff0f6b53644df732f908c46,false,expansion,portable,determinism-stress,determinism-stress/process-chains,verify,dbi,expansion,diverge,0,,e3b0c44298fc1c149afbf4c8996fb92427ae41e4649b934ca495991b7852b855,196,,dbi-verify-fail-exit1
fullcorpus,@1785876974,f80b1c09a6e8c3ed21a2a1d5ecd57edac4862de0,04a46b43930b918f6ff0f6b53644df732f908c46,false,expansion,portable,determinism-stress,determinism-stress/thread-contention,verify,dbi,expansion,diverge,0,,e3b0c44298fc1c149afbf4c8996fb92427ae41e4649b934ca495991b7852b855,196,,dbi-verify-fail-exit1
fullcorpus,@1785876974,f80b1c09a6e8c3ed21a2a1d5ecd57edac4862de0,04a46b43930b918f6ff0f6b53644df732f908c46,false,expansion,portable,determinism-stress,determinism-stress/thread-output,verify,dbi,expansion,diverge,0,0,92d22b0d21cf113cbab27369a88ab60335facd1e59149d519ca65f7ffd3a8101,1157,,dbi-verify-fail-exit1
fullcorpus,@1785876974,f80b1c09a6e8c3ed21a2a1d5ecd57edac4862de0,04a46b43930b918f6ff0f6b53644df732f908c46,false,expansion,portable,language-runtimes,language-runtimes/bash-loop-pipe-time,verify,dbi,expansion,timeout,0,0,e3b0c44298fc1c149afbf4c8996fb92427ae41e4649b934ca495991b7852b855,120005,,dbi-verify-timeout-120s
fullcorpus,@1785876974,f80b1c09a6e8c3ed21a2a1d5ecd57edac4862de0,04a46b43930b918f6ff0f6b53644df732f908c46,false,expansion,portable,language-runtimes,language-runtimes/example-python-random,verify,dbi,expansion,pass,1,1,e1b8db378cfd66571bc2d0dbe0b45e1bd3eaecb5d6e0e4d51fd1c0ed053113b0,5042,,
fullcorpus,@1785876974,f80b1c09a6e8c3ed21a2a1d5ecd57edac4862de0,04a46b43930b918f6ff0f6b53644df732f908c46,false,expansion,portable,language-runtimes,language-runtimes/gawk-random,verify,dbi,expansion,pass,1,1,04427acdbdc27dceba6e78a1623682e9363586e78bcd894100c7b1bf625e92fe,629,,
fullcorpus,@1785876974,f80b1c09a6e8c3ed21a2a1d5ecd57edac4862de0,04a46b43930b918f6ff0f6b53644df732f908c46,false,expansion,portable,language-runtimes,language-runtimes/perl-io-subprocess-time,verify,dbi,expansion,diverge,0,0,e3b0c44298fc1c149afbf4c8996fb92427ae41e4649b934ca495991b7852b855,1002,,dbi-verify-fail-exit1
fullcorpus,@1785876974,f80b1c09a6e8c3ed21a2a1d5ecd57edac4862de0,04a46b43930b918f6ff0f6b53644df732f908c46,false,expansion,portable,language-runtimes,language-runtimes/python-hash-determinism,verify,dbi,expansion,pass,1,0,ac363b10f5e4ccd3c3ae5974974a12f3eb7ebf684f774da9e5e39335e53f5b89,4981,,
fullcorpus,@1785876974,f80b1c09a6e8c3ed21a2a1d5ecd57edac4862de0,04a46b43930b918f6ff0f6b53644df732f908c46,false,expansion,portable,language-runtimes,language-runtimes/python-io-subprocess-time,verify,dbi,expansion,timeout,0,0,e3b0c44298fc1c149afbf4c8996fb92427ae41e4649b934ca495991b7852b855,120005,,dbi-verify-timeout-120s
fullcorpus,@1785876974,f80b1c09a6e8c3ed21a2a1d5ecd57edac4862de0,04a46b43930b918f6ff0f6b53644df732f908c46,false,expansion,portable,language-runtimes,language-runtimes/python-random,verify,dbi,expansion,pass,1,0,e1b8db378cfd66571bc2d0dbe0b45e1bd3eaecb5d6e0e4d51fd1c0ed053113b0,5336,,
fullcorpus,@1785876974,f80b1c09a6e8c3ed21a2a1d5ecd57edac4862de0,04a46b43930b918f6ff0f6b53644df732f908c46,false,expansion,portable,shared-futex-c,shared-futex-c/qemu-exec-init,verify,dbi,expansion,diverge,0,,f661f3a07a6eaf11cc84a517476a7fad235b90d6b017b27b1d196e7fc437abeb,799,,dbi-verify-fail-exit1
fullcorpus,@1785876974,f80b1c09a6e8c3ed21a2a1d5ecd57edac4862de0,04a46b43930b918f6ff0f6b53644df732f908c46,false,expansion,portable,shared-futex-c,shared-futex-c/qemu-hello,verify,dbi,expansion,diverge,0,,9ea4709e7c24602ba619d6ae109051a4df65ce643d978faa5fcc1dfffc35acef,63,,dbi-verify-fail-exit7
fullcorpus,@1785876974,f80b1c09a6e8c3ed21a2a1d5ecd57edac4862de0,04a46b43930b918f6ff0f6b53644df732f908c46,false,expansion,portable,shared-futex-c,shared-futex-c/qemu-init,verify,dbi,expansion,diverge,0,,43f850729eb0587f81fdf5ec0899ec8f8fc82e6cb1ef3889e9eb3f5fd329d48e,768,,dbi-verify-fail-exit1
fullcorpus,@1785876974,f80b1c09a6e8c3ed21a2a1d5ecd57edac4862de0,04a46b43930b918f6ff0f6b53644df732f908c46,false,expansion,portable,shared-futex-c,shared-futex-c/qemu-net-init,verify,dbi,expansion,diverge,0,,6f2e575f700dd33f153625f87ce625f62c8ebbed42675e3c06ce63851fef2c8d,849,,dbi-verify-fail-exit1
fullcorpus,@1785876974,f80b1c09a6e8c3ed21a2a1d5ecd57edac4862de0,04a46b43930b918f6ff0f6b53644df732f908c46,false,expansion,portable,system-utils,system-utils/clock-determinism,verify,dbi,expansion,pass,1,1,ae53c7f85ecd3f3e57c3b8c0f77f9d944873d0276aca6b0faad8d847063a5458,122,,
fullcorpus,@1785876974,f80b1c09a6e8c3ed21a2a1d5ecd57edac4862de0,04a46b43930b918f6ff0f6b53644df732f908c46,false,expansion,portable,system-utils,system-utils/date-nanoseconds,verify,dbi,expansion,timeout,0,0,e3b0c44298fc1c149afbf4c8996fb92427ae41e4649b934ca495991b7852b855,120005,,dbi-verify-timeout-120s
fullcorpus,@1785876974,f80b1c09a6e8c3ed21a2a1d5ecd57edac4862de0,04a46b43930b918f6ff0f6b53644df732f908c46,false,expansion,portable,system-utils,system-utils/example-date,verify,dbi,expansion,pass,1,0,9b0d3b702764fa0e348398ac2c1e284a38823a6154a084db9500c0162c656194,465,,
fullcorpus,@1785876974,f80b1c09a6e8c3ed21a2a1d5ecd57edac4862de0,04a46b43930b918f6ff0f6b53644df732f908c46,false,expansion,portable,system-utils,system-utils/example-devrand,verify,dbi,expansion,pass,1,1,f5edcf77a8645391c7cdaa70592390c2365b1a0849dfc2729f9a6ca3ea874863,428,,
fullcorpus,@1785876974,f80b1c09a6e8c3ed21a2a1d5ecd57edac4862de0,04a46b43930b918f6ff0f6b53644df732f908c46,false,expansion,portable,system-utils,system-utils/openssl-passwd,verify,dbi,expansion,pass,1,0,234925c7ac3d699bd64d3bcffa1e53c9207efa3e7dff594ae88f5453983aa4d0,904,,
fullcorpus,@1785876974,f80b1c09a6e8c3ed21a2a1d5ecd57edac4862de0,04a46b43930b918f6ff0f6b53644df732f908c46,false,expansion,portable,system-utils,system-utils/proc-uptime,verify,dbi,expansion,pass,1,0,8a99bbf82e82c0766350f4024a8b820930a480ec9830f9855807806574a40629,542,,
fullcorpus,@1785876974,f80b1c09a6e8c3ed21a2a1d5ecd57edac4862de0,04a46b43930b918f6ff0f6b53644df732f908c46,false,expansion,portable,system-utils,system-utils/random-device,verify,dbi,expansion,pass,1,1,f5edcf77a8645391c7cdaa70592390c2365b1a0849dfc2729f9a6ca3ea874863,797,,
fullcorpus,@1785876974,f80b1c09a6e8c3ed21a2a1d5ecd57edac4862de0,04a46b43930b918f6ff0f6b53644df732f908c46,false,expansion,portable,system-utils,system-utils/record-getpid,verify,dbi,expansion,pass,1,1,7d65259dd0f4861331834b3f73013d851b44389c6162f00a24a0176bba121251,118,,
fullcorpus,@1785876974,f80b1c09a6e8c3ed21a2a1d5ecd57edac4862de0,04a46b43930b918f6ff0f6b53644df732f908c46,false,expansion,portable,util-c,util-c/pmu-skid,verify,dbi,expansion,diverge,0,,e3b0c44298fc1c149afbf4c8996fb92427ae41e4649b934ca495991b7852b855,65,,dbi-verify-fail-exit1
fullcorpus,@1785876974,f80b1c09a6e8c3ed21a2a1d5ecd57edac4862de0,04a46b43930b918f6ff0f6b53644df732f908c46,false,expansion,portable,applications,applications/example-timed-progress-bar,verify,e9patch,expansion,pass,1,1,d8778ce336753d09dab6c6d94699898498ccbc31d6ec6b0b7b3d4bc559745b47,524,,
fullcorpus,@1785876974,f80b1c09a6e8c3ed21a2a1d5ecd57edac4862de0,04a46b43930b918f6ff0f6b53644df732f908c46,false,expansion,portable,applications,applications/timed-progress-bar,verify,e9patch,expansion,diverge,0,,e3b0c44298fc1c149afbf4c8996fb92427ae41e4649b934ca495991b7852b855,11,,e9patch-verify-fail-exit1
fullcorpus,@1785876974,f80b1c09a6e8c3ed21a2a1d5ecd57edac4862de0,04a46b43930b918f6ff0f6b53644df732f908c46,false,expansion,privileged,backend-parity-c,backend-parity-c/cpuid-probe,verify,e9patch,expansion,pass,1,1,86ff9718c1542322ee8165258f455b9774cc88c99e37cc57f30e74283a2d83c0,74,,
fullcorpus,@1785876974,f80b1c09a6e8c3ed21a2a1d5ecd57edac4862de0,04a46b43930b918f6ff0f6b53644df732f908c46,false,expansion,portable,backend-parity-c,backend-parity-c/pid-probe,verify,e9patch,expansion,pass,1,1,342cc5c394f2bfe94370f4f30493c870f7877e1dd0646dc7c41af1fc9d14838c,83,,
fullcorpus,@1785876974,f80b1c09a6e8c3ed21a2a1d5ecd57edac4862de0,04a46b43930b918f6ff0f6b53644df732f908c46,false,expansion,portable,backend-parity-c,backend-parity-c/pthread-lifecycle,verify,e9patch,expansion,pass,1,1,6f916c392b593c2835823f98adada81a14b81ff8683b4045610a9a1cc0728563,101,,
fullcorpus,@1785876974,f80b1c09a6e8c3ed21a2a1d5ecd57edac4862de0,04a46b43930b918f6ff0f6b53644df732f908c46,false,expansion,portable,bin-c,bin-c/posix-timer-test,verify,e9patch,expansion,pass,1,1,73bc36274f961af2a8ad43917d15a87a59ead3cb7c6f54c81db28c45d5395fa1,82,,
fullcorpus,@1785876974,f80b1c09a6e8c3ed21a2a1d5ecd57edac4862de0,04a46b43930b918f6ff0f6b53644df732f908c46,false,expansion,portable,bin-c,bin-c/robust-futex-test,verify,e9patch,expansion,timeout,0,,e3b0c44298fc1c149afbf4c8996fb92427ae41e4649b934ca495991b7852b855,120006,,e9patch-verify-timeout-120s
fullcorpus,@1785876974,f80b1c09a6e8c3ed21a2a1d5ecd57edac4862de0,04a46b43930b918f6ff0f6b53644df732f908c46,false,expansion,portable,c-programs,c-programs/acct-refusal-probe,verify,e9patch,expansion,pass,1,1,fb9a253ff29ae72ad120fbe932651dd0471ff759f020fcad04b62895c481980f,75,,
fullcorpus,@1785876974,f80b1c09a6e8c3ed21a2a1d5ecd57edac4862de0,04a46b43930b918f6ff0f6b53644df732f908c46,false,expansion,portable,c-programs,c-programs/add-key-enosys,verify,e9patch,expansion,pass,1,1,392cdd6f142e243a9db3f8bd6d60cde54e983ffe6d072bf7ea3b03cc297cbf72,83,,
fullcorpus,@1785876974,f80b1c09a6e8c3ed21a2a1d5ecd57edac4862de0,04a46b43930b918f6ff0f6b53644df732f908c46,false,expansion,portable,c-programs,c-programs/adjtimex-deterministic,verify,e9patch,expansion,pass,1,1,ea6836e27a3d5c63e79076c3c5c976a785aa833022022fc0f2e5361942c6579e,81,,
fullcorpus,@1785876974,f80b1c09a6e8c3ed21a2a1d5ecd57edac4862de0,04a46b43930b918f6ff0f6b53644df732f908c46,false,expansion,portable,c-programs,c-programs/arch-prctl-determinism,verify,e9patch,expansion,pass,1,1,8504ad2cf53c948ffdd59e277fe87ecf21f65ffa4fb543989366ec9cb40272fd,70,,
fullcorpus,@1785876974,f80b1c09a6e8c3ed21a2a1d5ecd57edac4862de0,04a46b43930b918f6ff0f6b53644df732f908c46,false,expansion,portable,c-programs,c-programs/bpf-enosys,verify,e9patch,expansion,pass,1,1,00b8c2fc33f814bfeb2da739d302426f0122369289c96bb40f9a11ef86f4befe,76,,
fullcorpus,@1785876974,f80b1c09a6e8c3ed21a2a1d5ecd57edac4862de0,04a46b43930b918f6ff0f6b53644df732f908c46,false,expansion,portable,c-programs,c-programs/cachestat-enosys,verify,e9patch,expansion,pass,1,1,c99ecc14f33146eb9b4b3c76f1fd310e0b0992a23465df5ce2715ead516e565e,78,,
fullcorpus,@1785876974,f80b1c09a6e8c3ed21a2a1d5ecd57edac4862de0,04a46b43930b918f6ff0f6b53644df732f908c46,false,expansion,portable,c-programs,c-programs/clock-adjtime-deterministic,verify,e9patch,expansion,pass,1,1,f8df8f96682085b6719931fa985c994642bd388d6849e9c751941db746098343,71,,
fullcorpus,@1785876974,f80b1c09a6e8c3ed21a2a1d5ecd57edac4862de0,04a46b43930b918f6ff0f6b53644df732f908c46,false,expansion,portable,c-programs,c-programs/clone,verify,e9patch,expansion,pass,1,1,6bed7c4e58faa0f69f82d7af16adcaa45cce6217b25a9cab2b709b1ac60b68de,77,,
fullcorpus,@1785876974,f80b1c09a6e8c3ed21a2a1d5ecd57edac4862de0,04a46b43930b918f6ff0f6b53644df732f908c46,false,expansion,portable,c-programs,c-programs/copy-file-range-refusal-probe,verify,e9patch,expansion,pass,1,1,eaf5a67ca844e6a832cd95774ecdb4c48e345e2b64e1c67092ad7fb6ac39777a,75,,
fullcorpus,@1785876974,f80b1c09a6e8c3ed21a2a1d5ecd57edac4862de0,04a46b43930b918f6ff0f6b53644df732f908c46,false,expansion,portable,c-programs,c-programs/dbi-copied-tiocgpgrp,verify,e9patch,expansion,pass,1,1,a72cc9796486e612c72fa45a187dc2c1d587ee69e27aaebf4771a60d8a743d79,75,,
fullcorpus,@1785876974,f80b1c09a6e8c3ed21a2a1d5ecd57edac4862de0,04a46b43930b918f6ff0f6b53644df732f908c46,false,expansion,portable,c-programs,c-programs/dbi-exec-failure,verify,e9patch,expansion,pass,1,1,d9255dd9cc061248208ec6fabc39e2695034a2f78b3a79675522090f004de84c,78,,
fullcorpus,@1785876974,f80b1c09a6e8c3ed21a2a1d5ecd57edac4862de0,04a46b43930b918f6ff0f6b53644df732f908c46,false,expansion,portable,c-programs,c-programs/dbi-execveat-unsupported,verify,e9patch,expansion,pass,1,1,e3b0c44298fc1c149afbf4c8996fb92427ae41e4649b934ca495991b7852b855,79,,
fullcorpus,@1785876974,f80b1c09a6e8c3ed21a2a1d5ecd57edac4862de0,04a46b43930b918f6ff0f6b53644df732f908c46,false,expansion,portable,c-programs,c-programs/dbi-mmap-exec,verify,e9patch,expansion,pass,1,1,87ef25ed096b64f71e5581bf5d09a9bb24b8dca9402b010322037898b99a81cf,67,,
fullcorpus,@1785876974,f80b1c09a6e8c3ed21a2a1d5ecd57edac4862de0,04a46b43930b918f6ff0f6b53644df732f908c46,false,expansion,portable,c-programs,c-programs/dbi-pid-virtualization,verify,e9patch,expansion,pass,1,0,8ee5af06ef3c3812d9e7adc524806b2d50905b0d958f858cc01cb2c3accd1945,119,,e9patch-run-fail-exit124
fullcorpus,@1785876974,f80b1c09a6e8c3ed21a2a1d5ecd57edac4862de0,04a46b43930b918f6ff0f6b53644df732f908c46,false,expansion,portable,c-programs,c-programs/dbi-prlimit-self,verify,e9patch,expansion,pass,1,1,b5d0a733abb9b3694c70cc548fbd236ede0f60c1e06673b4e4999419c7721e12,66,,
fullcorpus,@1785876974,f80b1c09a6e8c3ed21a2a1d5ecd57edac4862de0,04a46b43930b918f6ff0f6b53644df732f908c46,false,expansion,portable,c-programs,c-programs/dbi-self-sigqueue,verify,e9patch,expansion,pass,1,1,f4c3bb314cd68d7f8c7e053c24257d5eaf5369087b8c21ee95fd29727f460537,63,,
fullcorpus,@1785876974,f80b1c09a6e8c3ed21a2a1d5ecd57edac4862de0,04a46b43930b918f6ff0f6b53644df732f908c46,false,expansion,portable,c-programs,c-programs/dbi-unsupported-syscall,verify,e9patch,expansion,pass,1,1,0dc9033cbe9bbe736c2e2105dd9ddb6f7c68ffe47d4146ffdb3e0e2f4a990531,65,,
fullcorpus,@1785876974,f80b1c09a6e8c3ed21a2a1d5ecd57edac4862de0,04a46b43930b918f6ff0f6b53644df732f908c46,false,expansion,portable,c-programs,c-programs/dbi-wait-lifecycle,verify,e9patch,expansion,diverge,0,,e3b0c44298fc1c149afbf4c8996fb92427ae41e4649b934ca495991b7852b855,41,,e9patch-verify-fail-exit1
fullcorpus,@1785876974,f80b1c09a6e8c3ed21a2a1d5ecd57edac4862de0,04a46b43930b918f6ff0f6b53644df732f908c46,false,expansion,portable,c-programs,c-programs/epoll-determinism,verify,e9patch,expansion,diverge,0,,e3b0c44298fc1c149afbf4c8996fb92427ae41e4649b934ca495991b7852b855,42,,e9patch-verify-fail-exit1
fullcorpus,@1785876974,f80b1c09a6e8c3ed21a2a1d5ecd57edac4862de0,04a46b43930b918f6ff0f6b53644df732f908c46,false,expansion,portable,c-programs,c-programs/fp-reduction-nondeterminism,verify,e9patch,expansion,pass,1,1,14e2bd92d74bd578c2f3968692ed94951fc432c8a0eb79cb59bf437fbd987598,188,,
fullcorpus,@1785876974,f80b1c09a6e8c3ed21a2a1d5ecd57edac4862de0,04a46b43930b918f6ff0f6b53644df732f908c46,false,expansion,portable,c-programs,c-programs/futex-requeue-enosys,verify,e9patch,expansion,pass,1,1,3a97289e82874a6de3f7329de461ff8e98aab222e591b44478b0cbfa224b778e,63,,
fullcorpus,@1785876974,f80b1c09a6e8c3ed21a2a1d5ecd57edac4862de0,04a46b43930b918f6ff0f6b53644df732f908c46,false,expansion,portable,c-programs,c-programs/futex-waitv-enosys,verify,e9patch,expansion,pass,1,1,889b019ce9ffec65e091b4ebb00324388abe68095b3a9aebf5a6243a8d00540e,65,,
fullcorpus,@1785876974,f80b1c09a6e8c3ed21a2a1d5ecd57edac4862de0,04a46b43930b918f6ff0f6b53644df732f908c46,false,expansion,portable,c-programs,c-programs/futex-wake-enosys,verify,e9patch,expansion,pass,1,1,d841d882ef04ba206243543971a6e2d842db22c3508947d6fb60095d878b0da9,63,,
fullcorpus,@1785876974,f80b1c09a6e8c3ed21a2a1d5ecd57edac4862de0,04a46b43930b918f6ff0f6b53644df732f908c46,false,expansion,portable,c-programs,c-programs/get-robust-list-child,verify,e9patch,expansion,pass,1,1,379982e3aff5bd3550ff784c6a8e1b9116997dd882bf426aa10fd41e713fc526,77,,
fullcorpus,@1785876974,f80b1c09a6e8c3ed21a2a1d5ecd57edac4862de0,04a46b43930b918f6ff0f6b53644df732f908c46,false,expansion,portable,c-programs,c-programs/get-robust-list-self,verify,e9patch,expansion,pass,1,1,8a606e83612b4b4c869cfae1cd2f9f03220d7fde25cc88f10079b81f9b3423d1,62,,
fullcorpus,@1785876974,f80b1c09a6e8c3ed21a2a1d5ecd57edac4862de0,04a46b43930b918f6ff0f6b53644df732f908c46,false,expansion,portable,c-programs,c-programs/get-robust-list-thread,verify,e9patch,expansion,pass,1,1,281d743aba1e1247003f2ad95dda0456f103ab208c1d960079fd0ac272560d4c,78,,
fullcorpus,@1785876974,f80b1c09a6e8c3ed21a2a1d5ecd57edac4862de0,04a46b43930b918f6ff0f6b53644df732f908c46,false,expansion,portable,c-programs,c-programs/getcpu,verify,e9patch,expansion,pass,1,1,345e84333a5805a44f38c499137ebb962d9e683e804aa45642afa84e41127f5d,64,,
fullcorpus,@1785876974,f80b1c09a6e8c3ed21a2a1d5ecd57edac4862de0,04a46b43930b918f6ff0f6b53644df732f908c46,false,expansion,portable,c-programs,c-programs/getitimer-determinism-probe,verify,e9patch,expansion,pass,1,1,17720cebaa5ab1c96e7035832f98c160d4b41b2c32a7bd909ca74d855fa5aaf9,63,,
fullcorpus,@1785876974,f80b1c09a6e8c3ed21a2a1d5ecd57edac4862de0,04a46b43930b918f6ff0f6b53644df732f908c46,false,expansion,portable,c-programs,c-programs/getsockopt-null,verify,e9patch,expansion,pass,1,1,b8636471f62fb5c81c4b4a5bacf5f4ec2b3e3b4970bc0aded5f496dae6670bfd,62,,
fullcorpus,@1785876974,f80b1c09a6e8c3ed21a2a1d5ecd57edac4862de0,04a46b43930b918f6ff0f6b53644df732f908c46,false,expansion,portable,c-programs,c-programs/hello-alarm,verify,e9patch,expansion,pass,1,1,69771519a00dad7a34964816b4a9d71896eed8707b6b8c7c3b2d901285fa09f8,62,,
fullcorpus,@1785876974,f80b1c09a6e8c3ed21a2a1d5ecd57edac4862de0,04a46b43930b918f6ff0f6b53644df732f908c46,false,expansion,portable,c-programs,c-programs/hello-nostdlib,verify,e9patch,expansion,pass,1,1,e3b0c44298fc1c149afbf4c8996fb92427ae41e4649b934ca495991b7852b855,44,,
fullcorpus,@1785876974,f80b1c09a6e8c3ed21a2a1d5ecd57edac4862de0,04a46b43930b918f6ff0f6b53644df732f908c46,false,expansion,portable,c-programs,c-programs/hello-signals,verify,e9patch,expansion,pass,1,1,2b4df140dfdd472e4bde5c4d449c859ae4a83efe7f0372f448b95db8b40614d8,59,,
fullcorpus,@1785876974,f80b1c09a6e8c3ed21a2a1d5ecd57edac4862de0,04a46b43930b918f6ff0f6b53644df732f908c46,false,expansion,portable,c-programs,c-programs/io-uring-fallback,verify,e9patch,expansion,pass,1,1,8546e30d188b0b196b8d907e1289e7b830df6fd61ff9dd83f5165ba9bda77e7f,66,,
fullcorpus,@1785876974,f80b1c09a6e8c3ed21a2a1d5ecd57edac4862de0,04a46b43930b918f6ff0f6b53644df732f908c46,false,expansion,portable,c-programs,c-programs/io-uring-ring-determinism,verify,e9patch,expansion,pass,1,1,5de332a6e2af5315f34ec08e21ca7f8c037a65ecbaee17efd47005a7f1809201,64,,
fullcorpus,@1785876974,f80b1c09a6e8c3ed21a2a1d5ecd57edac4862de0,04a46b43930b918f6ff0f6b53644df732f908c46,false,expansion,portable,c-programs,c-programs/ioctl-fioclex,verify,e9patch,expansion,pass,1,1,ed203ed9433cb973a747cbe39690fecc753e9fd7c1e7688563d6f3a154eb0d5e,67,,
fullcorpus,@1785876974,f80b1c09a6e8c3ed21a2a1d5ecd57edac4862de0,04a46b43930b918f6ff0f6b53644df732f908c46,false,expansion,portable,c-programs,c-programs/ioctl-siocethtool,verify,e9patch,expansion,pass,1,1,28f38ce93b6d5f0d279d4f3d619cc3fc7e134e190ae9ee4f652eeb6afe623291,66,,
fullcorpus,@1785876974,f80b1c09a6e8c3ed21a2a1d5ecd57edac4862de0,04a46b43930b918f6ff0f6b53644df732f908c46,false,expansion,portable,c-programs,c-programs/ipc-determinism,verify,e9patch,expansion,diverge,0,,e3b0c44298fc1c149afbf4c8996fb92427ae41e4649b934ca495991b7852b855,36,,e9patch-verify-fail-exit1
fullcorpus,@1785876974,f80b1c09a6e8c3ed21a2a1d5ecd57edac4862de0,04a46b43930b918f6ff0f6b53644df732f908c46,false,expansion,portable,c-programs,c-programs/just-spin,verify,e9patch,expansion,pass,1,1,e3b0c44298fc1c149afbf4c8996fb92427ae41e4649b934ca495991b7852b855,163,,
fullcorpus,@1785876974,f80b1c09a6e8c3ed21a2a1d5ecd57edac4862de0,04a46b43930b918f6ff0f6b53644df732f908c46,false,expansion,portable,c-programs,c-programs/kcmp-eperm,verify,e9patch,expansion,pass,1,1,288278193317b71ec5d15a6dcc2239918b1eea39229a8ef5eb7ae1e6b0a72cce,62,,
fullcorpus,@1785876974,f80b1c09a6e8c3ed21a2a1d5ecd57edac4862de0,04a46b43930b918f6ff0f6b53644df732f908c46,false,expansion,portable,c-programs,c-programs/keyctl-enosys,verify,e9patch,expansion,pass,1,1,83d9f2169baa0647471ca5f2e4e1c5b73ff2d356b322b7fcdd75d5cf129a292f,61,,
fullcorpus,@1785876974,f80b1c09a6e8c3ed21a2a1d5ecd57edac4862de0,04a46b43930b918f6ff0f6b53644df732f908c46,false,expansion,portable,c-programs,c-programs/keyctl-passthrough,verify,e9patch,expansion,pass,1,1,decfa402c4223a34ee494253769befc420b46b13da25f3082c91dfe7f19a0310,58,,
fullcorpus,@1785876974,f80b1c09a6e8c3ed21a2a1d5ecd57edac4862de0,04a46b43930b918f6ff0f6b53644df732f908c46,false,expansion,portable,c-programs,c-programs/listmount-enosys,verify,e9patch,expansion,pass,1,1,231c3dfcda497bd1b166dfb575578d2868721d30f15362cfabcad6f930e43713,60,,
fullcorpus,@1785876974,f80b1c09a6e8c3ed21a2a1d5ecd57edac4862de0,04a46b43930b918f6ff0f6b53644df732f908c46,false,expansion,portable,c-programs,c-programs/liteinst-advanced,verify,e9patch,expansion,diverge,0,,e3b0c44298fc1c149afbf4c8996fb92427ae41e4649b934ca495991b7852b855,39,,e9patch-verify-fail-exit1
fullcorpus,@1785876974,f80b1c09a6e8c3ed21a2a1d5ecd57edac4862de0,04a46b43930b918f6ff0f6b53644df732f908c46,false,expansion,portable,c-programs,c-programs/lsm-get-self-attr-enosys,verify,e9patch,expansion,pass,1,1,e83dcdfbdee854f34e05165d3a7aa7b774ca748bc96ee665789c63a32c593fe0,66,,
fullcorpus,@1785876974,f80b1c09a6e8c3ed21a2a1d5ecd57edac4862de0,04a46b43930b918f6ff0f6b53644df732f908c46,false,expansion,portable,c-programs,c-programs/lsm-list-modules-enosys,verify,e9patch,expansion,pass,1,1,8f5862ec33defb2bf2625429444eaec8b64ce9b7d2c21635e7db07f99c92fc3d,66,,
fullcorpus,@1785876974,f80b1c09a6e8c3ed21a2a1d5ecd57edac4862de0,04a46b43930b918f6ff0f6b53644df732f908c46,false,expansion,portable,c-programs,c-programs/lsm-set-self-attr-enosys,verify,e9patch,expansion,pass,1,1,326c5b270af2a116865e2690f44310bc17aa77c6cc96d4c83800615036e10e16,63,,
fullcorpus,@1785876974,f80b1c09a6e8c3ed21a2a1d5ecd57edac4862de0,04a46b43930b918f6ff0f6b53644df732f908c46,false,expansion,portable,c-programs,c-programs/madvise-determinism,verify,e9patch,expansion,pass,1,1,c6053a1ebd42e4762ac34b01ed5d666e0b1f5f18b83ddca9d1b7f4ebef175e83,62,,
fullcorpus,@1785876974,f80b1c09a6e8c3ed21a2a1d5ecd57edac4862de0,04a46b43930b918f6ff0f6b53644df732f908c46,false,expansion,portable,c-programs,c-programs/map-shadow-stack-enosys,verify,e9patch,expansion,pass,1,1,97ae187dd98c3d4b943dd9b69d472da499f0ef3ae9b2c66152d2ed5dc04bd569,56,,
fullcorpus,@1785876974,f80b1c09a6e8c3ed21a2a1d5ecd57edac4862de0,04a46b43930b918f6ff0f6b53644df732f908c46,false,expansion,portable,c-programs,c-programs/memfd-secret-enosys,verify,e9patch,expansion,pass,1,1,dcbbb5f4e71889cba127631a6a9a2fce4d68defe8aa92a8d437fd6be6129d6dd,61,,
fullcorpus,@1785876974,f80b1c09a6e8c3ed21a2a1d5ecd57edac4862de0,04a46b43930b918f6ff0f6b53644df732f908c46,false,expansion,portable,c-programs,c-programs/meminfo-available-deterministic,verify,e9patch,expansion,pass,1,1,7b76f77046d0c4bc8e2105f9850b009d269b48c26e0b7de4723c8adc25181af4,68,,
fullcorpus,@1785876974,f80b1c09a6e8c3ed21a2a1d5ecd57edac4862de0,04a46b43930b918f6ff0f6b53644df732f908c46,false,expansion,portable,c-programs,c-programs/meminfo-cached-deterministic,verify,e9patch,expansion,pass,1,1,6a4a1ce51b1c48a3c39972e58451953b36a3a49ed40cdf242978e2c2da4cabe4,57,,
fullcorpus,@1785876974,f80b1c09a6e8c3ed21a2a1d5ecd57edac4862de0,04a46b43930b918f6ff0f6b53644df732f908c46,false,expansion,portable,c-programs,c-programs/meminfo-free-deterministic,verify,e9patch,expansion,pass,1,1,b8a06902cd8245cc3d8acabb5118c81f14b6455c7e6d5da9cf2e59f0b0bcc9da,57,,
fullcorpus,@1785876974,f80b1c09a6e8c3ed21a2a1d5ecd57edac4862de0,04a46b43930b918f6ff0f6b53644df732f908c46,false,expansion,portable,c-programs,c-programs/memorypress,verify,e9patch,expansion,pass,1,1,e3b0c44298fc1c149afbf4c8996fb92427ae41e4649b934ca495991b7852b855,57,,
fullcorpus,@1785876974,f80b1c09a6e8c3ed21a2a1d5ecd57edac4862de0,04a46b43930b918f6ff0f6b53644df732f908c46,false,expansion,portable,c-programs,c-programs/mmap-determinism,verify,e9patch,expansion,diverge,0,,e3b0c44298fc1c149afbf4c8996fb92427ae41e4649b934ca495991b7852b855,30,,e9patch-verify-fail-exit1
fullcorpus,@1785876974,f80b1c09a6e8c3ed21a2a1d5ecd57edac4862de0,04a46b43930b918f6ff0f6b53644df732f908c46,false,expansion,portable,c-programs,c-programs/mmap-stress-determinism,verify,e9patch,expansion,pass,1,1,890065cac586dbeaf7ae771f63d223dd2d04995b4e051040bdd9c9792019dec0,142,,
fullcorpus,@1785876974,f80b1c09a6e8c3ed21a2a1d5ecd57edac4862de0,04a46b43930b918f6ff0f6b53644df732f908c46,false,expansion,portable,c-programs,c-programs/name-to-handle-at-eopnotsupp,verify,e9patch,expansion,pass,1,1,29e0c39b5f7ab315794d97b7e06e60cf737450deef4306dd8ad0ffd040a25cc0,58,,
fullcorpus,@1785876974,f80b1c09a6e8c3ed21a2a1d5ecd57edac4862de0,04a46b43930b918f6ff0f6b53644df732f908c46,false,expansion,portable,c-programs,c-programs/name-to-handle-directory-eopnotsupp,verify,e9patch,expansion,pass,1,1,7e5656f3fa9831a9c1f43055b26f6f209b6549daeb42ef1ce12677b324adf310,60,,
fullcorpus,@1785876974,f80b1c09a6e8c3ed21a2a1d5ecd57edac4862de0,04a46b43930b918f6ff0f6b53644df732f908c46,false,expansion,portable,c-programs,c-programs/name-to-handle-empty-path-eopnotsupp,verify,e9patch,expansion,pass,1,1,e3f9de47951c04e5f8349e7bb340fca6dcb76fffe659a12ab8f9e16fe48f72dd,65,,
fullcorpus,@1785876974,f80b1c09a6e8c3ed21a2a1d5ecd57edac4862de0,04a46b43930b918f6ff0f6b53644df732f908c46,false,expansion,portable,c-programs,c-programs/name-to-handle-regular-eopnotsupp,verify,e9patch,expansion,pass,1,1,82b589b3f458bbdcffe0a9aaf1a18ab2cfe882ab232290e1ca113714923af2a0,59,,
fullcorpus,@1785876974,f80b1c09a6e8c3ed21a2a1d5ecd57edac4862de0,04a46b43930b918f6ff0f6b53644df732f908c46,false,expansion,portable,c-programs,c-programs/nanosleep-par,verify,e9patch,expansion,pass,1,1,bf8aa1c7b00aeb67d9ce84b6efe29c410ef142938a5c71a932bbe34e2cf09f91,357,,
fullcorpus,@1785876974,f80b1c09a6e8c3ed21a2a1d5ecd57edac4862de0,04a46b43930b918f6ff0f6b53644df732f908c46,false,expansion,portable,c-programs,c-programs/nanosleep-threads-nocrash,verify,e9patch,expansion,pass,1,1,e3b0c44298fc1c149afbf4c8996fb92427ae41e4649b934ca495991b7852b855,66,,
fullcorpus,@1785876974,f80b1c09a6e8c3ed21a2a1d5ecd57edac4862de0,04a46b43930b918f6ff0f6b53644df732f908c46,false,expansion,portable,c-programs,c-programs/nanosleep-threads-simple,verify,e9patch,expansion,diverge,0,,e3b0c44298fc1c149afbf4c8996fb92427ae41e4649b934ca495991b7852b855,965,,e9patch-verify-fail-exit1
fullcorpus,@1785876974,f80b1c09a6e8c3ed21a2a1d5ecd57edac4862de0,04a46b43930b918f6ff0f6b53644df732f908c46,false,expansion,portable,c-programs,c-programs/netlink-autobind-generic,verify,e9patch,expansion,pass,1,1,947db933d2beaaa7502b24b06bc2aa623116320e9099408e0714af30e877b237,63,,
fullcorpus,@1785876974,f80b1c09a6e8c3ed21a2a1d5ecd57edac4862de0,04a46b43930b918f6ff0f6b53644df732f908c46,false,expansion,portable,c-programs,c-programs/netlink-autobind-route,verify,e9patch,expansion,pass,1,1,6b579b3015fa46b849f2c563d3caa3f1113b30eda45f2c376a535ade155a5264,65,,
fullcorpus,@1785876974,f80b1c09a6e8c3ed21a2a1d5ecd57edac4862de0,04a46b43930b918f6ff0f6b53644df732f908c46,false,expansion,portable,c-programs,c-programs/netlink-autobind-usersock,verify,e9patch,expansion,pass,1,1,434cfac765f7a108d0f27c8b43ba45a2b7acff66219ef8104a01612dd7e70956,71,,
fullcorpus,@1785876974,f80b1c09a6e8c3ed21a2a1d5ecd57edac4862de0,04a46b43930b918f6ff0f6b53644df732f908c46,false,expansion,portable,c-programs,c-programs/netns-cookie-tcp4,verify,e9patch,expansion,pass,1,1,69c87be106187443c99bd437315cc2bb5e8110445a962b89b9d3d9d5446a505e,74,,
fullcorpus,@1785876974,f80b1c09a6e8c3ed21a2a1d5ecd57edac4862de0,04a46b43930b918f6ff0f6b53644df732f908c46,false,expansion,portable,c-programs,c-programs/netns-cookie-tcp6,verify,e9patch,expansion,pass,1,1,a6c1c996f6bed470020b9575b0884d32ba10a29938b56ce56dbcbce889a1c719,73,,
fullcorpus,@1785876974,f80b1c09a6e8c3ed21a2a1d5ecd57edac4862de0,04a46b43930b918f6ff0f6b53644df732f908c46,false,expansion,portable,c-programs,c-programs/netns-cookie-udp4,verify,e9patch,expansion,pass,1,1,3f3599e44c7dcd4ec95cf8d9e67c01200ce6a491020b553a010b6ee754095bb0,73,,
fullcorpus,@1785876974,f80b1c09a6e8c3ed21a2a1d5ecd57edac4862de0,04a46b43930b918f6ff0f6b53644df732f908c46,false,expansion,portable,c-programs,c-programs/perf-event-hardware-enosys,verify,e9patch,expansion,pass,1,1,c7ea49ae4eac3a1842c692e71eff658fde408e8ccb4b9a1efa9094b58a8d453a,68,,
fullcorpus,@1785876974,f80b1c09a6e8c3ed21a2a1d5ecd57edac4862de0,04a46b43930b918f6ff0f6b53644df732f908c46,false,expansion,portable,c-programs,c-programs/perf-event-open-enosys,verify,e9patch,expansion,pass,1,1,2ce5d62fee05f49913ea9ac04a79850be9af6e16eae2083b3054c2186d1fd933,61,,
fullcorpus,@1785876974,f80b1c09a6e8c3ed21a2a1d5ecd57edac4862de0,04a46b43930b918f6ff0f6b53644df732f908c46,false,expansion,portable,c-programs,c-programs/perf-event-software-enosys,verify,e9patch,expansion,pass,1,1,9dd8d0a9c51029d92fb24312cc38b62b647ab6e796f26f0670e2e54d062b54b6,60,,
fullcorpus,@1785876974,f80b1c09a6e8c3ed21a2a1d5ecd57edac4862de0,04a46b43930b918f6ff0f6b53644df732f908c46,false,expansion,portable,c-programs,c-programs/perf-event-watchpoint-enosys,verify,e9patch,expansion,pass,1,1,a3c1e5e84ae8a1c634c0fd8ad162c35918124d312ed7e23f44555334e58daf40,60,,
fullcorpus,@1785876974,f80b1c09a6e8c3ed21a2a1d5ecd57edac4862de0,04a46b43930b918f6ff0f6b53644df732f908c46,false,expansion,portable,c-programs,c-programs/periodic-setitimer-delivery,verify,e9patch,expansion,pass,1,1,db1d924766d35b4e879b61b7ca0256ae3656e1bcfb81e882ef4e754d9df0d87d,62,,
fullcorpus,@1785876974,f80b1c09a6e8c3ed21a2a1d5ecd57edac4862de0,04a46b43930b918f6ff0f6b53644df732f908c46,false,expansion,portable,c-programs,c-programs/pidfd-open-self,verify,e9patch,expansion,pass,1,1,eb85b13112d24bf3eabf6dc998951dba694fd8a544d48d55b0243fcea3a30de9,59,,
fullcorpus,@1785876974,f80b1c09a6e8c3ed21a2a1d5ecd57edac4862de0,04a46b43930b918f6ff0f6b53644df732f908c46,false,expansion,portable,c-programs,c-programs/pidfd-poll-self,verify,e9patch,expansion,pass,1,1,d9c4e30a92ce688e867036dd07e60be370ba398f888f35db4edc54730e9abe08,60,,
fullcorpus,@1785876974,f80b1c09a6e8c3ed21a2a1d5ecd57edac4862de0,04a46b43930b918f6ff0f6b53644df732f908c46,false,expansion,portable,c-programs,c-programs/pidfd-waitid-child,verify,e9patch,expansion,pass,1,1,a5312c9bad9f61e041807833d0d2381242569ed832c394aebb4f57e50e475a80,69,,
fullcorpus,@1785876974,f80b1c09a6e8c3ed21a2a1d5ecd57edac4862de0,04a46b43930b918f6ff0f6b53644df732f908c46,false,expansion,portable,c-programs,c-programs/ppoll-readv,verify,e9patch,expansion,pass,1,1,c03be617b251e1b37d3570212e2f93d6a815c70dfb73dca0dd25cef02468153a,60,,
fullcorpus,@1785876974,f80b1c09a6e8c3ed21a2a1d5ecd57edac4862de0,04a46b43930b918f6ff0f6b53644df732f908c46,false,expansion,portable,c-programs,c-programs/ppoll-simulation,verify,e9patch,expansion,pass,1,1,8ed6c0a2fbe8457da0a0b394c05e4ce42009f4631451de6c41e371d77a9068f5,75,,
fullcorpus,@1785876974,f80b1c09a6e8c3ed21a2a1d5ecd57edac4862de0,04a46b43930b918f6ff0f6b53644df732f908c46,false,expansion,portable,c-programs,c-programs/prctl-dumpable,verify,e9patch,expansion,pass,1,1,789f3fd97e00c2b30751851b5bd08f2703b2539a14421d29dea17db83c379696,64,,
fullcorpus,@1785876974,f80b1c09a6e8c3ed21a2a1d5ecd57edac4862de0,04a46b43930b918f6ff0f6b53644df732f908c46,false,expansion,portable,c-programs,c-programs/pread64-nostdlib,verify,e9patch,expansion,pass,1,1,e3b0c44298fc1c149afbf4c8996fb92427ae41e4649b934ca495991b7852b855,55,,
fullcorpus,@1785876974,f80b1c09a6e8c3ed21a2a1d5ecd57edac4862de0,04a46b43930b918f6ff0f6b53644df732f908c46,false,expansion,portable,c-programs,c-programs/print-memaddrs,verify,e9patch,expansion,pass,1,1,edd9f92bfde2c43a4ad189e7805427fee15df010a1e2641526a4c2911c81a017,57,,
fullcorpus,@1785876974,f80b1c09a6e8c3ed21a2a1d5ecd57edac4862de0,04a46b43930b918f6ff0f6b53644df732f908c46,false,expansion,portable,c-programs,c-programs/printf-with-threads,verify,e9patch,expansion,pass,1,1,e36a044d5d2a2be76cbf0550fa744da4e751c78870cf3712ebc061f1a2c55f83,66,,
fullcorpus,@1785876974,f80b1c09a6e8c3ed21a2a1d5ecd57edac4862de0,04a46b43930b918f6ff0f6b53644df732f908c46,false,expansion,portable,c-programs,c-programs/proc-fd-link-aliases,verify,e9patch,expansion,pass,1,1,a54aec5d7147422feac8782b9d053b8609b9f6a45b8b2ab71f16cca54da845a0,65,,
fullcorpus,@1785876974,f80b1c09a6e8c3ed21a2a1d5ecd57edac4862de0,04a46b43930b918f6ff0f6b53644df732f908c46,false,expansion,portable,c-programs,c-programs/proc-fdinfo,verify,e9patch,expansion,pass,1,1,09c8d421c9e02c39d1a9a12743b93cf3c835778ba9d531ad35625cb8f1699033,61,,
fullcorpus,@1785876974,f80b1c09a6e8c3ed21a2a1d5ecd57edac4862de0,04a46b43930b918f6ff0f6b53644df732f908c46,false,expansion,portable,c-programs,c-programs/proc-locks,verify,e9patch,expansion,pass,1,1,fa314d5543a63dd3d6317f97c24feb7b33c9a47fbeea304c79fbd732f5fea7a6,64,,
fullcorpus,@1785876974,f80b1c09a6e8c3ed21a2a1d5ecd57edac4862de0,04a46b43930b918f6ff0f6b53644df732f908c46,false,expansion,portable,c-programs,c-programs/process-mrelease-enosys,verify,e9patch,expansion,pass,1,1,c21e5000294b34b0a296fdceaa1377156cde383448706c80e1f4ad705bfdb076,60,,
fullcorpus,@1785876974,f80b1c09a6e8c3ed21a2a1d5ecd57edac4862de0,04a46b43930b918f6ff0f6b53644df732f908c46,false,expansion,portable,c-programs,c-programs/process-vm-readv-refusal-probe,verify,e9patch,expansion,pass,1,1,50905f5ed2b6d9b2083dc16aabfd535f7c531aa42e72dc6c2b67f36e70e97a66,53,,
fullcorpus,@1785876974,f80b1c09a6e8c3ed21a2a1d5ecd57edac4862de0,04a46b43930b918f6ff0f6b53644df732f908c46,false,expansion,portable,c-programs,c-programs/process-vm-writev-refusal-probe,verify,e9patch,expansion,pass,1,1,92c63d99c7bc830d36fb97a16d43febe7a7fcdca938131c9963f92c1b1a2b59d,59,,
fullcorpus,@1785876974,f80b1c09a6e8c3ed21a2a1d5ecd57edac4862de0,04a46b43930b918f6ff0f6b53644df732f908c46,false,expansion,portable,c-programs,c-programs/procfs-positioned-probe,verify,e9patch,expansion,pass,1,1,96c70ad84f7430a56bdf020c7e3c24dbbd8719d841a1cb616712b1b96ad38f03,61,,
fullcorpus,@1785876974,f80b1c09a6e8c3ed21a2a1d5ecd57edac4862de0,04a46b43930b918f6ff0f6b53644df732f908c46,false,expansion,portable,c-programs,c-programs/prodcons-determinism,verify,e9patch,expansion,pass,1,1,81282a1fb8147d5cf198f784f93142129205c96b3a1587329eda16ce1581673e,1110,,
fullcorpus,@1785876974,f80b1c09a6e8c3ed21a2a1d5ecd57edac4862de0,04a46b43930b918f6ff0f6b53644df732f908c46,false,expansion,portable,c-programs,c-programs/pselect6-simulation,verify,e9patch,expansion,pass,1,1,67433759fd492e6d24f38014b07747f5145be3843ab00c35b80be9adf9d9ccc3,87,,
fullcorpus,@1785876974,f80b1c09a6e8c3ed21a2a1d5ecd57edac4862de0,04a46b43930b918f6ff0f6b53644df732f908c46,false,expansion,portable,c-programs,c-programs/ptrace-attach-eperm,verify,e9patch,expansion,pass,1,1,25f63715123ddf1c4ec3e946e92d0fe151f168922dab1aa17b85c2b2a4135871,64,,
fullcorpus,@1785876974,f80b1c09a6e8c3ed21a2a1d5ecd57edac4862de0,04a46b43930b918f6ff0f6b53644df732f908c46,false,expansion,portable,c-programs,c-programs/ptrace-eperm,verify,e9patch,expansion,pass,1,1,4357c8a18b9107c54242303395afea99ea744c6c288d8db499b4e1062383de17,54,,
fullcorpus,@1785876974,f80b1c09a6e8c3ed21a2a1d5ecd57edac4862de0,04a46b43930b918f6ff0f6b53644df732f908c46,false,expansion,portable,c-programs,c-programs/ptrace-seize-eperm,verify,e9patch,expansion,pass,1,1,e0f7562eb309e0d62386261143dc59d4f0f39aac77c2584423beb7b5546e112a,63,,
fullcorpus,@1785876974,f80b1c09a6e8c3ed21a2a1d5ecd57edac4862de0,04a46b43930b918f6ff0f6b53644df732f908c46,false,expansion,portable,c-programs,c-programs/ptrace-traceme-eperm,verify,e9patch,expansion,pass,1,1,7ceef18c073f15987e5d89441dc5bf378f7c1b50e8bf3ac626a6ea3eaa9cad56,57,,
fullcorpus,@1785876974,f80b1c09a6e8c3ed21a2a1d5ecd57edac4862de0,04a46b43930b918f6ff0f6b53644df732f908c46,false,expansion,portable,c-programs,c-programs/pty-nr-count,verify,e9patch,expansion,pass,1,1,d6aa3c553b74b5052939893a096d0f320c69d79a52c3ed819d2c10f57ea6e3ac,66,,
fullcorpus,@1785876974,f80b1c09a6e8c3ed21a2a1d5ecd57edac4862de0,04a46b43930b918f6ff0f6b53644df732f908c46,false,expansion,portable,c-programs,c-programs/racewrite-nostdlib,verify,e9patch,expansion,pass,1,1,e3b0c44298fc1c149afbf4c8996fb92427ae41e4649b934ca495991b7852b855,58,,
fullcorpus,@1785876974,f80b1c09a6e8c3ed21a2a1d5ecd57edac4862de0,04a46b43930b918f6ff0f6b53644df732f908c46,false,expansion,portable,c-programs,c-programs/random-sources,verify,e9patch,expansion,pass,1,1,746f1f2a57646ced78a941eadf43495e1e81bdfde837288b562043c60103d89c,96,,
fullcorpus,@1785876974,f80b1c09a6e8c3ed21a2a1d5ecd57edac4862de0,04a46b43930b918f6ff0f6b53644df732f908c46,false,expansion,portable,c-programs,c-programs/rcx-canonicalization,verify,e9patch,expansion,diverge,0,0,e3b0c44298fc1c149afbf4c8996fb92427ae41e4649b934ca495991b7852b855,33,,e9patch-verify-fail-exit1
fullcorpus,@1785876974,f80b1c09a6e8c3ed21a2a1d5ecd57edac4862de0,04a46b43930b918f6ff0f6b53644df732f908c46,false,expansion,portable,c-programs,c-programs/record-replay-fd-close,verify,e9patch,expansion,pass,1,1,e3b0c44298fc1c149afbf4c8996fb92427ae41e4649b934ca495991b7852b855,78,,
fullcorpus,@1785876974,f80b1c09a6e8c3ed21a2a1d5ecd57edac4862de0,04a46b43930b918f6ff0f6b53644df732f908c46,false,expansion,portable,c-programs,c-programs/record-replay-file-state,verify,e9patch,expansion,pass,1,1,d268fdbcb2aaea519d6f8b15d5e78ce369dd8ebf69be7c2941316f26c0e02471,85,,
fullcorpus,@1785876974,f80b1c09a6e8c3ed21a2a1d5ecd57edac4862de0,04a46b43930b918f6ff0f6b53644df732f908c46,false,expansion,portable,c-programs,c-programs/record-replay-lseek-seek-cur,verify,e9patch,expansion,diverge,0,,e3b0c44298fc1c149afbf4c8996fb92427ae41e4649b934ca495991b7852b855,31,,e9patch-verify-fail-exit1
fullcorpus,@1785876974,f80b1c09a6e8c3ed21a2a1d5ecd57edac4862de0,04a46b43930b918f6ff0f6b53644df732f908c46,false,expansion,portable,c-programs,c-programs/record-replay-setsockopt,verify,e9patch,expansion,pass,1,1,81a01674bdbc3ed8aff53344a3ca68dd615e08ff5a413f537980546e30757714,58,,
fullcorpus,@1785876974,f80b1c09a6e8c3ed21a2a1d5ecd57edac4862de0,04a46b43930b918f6ff0f6b53644df732f908c46,false,expansion,portable,c-programs,c-programs/recvmsg-scm-rights-mmap,verify,e9patch,expansion,pass,1,1,50212370d90ce8b680af7c5a9448684c494dc504956193611b2f034831e5c80d,57,,
fullcorpus,@1785876974,f80b1c09a6e8c3ed21a2a1d5ecd57edac4862de0,04a46b43930b918f6ff0f6b53644df732f908c46,false,expansion,portable,c-programs,c-programs/remap-file-pages-anonymous-enosys,verify,e9patch,expansion,pass,1,1,18b174a569bfacdfaa99b5ec11dec76b5c857e910913d52f2b0886ccf43c8de5,55,,
fullcorpus,@1785876974,f80b1c09a6e8c3ed21a2a1d5ecd57edac4862de0,04a46b43930b918f6ff0f6b53644df732f908c46,false,expansion,portable,c-programs,c-programs/remap-file-pages-memfd-enosys,verify,e9patch,expansion,pass,1,1,bd053ef4819b7e8bcfbb6cae1bfce238da7007e770af9efcdd46419aedff5631,54,,
fullcorpus,@1785876974,f80b1c09a6e8c3ed21a2a1d5ecd57edac4862de0,04a46b43930b918f6ff0f6b53644df732f908c46,false,expansion,portable,c-programs,c-programs/remap-file-pages-tmpfile-enosys,verify,e9patch,expansion,pass,1,1,86f8d7cfd95fa8053265e9077e7cefc2b5f36f9060c8719f7f2652421a984d31,64,,
fullcorpus,@1785876974,f80b1c09a6e8c3ed21a2a1d5ecd57edac4862de0,04a46b43930b918f6ff0f6b53644df732f908c46,false,expansion,portable,c-programs,c-programs/request-key-enosys,verify,e9patch,expansion,pass,1,1,745b53ba9579787b43a3a4b6271a471d8915b07ef8be45f28360fc0fb683d9d1,55,,
fullcorpus,@1785876974,f80b1c09a6e8c3ed21a2a1d5ecd57edac4862de0,04a46b43930b918f6ff0f6b53644df732f908c46,false,expansion,portable,c-programs,c-programs/resource-determinism,verify,e9patch,expansion,pass,1,1,6018c0447302fb178624d2cfe7bee6e92506fd911511becfd26f87350f2ef484,762,,
fullcorpus,@1785876974,f80b1c09a6e8c3ed21a2a1d5ecd57edac4862de0,04a46b43930b918f6ff0f6b53644df732f908c46,false,expansion,portable,c-programs,c-programs/sched-setattr-batch,verify,e9patch,expansion,pass,1,1,99eac8d5cfe2b3c98d2a509ad3c4095f749dedf91bfe3a50c888ca25482ff328,52,,
fullcorpus,@1785876974,f80b1c09a6e8c3ed21a2a1d5ecd57edac4862de0,04a46b43930b918f6ff0f6b53644df732f908c46,false,expansion,portable,c-programs,c-programs/sched-setattr-idle,verify,e9patch,expansion,pass,1,1,5ee4cb2f5210f1a5945af443dbb57effe1a8f04c69f632d2391781c6f900af7c,62,,
fullcorpus,@1785876974,f80b1c09a6e8c3ed21a2a1d5ecd57edac4862de0,04a46b43930b918f6ff0f6b53644df732f908c46,false,expansion,portable,c-programs,c-programs/sched-setattr-other,verify,e9patch,expansion,pass,1,1,b9b3b39b4487c39eff3a18989355c0d25dae1bbef9c9eb9868729f3335163e9d,57,,
fullcorpus,@1785876974,f80b1c09a6e8c3ed21a2a1d5ecd57edac4862de0,04a46b43930b918f6ff0f6b53644df732f908c46,false,expansion,portable,c-programs,c-programs/sched-yield-progress,verify,e9patch,expansion,pass,1,1,0cf05b84c117bf29ad0908b6ed54b07ab9fd5cd576bd8e2c42ac2411eec42a5e,66,,
fullcorpus,@1785876974,f80b1c09a6e8c3ed21a2a1d5ecd57edac4862de0,04a46b43930b918f6ff0f6b53644df732f908c46,false,expansion,portable,c-programs,c-programs/scheduler-policy-queries,verify,e9patch,expansion,pass,1,1,49a4292eaa9d835040b884177ac3fed11611ee037c7577af8a28d977675dde27,64,,
fullcorpus,@1785876974,f80b1c09a6e8c3ed21a2a1d5ecd57edac4862de0,04a46b43930b918f6ff0f6b53644df732f908c46,false,expansion,portable,c-programs,c-programs/setitimer-determinism,verify,e9patch,expansion,pass,1,1,aa8afff1d4a0e29340065da47212a4ac237980d07744f94ed540f13789097ba5,71,,
fullcorpus,@1785876974,f80b1c09a6e8c3ed21a2a1d5ecd57edac4862de0,04a46b43930b918f6ff0f6b53644df732f908c46,false,expansion,portable,c-programs,c-programs/sigmask-preemption,verify,e9patch,expansion,pass,1,1,33120d6f8e5896b4921d592649470484fdfb0c3438aedd6f7a19dc625829cb76,1005,,
fullcorpus,@1785876974,f80b1c09a6e8c3ed21a2a1d5ecd57edac4862de0,04a46b43930b918f6ff0f6b53644df732f908c46,false,expansion,portable,c-programs,c-programs/signal-determinism,verify,e9patch,expansion,diverge,0,,e3b0c44298fc1c149afbf4c8996fb92427ae41e4649b934ca495991b7852b855,32,,e9patch-verify-fail-exit1
fullcorpus,@1785876974,f80b1c09a6e8c3ed21a2a1d5ecd57edac4862de0,04a46b43930b918f6ff0f6b53644df732f908c46,false,expansion,portable,c-programs,c-programs/sigpipe-siginfo,verify,e9patch,expansion,pass,1,1,57183d003d231921d403a385a50ab1282fa28a31b248357f7c19d1071854e87c,69,,
fullcorpus,@1785876974,f80b1c09a6e8c3ed21a2a1d5ecd57edac4862de0,04a46b43930b918f6ff0f6b53644df732f908c46,false,expansion,portable,c-programs,c-programs/sigtimedwait-no-timeout,verify,e9patch,expansion,pass,1,1,879d7ab11fa7ee8fb9ef0480411cf236c70259b0e020427b92a7c3bb89fbb729,71,,
fullcorpus,@1785876974,f80b1c09a6e8c3ed21a2a1d5ecd57edac4862de0,04a46b43930b918f6ff0f6b53644df732f908c46,false,expansion,portable,c-programs,c-programs/sigtimedwait-timeout-0s,verify,e9patch,expansion,pass,1,1,1fdb5bc221fec017d7d094e8aeef5164e5684040b75235798955040a2cae9573,76,,
fullcorpus,@1785876974,f80b1c09a6e8c3ed21a2a1d5ecd57edac4862de0,04a46b43930b918f6ff0f6b53644df732f908c46,false,expansion,portable,c-programs,c-programs/sigtimedwait-timeout-1s,verify,e9patch,expansion,pass,1,1,879d7ab11fa7ee8fb9ef0480411cf236c70259b0e020427b92a7c3bb89fbb729,77,,
fullcorpus,@1785876974,f80b1c09a6e8c3ed21a2a1d5ecd57edac4862de0,04a46b43930b918f6ff0f6b53644df732f908c46,false,expansion,portable,c-programs,c-programs/so-incoming-cpu-tcp4,verify,e9patch,expansion,pass,1,1,37d9e0d38876a4913d49d1524721047328ff7d139c4bea030fc003d86325cb12,71,,
fullcorpus,@1785876974,f80b1c09a6e8c3ed21a2a1d5ecd57edac4862de0,04a46b43930b918f6ff0f6b53644df732f908c46,false,expansion,portable,c-programs,c-programs/so-incoming-cpu-tcp6,verify,e9patch,expansion,pass,1,1,71986d6a252d40985852f55c3577bc0d86ae15e892c678bea20d0f320e584593,65,,
fullcorpus,@1785876974,f80b1c09a6e8c3ed21a2a1d5ecd57edac4862de0,04a46b43930b918f6ff0f6b53644df732f908c46,false,expansion,portable,c-programs,c-programs/so-incoming-cpu-udp4,verify,e9patch,expansion,pass,1,1,b49fc8be9466892afd2c8ad552ba7b28128fc5ac32fc5d89f9a1146264aa4dc7,70,,
fullcorpus,@1785876974,f80b1c09a6e8c3ed21a2a1d5ecd57edac4862de0,04a46b43930b918f6ff0f6b53644df732f908c46,false,expansion,portable,c-programs,c-programs/socket-cookie-tcp,verify,e9patch,expansion,pass,1,1,6180a36432851ee86fbec823dd6fe6c7588f786bfadefd70480438b246053b6b,69,,
fullcorpus,@1785876974,f80b1c09a6e8c3ed21a2a1d5ecd57edac4862de0,04a46b43930b918f6ff0f6b53644df732f908c46,false,expansion,portable,c-programs,c-programs/socket-cookie-udp,verify,e9patch,expansion,pass,1,1,2d06feadf81160afca89105d6b83f0ce0a7296070a855b1b25b8b72d58e724be,67,,
fullcorpus,@1785876974,f80b1c09a6e8c3ed21a2a1d5ecd57edac4862de0,04a46b43930b918f6ff0f6b53644df732f908c46,false,expansion,portable,c-programs,c-programs/socket-cookie-unix,verify,e9patch,expansion,pass,1,1,af2ebd36b3b776fa4c0c4c215288f5e66fa5241f8dfda47f8ef017ba351e3734,64,,
fullcorpus,@1785876974,f80b1c09a6e8c3ed21a2a1d5ecd57edac4862de0,04a46b43930b918f6ff0f6b53644df732f908c46,false,expansion,portable,c-programs,c-programs/socket-ioctl-timestamp,verify,e9patch,expansion,diverge,0,,e3b0c44298fc1c149afbf4c8996fb92427ae41e4649b934ca495991b7852b855,32,,e9patch-verify-fail-exit1
fullcorpus,@1785876974,f80b1c09a6e8c3ed21a2a1d5ecd57edac4862de0,04a46b43930b918f6ff0f6b53644df732f908c46,false,expansion,portable,c-programs,c-programs/socket-timestamp-edge-cases,verify,e9patch,expansion,pass,1,1,237ff1081253f64aba6ed9e84bad994c1c481d9bd2312ba4fe80afa1d959f9cc,70,,
fullcorpus,@1785876974,f80b1c09a6e8c3ed21a2a1d5ecd57edac4862de0,04a46b43930b918f6ff0f6b53644df732f908c46,false,expansion,portable,c-programs,c-programs/socket-timestamp-timespec,verify,e9patch,expansion,pass,1,1,4a5eae51288da929c514799c22251bb18ec475d82ca4a648f9732da9a00cfd75,70,,
fullcorpus,@1785876974,f80b1c09a6e8c3ed21a2a1d5ecd57edac4862de0,04a46b43930b918f6ff0f6b53644df732f908c46,false,expansion,portable,c-programs,c-programs/socket-timestamp-timeval,verify,e9patch,expansion,pass,1,1,2a6d69ec1e29905992985dd6131920efd96bd015b70cd2c003724b8065750683,79,,
fullcorpus,@1785876974,f80b1c09a6e8c3ed21a2a1d5ecd57edac4862de0,04a46b43930b918f6ff0f6b53644df732f908c46,false,expansion,portable,c-programs,c-programs/splice-enosys,verify,e9patch,expansion,pass,1,1,0bc4f64fe4ad2292443e402eba4830484779aeb4370264c9c0abfa7a78f95c8e,69,,
fullcorpus,@1785876974,f80b1c09a6e8c3ed21a2a1d5ecd57edac4862de0,04a46b43930b918f6ff0f6b53644df732f908c46,false,expansion,portable,c-programs,c-programs/statmount-enosys,verify,e9patch,expansion,pass,1,1,84a55d7cfcd9fe81a459d4852c82ddf5ad78845213534c19fa6dcdef66cfdf95,66,,
fullcorpus,@1785876974,f80b1c09a6e8c3ed21a2a1d5ecd57edac4862de0,04a46b43930b918f6ff0f6b53644df732f908c46,false,expansion,portable,c-programs,c-programs/syscall-file-io,verify,e9patch,expansion,pass,1,1,632d0f8b9698ef9868e243dd5432fca72d482ec38beb954c8af6f6ddf94e8e51,67,,
fullcorpus,@1785876974,f80b1c09a6e8c3ed21a2a1d5ecd57edac4862de0,04a46b43930b918f6ff0f6b53644df732f908c46,false,expansion,portable,c-programs,c-programs/syscall-file-metadata,verify,e9patch,expansion,pass,1,1,57a74d78ecf93f4f8f188f946cdd5345bed2d126fc15a9f362d320bed2c5236a,69,,
fullcorpus,@1785876974,f80b1c09a6e8c3ed21a2a1d5ecd57edac4862de0,04a46b43930b918f6ff0f6b53644df732f908c46,false,expansion,portable,c-programs,c-programs/syscall-quick-wins,verify,e9patch,expansion,pass,1,1,5d19b00a019f367eb9008a6429952f1970209bcf9d10ccae126091a6cdd87193,69,,
fullcorpus,@1785876974,f80b1c09a6e8c3ed21a2a1d5ecd57edac4862de0,04a46b43930b918f6ff0f6b53644df732f908c46,false,expansion,portable,c-programs,c-programs/sysfs-enosys,verify,e9patch,expansion,pass,1,1,77a60c6b8a6c3c908333e6f4dfa94a2c397b1bd7c93991eebb8ed5915b0ad95f,61,,
fullcorpus,@1785876974,f80b1c09a6e8c3ed21a2a1d5ecd57edac4862de0,04a46b43930b918f6ff0f6b53644df732f908c46,false,expansion,portable,c-programs,c-programs/sysinfo-uptime,verify,e9patch,expansion,pass,1,1,2c26766dc46b864247fe9be1f0501ce27cb4b0b3aad1b9c997e75416e7589d80,701,,
fullcorpus,@1785876974,f80b1c09a6e8c3ed21a2a1d5ecd57edac4862de0,04a46b43930b918f6ff0f6b53644df732f908c46,false,expansion,portable,c-programs,c-programs/sysinfo,verify,e9patch,expansion,pass,1,1,111b8f874818970dd0f000d36aba05e6d8fc58a961fa14f603378ff7322e995a,63,,
fullcorpus,@1785876974,f80b1c09a6e8c3ed21a2a1d5ecd57edac4862de0,04a46b43930b918f6ff0f6b53644df732f908c46,false,expansion,portable,c-programs,c-programs/syslog-deterministic,verify,e9patch,expansion,pass,1,1,c23edf066d3bda360f91b47308f840e8b42b87278b5e379c8d71d8bf10a255d2,65,,
fullcorpus,@1785876974,f80b1c09a6e8c3ed21a2a1d5ecd57edac4862de0,04a46b43930b918f6ff0f6b53644df732f908c46,false,expansion,portable,c-programs,c-programs/sysv-sem-enosys,verify,e9patch,expansion,pass,1,1,f024dd91d8c142074c08ff93925022b5acfeab0e3d58d7ea1fdbdee13ebada99,59,,
fullcorpus,@1785876974,f80b1c09a6e8c3ed21a2a1d5ecd57edac4862de0,04a46b43930b918f6ff0f6b53644df732f908c46,false,expansion,portable,c-programs,c-programs/sysv-shm-enosys,verify,e9patch,expansion,pass,1,1,7b4564e64aa38d43273e5e7e1df8e80071b1c9219f7de2628fa37e6ab4da5794,60,,
fullcorpus,@1785876974,f80b1c09a6e8c3ed21a2a1d5ecd57edac4862de0,04a46b43930b918f6ff0f6b53644df732f908c46,false,expansion,portable,c-programs,c-programs/tcp-info-accept4,verify,e9patch,expansion,pass,1,1,c830be750b315e97d977e5cc40104658ccccaf34f1b26068556c22b37f7cf950,65,,
fullcorpus,@1785876974,f80b1c09a6e8c3ed21a2a1d5ecd57edac4862de0,04a46b43930b918f6ff0f6b53644df732f908c46,false,expansion,portable,c-programs,c-programs/tcp-info-accept6,verify,e9patch,expansion,pass,1,1,4b386d711c9c58617076dd9ffc01f4f517fc3f6d7d1a21c78d5b728fa66ad5ec,58,,
fullcorpus,@1785876974,f80b1c09a6e8c3ed21a2a1d5ecd57edac4862de0,04a46b43930b918f6ff0f6b53644df732f908c46,false,expansion,portable,c-programs,c-programs/tcp-info-client4,verify,e9patch,expansion,pass,1,1,29047556927b663805202185a671154cc0f9331208fdb57bc9fefe51e26f9d74,55,,
fullcorpus,@1785876974,f80b1c09a6e8c3ed21a2a1d5ecd57edac4862de0,04a46b43930b918f6ff0f6b53644df732f908c46,false,expansion,portable,c-programs,c-programs/tee-enosys,verify,e9patch,expansion,pass,1,1,1c8d3e5b5c25e921430729592b73be499a63f45dc355ac8686a3070d1e2f6108,56,,
fullcorpus,@1785876974,f80b1c09a6e8c3ed21a2a1d5ecd57edac4862de0,04a46b43930b918f6ff0f6b53644df732f908c46,false,expansion,portable,c-programs,c-programs/thread-self-procfs-handoff,verify,e9patch,expansion,pass,1,1,4ec014d923f7213d78fc3fe481bb1e5a1afe2966878e2967593bac452513edd6,67,,
fullcorpus,@1785876974,f80b1c09a6e8c3ed21a2a1d5ecd57edac4862de0,04a46b43930b918f6ff0f6b53644df732f908c46,false,expansion,portable,c-programs,c-programs/thread-sync-determinism,verify,e9patch,expansion,diverge,0,,e3b0c44298fc1c149afbf4c8996fb92427ae41e4649b934ca495991b7852b855,30,,e9patch-verify-fail-exit1
fullcorpus,@1785876974,f80b1c09a6e8c3ed21a2a1d5ecd57edac4862de0,04a46b43930b918f6ff0f6b53644df732f908c46,false,expansion,portable,c-programs,c-programs/threadexhaustion,verify,e9patch,expansion,pass,1,1,6ed164be2f904840f8cd736bc12bac0858d8d7238d37fbebd539fbac7d14d0ed,86,,
fullcorpus,@1785876974,f80b1c09a6e8c3ed21a2a1d5ecd57edac4862de0,04a46b43930b918f6ff0f6b53644df732f908c46,false,expansion,portable,c-programs,c-programs/timer-create-determinism,verify,e9patch,expansion,pass,1,1,88d3c6bddc5cce602a98a315d6413f65c9be3b4af294699a8a553337ef4033ae,51,,
fullcorpus,@1785876974,f80b1c09a6e8c3ed21a2a1d5ecd57edac4862de0,04a46b43930b918f6ff0f6b53644df732f908c46,false,expansion,portable,c-programs,c-programs/uname,verify,e9patch,expansion,pass,1,1,29a9d1c5f680e45d5fdca33498014a47ce0a123af49e3fecb74543db547788be,55,,
fullcorpus,@1785876974,f80b1c09a6e8c3ed21a2a1d5ecd57edac4862de0,04a46b43930b918f6ff0f6b53644df732f908c46,false,expansion,portable,c-programs,c-programs/unix-autobind-dgram,verify,e9patch,expansion,pass,1,1,b3679cef7d4cbb0bfc40803796036d2ea2e8262e846ad4d345c0c0646e79d21b,58,,
fullcorpus,@1785876974,f80b1c09a6e8c3ed21a2a1d5ecd57edac4862de0,04a46b43930b918f6ff0f6b53644df732f908c46,false,expansion,portable,c-programs,c-programs/unix-autobind-seqpacket,verify,e9patch,expansion,pass,1,1,adab29374a2e454a06823fd8e1ecc9ba038ed4be7ad9f95ae67cebeec58a3d8c,56,,
fullcorpus,@1785876974,f80b1c09a6e8c3ed21a2a1d5ecd57edac4862de0,04a46b43930b918f6ff0f6b53644df732f908c46,false,expansion,portable,c-programs,c-programs/unix-autobind-stream,verify,e9patch,expansion,pass,1,1,91304ad318232da9ea6432240290691ddc20ad0ebf2e4c889c7ab6cd3f71db0c,65,,
fullcorpus,@1785876974,f80b1c09a6e8c3ed21a2a1d5ecd57edac4862de0,04a46b43930b918f6ff0f6b53644df732f908c46,false,expansion,portable,c-programs,c-programs/ustat-enosys,verify,e9patch,expansion,pass,1,1,a3385f3800f1f726246c5551a73e98c6ae29a6dd2757326caac8afdf53bb90d3,58,,
fullcorpus,@1785876974,f80b1c09a6e8c3ed21a2a1d5ecd57edac4862de0,04a46b43930b918f6ff0f6b53644df732f908c46,false,expansion,portable,c-programs,c-programs/vforkexec,verify,e9patch,expansion,pass,1,1,0b81d8eab80efacf70ba6424c9fd0f53d1403305f94b4b9e5672d5c85d1b7b83,76,,
fullcorpus,@1785876974,f80b1c09a6e8c3ed21a2a1d5ecd57edac4862de0,04a46b43930b918f6ff0f6b53644df732f908c46,false,expansion,portable,c-programs,c-programs/vmsplice-enosys,verify,e9patch,expansion,pass,1,1,8f5a5d41aa1ad4af965f89cb80f73347c556f46f42dfaca5a32853b7798fe6f0,54,,
fullcorpus,@1785876974,f80b1c09a6e8c3ed21a2a1d5ecd57edac4862de0,04a46b43930b918f6ff0f6b53644df732f908c46,false,expansion,portable,c-programs,c-programs/wait-on-child,verify,e9patch,expansion,pass,1,1,67184c0256b520d88626d2515c464e95a061da32eb566e7b72e70e19dda43ab4,61,,
fullcorpus,@1785876974,f80b1c09a6e8c3ed21a2a1d5ecd57edac4862de0,04a46b43930b918f6ff0f6b53644df732f908c46,false,expansion,portable,c-programs,c-programs/writev-determinism,verify,e9patch,expansion,pass,1,1,eb8a913e793713b83b51c96ac1cd869341c248089de48b8cf986bcf3fa552493,80,,
fullcorpus,@1785876974,f80b1c09a6e8c3ed21a2a1d5ecd57edac4862de0,04a46b43930b918f6ff0f6b53644df732f908c46,false,expansion,portable,chaos-c,chaos-c/lock-granularity,verify,e9patch,expansion,pass,1,1,1cd27b440cf0189a08ed714e62668d8ff37ae183e61d111b8ee14b2759ad2b2d,65,,
fullcorpus,@1785876974,f80b1c09a6e8c3ed21a2a1d5ecd57edac4862de0,04a46b43930b918f6ff0f6b53644df732f908c46,false,expansion,portable,data-handling,data-handling/archive-roundtrip,verify,e9patch,expansion,diverge,0,,e3b0c44298fc1c149afbf4c8996fb92427ae41e4649b934ca495991b7852b855,57,,e9patch-verify-fail-exit1
fullcorpus,@1785876974,f80b1c09a6e8c3ed21a2a1d5ecd57edac4862de0,04a46b43930b918f6ff0f6b53644df732f908c46,false,expansion,portable,data-handling,data-handling/shell-pipeline,verify,e9patch,expansion,diverge,0,,e3b0c44298fc1c149afbf4c8996fb92427ae41e4649b934ca495991b7852b855,57,,e9patch-verify-fail-exit1
fullcorpus,@1785876974,f80b1c09a6e8c3ed21a2a1d5ecd57edac4862de0,04a46b43930b918f6ff0f6b53644df732f908c46,false,expansion,portable,debugger-c,debugger-c/debuggee,verify,e9patch,expansion,pass,1,1,48d3d236efc470a63642ab7a23fc174f378f389d2f6738b84db4f7a550ce4192,54,,
fullcorpus,@1785876974,f80b1c09a6e8c3ed21a2a1d5ecd57edac4862de0,04a46b43930b918f6ff0f6b53644df732f908c46,false,expansion,portable,determinism-stress-c,determinism-stress-c/fork-tree,verify,e9patch,expansion,pass,1,1,8ddf8b17d77780a3d7a236df0e42893354e51a485e840d08fc7906ef2207637f,539,,
fullcorpus,@1785876974,f80b1c09a6e8c3ed21a2a1d5ecd57edac4862de0,04a46b43930b918f6ff0f6b53644df732f908c46,false,expansion,portable,determinism-stress-c,determinism-stress-c/lock-free,verify,e9patch,expansion,pass,1,1,b3bab857d371911d8565e55d6907439bd3c32995e2938f1ac285ce02884c9c54,78,,
fullcorpus,@1785876974,f80b1c09a6e8c3ed21a2a1d5ecd57edac4862de0,04a46b43930b918f6ff0f6b53644df732f908c46,false,expansion,portable,determinism-stress-c,determinism-stress-c/mmap-fork-shared,verify,e9patch,expansion,pass,1,1,cc89b297383dff63af7b831f2ba6075fb65be2276ce33f47bbb000fc30b21a17,464,,
fullcorpus,@1785876974,f80b1c09a6e8c3ed21a2a1d5ecd57edac4862de0,04a46b43930b918f6ff0f6b53644df732f908c46,false,expansion,portable,determinism-stress-c,determinism-stress-c/pid-tid,verify,e9patch,expansion,pass,1,1,384b77c5cf9f3306b8afccc60bc227b36e48d475a55ffb34099a2abeb98dec9b,82,,
fullcorpus,@1785876974,f80b1c09a6e8c3ed21a2a1d5ecd57edac4862de0,04a46b43930b918f6ff0f6b53644df732f908c46,false,expansion,portable,determinism-stress-c,determinism-stress-c/pipe-chain,verify,e9patch,expansion,pass,1,1,46835a9f9f1301b70e85965ac99fdb8f14d2b4a1b9422ded59ac214abefd768d,98,,
fullcorpus,@1785876974,f80b1c09a6e8c3ed21a2a1d5ecd57edac4862de0,04a46b43930b918f6ff0f6b53644df732f908c46,false,expansion,portable,determinism-stress-c,determinism-stress-c/pipe-prefill,verify,e9patch,expansion,pass,1,1,85f07bae7e5247a9311974855de758b431bedf55bf167fc173adc6e9877db1f6,57,,
fullcorpus,@1785876974,f80b1c09a6e8c3ed21a2a1d5ecd57edac4862de0,04a46b43930b918f6ff0f6b53644df732f908c46,false,expansion,portable,determinism-stress-c,determinism-stress-c/producer-consumer,verify,e9patch,expansion,pass,1,1,4a1f3835471600bc0823a28a5669705a0e6864214ae213a1083b4c1bf10c50bf,183,,
fullcorpus,@1785876974,f80b1c09a6e8c3ed21a2a1d5ecd57edac4862de0,04a46b43930b918f6ff0f6b53644df732f908c46,false,expansion,portable,determinism-stress-c,determinism-stress-c/signal-order,verify,e9patch,expansion,pass,1,1,e4b06b822726e5ff96ca7bcbbf59e764019be179d7b198987fd4c4216687561a,67,,
fullcorpus,@1785876974,f80b1c09a6e8c3ed21a2a1d5ecd57edac4862de0,04a46b43930b918f6ff0f6b53644df732f908c46,false,expansion,portable,determinism-stress-c,determinism-stress-c/thread-contention,verify,e9patch,expansion,diverge,0,,e3b0c44298fc1c149afbf4c8996fb92427ae41e4649b934ca495991b7852b855,28,,e9patch-verify-fail-exit1
fullcorpus,@1785876974,f80b1c09a6e8c3ed21a2a1d5ecd57edac4862de0,04a46b43930b918f6ff0f6b53644df732f908c46,false,expansion,portable,determinism-stress-c,determinism-stress-c/thread-stress,verify,e9patch,expansion,pass,1,1,5cc9e2f4adb1ce9d9da8fd455891107712ac699631b4d0b492f52be27a71ba73,297,,
fullcorpus,@1785876974,f80b1c09a6e8c3ed21a2a1d5ecd57edac4862de0,04a46b43930b918f6ff0f6b53644df732f908c46,false,expansion,portable,determinism-stress,determinism-stress/example-race,verify,e9patch,expansion,pass,1,1,44f4a9c5837349cffaaf778ab4ddf4fc799d6bb3ef0d14b6fce4bc36f4000a93,317,,
fullcorpus,@1785876974,f80b1c09a6e8c3ed21a2a1d5ecd57edac4862de0,04a46b43930b918f6ff0f6b53644df732f908c46,false,expansion,portable,determinism-stress,determinism-stress/order-violation,verify,e9patch,expansion,pass,1,1,0ba904eae8773b70c75333db4de2f3ac45a8ad4ddba1b242f0b3cfc199391dd8,70,,
fullcorpus,@1785876974,f80b1c09a6e8c3ed21a2a1d5ecd57edac4862de0,04a46b43930b918f6ff0f6b53644df732f908c46,false,expansion,portable,determinism-stress,determinism-stress/process-chains,verify,e9patch,expansion,diverge,0,,e3b0c44298fc1c149afbf4c8996fb92427ae41e4649b934ca495991b7852b855,58,,e9patch-verify-fail-exit1
fullcorpus,@1785876974,f80b1c09a6e8c3ed21a2a1d5ecd57edac4862de0,04a46b43930b918f6ff0f6b53644df732f908c46,false,expansion,portable,determinism-stress,determinism-stress/thread-contention,verify,e9patch,expansion,diverge,0,,e3b0c44298fc1c149afbf4c8996fb92427ae41e4649b934ca495991b7852b855,59,,e9patch-verify-fail-exit1
fullcorpus,@1785876974,f80b1c09a6e8c3ed21a2a1d5ecd57edac4862de0,04a46b43930b918f6ff0f6b53644df732f908c46,false,expansion,portable,determinism-stress,determinism-stress/thread-output,verify,e9patch,expansion,pass,1,1,44f4a9c5837349cffaaf778ab4ddf4fc799d6bb3ef0d14b6fce4bc36f4000a93,406,,
fullcorpus,@1785876974,f80b1c09a6e8c3ed21a2a1d5ecd57edac4862de0,04a46b43930b918f6ff0f6b53644df732f908c46,false,expansion,portable,language-runtimes,language-runtimes/bash-loop-pipe-time,verify,e9patch,expansion,pass,1,1,edff27f48a9e571080002ce18b496906d45c0b7bbdd4ef6bcdf8f57419b05fa1,648,,
fullcorpus,@1785876974,f80b1c09a6e8c3ed21a2a1d5ecd57edac4862de0,04a46b43930b918f6ff0f6b53644df732f908c46,false,expansion,portable,language-runtimes,language-runtimes/example-python-random,verify,e9patch,expansion,pass,1,1,e1b8db378cfd66571bc2d0dbe0b45e1bd3eaecb5d6e0e4d51fd1c0ed053113b0,491,,
fullcorpus,@1785876974,f80b1c09a6e8c3ed21a2a1d5ecd57edac4862de0,04a46b43930b918f6ff0f6b53644df732f908c46,false,expansion,portable,language-runtimes,language-runtimes/gawk-random,verify,e9patch,expansion,pass,1,1,04427acdbdc27dceba6e78a1623682e9363586e78bcd894100c7b1bf625e92fe,156,,
fullcorpus,@1785876974,f80b1c09a6e8c3ed21a2a1d5ecd57edac4862de0,04a46b43930b918f6ff0f6b53644df732f908c46,false,expansion,portable,language-runtimes,language-runtimes/perl-io-subprocess-time,verify,e9patch,expansion,pass,1,1,a492ba7d06367aad6bdfadcb02bf30114d9261f1c4caf15951ac60667faef268,339,,
fullcorpus,@1785876974,f80b1c09a6e8c3ed21a2a1d5ecd57edac4862de0,04a46b43930b918f6ff0f6b53644df732f908c46,false,expansion,portable,language-runtimes,language-runtimes/python-hash-determinism,verify,e9patch,expansion,pass,1,1,cea342868e9c8ddfed8b961d54db0727b257e72a5dfded2715d37011200820f2,509,,
fullcorpus,@1785876974,f80b1c09a6e8c3ed21a2a1d5ecd57edac4862de0,04a46b43930b918f6ff0f6b53644df732f908c46,false,expansion,portable,language-runtimes,language-runtimes/python-io-subprocess-time,verify,e9patch,expansion,pass,1,1,ba165637436bc168fe9d3d8ceda6678716d62066a716d5063488599251027524,5092,,
fullcorpus,@1785876974,f80b1c09a6e8c3ed21a2a1d5ecd57edac4862de0,04a46b43930b918f6ff0f6b53644df732f908c46,false,expansion,portable,language-runtimes,language-runtimes/python-random,verify,e9patch,expansion,pass,1,1,9a7611b282b9eacf3b13ff466a731f3b5c31619ddfe5665214ea8e8e5a97a950,564,,
fullcorpus,@1785876974,f80b1c09a6e8c3ed21a2a1d5ecd57edac4862de0,04a46b43930b918f6ff0f6b53644df732f908c46,false,expansion,portable,shared-futex-c,shared-futex-c/qemu-exec-init,verify,e9patch,expansion,diverge,0,,f661f3a07a6eaf11cc84a517476a7fad235b90d6b017b27b1d196e7fc437abeb,908,,e9patch-verify-fail-exit1
fullcorpus,@1785876974,f80b1c09a6e8c3ed21a2a1d5ecd57edac4862de0,04a46b43930b918f6ff0f6b53644df732f908c46,false,expansion,portable,shared-futex-c,shared-futex-c/qemu-hello,verify,e9patch,expansion,diverge,0,,9ea4709e7c24602ba619d6ae109051a4df65ce643d978faa5fcc1dfffc35acef,30,,e9patch-verify-fail-exit1
fullcorpus,@1785876974,f80b1c09a6e8c3ed21a2a1d5ecd57edac4862de0,04a46b43930b918f6ff0f6b53644df732f908c46,false,expansion,portable,shared-futex-c,shared-futex-c/qemu-init,verify,e9patch,expansion,diverge,0,,89690eba82149c54a78009da0da3c9c71106a9ed870a5768376295473979b1bb,912,,e9patch-verify-fail-exit1
fullcorpus,@1785876974,f80b1c09a6e8c3ed21a2a1d5ecd57edac4862de0,04a46b43930b918f6ff0f6b53644df732f908c46,false,expansion,portable,shared-futex-c,shared-futex-c/qemu-net-init,verify,e9patch,expansion,diverge,0,,6f2e575f700dd33f153625f87ce625f62c8ebbed42675e3c06ce63851fef2c8d,906,,e9patch-verify-fail-exit1
fullcorpus,@1785876974,f80b1c09a6e8c3ed21a2a1d5ecd57edac4862de0,04a46b43930b918f6ff0f6b53644df732f908c46,false,expansion,portable,system-utils,system-utils/clock-determinism,verify,e9patch,expansion,pass,1,1,ae53c7f85ecd3f3e57c3b8c0f77f9d944873d0276aca6b0faad8d847063a5458,70,,
fullcorpus,@1785876974,f80b1c09a6e8c3ed21a2a1d5ecd57edac4862de0,04a46b43930b918f6ff0f6b53644df732f908c46,false,expansion,portable,system-utils,system-utils/date-nanoseconds,verify,e9patch,expansion,pass,1,1,0544bc0b03554f198943fcc34ce4b943581084da49aa5c45b8c2ad3081470f7d,188,,
fullcorpus,@1785876974,f80b1c09a6e8c3ed21a2a1d5ecd57edac4862de0,04a46b43930b918f6ff0f6b53644df732f908c46,false,expansion,portable,system-utils,system-utils/example-date,verify,e9patch,expansion,pass,1,1,02f9de676a1ca05735c6637c678895bf17a0f43b6755d360b98d6ce58e735120,80,,
fullcorpus,@1785876974,f80b1c09a6e8c3ed21a2a1d5ecd57edac4862de0,04a46b43930b918f6ff0f6b53644df732f908c46,false,expansion,portable,system-utils,system-utils/example-devrand,verify,e9patch,expansion,pass,1,1,f5edcf77a8645391c7cdaa70592390c2365b1a0849dfc2729f9a6ca3ea874863,94,,
fullcorpus,@1785876974,f80b1c09a6e8c3ed21a2a1d5ecd57edac4862de0,04a46b43930b918f6ff0f6b53644df732f908c46,false,expansion,portable,system-utils,system-utils/openssl-passwd,verify,e9patch,expansion,pass,1,1,48e619a6a440a23d7955fda2339654eccd96d4c32d4698a1fce8b365d2cc460b,169,,
fullcorpus,@1785876974,f80b1c09a6e8c3ed21a2a1d5ecd57edac4862de0,04a46b43930b918f6ff0f6b53644df732f908c46,false,expansion,portable,system-utils,system-utils/proc-uptime,verify,e9patch,expansion,pass,1,1,927223d83eab42096d72996661295d65e7ab80c3b08c494ccfee840bc07d0328,147,,
fullcorpus,@1785876974,f80b1c09a6e8c3ed21a2a1d5ecd57edac4862de0,04a46b43930b918f6ff0f6b53644df732f908c46,false,expansion,portable,system-utils,system-utils/random-device,verify,e9patch,expansion,pass,1,1,f5edcf77a8645391c7cdaa70592390c2365b1a0849dfc2729f9a6ca3ea874863,173,,
fullcorpus,@1785876974,f80b1c09a6e8c3ed21a2a1d5ecd57edac4862de0,04a46b43930b918f6ff0f6b53644df732f908c46,false,expansion,portable,system-utils,system-utils/record-getpid,verify,e9patch,expansion,pass,1,1,7d65259dd0f4861331834b3f73013d851b44389c6162f00a24a0176bba121251,75,,
fullcorpus,@1785876974,f80b1c09a6e8c3ed21a2a1d5ecd57edac4862de0,04a46b43930b918f6ff0f6b53644df732f908c46,false,expansion,portable,util-c,util-c/pmu-skid,verify,e9patch,expansion,diverge,0,,e3b0c44298fc1c149afbf4c8996fb92427ae41e4649b934ca495991b7852b855,30,,e9patch-verify-fail-exit1
fullcorpus,@1785876974,f80b1c09a6e8c3ed21a2a1d5ecd57edac4862de0,04a46b43930b918f6ff0f6b53644df732f908c46,false,expansion,portable,applications,applications/example-timed-progress-bar,verify,liteinst,expansion,pass,1,1,d8778ce336753d09dab6c6d94699898498ccbc31d6ec6b0b7b3d4bc559745b47,942,,
fullcorpus,@1785876974,f80b1c09a6e8c3ed21a2a1d5ecd57edac4862de0,04a46b43930b918f6ff0f6b53644df732f908c46,false,expansion,portable,applications,applications/timed-progress-bar,verify,liteinst,expansion,diverge,0,,e3b0c44298fc1c149afbf4c8996fb92427ae41e4649b934ca495991b7852b855,26,,liteinst-verify-fail-exit1
fullcorpus,@1785876974,f80b1c09a6e8c3ed21a2a1d5ecd57edac4862de0,04a46b43930b918f6ff0f6b53644df732f908c46,false,expansion,privileged,backend-parity-c,backend-parity-c/cpuid-probe,verify,liteinst,expansion,pass,1,1,86ff9718c1542322ee8165258f455b9774cc88c99e37cc57f30e74283a2d83c0,297,,
fullcorpus,@1785876974,f80b1c09a6e8c3ed21a2a1d5ecd57edac4862de0,04a46b43930b918f6ff0f6b53644df732f908c46,false,expansion,portable,backend-parity-c,backend-parity-c/pid-probe,verify,liteinst,expansion,pass,1,1,342cc5c394f2bfe94370f4f30493c870f7877e1dd0646dc7c41af1fc9d14838c,269,,
fullcorpus,@1785876974,f80b1c09a6e8c3ed21a2a1d5ecd57edac4862de0,04a46b43930b918f6ff0f6b53644df732f908c46,false,expansion,portable,backend-parity-c,backend-parity-c/pthread-lifecycle,verify,liteinst,expansion,diverge,0,0,e3b0c44298fc1c149afbf4c8996fb92427ae41e4649b934ca495991b7852b855,187,,liteinst-verify-fail-exit1
fullcorpus,@1785876974,f80b1c09a6e8c3ed21a2a1d5ecd57edac4862de0,04a46b43930b918f6ff0f6b53644df732f908c46,false,expansion,portable,bin-c,bin-c/posix-timer-test,verify,liteinst,expansion,pass,1,1,73bc36274f961af2a8ad43917d15a87a59ead3cb7c6f54c81db28c45d5395fa1,261,,
fullcorpus,@1785876974,f80b1c09a6e8c3ed21a2a1d5ecd57edac4862de0,04a46b43930b918f6ff0f6b53644df732f908c46,false,expansion,portable,bin-c,bin-c/robust-futex-test,verify,liteinst,expansion,diverge,0,,e3b0c44298fc1c149afbf4c8996fb92427ae41e4649b934ca495991b7852b855,175,,liteinst-verify-fail-exit1
fullcorpus,@1785876974,f80b1c09a6e8c3ed21a2a1d5ecd57edac4862de0,04a46b43930b918f6ff0f6b53644df732f908c46,false,expansion,portable,c-programs,c-programs/acct-refusal-probe,verify,liteinst,expansion,pass,1,1,fb9a253ff29ae72ad120fbe932651dd0471ff759f020fcad04b62895c481980f,271,,
fullcorpus,@1785876974,f80b1c09a6e8c3ed21a2a1d5ecd57edac4862de0,04a46b43930b918f6ff0f6b53644df732f908c46,false,expansion,portable,c-programs,c-programs/add-key-enosys,verify,liteinst,expansion,pass,1,1,392cdd6f142e243a9db3f8bd6d60cde54e983ffe6d072bf7ea3b03cc297cbf72,264,,
fullcorpus,@1785876974,f80b1c09a6e8c3ed21a2a1d5ecd57edac4862de0,04a46b43930b918f6ff0f6b53644df732f908c46,false,expansion,portable,c-programs,c-programs/adjtimex-deterministic,verify,liteinst,expansion,pass,1,1,ea6836e27a3d5c63e79076c3c5c976a785aa833022022fc0f2e5361942c6579e,265,,
fullcorpus,@1785876974,f80b1c09a6e8c3ed21a2a1d5ecd57edac4862de0,04a46b43930b918f6ff0f6b53644df732f908c46,false,expansion,portable,c-programs,c-programs/arch-prctl-determinism,verify,liteinst,expansion,diverge,0,0,e3b0c44298fc1c149afbf4c8996fb92427ae41e4649b934ca495991b7852b855,180,,liteinst-verify-fail-exit1
fullcorpus,@1785876974,f80b1c09a6e8c3ed21a2a1d5ecd57edac4862de0,04a46b43930b918f6ff0f6b53644df732f908c46,false,expansion,portable,c-programs,c-programs/bpf-enosys,verify,liteinst,expansion,pass,1,1,00b8c2fc33f814bfeb2da739d302426f0122369289c96bb40f9a11ef86f4befe,273,,
fullcorpus,@1785876974,f80b1c09a6e8c3ed21a2a1d5ecd57edac4862de0,04a46b43930b918f6ff0f6b53644df732f908c46,false,expansion,portable,c-programs,c-programs/cachestat-enosys,verify,liteinst,expansion,pass,1,1,c99ecc14f33146eb9b4b3c76f1fd310e0b0992a23465df5ce2715ead516e565e,278,,
fullcorpus,@1785876974,f80b1c09a6e8c3ed21a2a1d5ecd57edac4862de0,04a46b43930b918f6ff0f6b53644df732f908c46,false,expansion,portable,c-programs,c-programs/clock-adjtime-deterministic,verify,liteinst,expansion,pass,1,1,f8df8f96682085b6719931fa985c994642bd388d6849e9c751941db746098343,280,,
fullcorpus,@1785876974,f80b1c09a6e8c3ed21a2a1d5ecd57edac4862de0,04a46b43930b918f6ff0f6b53644df732f908c46,false,expansion,portable,c-programs,c-programs/clone,verify,liteinst,expansion,diverge,0,0,e3b0c44298fc1c149afbf4c8996fb92427ae41e4649b934ca495991b7852b855,4148,,liteinst-verify-fail-exit1
fullcorpus,@1785876974,f80b1c09a6e8c3ed21a2a1d5ecd57edac4862de0,04a46b43930b918f6ff0f6b53644df732f908c46,false,expansion,portable,c-programs,c-programs/copy-file-range-refusal-probe,verify,liteinst,expansion,pass,1,1,eaf5a67ca844e6a832cd95774ecdb4c48e345e2b64e1c67092ad7fb6ac39777a,278,,
fullcorpus,@1785876974,f80b1c09a6e8c3ed21a2a1d5ecd57edac4862de0,04a46b43930b918f6ff0f6b53644df732f908c46,false,expansion,portable,c-programs,c-programs/dbi-copied-tiocgpgrp,verify,liteinst,expansion,diverge,0,0,e3b0c44298fc1c149afbf4c8996fb92427ae41e4649b934ca495991b7852b855,4165,,liteinst-verify-fail-exit1
fullcorpus,@1785876974,f80b1c09a6e8c3ed21a2a1d5ecd57edac4862de0,04a46b43930b918f6ff0f6b53644df732f908c46,false,expansion,portable,c-programs,c-programs/dbi-exec-failure,verify,liteinst,expansion,pass,1,1,d9255dd9cc061248208ec6fabc39e2695034a2f78b3a79675522090f004de84c,277,,
fullcorpus,@1785876974,f80b1c09a6e8c3ed21a2a1d5ecd57edac4862de0,04a46b43930b918f6ff0f6b53644df732f908c46,false,expansion,portable,c-programs,c-programs/dbi-execveat-unsupported,verify,liteinst,expansion,diverge,0,0,e3b0c44298fc1c149afbf4c8996fb92427ae41e4649b934ca495991b7852b855,149,,liteinst-verify-fail-exit1
fullcorpus,@1785876974,f80b1c09a6e8c3ed21a2a1d5ecd57edac4862de0,04a46b43930b918f6ff0f6b53644df732f908c46,false,expansion,portable,c-programs,c-programs/dbi-mmap-exec,verify,liteinst,expansion,pass,1,1,87ef25ed096b64f71e5581bf5d09a9bb24b8dca9402b010322037898b99a81cf,233,,
fullcorpus,@1785876974,f80b1c09a6e8c3ed21a2a1d5ecd57edac4862de0,04a46b43930b918f6ff0f6b53644df732f908c46,false,expansion,portable,c-programs,c-programs/dbi-pid-virtualization,verify,liteinst,expansion,diverge,0,0,982b5bb1720fbaf3b3f427c0423ea082707734691f1f6e8cc8409ae43b3595ee,4162,,liteinst-verify-fail-exit1
fullcorpus,@1785876974,f80b1c09a6e8c3ed21a2a1d5ecd57edac4862de0,04a46b43930b918f6ff0f6b53644df732f908c46,false,expansion,portable,c-programs,c-programs/dbi-prlimit-self,verify,liteinst,expansion,pass,1,1,b5d0a733abb9b3694c70cc548fbd236ede0f60c1e06673b4e4999419c7721e12,236,,
fullcorpus,@1785876974,f80b1c09a6e8c3ed21a2a1d5ecd57edac4862de0,04a46b43930b918f6ff0f6b53644df732f908c46,false,expansion,portable,c-programs,c-programs/dbi-self-sigqueue,verify,liteinst,expansion,pass,1,1,f4c3bb314cd68d7f8c7e053c24257d5eaf5369087b8c21ee95fd29727f460537,362,,
fullcorpus,@1785876974,f80b1c09a6e8c3ed21a2a1d5ecd57edac4862de0,04a46b43930b918f6ff0f6b53644df732f908c46,false,expansion,portable,c-programs,c-programs/dbi-unsupported-syscall,verify,liteinst,expansion,pass,1,1,0dc9033cbe9bbe736c2e2105dd9ddb6f7c68ffe47d4146ffdb3e0e2f4a990531,244,,
fullcorpus,@1785876974,f80b1c09a6e8c3ed21a2a1d5ecd57edac4862de0,04a46b43930b918f6ff0f6b53644df732f908c46,false,expansion,portable,c-programs,c-programs/dbi-wait-lifecycle,verify,liteinst,expansion,diverge,0,,e3b0c44298fc1c149afbf4c8996fb92427ae41e4649b934ca495991b7852b855,4146,,liteinst-verify-fail-exit1
fullcorpus,@1785876974,f80b1c09a6e8c3ed21a2a1d5ecd57edac4862de0,04a46b43930b918f6ff0f6b53644df732f908c46,false,expansion,portable,c-programs,c-programs/epoll-determinism,verify,liteinst,expansion,diverge,0,,e3b0c44298fc1c149afbf4c8996fb92427ae41e4649b934ca495991b7852b855,151,,liteinst-verify-fail-exit1
fullcorpus,@1785876974,f80b1c09a6e8c3ed21a2a1d5ecd57edac4862de0,04a46b43930b918f6ff0f6b53644df732f908c46,false,expansion,portable,c-programs,c-programs/fp-reduction-nondeterminism,verify,liteinst,expansion,diverge,0,0,e3b0c44298fc1c149afbf4c8996fb92427ae41e4649b934ca495991b7852b855,163,,liteinst-verify-fail-exit1
fullcorpus,@1785876974,f80b1c09a6e8c3ed21a2a1d5ecd57edac4862de0,04a46b43930b918f6ff0f6b53644df732f908c46,false,expansion,portable,c-programs,c-programs/futex-requeue-enosys,verify,liteinst,expansion,pass,1,1,3a97289e82874a6de3f7329de461ff8e98aab222e591b44478b0cbfa224b778e,231,,
fullcorpus,@1785876974,f80b1c09a6e8c3ed21a2a1d5ecd57edac4862de0,04a46b43930b918f6ff0f6b53644df732f908c46,false,expansion,portable,c-programs,c-programs/futex-waitv-enosys,verify,liteinst,expansion,pass,1,1,889b019ce9ffec65e091b4ebb00324388abe68095b3a9aebf5a6243a8d00540e,226,,
fullcorpus,@1785876974,f80b1c09a6e8c3ed21a2a1d5ecd57edac4862de0,04a46b43930b918f6ff0f6b53644df732f908c46,false,expansion,portable,c-programs,c-programs/futex-wake-enosys,verify,liteinst,expansion,pass,1,1,d841d882ef04ba206243543971a6e2d842db22c3508947d6fb60095d878b0da9,236,,
fullcorpus,@1785876974,f80b1c09a6e8c3ed21a2a1d5ecd57edac4862de0,04a46b43930b918f6ff0f6b53644df732f908c46,false,expansion,portable,c-programs,c-programs/get-robust-list-child,verify,liteinst,expansion,diverge,0,0,e3b0c44298fc1c149afbf4c8996fb92427ae41e4649b934ca495991b7852b855,4151,,liteinst-verify-fail-exit1
fullcorpus,@1785876974,f80b1c09a6e8c3ed21a2a1d5ecd57edac4862de0,04a46b43930b918f6ff0f6b53644df732f908c46,false,expansion,portable,c-programs,c-programs/get-robust-list-self,verify,liteinst,expansion,pass,1,1,8a606e83612b4b4c869cfae1cd2f9f03220d7fde25cc88f10079b81f9b3423d1,223,,
fullcorpus,@1785876974,f80b1c09a6e8c3ed21a2a1d5ecd57edac4862de0,04a46b43930b918f6ff0f6b53644df732f908c46,false,expansion,portable,c-programs,c-programs/get-robust-list-thread,verify,liteinst,expansion,diverge,0,0,e3b0c44298fc1c149afbf4c8996fb92427ae41e4649b934ca495991b7852b855,154,,liteinst-verify-fail-exit1
fullcorpus,@1785876974,f80b1c09a6e8c3ed21a2a1d5ecd57edac4862de0,04a46b43930b918f6ff0f6b53644df732f908c46,false,expansion,portable,c-programs,c-programs/getcpu,verify,liteinst,expansion,pass,1,1,345e84333a5805a44f38c499137ebb962d9e683e804aa45642afa84e41127f5d,228,,
fullcorpus,@1785876974,f80b1c09a6e8c3ed21a2a1d5ecd57edac4862de0,04a46b43930b918f6ff0f6b53644df732f908c46,false,expansion,portable,c-programs,c-programs/getitimer-determinism-probe,verify,liteinst,expansion,pass,1,1,17720cebaa5ab1c96e7035832f98c160d4b41b2c32a7bd909ca74d855fa5aaf9,233,,
fullcorpus,@1785876974,f80b1c09a6e8c3ed21a2a1d5ecd57edac4862de0,04a46b43930b918f6ff0f6b53644df732f908c46,false,expansion,portable,c-programs,c-programs/getsockopt-null,verify,liteinst,expansion,pass,1,1,b8636471f62fb5c81c4b4a5bacf5f4ec2b3e3b4970bc0aded5f496dae6670bfd,275,,
fullcorpus,@1785876974,f80b1c09a6e8c3ed21a2a1d5ecd57edac4862de0,04a46b43930b918f6ff0f6b53644df732f908c46,false,expansion,portable,c-programs,c-programs/hello-alarm,verify,liteinst,expansion,pass,1,1,69771519a00dad7a34964816b4a9d71896eed8707b6b8c7c3b2d901285fa09f8,237,,
fullcorpus,@1785876974,f80b1c09a6e8c3ed21a2a1d5ecd57edac4862de0,04a46b43930b918f6ff0f6b53644df732f908c46,false,expansion,portable,c-programs,c-programs/hello-nostdlib,verify,liteinst,expansion,diverge,0,0,e3b0c44298fc1c149afbf4c8996fb92427ae41e4649b934ca495991b7852b855,115,,liteinst-verify-fail-exit1
fullcorpus,@1785876974,f80b1c09a6e8c3ed21a2a1d5ecd57edac4862de0,04a46b43930b918f6ff0f6b53644df732f908c46,false,expansion,portable,c-programs,c-programs/hello-signals,verify,liteinst,expansion,pass,1,1,2b4df140dfdd472e4bde5c4d449c859ae4a83efe7f0372f448b95db8b40614d8,230,,
fullcorpus,@1785876974,f80b1c09a6e8c3ed21a2a1d5ecd57edac4862de0,04a46b43930b918f6ff0f6b53644df732f908c46,false,expansion,portable,c-programs,c-programs/io-uring-fallback,verify,liteinst,expansion,pass,1,1,8546e30d188b0b196b8d907e1289e7b830df6fd61ff9dd83f5165ba9bda77e7f,241,,
fullcorpus,@1785876974,f80b1c09a6e8c3ed21a2a1d5ecd57edac4862de0,04a46b43930b918f6ff0f6b53644df732f908c46,false,expansion,portable,c-programs,c-programs/io-uring-ring-determinism,verify,liteinst,expansion,pass,1,1,5de332a6e2af5315f34ec08e21ca7f8c037a65ecbaee17efd47005a7f1809201,230,,
fullcorpus,@1785876974,f80b1c09a6e8c3ed21a2a1d5ecd57edac4862de0,04a46b43930b918f6ff0f6b53644df732f908c46,false,expansion,portable,c-programs,c-programs/ioctl-fioclex,verify,liteinst,expansion,pass,1,1,ed203ed9433cb973a747cbe39690fecc753e9fd7c1e7688563d6f3a154eb0d5e,231,,
fullcorpus,@1785876974,f80b1c09a6e8c3ed21a2a1d5ecd57edac4862de0,04a46b43930b918f6ff0f6b53644df732f908c46,false,expansion,portable,c-programs,c-programs/ioctl-siocethtool,verify,liteinst,expansion,pass,1,1,28f38ce93b6d5f0d279d4f3d619cc3fc7e134e190ae9ee4f652eeb6afe623291,243,,
fullcorpus,@1785876974,f80b1c09a6e8c3ed21a2a1d5ecd57edac4862de0,04a46b43930b918f6ff0f6b53644df732f908c46,false,expansion,portable,c-programs,c-programs/ipc-determinism,verify,liteinst,expansion,diverge,0,,e3b0c44298fc1c149afbf4c8996fb92427ae41e4649b934ca495991b7852b855,151,,liteinst-verify-fail-exit1
fullcorpus,@1785876974,f80b1c09a6e8c3ed21a2a1d5ecd57edac4862de0,04a46b43930b918f6ff0f6b53644df732f908c46,false,expansion,portable,c-programs,c-programs/just-spin,verify,liteinst,expansion,diverge,0,0,e3b0c44298fc1c149afbf4c8996fb92427ae41e4649b934ca495991b7852b855,149,,liteinst-verify-fail-exit1
fullcorpus,@1785876974,f80b1c09a6e8c3ed21a2a1d5ecd57edac4862de0,04a46b43930b918f6ff0f6b53644df732f908c46,false,expansion,portable,c-programs,c-programs/kcmp-eperm,verify,liteinst,expansion,pass,1,1,288278193317b71ec5d15a6dcc2239918b1eea39229a8ef5eb7ae1e6b0a72cce,229,,
fullcorpus,@1785876974,f80b1c09a6e8c3ed21a2a1d5ecd57edac4862de0,04a46b43930b918f6ff0f6b53644df732f908c46,false,expansion,portable,c-programs,c-programs/keyctl-enosys,verify,liteinst,expansion,pass,1,1,83d9f2169baa0647471ca5f2e4e1c5b73ff2d356b322b7fcdd75d5cf129a292f,230,,
fullcorpus,@1785876974,f80b1c09a6e8c3ed21a2a1d5ecd57edac4862de0,04a46b43930b918f6ff0f6b53644df732f908c46,false,expansion,portable,c-programs,c-programs/keyctl-passthrough,verify,liteinst,expansion,pass,1,1,decfa402c4223a34ee494253769befc420b46b13da25f3082c91dfe7f19a0310,239,,
fullcorpus,@1785876974,f80b1c09a6e8c3ed21a2a1d5ecd57edac4862de0,04a46b43930b918f6ff0f6b53644df732f908c46,false,expansion,portable,c-programs,c-programs/listmount-enosys,verify,liteinst,expansion,pass,1,1,231c3dfcda497bd1b166dfb575578d2868721d30f15362cfabcad6f930e43713,225,,
fullcorpus,@1785876974,f80b1c09a6e8c3ed21a2a1d5ecd57edac4862de0,04a46b43930b918f6ff0f6b53644df732f908c46,false,expansion,portable,c-programs,c-programs/liteinst-advanced,verify,liteinst,expansion,diverge,0,,e3b0c44298fc1c149afbf4c8996fb92427ae41e4649b934ca495991b7852b855,151,,liteinst-verify-fail-exit1
fullcorpus,@1785876974,f80b1c09a6e8c3ed21a2a1d5ecd57edac4862de0,04a46b43930b918f6ff0f6b53644df732f908c46,false,expansion,portable,c-programs,c-programs/lsm-get-self-attr-enosys,verify,liteinst,expansion,pass,1,1,e83dcdfbdee854f34e05165d3a7aa7b774ca748bc96ee665789c63a32c593fe0,244,,
fullcorpus,@1785876974,f80b1c09a6e8c3ed21a2a1d5ecd57edac4862de0,04a46b43930b918f6ff0f6b53644df732f908c46,false,expansion,portable,c-programs,c-programs/lsm-list-modules-enosys,verify,liteinst,expansion,pass,1,1,8f5862ec33defb2bf2625429444eaec8b64ce9b7d2c21635e7db07f99c92fc3d,240,,
fullcorpus,@1785876974,f80b1c09a6e8c3ed21a2a1d5ecd57edac4862de0,04a46b43930b918f6ff0f6b53644df732f908c46,false,expansion,portable,c-programs,c-programs/lsm-set-self-attr-enosys,verify,liteinst,expansion,pass,1,1,326c5b270af2a116865e2690f44310bc17aa77c6cc96d4c83800615036e10e16,236,,
fullcorpus,@1785876974,f80b1c09a6e8c3ed21a2a1d5ecd57edac4862de0,04a46b43930b918f6ff0f6b53644df732f908c46,false,expansion,portable,c-programs,c-programs/madvise-determinism,verify,liteinst,expansion,pass,1,1,c6053a1ebd42e4762ac34b01ed5d666e0b1f5f18b83ddca9d1b7f4ebef175e83,237,,
fullcorpus,@1785876974,f80b1c09a6e8c3ed21a2a1d5ecd57edac4862de0,04a46b43930b918f6ff0f6b53644df732f908c46,false,expansion,portable,c-programs,c-programs/map-shadow-stack-enosys,verify,liteinst,expansion,pass,1,1,97ae187dd98c3d4b943dd9b69d472da499f0ef3ae9b2c66152d2ed5dc04bd569,232,,
fullcorpus,@1785876974,f80b1c09a6e8c3ed21a2a1d5ecd57edac4862de0,04a46b43930b918f6ff0f6b53644df732f908c46,false,expansion,portable,c-programs,c-programs/memfd-secret-enosys,verify,liteinst,expansion,pass,1,1,dcbbb5f4e71889cba127631a6a9a2fce4d68defe8aa92a8d437fd6be6129d6dd,231,,
fullcorpus,@1785876974,f80b1c09a6e8c3ed21a2a1d5ecd57edac4862de0,04a46b43930b918f6ff0f6b53644df732f908c46,false,expansion,portable,c-programs,c-programs/meminfo-available-deterministic,verify,liteinst,expansion,pass,1,1,7b76f77046d0c4bc8e2105f9850b009d269b48c26e0b7de4723c8adc25181af4,235,,
fullcorpus,@1785876974,f80b1c09a6e8c3ed21a2a1d5ecd57edac4862de0,04a46b43930b918f6ff0f6b53644df732f908c46,false,expansion,portable,c-programs,c-programs/meminfo-cached-deterministic,verify,liteinst,expansion,pass,1,1,6a4a1ce51b1c48a3c39972e58451953b36a3a49ed40cdf242978e2c2da4cabe4,238,,
fullcorpus,@1785876974,f80b1c09a6e8c3ed21a2a1d5ecd57edac4862de0,04a46b43930b918f6ff0f6b53644df732f908c46,false,expansion,portable,c-programs,c-programs/meminfo-free-deterministic,verify,liteinst,expansion,pass,1,1,b8a06902cd8245cc3d8acabb5118c81f14b6455c7e6d5da9cf2e59f0b0bcc9da,235,,
fullcorpus,@1785876974,f80b1c09a6e8c3ed21a2a1d5ecd57edac4862de0,04a46b43930b918f6ff0f6b53644df732f908c46,false,expansion,portable,c-programs,c-programs/memorypress,verify,liteinst,expansion,pass,1,1,e3b0c44298fc1c149afbf4c8996fb92427ae41e4649b934ca495991b7852b855,238,,
fullcorpus,@1785876974,f80b1c09a6e8c3ed21a2a1d5ecd57edac4862de0,04a46b43930b918f6ff0f6b53644df732f908c46,false,expansion,portable,c-programs,c-programs/mmap-determinism,verify,liteinst,expansion,diverge,0,,e3b0c44298fc1c149afbf4c8996fb92427ae41e4649b934ca495991b7852b855,148,,liteinst-verify-fail-exit1
fullcorpus,@1785876974,f80b1c09a6e8c3ed21a2a1d5ecd57edac4862de0,04a46b43930b918f6ff0f6b53644df732f908c46,false,expansion,portable,c-programs,c-programs/mmap-stress-determinism,verify,liteinst,expansion,pass,1,1,890065cac586dbeaf7ae771f63d223dd2d04995b4e051040bdd9c9792019dec0,335,,
fullcorpus,@1785876974,f80b1c09a6e8c3ed21a2a1d5ecd57edac4862de0,04a46b43930b918f6ff0f6b53644df732f908c46,false,expansion,portable,c-programs,c-programs/name-to-handle-at-eopnotsupp,verify,liteinst,expansion,pass,1,1,29e0c39b5f7ab315794d97b7e06e60cf737450deef4306dd8ad0ffd040a25cc0,233,,
fullcorpus,@1785876974,f80b1c09a6e8c3ed21a2a1d5ecd57edac4862de0,04a46b43930b918f6ff0f6b53644df732f908c46,false,expansion,portable,c-programs,c-programs/name-to-handle-directory-eopnotsupp,verify,liteinst,expansion,pass,1,1,7e5656f3fa9831a9c1f43055b26f6f209b6549daeb42ef1ce12677b324adf310,235,,
fullcorpus,@1785876974,f80b1c09a6e8c3ed21a2a1d5ecd57edac4862de0,04a46b43930b918f6ff0f6b53644df732f908c46,false,expansion,portable,c-programs,c-programs/name-to-handle-empty-path-eopnotsupp,verify,liteinst,expansion,pass,1,1,e3f9de47951c04e5f8349e7bb340fca6dcb76fffe659a12ab8f9e16fe48f72dd,232,,
fullcorpus,@1785876974,f80b1c09a6e8c3ed21a2a1d5ecd57edac4862de0,04a46b43930b918f6ff0f6b53644df732f908c46,false,expansion,portable,c-programs,c-programs/name-to-handle-regular-eopnotsupp,verify,liteinst,expansion,pass,1,1,82b589b3f458bbdcffe0a9aaf1a18ab2cfe882ab232290e1ca113714923af2a0,239,,
fullcorpus,@1785876974,f80b1c09a6e8c3ed21a2a1d5ecd57edac4862de0,04a46b43930b918f6ff0f6b53644df732f908c46,false,expansion,portable,c-programs,c-programs/nanosleep-par,verify,liteinst,expansion,diverge,0,0,e3b0c44298fc1c149afbf4c8996fb92427ae41e4649b934ca495991b7852b855,4149,,liteinst-verify-fail-exit1
fullcorpus,@1785876974,f80b1c09a6e8c3ed21a2a1d5ecd57edac4862de0,04a46b43930b918f6ff0f6b53644df732f908c46,false,expansion,portable,c-programs,c-programs/nanosleep-threads-nocrash,verify,liteinst,expansion,diverge,0,0,e3b0c44298fc1c149afbf4c8996fb92427ae41e4649b934ca495991b7852b855,159,,liteinst-verify-fail-exit1
fullcorpus,@1785876974,f80b1c09a6e8c3ed21a2a1d5ecd57edac4862de0,04a46b43930b918f6ff0f6b53644df732f908c46,false,expansion,portable,c-programs,c-programs/nanosleep-threads-simple,verify,liteinst,expansion,diverge,0,,e3b0c44298fc1c149afbf4c8996fb92427ae41e4649b934ca495991b7852b855,160,,liteinst-verify-fail-exit1
fullcorpus,@1785876974,f80b1c09a6e8c3ed21a2a1d5ecd57edac4862de0,04a46b43930b918f6ff0f6b53644df732f908c46,false,expansion,portable,c-programs,c-programs/netlink-autobind-generic,verify,liteinst,expansion,pass,1,1,947db933d2beaaa7502b24b06bc2aa623116320e9099408e0714af30e877b237,240,,
fullcorpus,@1785876974,f80b1c09a6e8c3ed21a2a1d5ecd57edac4862de0,04a46b43930b918f6ff0f6b53644df732f908c46,false,expansion,portable,c-programs,c-programs/netlink-autobind-route,verify,liteinst,expansion,pass,1,1,6b579b3015fa46b849f2c563d3caa3f1113b30eda45f2c376a535ade155a5264,247,,
fullcorpus,@1785876974,f80b1c09a6e8c3ed21a2a1d5ecd57edac4862de0,04a46b43930b918f6ff0f6b53644df732f908c46,false,expansion,portable,c-programs,c-programs/netlink-autobind-usersock,verify,liteinst,expansion,pass,1,1,434cfac765f7a108d0f27c8b43ba45a2b7acff66219ef8104a01612dd7e70956,237,,
fullcorpus,@1785876974,f80b1c09a6e8c3ed21a2a1d5ecd57edac4862de0,04a46b43930b918f6ff0f6b53644df732f908c46,false,expansion,portable,c-programs,c-programs/netns-cookie-tcp4,verify,liteinst,expansion,pass,1,1,69c87be106187443c99bd437315cc2bb5e8110445a962b89b9d3d9d5446a505e,240,,
fullcorpus,@1785876974,f80b1c09a6e8c3ed21a2a1d5ecd57edac4862de0,04a46b43930b918f6ff0f6b53644df732f908c46,false,expansion,portable,c-programs,c-programs/netns-cookie-tcp6,verify,liteinst,expansion,pass,1,1,a6c1c996f6bed470020b9575b0884d32ba10a29938b56ce56dbcbce889a1c719,246,,
fullcorpus,@1785876974,f80b1c09a6e8c3ed21a2a1d5ecd57edac4862de0,04a46b43930b918f6ff0f6b53644df732f908c46,false,expansion,portable,c-programs,c-programs/netns-cookie-udp4,verify,liteinst,expansion,pass,1,1,3f3599e44c7dcd4ec95cf8d9e67c01200ce6a491020b553a010b6ee754095bb0,246,,
fullcorpus,@1785876974,f80b1c09a6e8c3ed21a2a1d5ecd57edac4862de0,04a46b43930b918f6ff0f6b53644df732f908c46,false,expansion,portable,c-programs,c-programs/perf-event-hardware-enosys,verify,liteinst,expansion,pass,1,1,c7ea49ae4eac3a1842c692e71eff658fde408e8ccb4b9a1efa9094b58a8d453a,238,,
fullcorpus,@1785876974,f80b1c09a6e8c3ed21a2a1d5ecd57edac4862de0,04a46b43930b918f6ff0f6b53644df732f908c46,false,expansion,portable,c-programs,c-programs/perf-event-open-enosys,verify,liteinst,expansion,pass,1,1,2ce5d62fee05f49913ea9ac04a79850be9af6e16eae2083b3054c2186d1fd933,246,,
fullcorpus,@1785876974,f80b1c09a6e8c3ed21a2a1d5ecd57edac4862de0,04a46b43930b918f6ff0f6b53644df732f908c46,false,expansion,portable,c-programs,c-programs/perf-event-software-enosys,verify,liteinst,expansion,pass,1,1,9dd8d0a9c51029d92fb24312cc38b62b647ab6e796f26f0670e2e54d062b54b6,245,,
fullcorpus,@1785876974,f80b1c09a6e8c3ed21a2a1d5ecd57edac4862de0,04a46b43930b918f6ff0f6b53644df732f908c46,false,expansion,portable,c-programs,c-programs/perf-event-watchpoint-enosys,verify,liteinst,expansion,pass,1,1,a3c1e5e84ae8a1c634c0fd8ad162c35918124d312ed7e23f44555334e58daf40,229,,
fullcorpus,@1785876974,f80b1c09a6e8c3ed21a2a1d5ecd57edac4862de0,04a46b43930b918f6ff0f6b53644df732f908c46,false,expansion,portable,c-programs,c-programs/periodic-setitimer-delivery,verify,liteinst,expansion,pass,1,1,db1d924766d35b4e879b61b7ca0256ae3656e1bcfb81e882ef4e754d9df0d87d,245,,
fullcorpus,@1785876974,f80b1c09a6e8c3ed21a2a1d5ecd57edac4862de0,04a46b43930b918f6ff0f6b53644df732f908c46,false,expansion,portable,c-programs,c-programs/pidfd-open-self,verify,liteinst,expansion,pass,1,1,eb85b13112d24bf3eabf6dc998951dba694fd8a544d48d55b0243fcea3a30de9,265,,
fullcorpus,@1785876974,f80b1c09a6e8c3ed21a2a1d5ecd57edac4862de0,04a46b43930b918f6ff0f6b53644df732f908c46,false,expansion,portable,c-programs,c-programs/pidfd-poll-self,verify,liteinst,expansion,pass,1,1,d9c4e30a92ce688e867036dd07e60be370ba398f888f35db4edc54730e9abe08,248,,
fullcorpus,@1785876974,f80b1c09a6e8c3ed21a2a1d5ecd57edac4862de0,04a46b43930b918f6ff0f6b53644df732f908c46,false,expansion,portable,c-programs,c-programs/pidfd-waitid-child,verify,liteinst,expansion,diverge,0,0,e3b0c44298fc1c149afbf4c8996fb92427ae41e4649b934ca495991b7852b855,4142,,liteinst-verify-fail-exit1
fullcorpus,@1785876974,f80b1c09a6e8c3ed21a2a1d5ecd57edac4862de0,04a46b43930b918f6ff0f6b53644df732f908c46,false,expansion,portable,c-programs,c-programs/ppoll-readv,verify,liteinst,expansion,pass,1,1,c03be617b251e1b37d3570212e2f93d6a815c70dfb73dca0dd25cef02468153a,259,,
fullcorpus,@1785876974,f80b1c09a6e8c3ed21a2a1d5ecd57edac4862de0,04a46b43930b918f6ff0f6b53644df732f908c46,false,expansion,portable,c-programs,c-programs/ppoll-simulation,verify,liteinst,expansion,diverge,0,0,e3b0c44298fc1c149afbf4c8996fb92427ae41e4649b934ca495991b7852b855,182,,liteinst-verify-fail-exit1
fullcorpus,@1785876974,f80b1c09a6e8c3ed21a2a1d5ecd57edac4862de0,04a46b43930b918f6ff0f6b53644df732f908c46,false,expansion,portable,c-programs,c-programs/prctl-dumpable,verify,liteinst,expansion,pass,1,1,789f3fd97e00c2b30751851b5bd08f2703b2539a14421d29dea17db83c379696,269,,
fullcorpus,@1785876974,f80b1c09a6e8c3ed21a2a1d5ecd57edac4862de0,04a46b43930b918f6ff0f6b53644df732f908c46,false,expansion,portable,c-programs,c-programs/pread64-nostdlib,verify,liteinst,expansion,diverge,0,0,e3b0c44298fc1c149afbf4c8996fb92427ae41e4649b934ca495991b7852b855,107,,liteinst-verify-fail-exit1
fullcorpus,@1785876974,f80b1c09a6e8c3ed21a2a1d5ecd57edac4862de0,04a46b43930b918f6ff0f6b53644df732f908c46,false,expansion,portable,c-programs,c-programs/print-memaddrs,verify,liteinst,expansion,pass,1,0,96d0c94365afcb14d2dcdfc5d0bd2ca10a77dac228b4ad5869d90da6097da349,273,,
fullcorpus,@1785876974,f80b1c09a6e8c3ed21a2a1d5ecd57edac4862de0,04a46b43930b918f6ff0f6b53644df732f908c46,false,expansion,portable,c-programs,c-programs/printf-with-threads,verify,liteinst,expansion,diverge,0,0,e3b0c44298fc1c149afbf4c8996fb92427ae41e4649b934ca495991b7852b855,171,,liteinst-verify-fail-exit1
fullcorpus,@1785876974,f80b1c09a6e8c3ed21a2a1d5ecd57edac4862de0,04a46b43930b918f6ff0f6b53644df732f908c46,false,expansion,portable,c-programs,c-programs/proc-fd-link-aliases,verify,liteinst,expansion,pass,1,1,a54aec5d7147422feac8782b9d053b8609b9f6a45b8b2ab71f16cca54da845a0,274,,
fullcorpus,@1785876974,f80b1c09a6e8c3ed21a2a1d5ecd57edac4862de0,04a46b43930b918f6ff0f6b53644df732f908c46,false,expansion,portable,c-programs,c-programs/proc-fdinfo,verify,liteinst,expansion,pass,1,0,a9f65739bca3deaed081e9926dd1193db80e35a6abd58d60374085d9d09d5b73,260,,
fullcorpus,@1785876974,f80b1c09a6e8c3ed21a2a1d5ecd57edac4862de0,04a46b43930b918f6ff0f6b53644df732f908c46,false,expansion,portable,c-programs,c-programs/proc-locks,verify,liteinst,expansion,pass,1,1,fa314d5543a63dd3d6317f97c24feb7b33c9a47fbeea304c79fbd732f5fea7a6,334,,
fullcorpus,@1785876974,f80b1c09a6e8c3ed21a2a1d5ecd57edac4862de0,04a46b43930b918f6ff0f6b53644df732f908c46,false,expansion,portable,c-programs,c-programs/process-mrelease-enosys,verify,liteinst,expansion,pass,1,1,c21e5000294b34b0a296fdceaa1377156cde383448706c80e1f4ad705bfdb076,261,,
fullcorpus,@1785876974,f80b1c09a6e8c3ed21a2a1d5ecd57edac4862de0,04a46b43930b918f6ff0f6b53644df732f908c46,false,expansion,portable,c-programs,c-programs/process-vm-readv-refusal-probe,verify,liteinst,expansion,pass,1,1,50905f5ed2b6d9b2083dc16aabfd535f7c531aa42e72dc6c2b67f36e70e97a66,248,,
fullcorpus,@1785876974,f80b1c09a6e8c3ed21a2a1d5ecd57edac4862de0,04a46b43930b918f6ff0f6b53644df732f908c46,false,expansion,portable,c-programs,c-programs/process-vm-writev-refusal-probe,verify,liteinst,expansion,pass,1,1,92c63d99c7bc830d36fb97a16d43febe7a7fcdca938131c9963f92c1b1a2b59d,263,,
fullcorpus,@1785876974,f80b1c09a6e8c3ed21a2a1d5ecd57edac4862de0,04a46b43930b918f6ff0f6b53644df732f908c46,false,expansion,portable,c-programs,c-programs/procfs-positioned-probe,verify,liteinst,expansion,pass,1,1,96c70ad84f7430a56bdf020c7e3c24dbbd8719d841a1cb616712b1b96ad38f03,263,,
fullcorpus,@1785876974,f80b1c09a6e8c3ed21a2a1d5ecd57edac4862de0,04a46b43930b918f6ff0f6b53644df732f908c46,false,expansion,portable,c-programs,c-programs/prodcons-determinism,verify,liteinst,expansion,diverge,0,0,e3b0c44298fc1c149afbf4c8996fb92427ae41e4649b934ca495991b7852b855,175,,liteinst-verify-fail-exit1
fullcorpus,@1785876974,f80b1c09a6e8c3ed21a2a1d5ecd57edac4862de0,04a46b43930b918f6ff0f6b53644df732f908c46,false,expansion,portable,c-programs,c-programs/pselect6-simulation,verify,liteinst,expansion,diverge,0,0,e3b0c44298fc1c149afbf4c8996fb92427ae41e4649b934ca495991b7852b855,178,,liteinst-verify-fail-exit1
fullcorpus,@1785876974,f80b1c09a6e8c3ed21a2a1d5ecd57edac4862de0,04a46b43930b918f6ff0f6b53644df732f908c46,false,expansion,portable,c-programs,c-programs/ptrace-attach-eperm,verify,liteinst,expansion,diverge,0,0,e3b0c44298fc1c149afbf4c8996fb92427ae41e4649b934ca495991b7852b855,4151,,liteinst-verify-fail-exit1
fullcorpus,@1785876974,f80b1c09a6e8c3ed21a2a1d5ecd57edac4862de0,04a46b43930b918f6ff0f6b53644df732f908c46,false,expansion,portable,c-programs,c-programs/ptrace-eperm,verify,liteinst,expansion,pass,1,1,4357c8a18b9107c54242303395afea99ea744c6c288d8db499b4e1062383de17,245,,
fullcorpus,@1785876974,f80b1c09a6e8c3ed21a2a1d5ecd57edac4862de0,04a46b43930b918f6ff0f6b53644df732f908c46,false,expansion,portable,c-programs,c-programs/ptrace-seize-eperm,verify,liteinst,expansion,diverge,0,0,e3b0c44298fc1c149afbf4c8996fb92427ae41e4649b934ca495991b7852b855,4167,,liteinst-verify-fail-exit1
fullcorpus,@1785876974,f80b1c09a6e8c3ed21a2a1d5ecd57edac4862de0,04a46b43930b918f6ff0f6b53644df732f908c46,false,expansion,portable,c-programs,c-programs/ptrace-traceme-eperm,verify,liteinst,expansion,pass,1,1,7ceef18c073f15987e5d89441dc5bf378f7c1b50e8bf3ac626a6ea3eaa9cad56,246,,
fullcorpus,@1785876974,f80b1c09a6e8c3ed21a2a1d5ecd57edac4862de0,04a46b43930b918f6ff0f6b53644df732f908c46,false,expansion,portable,c-programs,c-programs/pty-nr-count,verify,liteinst,expansion,pass,1,1,d6aa3c553b74b5052939893a096d0f320c69d79a52c3ed819d2c10f57ea6e3ac,264,,
fullcorpus,@1785876974,f80b1c09a6e8c3ed21a2a1d5ecd57edac4862de0,04a46b43930b918f6ff0f6b53644df732f908c46,false,expansion,portable,c-programs,c-programs/racewrite-nostdlib,verify,liteinst,expansion,diverge,0,0,e3b0c44298fc1c149afbf4c8996fb92427ae41e4649b934ca495991b7852b855,115,,liteinst-verify-fail-exit1
fullcorpus,@1785876974,f80b1c09a6e8c3ed21a2a1d5ecd57edac4862de0,04a46b43930b918f6ff0f6b53644df732f908c46,false,expansion,portable,c-programs,c-programs/random-sources,verify,liteinst,expansion,diverge,0,0,e3b0c44298fc1c149afbf4c8996fb92427ae41e4649b934ca495991b7852b855,163,,liteinst-verify-fail-exit1
fullcorpus,@1785876974,f80b1c09a6e8c3ed21a2a1d5ecd57edac4862de0,04a46b43930b918f6ff0f6b53644df732f908c46,false,expansion,portable,c-programs,c-programs/rcx-canonicalization,verify,liteinst,expansion,pass,1,1,60ab39b068f20e83e1e12d5fc849301a3ee11bab51ddf3f0f8240e5c38b7ed25,242,,
fullcorpus,@1785876974,f80b1c09a6e8c3ed21a2a1d5ecd57edac4862de0,04a46b43930b918f6ff0f6b53644df732f908c46,false,expansion,portable,c-programs,c-programs/record-replay-fd-close,verify,liteinst,expansion,diverge,0,0,e3b0c44298fc1c149afbf4c8996fb92427ae41e4649b934ca495991b7852b855,228,,liteinst-verify-fail-exit1
fullcorpus,@1785876974,f80b1c09a6e8c3ed21a2a1d5ecd57edac4862de0,04a46b43930b918f6ff0f6b53644df732f908c46,false,expansion,portable,c-programs,c-programs/record-replay-file-state,verify,liteinst,expansion,diverge,0,0,e3b0c44298fc1c149afbf4c8996fb92427ae41e4649b934ca495991b7852b855,4161,,liteinst-verify-fail-exit1
fullcorpus,@1785876974,f80b1c09a6e8c3ed21a2a1d5ecd57edac4862de0,04a46b43930b918f6ff0f6b53644df732f908c46,false,expansion,portable,c-programs,c-programs/record-replay-lseek-seek-cur,verify,liteinst,expansion,diverge,0,,e3b0c44298fc1c149afbf4c8996fb92427ae41e4649b934ca495991b7852b855,149,,liteinst-verify-fail-exit1
fullcorpus,@1785876974,f80b1c09a6e8c3ed21a2a1d5ecd57edac4862de0,04a46b43930b918f6ff0f6b53644df732f908c46,false,expansion,portable,c-programs,c-programs/record-replay-setsockopt,verify,liteinst,expansion,pass,1,1,81a01674bdbc3ed8aff53344a3ca68dd615e08ff5a413f537980546e30757714,245,,
fullcorpus,@1785876974,f80b1c09a6e8c3ed21a2a1d5ecd57edac4862de0,04a46b43930b918f6ff0f6b53644df732f908c46,false,expansion,portable,c-programs,c-programs/recvmsg-scm-rights-mmap,verify,liteinst,expansion,pass,1,1,50212370d90ce8b680af7c5a9448684c494dc504956193611b2f034831e5c80d,238,,
fullcorpus,@1785876974,f80b1c09a6e8c3ed21a2a1d5ecd57edac4862de0,04a46b43930b918f6ff0f6b53644df732f908c46,false,expansion,portable,c-programs,c-programs/remap-file-pages-anonymous-enosys,verify,liteinst,expansion,pass,1,1,18b174a569bfacdfaa99b5ec11dec76b5c857e910913d52f2b0886ccf43c8de5,241,,
fullcorpus,@1785876974,f80b1c09a6e8c3ed21a2a1d5ecd57edac4862de0,04a46b43930b918f6ff0f6b53644df732f908c46,false,expansion,portable,c-programs,c-programs/remap-file-pages-memfd-enosys,verify,liteinst,expansion,pass,1,1,bd053ef4819b7e8bcfbb6cae1bfce238da7007e770af9efcdd46419aedff5631,243,,
fullcorpus,@1785876974,f80b1c09a6e8c3ed21a2a1d5ecd57edac4862de0,04a46b43930b918f6ff0f6b53644df732f908c46,false,expansion,portable,c-programs,c-programs/remap-file-pages-tmpfile-enosys,verify,liteinst,expansion,pass,1,1,86f8d7cfd95fa8053265e9077e7cefc2b5f36f9060c8719f7f2652421a984d31,242,,
fullcorpus,@1785876974,f80b1c09a6e8c3ed21a2a1d5ecd57edac4862de0,04a46b43930b918f6ff0f6b53644df732f908c46,false,expansion,portable,c-programs,c-programs/request-key-enosys,verify,liteinst,expansion,pass,1,1,745b53ba9579787b43a3a4b6271a471d8915b07ef8be45f28360fc0fb683d9d1,247,,
fullcorpus,@1785876974,f80b1c09a6e8c3ed21a2a1d5ecd57edac4862de0,04a46b43930b918f6ff0f6b53644df732f908c46,false,expansion,portable,c-programs,c-programs/resource-determinism,verify,liteinst,expansion,diverge,0,0,e3b0c44298fc1c149afbf4c8996fb92427ae41e4649b934ca495991b7852b855,4146,,liteinst-verify-fail-exit1
fullcorpus,@1785876974,f80b1c09a6e8c3ed21a2a1d5ecd57edac4862de0,04a46b43930b918f6ff0f6b53644df732f908c46,false,expansion,portable,c-programs,c-programs/sched-setattr-batch,verify,liteinst,expansion,pass,1,1,99eac8d5cfe2b3c98d2a509ad3c4095f749dedf91bfe3a50c888ca25482ff328,225,,
fullcorpus,@1785876974,f80b1c09a6e8c3ed21a2a1d5ecd57edac4862de0,04a46b43930b918f6ff0f6b53644df732f908c46,false,expansion,portable,c-programs,c-programs/sched-setattr-idle,verify,liteinst,expansion,pass,1,1,5ee4cb2f5210f1a5945af443dbb57effe1a8f04c69f632d2391781c6f900af7c,232,,
fullcorpus,@1785876974,f80b1c09a6e8c3ed21a2a1d5ecd57edac4862de0,04a46b43930b918f6ff0f6b53644df732f908c46,false,expansion,portable,c-programs,c-programs/sched-setattr-other,verify,liteinst,expansion,pass,1,1,b9b3b39b4487c39eff3a18989355c0d25dae1bbef9c9eb9868729f3335163e9d,229,,
fullcorpus,@1785876974,f80b1c09a6e8c3ed21a2a1d5ecd57edac4862de0,04a46b43930b918f6ff0f6b53644df732f908c46,false,expansion,portable,c-programs,c-programs/sched-yield-progress,verify,liteinst,expansion,diverge,0,0,e3b0c44298fc1c149afbf4c8996fb92427ae41e4649b934ca495991b7852b855,170,,liteinst-verify-fail-exit1
fullcorpus,@1785876974,f80b1c09a6e8c3ed21a2a1d5ecd57edac4862de0,04a46b43930b918f6ff0f6b53644df732f908c46,false,expansion,portable,c-programs,c-programs/scheduler-policy-queries,verify,liteinst,expansion,pass,1,1,49a4292eaa9d835040b884177ac3fed11611ee037c7577af8a28d977675dde27,220,,
fullcorpus,@1785876974,f80b1c09a6e8c3ed21a2a1d5ecd57edac4862de0,04a46b43930b918f6ff0f6b53644df732f908c46,false,expansion,portable,c-programs,c-programs/setitimer-determinism,verify,liteinst,expansion,pass,1,1,aa8afff1d4a0e29340065da47212a4ac237980d07744f94ed540f13789097ba5,242,,
fullcorpus,@1785876974,f80b1c09a6e8c3ed21a2a1d5ecd57edac4862de0,04a46b43930b918f6ff0f6b53644df732f908c46,false,expansion,portable,c-programs,c-programs/sigmask-preemption,verify,liteinst,expansion,diverge,0,0,e3b0c44298fc1c149afbf4c8996fb92427ae41e4649b934ca495991b7852b855,163,,liteinst-verify-fail-exit1
fullcorpus,@1785876974,f80b1c09a6e8c3ed21a2a1d5ecd57edac4862de0,04a46b43930b918f6ff0f6b53644df732f908c46,false,expansion,portable,c-programs,c-programs/signal-determinism,verify,liteinst,expansion,diverge,0,,e3b0c44298fc1c149afbf4c8996fb92427ae41e4649b934ca495991b7852b855,155,,liteinst-verify-fail-exit1
fullcorpus,@1785876974,f80b1c09a6e8c3ed21a2a1d5ecd57edac4862de0,04a46b43930b918f6ff0f6b53644df732f908c46,false,expansion,portable,c-programs,c-programs/sigpipe-siginfo,verify,liteinst,expansion,pass,1,1,57183d003d231921d403a385a50ab1282fa28a31b248357f7c19d1071854e87c,248,,
fullcorpus,@1785876974,f80b1c09a6e8c3ed21a2a1d5ecd57edac4862de0,04a46b43930b918f6ff0f6b53644df732f908c46,false,expansion,portable,c-programs,c-programs/sigtimedwait-no-timeout,verify,liteinst,expansion,diverge,0,0,e3b0c44298fc1c149afbf4c8996fb92427ae41e4649b934ca495991b7852b855,150,,liteinst-verify-fail-exit1
fullcorpus,@1785876974,f80b1c09a6e8c3ed21a2a1d5ecd57edac4862de0,04a46b43930b918f6ff0f6b53644df732f908c46,false,expansion,portable,c-programs,c-programs/sigtimedwait-timeout-0s,verify,liteinst,expansion,diverge,0,0,e3b0c44298fc1c149afbf4c8996fb92427ae41e4649b934ca495991b7852b855,145,,liteinst-verify-fail-exit1
fullcorpus,@1785876974,f80b1c09a6e8c3ed21a2a1d5ecd57edac4862de0,04a46b43930b918f6ff0f6b53644df732f908c46,false,expansion,portable,c-programs,c-programs/sigtimedwait-timeout-1s,verify,liteinst,expansion,diverge,0,0,e3b0c44298fc1c149afbf4c8996fb92427ae41e4649b934ca495991b7852b855,164,,liteinst-verify-fail-exit1
fullcorpus,@1785876974,f80b1c09a6e8c3ed21a2a1d5ecd57edac4862de0,04a46b43930b918f6ff0f6b53644df732f908c46,false,expansion,portable,c-programs,c-programs/so-incoming-cpu-tcp4,verify,liteinst,expansion,pass,1,1,37d9e0d38876a4913d49d1524721047328ff7d139c4bea030fc003d86325cb12,257,,
fullcorpus,@1785876974,f80b1c09a6e8c3ed21a2a1d5ecd57edac4862de0,04a46b43930b918f6ff0f6b53644df732f908c46,false,expansion,portable,c-programs,c-programs/so-incoming-cpu-tcp6,verify,liteinst,expansion,pass,1,1,71986d6a252d40985852f55c3577bc0d86ae15e892c678bea20d0f320e584593,251,,
fullcorpus,@1785876974,f80b1c09a6e8c3ed21a2a1d5ecd57edac4862de0,04a46b43930b918f6ff0f6b53644df732f908c46,false,expansion,portable,c-programs,c-programs/so-incoming-cpu-udp4,verify,liteinst,expansion,pass,1,1,b49fc8be9466892afd2c8ad552ba7b28128fc5ac32fc5d89f9a1146264aa4dc7,223,,
fullcorpus,@1785876974,f80b1c09a6e8c3ed21a2a1d5ecd57edac4862de0,04a46b43930b918f6ff0f6b53644df732f908c46,false,expansion,portable,c-programs,c-programs/socket-cookie-tcp,verify,liteinst,expansion,pass,1,1,6180a36432851ee86fbec823dd6fe6c7588f786bfadefd70480438b246053b6b,231,,
fullcorpus,@1785876974,f80b1c09a6e8c3ed21a2a1d5ecd57edac4862de0,04a46b43930b918f6ff0f6b53644df732f908c46,false,expansion,portable,c-programs,c-programs/socket-cookie-udp,verify,liteinst,expansion,pass,1,1,2d06feadf81160afca89105d6b83f0ce0a7296070a855b1b25b8b72d58e724be,227,,
fullcorpus,@1785876974,f80b1c09a6e8c3ed21a2a1d5ecd57edac4862de0,04a46b43930b918f6ff0f6b53644df732f908c46,false,expansion,portable,c-programs,c-programs/socket-cookie-unix,verify,liteinst,expansion,pass,1,1,af2ebd36b3b776fa4c0c4c215288f5e66fa5241f8dfda47f8ef017ba351e3734,251,,
fullcorpus,@1785876974,f80b1c09a6e8c3ed21a2a1d5ecd57edac4862de0,04a46b43930b918f6ff0f6b53644df732f908c46,false,expansion,portable,c-programs,c-programs/socket-ioctl-timestamp,verify,liteinst,expansion,diverge,0,,e3b0c44298fc1c149afbf4c8996fb92427ae41e4649b934ca495991b7852b855,163,,liteinst-verify-fail-exit1
fullcorpus,@1785876974,f80b1c09a6e8c3ed21a2a1d5ecd57edac4862de0,04a46b43930b918f6ff0f6b53644df732f908c46,false,expansion,portable,c-programs,c-programs/socket-timestamp-edge-cases,verify,liteinst,expansion,pass,1,1,237ff1081253f64aba6ed9e84bad994c1c481d9bd2312ba4fe80afa1d959f9cc,226,,
fullcorpus,@1785876974,f80b1c09a6e8c3ed21a2a1d5ecd57edac4862de0,04a46b43930b918f6ff0f6b53644df732f908c46,false,expansion,portable,c-programs,c-programs/socket-timestamp-timespec,verify,liteinst,expansion,pass,1,1,4a5eae51288da929c514799c22251bb18ec475d82ca4a648f9732da9a00cfd75,225,,
fullcorpus,@1785876974,f80b1c09a6e8c3ed21a2a1d5ecd57edac4862de0,04a46b43930b918f6ff0f6b53644df732f908c46,false,expansion,portable,c-programs,c-programs/socket-timestamp-timeval,verify,liteinst,expansion,pass,1,1,2a6d69ec1e29905992985dd6131920efd96bd015b70cd2c003724b8065750683,235,,
fullcorpus,@1785876974,f80b1c09a6e8c3ed21a2a1d5ecd57edac4862de0,04a46b43930b918f6ff0f6b53644df732f908c46,false,expansion,portable,c-programs,c-programs/splice-enosys,verify,liteinst,expansion,pass,1,1,0bc4f64fe4ad2292443e402eba4830484779aeb4370264c9c0abfa7a78f95c8e,243,,
fullcorpus,@1785876974,f80b1c09a6e8c3ed21a2a1d5ecd57edac4862de0,04a46b43930b918f6ff0f6b53644df732f908c46,false,expansion,portable,c-programs,c-programs/statmount-enosys,verify,liteinst,expansion,pass,1,1,84a55d7cfcd9fe81a459d4852c82ddf5ad78845213534c19fa6dcdef66cfdf95,231,,
fullcorpus,@1785876974,f80b1c09a6e8c3ed21a2a1d5ecd57edac4862de0,04a46b43930b918f6ff0f6b53644df732f908c46,false,expansion,portable,c-programs,c-programs/syscall-file-io,verify,liteinst,expansion,pass,1,1,632d0f8b9698ef9868e243dd5432fca72d482ec38beb954c8af6f6ddf94e8e51,241,,
fullcorpus,@1785876974,f80b1c09a6e8c3ed21a2a1d5ecd57edac4862de0,04a46b43930b918f6ff0f6b53644df732f908c46,false,expansion,portable,c-programs,c-programs/syscall-file-metadata,verify,liteinst,expansion,pass,1,1,57a74d78ecf93f4f8f188f946cdd5345bed2d126fc15a9f362d320bed2c5236a,263,,
fullcorpus,@1785876974,f80b1c09a6e8c3ed21a2a1d5ecd57edac4862de0,04a46b43930b918f6ff0f6b53644df732f908c46,false,expansion,portable,c-programs,c-programs/syscall-quick-wins,verify,liteinst,expansion,pass,1,1,5d19b00a019f367eb9008a6429952f1970209bcf9d10ccae126091a6cdd87193,250,,
fullcorpus,@1785876974,f80b1c09a6e8c3ed21a2a1d5ecd57edac4862de0,04a46b43930b918f6ff0f6b53644df732f908c46,false,expansion,portable,c-programs,c-programs/sysfs-enosys,verify,liteinst,expansion,pass,1,1,77a60c6b8a6c3c908333e6f4dfa94a2c397b1bd7c93991eebb8ed5915b0ad95f,221,,
fullcorpus,@1785876974,f80b1c09a6e8c3ed21a2a1d5ecd57edac4862de0,04a46b43930b918f6ff0f6b53644df732f908c46,false,expansion,portable,c-programs,c-programs/sysinfo-uptime,verify,liteinst,expansion,diverge,0,0,e3b0c44298fc1c149afbf4c8996fb92427ae41e4649b934ca495991b7852b855,141,,liteinst-verify-fail-exit1
fullcorpus,@1785876974,f80b1c09a6e8c3ed21a2a1d5ecd57edac4862de0,04a46b43930b918f6ff0f6b53644df732f908c46,false,expansion,portable,c-programs,c-programs/sysinfo,verify,liteinst,expansion,pass,1,0,1e2dbca16ba8e7af6736391acd4f68703a79344b1966737b9524391bd27560db,216,,
fullcorpus,@1785876974,f80b1c09a6e8c3ed21a2a1d5ecd57edac4862de0,04a46b43930b918f6ff0f6b53644df732f908c46,false,expansion,portable,c-programs,c-programs/syslog-deterministic,verify,liteinst,expansion,pass,1,1,c23edf066d3bda360f91b47308f840e8b42b87278b5e379c8d71d8bf10a255d2,225,,
fullcorpus,@1785876974,f80b1c09a6e8c3ed21a2a1d5ecd57edac4862de0,04a46b43930b918f6ff0f6b53644df732f908c46,false,expansion,portable,c-programs,c-programs/sysv-sem-enosys,verify,liteinst,expansion,pass,1,1,f024dd91d8c142074c08ff93925022b5acfeab0e3d58d7ea1fdbdee13ebada99,213,,
fullcorpus,@1785876974,f80b1c09a6e8c3ed21a2a1d5ecd57edac4862de0,04a46b43930b918f6ff0f6b53644df732f908c46,false,expansion,portable,c-programs,c-programs/sysv-shm-enosys,verify,liteinst,expansion,pass,1,1,7b4564e64aa38d43273e5e7e1df8e80071b1c9219f7de2628fa37e6ab4da5794,245,,
fullcorpus,@1785876974,f80b1c09a6e8c3ed21a2a1d5ecd57edac4862de0,04a46b43930b918f6ff0f6b53644df732f908c46,false,expansion,portable,c-programs,c-programs/tcp-info-accept4,verify,liteinst,expansion,pass,1,1,c830be750b315e97d977e5cc40104658ccccaf34f1b26068556c22b37f7cf950,244,,
fullcorpus,@1785876974,f80b1c09a6e8c3ed21a2a1d5ecd57edac4862de0,04a46b43930b918f6ff0f6b53644df732f908c46,false,expansion,portable,c-programs,c-programs/tcp-info-accept6,verify,liteinst,expansion,pass,1,1,4b386d711c9c58617076dd9ffc01f4f517fc3f6d7d1a21c78d5b728fa66ad5ec,235,,
fullcorpus,@1785876974,f80b1c09a6e8c3ed21a2a1d5ecd57edac4862de0,04a46b43930b918f6ff0f6b53644df732f908c46,false,expansion,portable,c-programs,c-programs/tcp-info-client4,verify,liteinst,expansion,pass,1,1,29047556927b663805202185a671154cc0f9331208fdb57bc9fefe51e26f9d74,240,,
fullcorpus,@1785876974,f80b1c09a6e8c3ed21a2a1d5ecd57edac4862de0,04a46b43930b918f6ff0f6b53644df732f908c46,false,expansion,portable,c-programs,c-programs/tee-enosys,verify,liteinst,expansion,pass,1,1,1c8d3e5b5c25e921430729592b73be499a63f45dc355ac8686a3070d1e2f6108,236,,
fullcorpus,@1785876974,f80b1c09a6e8c3ed21a2a1d5ecd57edac4862de0,04a46b43930b918f6ff0f6b53644df732f908c46,false,expansion,portable,c-programs,c-programs/thread-self-procfs-handoff,verify,liteinst,expansion,diverge,0,0,e3b0c44298fc1c149afbf4c8996fb92427ae41e4649b934ca495991b7852b855,217,,liteinst-verify-fail-exit1
fullcorpus,@1785876974,f80b1c09a6e8c3ed21a2a1d5ecd57edac4862de0,04a46b43930b918f6ff0f6b53644df732f908c46,false,expansion,portable,c-programs,c-programs/thread-sync-determinism,verify,liteinst,expansion,diverge,0,,e3b0c44298fc1c149afbf4c8996fb92427ae41e4649b934ca495991b7852b855,158,,liteinst-verify-fail-exit1
fullcorpus,@1785876974,f80b1c09a6e8c3ed21a2a1d5ecd57edac4862de0,04a46b43930b918f6ff0f6b53644df732f908c46,false,expansion,portable,c-programs,c-programs/threadexhaustion,verify,liteinst,expansion,diverge,0,0,e3b0c44298fc1c149afbf4c8996fb92427ae41e4649b934ca495991b7852b855,165,,liteinst-verify-fail-exit1
fullcorpus,@1785876974,f80b1c09a6e8c3ed21a2a1d5ecd57edac4862de0,04a46b43930b918f6ff0f6b53644df732f908c46,false,expansion,portable,c-programs,c-programs/timer-create-determinism,verify,liteinst,expansion,pass,1,1,88d3c6bddc5cce602a98a315d6413f65c9be3b4af294699a8a553337ef4033ae,237,,
fullcorpus,@1785876974,f80b1c09a6e8c3ed21a2a1d5ecd57edac4862de0,04a46b43930b918f6ff0f6b53644df732f908c46,false,expansion,portable,c-programs,c-programs/uname,verify,liteinst,expansion,pass,1,1,29a9d1c5f680e45d5fdca33498014a47ce0a123af49e3fecb74543db547788be,233,,
fullcorpus,@1785876974,f80b1c09a6e8c3ed21a2a1d5ecd57edac4862de0,04a46b43930b918f6ff0f6b53644df732f908c46,false,expansion,portable,c-programs,c-programs/unix-autobind-dgram,verify,liteinst,expansion,pass,1,1,b3679cef7d4cbb0bfc40803796036d2ea2e8262e846ad4d345c0c0646e79d21b,227,,
fullcorpus,@1785876974,f80b1c09a6e8c3ed21a2a1d5ecd57edac4862de0,04a46b43930b918f6ff0f6b53644df732f908c46,false,expansion,portable,c-programs,c-programs/unix-autobind-seqpacket,verify,liteinst,expansion,pass,1,1,adab29374a2e454a06823fd8e1ecc9ba038ed4be7ad9f95ae67cebeec58a3d8c,227,,
fullcorpus,@1785876974,f80b1c09a6e8c3ed21a2a1d5ecd57edac4862de0,04a46b43930b918f6ff0f6b53644df732f908c46,false,expansion,portable,c-programs,c-programs/unix-autobind-stream,verify,liteinst,expansion,pass,1,1,91304ad318232da9ea6432240290691ddc20ad0ebf2e4c889c7ab6cd3f71db0c,227,,
fullcorpus,@1785876974,f80b1c09a6e8c3ed21a2a1d5ecd57edac4862de0,04a46b43930b918f6ff0f6b53644df732f908c46,false,expansion,portable,c-programs,c-programs/ustat-enosys,verify,liteinst,expansion,pass,1,1,a3385f3800f1f726246c5551a73e98c6ae29a6dd2757326caac8afdf53bb90d3,232,,
fullcorpus,@1785876974,f80b1c09a6e8c3ed21a2a1d5ecd57edac4862de0,04a46b43930b918f6ff0f6b53644df732f908c46,false,expansion,portable,c-programs,c-programs/vforkexec,verify,liteinst,expansion,diverge,0,0,e3b0c44298fc1c149afbf4c8996fb92427ae41e4649b934ca495991b7852b855,4125,,liteinst-verify-fail-exit1
fullcorpus,@1785876974,f80b1c09a6e8c3ed21a2a1d5ecd57edac4862de0,04a46b43930b918f6ff0f6b53644df732f908c46,false,expansion,portable,c-programs,c-programs/vmsplice-enosys,verify,liteinst,expansion,pass,1,1,8f5a5d41aa1ad4af965f89cb80f73347c556f46f42dfaca5a32853b7798fe6f0,227,,
fullcorpus,@1785876974,f80b1c09a6e8c3ed21a2a1d5ecd57edac4862de0,04a46b43930b918f6ff0f6b53644df732f908c46,false,expansion,portable,c-programs,c-programs/wait-on-child,verify,liteinst,expansion,diverge,0,0,e3b0c44298fc1c149afbf4c8996fb92427ae41e4649b934ca495991b7852b855,4161,,liteinst-verify-fail-exit1
fullcorpus,@1785876974,f80b1c09a6e8c3ed21a2a1d5ecd57edac4862de0,04a46b43930b918f6ff0f6b53644df732f908c46,false,expansion,portable,c-programs,c-programs/writev-determinism,verify,liteinst,expansion,diverge,0,0,6512ed89795e96b012c9cc09575601e225bc7262464771a63048be921f5298c7,163,,liteinst-verify-fail-exit1
fullcorpus,@1785876974,f80b1c09a6e8c3ed21a2a1d5ecd57edac4862de0,04a46b43930b918f6ff0f6b53644df732f908c46,false,expansion,portable,chaos-c,chaos-c/lock-granularity,verify,liteinst,expansion,diverge,0,0,e3b0c44298fc1c149afbf4c8996fb92427ae41e4649b934ca495991b7852b855,142,,liteinst-verify-fail-exit1
fullcorpus,@1785876974,f80b1c09a6e8c3ed21a2a1d5ecd57edac4862de0,04a46b43930b918f6ff0f6b53644df732f908c46,false,expansion,portable,data-handling,data-handling/archive-roundtrip,verify,liteinst,expansion,diverge,0,,e3b0c44298fc1c149afbf4c8996fb92427ae41e4649b934ca495991b7852b855,192,,liteinst-verify-fail-exit1
fullcorpus,@1785876974,f80b1c09a6e8c3ed21a2a1d5ecd57edac4862de0,04a46b43930b918f6ff0f6b53644df732f908c46,false,expansion,portable,data-handling,data-handling/shell-pipeline,verify,liteinst,expansion,diverge,0,,e3b0c44298fc1c149afbf4c8996fb92427ae41e4649b934ca495991b7852b855,183,,liteinst-verify-fail-exit1
fullcorpus,@1785876974,f80b1c09a6e8c3ed21a2a1d5ecd57edac4862de0,04a46b43930b918f6ff0f6b53644df732f908c46,false,expansion,portable,debugger-c,debugger-c/debuggee,verify,liteinst,expansion,pass,1,1,48d3d236efc470a63642ab7a23fc174f378f389d2f6738b84db4f7a550ce4192,212,,
fullcorpus,@1785876974,f80b1c09a6e8c3ed21a2a1d5ecd57edac4862de0,04a46b43930b918f6ff0f6b53644df732f908c46,false,expansion,portable,determinism-stress-c,determinism-stress-c/fork-tree,verify,liteinst,expansion,diverge,0,0,e3b0c44298fc1c149afbf4c8996fb92427ae41e4649b934ca495991b7852b855,4141,,liteinst-verify-fail-exit1
fullcorpus,@1785876974,f80b1c09a6e8c3ed21a2a1d5ecd57edac4862de0,04a46b43930b918f6ff0f6b53644df732f908c46,false,expansion,portable,determinism-stress-c,determinism-stress-c/lock-free,verify,liteinst,expansion,diverge,0,0,e3b0c44298fc1c149afbf4c8996fb92427ae41e4649b934ca495991b7852b855,153,,liteinst-verify-fail-exit1
fullcorpus,@1785876974,f80b1c09a6e8c3ed21a2a1d5ecd57edac4862de0,04a46b43930b918f6ff0f6b53644df732f908c46,false,expansion,portable,determinism-stress-c,determinism-stress-c/mmap-fork-shared,verify,liteinst,expansion,diverge,0,0,e3b0c44298fc1c149afbf4c8996fb92427ae41e4649b934ca495991b7852b855,4156,,liteinst-verify-fail-exit1
fullcorpus,@1785876974,f80b1c09a6e8c3ed21a2a1d5ecd57edac4862de0,04a46b43930b918f6ff0f6b53644df732f908c46,false,expansion,portable,determinism-stress-c,determinism-stress-c/pid-tid,verify,liteinst,expansion,diverge,0,0,e3b0c44298fc1c149afbf4c8996fb92427ae41e4649b934ca495991b7852b855,142,,liteinst-verify-fail-exit1
fullcorpus,@1785876974,f80b1c09a6e8c3ed21a2a1d5ecd57edac4862de0,04a46b43930b918f6ff0f6b53644df732f908c46,false,expansion,portable,determinism-stress-c,determinism-stress-c/pipe-chain,verify,liteinst,expansion,diverge,0,0,e3b0c44298fc1c149afbf4c8996fb92427ae41e4649b934ca495991b7852b855,4159,,liteinst-verify-fail-exit1
fullcorpus,@1785876974,f80b1c09a6e8c3ed21a2a1d5ecd57edac4862de0,04a46b43930b918f6ff0f6b53644df732f908c46,false,expansion,portable,determinism-stress-c,determinism-stress-c/pipe-prefill,verify,liteinst,expansion,diverge,0,0,e3b0c44298fc1c149afbf4c8996fb92427ae41e4649b934ca495991b7852b855,4159,,liteinst-verify-fail-exit1
fullcorpus,@1785876974,f80b1c09a6e8c3ed21a2a1d5ecd57edac4862de0,04a46b43930b918f6ff0f6b53644df732f908c46,false,expansion,portable,determinism-stress-c,determinism-stress-c/producer-consumer,verify,liteinst,expansion,diverge,0,0,e3b0c44298fc1c149afbf4c8996fb92427ae41e4649b934ca495991b7852b855,145,,liteinst-verify-fail-exit1
fullcorpus,@1785876974,f80b1c09a6e8c3ed21a2a1d5ecd57edac4862de0,04a46b43930b918f6ff0f6b53644df732f908c46,false,expansion,portable,determinism-stress-c,determinism-stress-c/signal-order,verify,liteinst,expansion,diverge,0,0,e3b0c44298fc1c149afbf4c8996fb92427ae41e4649b934ca495991b7852b855,144,,liteinst-verify-fail-exit1
fullcorpus,@1785876974,f80b1c09a6e8c3ed21a2a1d5ecd57edac4862de0,04a46b43930b918f6ff0f6b53644df732f908c46,false,expansion,portable,determinism-stress-c,determinism-stress-c/thread-contention,verify,liteinst,expansion,diverge,0,,e3b0c44298fc1c149afbf4c8996fb92427ae41e4649b934ca495991b7852b855,146,,liteinst-verify-fail-exit1
fullcorpus,@1785876974,f80b1c09a6e8c3ed21a2a1d5ecd57edac4862de0,04a46b43930b918f6ff0f6b53644df732f908c46,false,expansion,portable,determinism-stress-c,determinism-stress-c/thread-stress,verify,liteinst,expansion,diverge,0,0,e3b0c44298fc1c149afbf4c8996fb92427ae41e4649b934ca495991b7852b855,154,,liteinst-verify-fail-exit1
fullcorpus,@1785876974,f80b1c09a6e8c3ed21a2a1d5ecd57edac4862de0,04a46b43930b918f6ff0f6b53644df732f908c46,false,expansion,portable,determinism-stress,determinism-stress/example-race,verify,liteinst,expansion,diverge,0,0,e3b0c44298fc1c149afbf4c8996fb92427ae41e4649b934ca495991b7852b855,4190,,liteinst-verify-fail-exit1
fullcorpus,@1785876974,f80b1c09a6e8c3ed21a2a1d5ecd57edac4862de0,04a46b43930b918f6ff0f6b53644df732f908c46,false,expansion,portable,determinism-stress,determinism-stress/order-violation,verify,liteinst,expansion,diverge,0,0,e3b0c44298fc1c149afbf4c8996fb92427ae41e4649b934ca495991b7852b855,151,,liteinst-verify-fail-exit1
fullcorpus,@1785876974,f80b1c09a6e8c3ed21a2a1d5ecd57edac4862de0,04a46b43930b918f6ff0f6b53644df732f908c46,false,expansion,portable,determinism-stress,determinism-stress/process-chains,verify,liteinst,expansion,diverge,0,,e3b0c44298fc1c149afbf4c8996fb92427ae41e4649b934ca495991b7852b855,188,,liteinst-verify-fail-exit1
fullcorpus,@1785876974,f80b1c09a6e8c3ed21a2a1d5ecd57edac4862de0,04a46b43930b918f6ff0f6b53644df732f908c46,false,expansion,portable,determinism-stress,determinism-stress/thread-contention,verify,liteinst,expansion,diverge,0,,e3b0c44298fc1c149afbf4c8996fb92427ae41e4649b934ca495991b7852b855,211,,liteinst-verify-fail-exit1
fullcorpus,@1785876974,f80b1c09a6e8c3ed21a2a1d5ecd57edac4862de0,04a46b43930b918f6ff0f6b53644df732f908c46,false,expansion,portable,determinism-stress,determinism-stress/thread-output,verify,liteinst,expansion,diverge,0,0,e3b0c44298fc1c149afbf4c8996fb92427ae41e4649b934ca495991b7852b855,195,,liteinst-verify-fail-exit1
fullcorpus,@1785876974,f80b1c09a6e8c3ed21a2a1d5ecd57edac4862de0,04a46b43930b918f6ff0f6b53644df732f908c46,false,expansion,portable,language-runtimes,language-runtimes/bash-loop-pipe-time,verify,liteinst,expansion,diverge,0,0,e3b0c44298fc1c149afbf4c8996fb92427ae41e4649b934ca495991b7852b855,192,,liteinst-verify-fail-exit1
fullcorpus,@1785876974,f80b1c09a6e8c3ed21a2a1d5ecd57edac4862de0,04a46b43930b918f6ff0f6b53644df732f908c46,false,expansion,portable,language-runtimes,language-runtimes/example-python-random,verify,liteinst,expansion,pass,1,1,e1b8db378cfd66571bc2d0dbe0b45e1bd3eaecb5d6e0e4d51fd1c0ed053113b0,953,,
fullcorpus,@1785876974,f80b1c09a6e8c3ed21a2a1d5ecd57edac4862de0,04a46b43930b918f6ff0f6b53644df732f908c46,false,expansion,portable,language-runtimes,language-runtimes/gawk-random,verify,liteinst,expansion,diverge,0,0,e3b0c44298fc1c149afbf4c8996fb92427ae41e4649b934ca495991b7852b855,197,,liteinst-verify-fail-exit1
fullcorpus,@1785876974,f80b1c09a6e8c3ed21a2a1d5ecd57edac4862de0,04a46b43930b918f6ff0f6b53644df732f908c46,false,expansion,portable,language-runtimes,language-runtimes/perl-io-subprocess-time,verify,liteinst,expansion,diverge,0,0,e3b0c44298fc1c149afbf4c8996fb92427ae41e4649b934ca495991b7852b855,196,,liteinst-verify-fail-exit1
fullcorpus,@1785876974,f80b1c09a6e8c3ed21a2a1d5ecd57edac4862de0,04a46b43930b918f6ff0f6b53644df732f908c46,false,expansion,portable,language-runtimes,language-runtimes/python-hash-determinism,verify,liteinst,expansion,diverge,0,0,e3b0c44298fc1c149afbf4c8996fb92427ae41e4649b934ca495991b7852b855,188,,liteinst-verify-fail-exit1
fullcorpus,@1785876974,f80b1c09a6e8c3ed21a2a1d5ecd57edac4862de0,04a46b43930b918f6ff0f6b53644df732f908c46,false,expansion,portable,language-runtimes,language-runtimes/python-io-subprocess-time,verify,liteinst,expansion,diverge,0,0,e3b0c44298fc1c149afbf4c8996fb92427ae41e4649b934ca495991b7852b855,193,,liteinst-verify-fail-exit1
fullcorpus,@1785876974,f80b1c09a6e8c3ed21a2a1d5ecd57edac4862de0,04a46b43930b918f6ff0f6b53644df732f908c46,false,expansion,portable,language-runtimes,language-runtimes/python-random,verify,liteinst,expansion,diverge,0,0,e3b0c44298fc1c149afbf4c8996fb92427ae41e4649b934ca495991b7852b855,197,,liteinst-verify-fail-exit1
fullcorpus,@1785876974,f80b1c09a6e8c3ed21a2a1d5ecd57edac4862de0,04a46b43930b918f6ff0f6b53644df732f908c46,false,expansion,portable,shared-futex-c,shared-futex-c/qemu-exec-init,verify,liteinst,expansion,diverge,0,,e3b0c44298fc1c149afbf4c8996fb92427ae41e4649b934ca495991b7852b855,108,,liteinst-verify-fail-exit1
fullcorpus,@1785876974,f80b1c09a6e8c3ed21a2a1d5ecd57edac4862de0,04a46b43930b918f6ff0f6b53644df732f908c46,false,expansion,portable,shared-futex-c,shared-futex-c/qemu-hello,verify,liteinst,expansion,diverge,0,,9ea4709e7c24602ba619d6ae109051a4df65ce643d978faa5fcc1dfffc35acef,148,,liteinst-verify-fail-exit1
fullcorpus,@1785876974,f80b1c09a6e8c3ed21a2a1d5ecd57edac4862de0,04a46b43930b918f6ff0f6b53644df732f908c46,false,expansion,portable,shared-futex-c,shared-futex-c/qemu-init,verify,liteinst,expansion,diverge,0,,e3b0c44298fc1c149afbf4c8996fb92427ae41e4649b934ca495991b7852b855,110,,liteinst-verify-fail-exit1
fullcorpus,@1785876974,f80b1c09a6e8c3ed21a2a1d5ecd57edac4862de0,04a46b43930b918f6ff0f6b53644df732f908c46,false,expansion,portable,shared-futex-c,shared-futex-c/qemu-net-init,verify,liteinst,expansion,diverge,0,,e3b0c44298fc1c149afbf4c8996fb92427ae41e4649b934ca495991b7852b855,110,,liteinst-verify-fail-exit1
fullcorpus,@1785876974,f80b1c09a6e8c3ed21a2a1d5ecd57edac4862de0,04a46b43930b918f6ff0f6b53644df732f908c46,false,expansion,portable,system-utils,system-utils/clock-determinism,verify,liteinst,expansion,pass,1,1,ae53c7f85ecd3f3e57c3b8c0f77f9d944873d0276aca6b0faad8d847063a5458,230,,
fullcorpus,@1785876974,f80b1c09a6e8c3ed21a2a1d5ecd57edac4862de0,04a46b43930b918f6ff0f6b53644df732f908c46,false,expansion,portable,system-utils,system-utils/date-nanoseconds,verify,liteinst,expansion,diverge,0,0,e3b0c44298fc1c149afbf4c8996fb92427ae41e4649b934ca495991b7852b855,192,,liteinst-verify-fail-exit1
fullcorpus,@1785876974,f80b1c09a6e8c3ed21a2a1d5ecd57edac4862de0,04a46b43930b918f6ff0f6b53644df732f908c46,false,expansion,portable,system-utils,system-utils/example-date,verify,liteinst,expansion,diverge,0,0,e3b0c44298fc1c149afbf4c8996fb92427ae41e4649b934ca495991b7852b855,194,,liteinst-verify-fail-exit1
fullcorpus,@1785876974,f80b1c09a6e8c3ed21a2a1d5ecd57edac4862de0,04a46b43930b918f6ff0f6b53644df732f908c46,false,expansion,portable,system-utils,system-utils/example-devrand,verify,liteinst,expansion,diverge,0,0,e3b0c44298fc1c149afbf4c8996fb92427ae41e4649b934ca495991b7852b855,172,,liteinst-verify-fail-exit1
fullcorpus,@1785876974,f80b1c09a6e8c3ed21a2a1d5ecd57edac4862de0,04a46b43930b918f6ff0f6b53644df732f908c46,false,expansion,portable,system-utils,system-utils/openssl-passwd,verify,liteinst,expansion,diverge,0,0,e3b0c44298fc1c149afbf4c8996fb92427ae41e4649b934ca495991b7852b855,172,,liteinst-verify-fail-exit1
fullcorpus,@1785876974,f80b1c09a6e8c3ed21a2a1d5ecd57edac4862de0,04a46b43930b918f6ff0f6b53644df732f908c46,false,expansion,portable,system-utils,system-utils/proc-uptime,verify,liteinst,expansion,diverge,0,0,e3b0c44298fc1c149afbf4c8996fb92427ae41e4649b934ca495991b7852b855,162,,liteinst-verify-fail-exit1
fullcorpus,@1785876974,f80b1c09a6e8c3ed21a2a1d5ecd57edac4862de0,04a46b43930b918f6ff0f6b53644df732f908c46,false,expansion,portable,system-utils,system-utils/random-device,verify,liteinst,expansion,diverge,0,0,e3b0c44298fc1c149afbf4c8996fb92427ae41e4649b934ca495991b7852b855,157,,liteinst-verify-fail-exit1
fullcorpus,@1785876974,f80b1c09a6e8c3ed21a2a1d5ecd57edac4862de0,04a46b43930b918f6ff0f6b53644df732f908c46,false,expansion,portable,system-utils,system-utils/record-getpid,verify,liteinst,expansion,pass,1,1,7d65259dd0f4861331834b3f73013d851b44389c6162f00a24a0176bba121251,231,,
fullcorpus,@1785876974,f80b1c09a6e8c3ed21a2a1d5ecd57edac4862de0,04a46b43930b918f6ff0f6b53644df732f908c46,false,expansion,portable,util-c,util-c/pmu-skid,verify,liteinst,expansion,diverge,0,,e3b0c44298fc1c149afbf4c8996fb92427ae41e4649b934ca495991b7852b855,4149,,liteinst-verify-fail-exit1
fullcorpus,@1785876974,f80b1c09a6e8c3ed21a2a1d5ecd57edac4862de0,04a46b43930b918f6ff0f6b53644df732f908c46,false,expansion,portable,applications,applications/example-timed-progress-bar,verify,ptrace,expansion,pass,1,,d8778ce336753d09dab6c6d94699898498ccbc31d6ec6b0b7b3d4bc559745b47,514,,
fullcorpus,@1785876974,f80b1c09a6e8c3ed21a2a1d5ecd57edac4862de0,04a46b43930b918f6ff0f6b53644df732f908c46,false,expansion,portable,applications,applications/timed-progress-bar,verify,ptrace,expansion,diverge,0,,e3b0c44298fc1c149afbf4c8996fb92427ae41e4649b934ca495991b7852b855,10,,ptrace-verify-fail-exit1
fullcorpus,@1785876974,f80b1c09a6e8c3ed21a2a1d5ecd57edac4862de0,04a46b43930b918f6ff0f6b53644df732f908c46,false,expansion,privileged,backend-parity-c,backend-parity-c/cpuid-probe,verify,ptrace,expansion,pass,1,,86ff9718c1542322ee8165258f455b9774cc88c99e37cc57f30e74283a2d83c0,65,,
fullcorpus,@1785876974,f80b1c09a6e8c3ed21a2a1d5ecd57edac4862de0,04a46b43930b918f6ff0f6b53644df732f908c46,false,expansion,portable,backend-parity-c,backend-parity-c/pid-probe,verify,ptrace,expansion,pass,1,,342cc5c394f2bfe94370f4f30493c870f7877e1dd0646dc7c41af1fc9d14838c,62,,
fullcorpus,@1785876974,f80b1c09a6e8c3ed21a2a1d5ecd57edac4862de0,04a46b43930b918f6ff0f6b53644df732f908c46,false,expansion,portable,backend-parity-c,backend-parity-c/pthread-lifecycle,verify,ptrace,expansion,pass,1,,6f916c392b593c2835823f98adada81a14b81ff8683b4045610a9a1cc0728563,84,,
fullcorpus,@1785876974,f80b1c09a6e8c3ed21a2a1d5ecd57edac4862de0,04a46b43930b918f6ff0f6b53644df732f908c46,false,expansion,portable,bin-c,bin-c/posix-timer-test,verify,ptrace,expansion,pass,1,,73bc36274f961af2a8ad43917d15a87a59ead3cb7c6f54c81db28c45d5395fa1,60,,
fullcorpus,@1785876974,f80b1c09a6e8c3ed21a2a1d5ecd57edac4862de0,04a46b43930b918f6ff0f6b53644df732f908c46,false,expansion,portable,bin-c,bin-c/robust-futex-test,verify,ptrace,expansion,timeout,0,,e3b0c44298fc1c149afbf4c8996fb92427ae41e4649b934ca495991b7852b855,120005,,ptrace-verify-timeout-120s
fullcorpus,@1785876974,f80b1c09a6e8c3ed21a2a1d5ecd57edac4862de0,04a46b43930b918f6ff0f6b53644df732f908c46,false,expansion,portable,c-programs,c-programs/acct-refusal-probe,verify,ptrace,expansion,pass,1,,fb9a253ff29ae72ad120fbe932651dd0471ff759f020fcad04b62895c481980f,62,,
fullcorpus,@1785876974,f80b1c09a6e8c3ed21a2a1d5ecd57edac4862de0,04a46b43930b918f6ff0f6b53644df732f908c46,false,expansion,portable,c-programs,c-programs/add-key-enosys,verify,ptrace,expansion,pass,1,,392cdd6f142e243a9db3f8bd6d60cde54e983ffe6d072bf7ea3b03cc297cbf72,63,,
fullcorpus,@1785876974,f80b1c09a6e8c3ed21a2a1d5ecd57edac4862de0,04a46b43930b918f6ff0f6b53644df732f908c46,false,expansion,portable,c-programs,c-programs/adjtimex-deterministic,verify,ptrace,expansion,pass,1,,ea6836e27a3d5c63e79076c3c5c976a785aa833022022fc0f2e5361942c6579e,60,,
fullcorpus,@1785876974,f80b1c09a6e8c3ed21a2a1d5ecd57edac4862de0,04a46b43930b918f6ff0f6b53644df732f908c46,false,expansion,portable,c-programs,c-programs/arch-prctl-determinism,verify,ptrace,expansion,pass,1,,8504ad2cf53c948ffdd59e277fe87ecf21f65ffa4fb543989366ec9cb40272fd,61,,
fullcorpus,@1785876974,f80b1c09a6e8c3ed21a2a1d5ecd57edac4862de0,04a46b43930b918f6ff0f6b53644df732f908c46,false,expansion,portable,c-programs,c-programs/bpf-enosys,verify,ptrace,expansion,pass,1,,00b8c2fc33f814bfeb2da739d302426f0122369289c96bb40f9a11ef86f4befe,57,,
fullcorpus,@1785876974,f80b1c09a6e8c3ed21a2a1d5ecd57edac4862de0,04a46b43930b918f6ff0f6b53644df732f908c46,false,expansion,portable,c-programs,c-programs/cachestat-enosys,verify,ptrace,expansion,pass,1,,c99ecc14f33146eb9b4b3c76f1fd310e0b0992a23465df5ce2715ead516e565e,61,,
fullcorpus,@1785876974,f80b1c09a6e8c3ed21a2a1d5ecd57edac4862de0,04a46b43930b918f6ff0f6b53644df732f908c46,false,expansion,portable,c-programs,c-programs/clock-adjtime-deterministic,verify,ptrace,expansion,pass,1,,f8df8f96682085b6719931fa985c994642bd388d6849e9c751941db746098343,60,,
fullcorpus,@1785876974,f80b1c09a6e8c3ed21a2a1d5ecd57edac4862de0,04a46b43930b918f6ff0f6b53644df732f908c46,false,expansion,portable,c-programs,c-programs/clone,verify,ptrace,expansion,pass,1,,6bed7c4e58faa0f69f82d7af16adcaa45cce6217b25a9cab2b709b1ac60b68de,57,,
fullcorpus,@1785876974,f80b1c09a6e8c3ed21a2a1d5ecd57edac4862de0,04a46b43930b918f6ff0f6b53644df732f908c46,false,expansion,portable,c-programs,c-programs/copy-file-range-refusal-probe,verify,ptrace,expansion,pass,1,,eaf5a67ca844e6a832cd95774ecdb4c48e345e2b64e1c67092ad7fb6ac39777a,55,,
fullcorpus,@1785876974,f80b1c09a6e8c3ed21a2a1d5ecd57edac4862de0,04a46b43930b918f6ff0f6b53644df732f908c46,false,expansion,portable,c-programs,c-programs/dbi-copied-tiocgpgrp,verify,ptrace,expansion,pass,1,,a72cc9796486e612c72fa45a187dc2c1d587ee69e27aaebf4771a60d8a743d79,60,,
fullcorpus,@1785876974,f80b1c09a6e8c3ed21a2a1d5ecd57edac4862de0,04a46b43930b918f6ff0f6b53644df732f908c46,false,expansion,portable,c-programs,c-programs/dbi-exec-failure,verify,ptrace,expansion,pass,1,,d9255dd9cc061248208ec6fabc39e2695034a2f78b3a79675522090f004de84c,52,,
fullcorpus,@1785876974,f80b1c09a6e8c3ed21a2a1d5ecd57edac4862de0,04a46b43930b918f6ff0f6b53644df732f908c46,false,expansion,portable,c-programs,c-programs/dbi-execveat-unsupported,verify,ptrace,expansion,pass,1,,e3b0c44298fc1c149afbf4c8996fb92427ae41e4649b934ca495991b7852b855,65,,
fullcorpus,@1785876974,f80b1c09a6e8c3ed21a2a1d5ecd57edac4862de0,04a46b43930b918f6ff0f6b53644df732f908c46,false,expansion,portable,c-programs,c-programs/dbi-mmap-exec,verify,ptrace,expansion,pass,1,,87ef25ed096b64f71e5581bf5d09a9bb24b8dca9402b010322037898b99a81cf,77,,
fullcorpus,@1785876974,f80b1c09a6e8c3ed21a2a1d5ecd57edac4862de0,04a46b43930b918f6ff0f6b53644df732f908c46,false,expansion,portable,c-programs,c-programs/dbi-pid-virtualization,verify,ptrace,expansion,timeout,0,,68abbf5dc13603c0077f0402fe1455224965d0061ec94e7cefd220c41b610f15,120004,,ptrace-verify-timeout-120s
fullcorpus,@1785876974,f80b1c09a6e8c3ed21a2a1d5ecd57edac4862de0,04a46b43930b918f6ff0f6b53644df732f908c46,false,expansion,portable,c-programs,c-programs/dbi-prlimit-self,verify,ptrace,expansion,pass,1,,b5d0a733abb9b3694c70cc548fbd236ede0f60c1e06673b4e4999419c7721e12,53,,
fullcorpus,@1785876974,f80b1c09a6e8c3ed21a2a1d5ecd57edac4862de0,04a46b43930b918f6ff0f6b53644df732f908c46,false,expansion,portable,c-programs,c-programs/dbi-self-sigqueue,verify,ptrace,expansion,pass,1,,f4c3bb314cd68d7f8c7e053c24257d5eaf5369087b8c21ee95fd29727f460537,61,,
fullcorpus,@1785876974,f80b1c09a6e8c3ed21a2a1d5ecd57edac4862de0,04a46b43930b918f6ff0f6b53644df732f908c46,false,expansion,portable,c-programs,c-programs/dbi-unsupported-syscall,verify,ptrace,expansion,pass,1,,0dc9033cbe9bbe736c2e2105dd9ddb6f7c68ffe47d4146ffdb3e0e2f4a990531,59,,
fullcorpus,@1785876974,f80b1c09a6e8c3ed21a2a1d5ecd57edac4862de0,04a46b43930b918f6ff0f6b53644df732f908c46,false,expansion,portable,c-programs,c-programs/dbi-wait-lifecycle,verify,ptrace,expansion,diverge,0,,e3b0c44298fc1c149afbf4c8996fb92427ae41e4649b934ca495991b7852b855,32,,ptrace-verify-fail-exit1
fullcorpus,@1785876974,f80b1c09a6e8c3ed21a2a1d5ecd57edac4862de0,04a46b43930b918f6ff0f6b53644df732f908c46,false,expansion,portable,c-programs,c-programs/epoll-determinism,verify,ptrace,expansion,diverge,0,,e3b0c44298fc1c149afbf4c8996fb92427ae41e4649b934ca495991b7852b855,31,,ptrace-verify-fail-exit1
fullcorpus,@1785876974,f80b1c09a6e8c3ed21a2a1d5ecd57edac4862de0,04a46b43930b918f6ff0f6b53644df732f908c46,false,expansion,portable,c-programs,c-programs/fp-reduction-nondeterminism,verify,ptrace,expansion,pass,1,,14e2bd92d74bd578c2f3968692ed94951fc432c8a0eb79cb59bf437fbd987598,168,,
fullcorpus,@1785876974,f80b1c09a6e8c3ed21a2a1d5ecd57edac4862de0,04a46b43930b918f6ff0f6b53644df732f908c46,false,expansion,portable,c-programs,c-programs/futex-requeue-enosys,verify,ptrace,expansion,pass,1,,3a97289e82874a6de3f7329de461ff8e98aab222e591b44478b0cbfa224b778e,56,,
fullcorpus,@1785876974,f80b1c09a6e8c3ed21a2a1d5ecd57edac4862de0,04a46b43930b918f6ff0f6b53644df732f908c46,false,expansion,portable,c-programs,c-programs/futex-waitv-enosys,verify,ptrace,expansion,pass,1,,889b019ce9ffec65e091b4ebb00324388abe68095b3a9aebf5a6243a8d00540e,52,,
fullcorpus,@1785876974,f80b1c09a6e8c3ed21a2a1d5ecd57edac4862de0,04a46b43930b918f6ff0f6b53644df732f908c46,false,expansion,portable,c-programs,c-programs/futex-wake-enosys,verify,ptrace,expansion,pass,1,,d841d882ef04ba206243543971a6e2d842db22c3508947d6fb60095d878b0da9,56,,
fullcorpus,@1785876974,f80b1c09a6e8c3ed21a2a1d5ecd57edac4862de0,04a46b43930b918f6ff0f6b53644df732f908c46,false,expansion,portable,c-programs,c-programs/get-robust-list-child,verify,ptrace,expansion,pass,1,,379982e3aff5bd3550ff784c6a8e1b9116997dd882bf426aa10fd41e713fc526,69,,
fullcorpus,@1785876974,f80b1c09a6e8c3ed21a2a1d5ecd57edac4862de0,04a46b43930b918f6ff0f6b53644df732f908c46,false,expansion,portable,c-programs,c-programs/get-robust-list-self,verify,ptrace,expansion,pass,1,,8a606e83612b4b4c869cfae1cd2f9f03220d7fde25cc88f10079b81f9b3423d1,52,,
fullcorpus,@1785876974,f80b1c09a6e8c3ed21a2a1d5ecd57edac4862de0,04a46b43930b918f6ff0f6b53644df732f908c46,false,expansion,portable,c-programs,c-programs/get-robust-list-thread,verify,ptrace,expansion,pass,1,,281d743aba1e1247003f2ad95dda0456f103ab208c1d960079fd0ac272560d4c,61,,
fullcorpus,@1785876974,f80b1c09a6e8c3ed21a2a1d5ecd57edac4862de0,04a46b43930b918f6ff0f6b53644df732f908c46,false,expansion,portable,c-programs,c-programs/getcpu,verify,ptrace,expansion,pass,1,,345e84333a5805a44f38c499137ebb962d9e683e804aa45642afa84e41127f5d,53,,
fullcorpus,@1785876974,f80b1c09a6e8c3ed21a2a1d5ecd57edac4862de0,04a46b43930b918f6ff0f6b53644df732f908c46,false,expansion,portable,c-programs,c-programs/getitimer-determinism-probe,verify,ptrace,expansion,pass,1,,17720cebaa5ab1c96e7035832f98c160d4b41b2c32a7bd909ca74d855fa5aaf9,60,,
fullcorpus,@1785876974,f80b1c09a6e8c3ed21a2a1d5ecd57edac4862de0,04a46b43930b918f6ff0f6b53644df732f908c46,false,expansion,portable,c-programs,c-programs/getsockopt-null,verify,ptrace,expansion,pass,1,,b8636471f62fb5c81c4b4a5bacf5f4ec2b3e3b4970bc0aded5f496dae6670bfd,54,,
fullcorpus,@1785876974,f80b1c09a6e8c3ed21a2a1d5ecd57edac4862de0,04a46b43930b918f6ff0f6b53644df732f908c46,false,expansion,portable,c-programs,c-programs/hello-alarm,verify,ptrace,expansion,pass,1,,69771519a00dad7a34964816b4a9d71896eed8707b6b8c7c3b2d901285fa09f8,54,,
fullcorpus,@1785876974,f80b1c09a6e8c3ed21a2a1d5ecd57edac4862de0,04a46b43930b918f6ff0f6b53644df732f908c46,false,expansion,portable,c-programs,c-programs/hello-nostdlib,verify,ptrace,expansion,pass,1,,e3b0c44298fc1c149afbf4c8996fb92427ae41e4649b934ca495991b7852b855,41,,
fullcorpus,@1785876974,f80b1c09a6e8c3ed21a2a1d5ecd57edac4862de0,04a46b43930b918f6ff0f6b53644df732f908c46,false,expansion,portable,c-programs,c-programs/hello-signals,verify,ptrace,expansion,pass,1,,2b4df140dfdd472e4bde5c4d449c859ae4a83efe7f0372f448b95db8b40614d8,58,,
fullcorpus,@1785876974,f80b1c09a6e8c3ed21a2a1d5ecd57edac4862de0,04a46b43930b918f6ff0f6b53644df732f908c46,false,expansion,portable,c-programs,c-programs/io-uring-fallback,verify,ptrace,expansion,pass,1,,8546e30d188b0b196b8d907e1289e7b830df6fd61ff9dd83f5165ba9bda77e7f,58,,
fullcorpus,@1785876974,f80b1c09a6e8c3ed21a2a1d5ecd57edac4862de0,04a46b43930b918f6ff0f6b53644df732f908c46,false,expansion,portable,c-programs,c-programs/io-uring-ring-determinism,verify,ptrace,expansion,pass,1,,5de332a6e2af5315f34ec08e21ca7f8c037a65ecbaee17efd47005a7f1809201,53,,
fullcorpus,@1785876974,f80b1c09a6e8c3ed21a2a1d5ecd57edac4862de0,04a46b43930b918f6ff0f6b53644df732f908c46,false,expansion,portable,c-programs,c-programs/ioctl-fioclex,verify,ptrace,expansion,pass,1,,ed203ed9433cb973a747cbe39690fecc753e9fd7c1e7688563d6f3a154eb0d5e,55,,
fullcorpus,@1785876974,f80b1c09a6e8c3ed21a2a1d5ecd57edac4862de0,04a46b43930b918f6ff0f6b53644df732f908c46,false,expansion,portable,c-programs,c-programs/ioctl-siocethtool,verify,ptrace,expansion,pass,1,,28f38ce93b6d5f0d279d4f3d619cc3fc7e134e190ae9ee4f652eeb6afe623291,53,,
fullcorpus,@1785876974,f80b1c09a6e8c3ed21a2a1d5ecd57edac4862de0,04a46b43930b918f6ff0f6b53644df732f908c46,false,expansion,portable,c-programs,c-programs/ipc-determinism,verify,ptrace,expansion,diverge,0,,e3b0c44298fc1c149afbf4c8996fb92427ae41e4649b934ca495991b7852b855,32,,ptrace-verify-fail-exit1
fullcorpus,@1785876974,f80b1c09a6e8c3ed21a2a1d5ecd57edac4862de0,04a46b43930b918f6ff0f6b53644df732f908c46,false,expansion,portable,c-programs,c-programs/just-spin,verify,ptrace,expansion,pass,1,,e3b0c44298fc1c149afbf4c8996fb92427ae41e4649b934ca495991b7852b855,140,,
fullcorpus,@1785876974,f80b1c09a6e8c3ed21a2a1d5ecd57edac4862de0,04a46b43930b918f6ff0f6b53644df732f908c46,false,expansion,portable,c-programs,c-programs/kcmp-eperm,verify,ptrace,expansion,pass,1,,288278193317b71ec5d15a6dcc2239918b1eea39229a8ef5eb7ae1e6b0a72cce,56,,
fullcorpus,@1785876974,f80b1c09a6e8c3ed21a2a1d5ecd57edac4862de0,04a46b43930b918f6ff0f6b53644df732f908c46,false,expansion,portable,c-programs,c-programs/keyctl-enosys,verify,ptrace,expansion,pass,1,,83d9f2169baa0647471ca5f2e4e1c5b73ff2d356b322b7fcdd75d5cf129a292f,56,,
fullcorpus,@1785876974,f80b1c09a6e8c3ed21a2a1d5ecd57edac4862de0,04a46b43930b918f6ff0f6b53644df732f908c46,false,expansion,portable,c-programs,c-programs/keyctl-passthrough,verify,ptrace,expansion,pass,1,,decfa402c4223a34ee494253769befc420b46b13da25f3082c91dfe7f19a0310,57,,
fullcorpus,@1785876974,f80b1c09a6e8c3ed21a2a1d5ecd57edac4862de0,04a46b43930b918f6ff0f6b53644df732f908c46,false,expansion,portable,c-programs,c-programs/listmount-enosys,verify,ptrace,expansion,pass,1,,231c3dfcda497bd1b166dfb575578d2868721d30f15362cfabcad6f930e43713,59,,
fullcorpus,@1785876974,f80b1c09a6e8c3ed21a2a1d5ecd57edac4862de0,04a46b43930b918f6ff0f6b53644df732f908c46,false,expansion,portable,c-programs,c-programs/liteinst-advanced,verify,ptrace,expansion,diverge,0,,e3b0c44298fc1c149afbf4c8996fb92427ae41e4649b934ca495991b7852b855,33,,ptrace-verify-fail-exit1
fullcorpus,@1785876974,f80b1c09a6e8c3ed21a2a1d5ecd57edac4862de0,04a46b43930b918f6ff0f6b53644df732f908c46,false,expansion,portable,c-programs,c-programs/lsm-get-self-attr-enosys,verify,ptrace,expansion,pass,1,,e83dcdfbdee854f34e05165d3a7aa7b774ca748bc96ee665789c63a32c593fe0,55,,
fullcorpus,@1785876974,f80b1c09a6e8c3ed21a2a1d5ecd57edac4862de0,04a46b43930b918f6ff0f6b53644df732f908c46,false,expansion,portable,c-programs,c-programs/lsm-list-modules-enosys,verify,ptrace,expansion,pass,1,,8f5862ec33defb2bf2625429444eaec8b64ce9b7d2c21635e7db07f99c92fc3d,76,,
fullcorpus,@1785876974,f80b1c09a6e8c3ed21a2a1d5ecd57edac4862de0,04a46b43930b918f6ff0f6b53644df732f908c46,false,expansion,portable,c-programs,c-programs/lsm-set-self-attr-enosys,verify,ptrace,expansion,pass,1,,326c5b270af2a116865e2690f44310bc17aa77c6cc96d4c83800615036e10e16,58,,
fullcorpus,@1785876974,f80b1c09a6e8c3ed21a2a1d5ecd57edac4862de0,04a46b43930b918f6ff0f6b53644df732f908c46,false,expansion,portable,c-programs,c-programs/madvise-determinism,verify,ptrace,expansion,pass,1,,c6053a1ebd42e4762ac34b01ed5d666e0b1f5f18b83ddca9d1b7f4ebef175e83,62,,
fullcorpus,@1785876974,f80b1c09a6e8c3ed21a2a1d5ecd57edac4862de0,04a46b43930b918f6ff0f6b53644df732f908c46,false,expansion,portable,c-programs,c-programs/map-shadow-stack-enosys,verify,ptrace,expansion,pass,1,,97ae187dd98c3d4b943dd9b69d472da499f0ef3ae9b2c66152d2ed5dc04bd569,59,,
fullcorpus,@1785876974,f80b1c09a6e8c3ed21a2a1d5ecd57edac4862de0,04a46b43930b918f6ff0f6b53644df732f908c46,false,expansion,portable,c-programs,c-programs/memfd-secret-enosys,verify,ptrace,expansion,pass,1,,dcbbb5f4e71889cba127631a6a9a2fce4d68defe8aa92a8d437fd6be6129d6dd,55,,
fullcorpus,@1785876974,f80b1c09a6e8c3ed21a2a1d5ecd57edac4862de0,04a46b43930b918f6ff0f6b53644df732f908c46,false,expansion,portable,c-programs,c-programs/meminfo-available-deterministic,verify,ptrace,expansion,pass,1,,7b76f77046d0c4bc8e2105f9850b009d269b48c26e0b7de4723c8adc25181af4,59,,
fullcorpus,@1785876974,f80b1c09a6e8c3ed21a2a1d5ecd57edac4862de0,04a46b43930b918f6ff0f6b53644df732f908c46,false,expansion,portable,c-programs,c-programs/meminfo-cached-deterministic,verify,ptrace,expansion,pass,1,,6a4a1ce51b1c48a3c39972e58451953b36a3a49ed40cdf242978e2c2da4cabe4,60,,
fullcorpus,@1785876974,f80b1c09a6e8c3ed21a2a1d5ecd57edac4862de0,04a46b43930b918f6ff0f6b53644df732f908c46,false,expansion,portable,c-programs,c-programs/meminfo-free-deterministic,verify,ptrace,expansion,pass,1,,b8a06902cd8245cc3d8acabb5118c81f14b6455c7e6d5da9cf2e59f0b0bcc9da,59,,
fullcorpus,@1785876974,f80b1c09a6e8c3ed21a2a1d5ecd57edac4862de0,04a46b43930b918f6ff0f6b53644df732f908c46,false,expansion,portable,c-programs,c-programs/memorypress,verify,ptrace,expansion,pass,1,,e3b0c44298fc1c149afbf4c8996fb92427ae41e4649b934ca495991b7852b855,54,,
fullcorpus,@1785876974,f80b1c09a6e8c3ed21a2a1d5ecd57edac4862de0,04a46b43930b918f6ff0f6b53644df732f908c46,false,expansion,portable,c-programs,c-programs/mmap-determinism,verify,ptrace,expansion,diverge,0,,e3b0c44298fc1c149afbf4c8996fb92427ae41e4649b934ca495991b7852b855,63,,ptrace-verify-fail-exit1
fullcorpus,@1785876974,f80b1c09a6e8c3ed21a2a1d5ecd57edac4862de0,04a46b43930b918f6ff0f6b53644df732f908c46,false,expansion,portable,c-programs,c-programs/mmap-stress-determinism,verify,ptrace,expansion,pass,1,,890065cac586dbeaf7ae771f63d223dd2d04995b4e051040bdd9c9792019dec0,123,,
fullcorpus,@1785876974,f80b1c09a6e8c3ed21a2a1d5ecd57edac4862de0,04a46b43930b918f6ff0f6b53644df732f908c46,false,expansion,portable,c-programs,c-programs/name-to-handle-at-eopnotsupp,verify,ptrace,expansion,pass,1,,29e0c39b5f7ab315794d97b7e06e60cf737450deef4306dd8ad0ffd040a25cc0,55,,
fullcorpus,@1785876974,f80b1c09a6e8c3ed21a2a1d5ecd57edac4862de0,04a46b43930b918f6ff0f6b53644df732f908c46,false,expansion,portable,c-programs,c-programs/name-to-handle-directory-eopnotsupp,verify,ptrace,expansion,pass,1,,7e5656f3fa9831a9c1f43055b26f6f209b6549daeb42ef1ce12677b324adf310,56,,
fullcorpus,@1785876974,f80b1c09a6e8c3ed21a2a1d5ecd57edac4862de0,04a46b43930b918f6ff0f6b53644df732f908c46,false,expansion,portable,c-programs,c-programs/name-to-handle-empty-path-eopnotsupp,verify,ptrace,expansion,pass,1,,e3f9de47951c04e5f8349e7bb340fca6dcb76fffe659a12ab8f9e16fe48f72dd,59,,
fullcorpus,@1785876974,f80b1c09a6e8c3ed21a2a1d5ecd57edac4862de0,04a46b43930b918f6ff0f6b53644df732f908c46,false,expansion,portable,c-programs,c-programs/name-to-handle-regular-eopnotsupp,verify,ptrace,expansion,pass,1,,82b589b3f458bbdcffe0a9aaf1a18ab2cfe882ab232290e1ca113714923af2a0,55,,
fullcorpus,@1785876974,f80b1c09a6e8c3ed21a2a1d5ecd57edac4862de0,04a46b43930b918f6ff0f6b53644df732f908c46,false,expansion,portable,c-programs,c-programs/nanosleep-par,verify,ptrace,expansion,pass,1,,bf8aa1c7b00aeb67d9ce84b6efe29c410ef142938a5c71a932bbe34e2cf09f91,351,,
fullcorpus,@1785876974,f80b1c09a6e8c3ed21a2a1d5ecd57edac4862de0,04a46b43930b918f6ff0f6b53644df732f908c46,false,expansion,portable,c-programs,c-programs/nanosleep-threads-nocrash,verify,ptrace,expansion,pass,1,,e3b0c44298fc1c149afbf4c8996fb92427ae41e4649b934ca495991b7852b855,63,,
fullcorpus,@1785876974,f80b1c09a6e8c3ed21a2a1d5ecd57edac4862de0,04a46b43930b918f6ff0f6b53644df732f908c46,false,expansion,portable,c-programs,c-programs/nanosleep-threads-simple,verify,ptrace,expansion,diverge,0,,e3b0c44298fc1c149afbf4c8996fb92427ae41e4649b934ca495991b7852b855,414,,ptrace-verify-fail-exit1
fullcorpus,@1785876974,f80b1c09a6e8c3ed21a2a1d5ecd57edac4862de0,04a46b43930b918f6ff0f6b53644df732f908c46,false,expansion,portable,c-programs,c-programs/netlink-autobind-generic,verify,ptrace,expansion,pass,1,,947db933d2beaaa7502b24b06bc2aa623116320e9099408e0714af30e877b237,58,,
fullcorpus,@1785876974,f80b1c09a6e8c3ed21a2a1d5ecd57edac4862de0,04a46b43930b918f6ff0f6b53644df732f908c46,false,expansion,portable,c-programs,c-programs/netlink-autobind-route,verify,ptrace,expansion,pass,1,,6b579b3015fa46b849f2c563d3caa3f1113b30eda45f2c376a535ade155a5264,57,,
fullcorpus,@1785876974,f80b1c09a6e8c3ed21a2a1d5ecd57edac4862de0,04a46b43930b918f6ff0f6b53644df732f908c46,false,expansion,portable,c-programs,c-programs/netlink-autobind-usersock,verify,ptrace,expansion,pass,1,,434cfac765f7a108d0f27c8b43ba45a2b7acff66219ef8104a01612dd7e70956,58,,
fullcorpus,@1785876974,f80b1c09a6e8c3ed21a2a1d5ecd57edac4862de0,04a46b43930b918f6ff0f6b53644df732f908c46,false,expansion,portable,c-programs,c-programs/netns-cookie-tcp4,verify,ptrace,expansion,pass,1,,69c87be106187443c99bd437315cc2bb5e8110445a962b89b9d3d9d5446a505e,59,,
fullcorpus,@1785876974,f80b1c09a6e8c3ed21a2a1d5ecd57edac4862de0,04a46b43930b918f6ff0f6b53644df732f908c46,false,expansion,portable,c-programs,c-programs/netns-cookie-tcp6,verify,ptrace,expansion,pass,1,,a6c1c996f6bed470020b9575b0884d32ba10a29938b56ce56dbcbce889a1c719,55,,
fullcorpus,@1785876974,f80b1c09a6e8c3ed21a2a1d5ecd57edac4862de0,04a46b43930b918f6ff0f6b53644df732f908c46,false,expansion,portable,c-programs,c-programs/netns-cookie-udp4,verify,ptrace,expansion,pass,1,,3f3599e44c7dcd4ec95cf8d9e67c01200ce6a491020b553a010b6ee754095bb0,60,,
fullcorpus,@1785876974,f80b1c09a6e8c3ed21a2a1d5ecd57edac4862de0,04a46b43930b918f6ff0f6b53644df732f908c46,false,expansion,portable,c-programs,c-programs/perf-event-hardware-enosys,verify,ptrace,expansion,pass,1,,c7ea49ae4eac3a1842c692e71eff658fde408e8ccb4b9a1efa9094b58a8d453a,57,,
fullcorpus,@1785876974,f80b1c09a6e8c3ed21a2a1d5ecd57edac4862de0,04a46b43930b918f6ff0f6b53644df732f908c46,false,expansion,portable,c-programs,c-programs/perf-event-open-enosys,verify,ptrace,expansion,pass,1,,2ce5d62fee05f49913ea9ac04a79850be9af6e16eae2083b3054c2186d1fd933,58,,
fullcorpus,@1785876974,f80b1c09a6e8c3ed21a2a1d5ecd57edac4862de0,04a46b43930b918f6ff0f6b53644df732f908c46,false,expansion,portable,c-programs,c-programs/perf-event-software-enosys,verify,ptrace,expansion,pass,1,,9dd8d0a9c51029d92fb24312cc38b62b647ab6e796f26f0670e2e54d062b54b6,56,,
fullcorpus,@1785876974,f80b1c09a6e8c3ed21a2a1d5ecd57edac4862de0,04a46b43930b918f6ff0f6b53644df732f908c46,false,expansion,portable,c-programs,c-programs/perf-event-watchpoint-enosys,verify,ptrace,expansion,pass,1,,a3c1e5e84ae8a1c634c0fd8ad162c35918124d312ed7e23f44555334e58daf40,56,,
fullcorpus,@1785876974,f80b1c09a6e8c3ed21a2a1d5ecd57edac4862de0,04a46b43930b918f6ff0f6b53644df732f908c46,false,expansion,portable,c-programs,c-programs/periodic-setitimer-delivery,verify,ptrace,expansion,pass,1,,db1d924766d35b4e879b61b7ca0256ae3656e1bcfb81e882ef4e754d9df0d87d,59,,
fullcorpus,@1785876974,f80b1c09a6e8c3ed21a2a1d5ecd57edac4862de0,04a46b43930b918f6ff0f6b53644df732f908c46,false,expansion,portable,c-programs,c-programs/pidfd-open-self,verify,ptrace,expansion,pass,1,,eb85b13112d24bf3eabf6dc998951dba694fd8a544d48d55b0243fcea3a30de9,57,,
fullcorpus,@1785876974,f80b1c09a6e8c3ed21a2a1d5ecd57edac4862de0,04a46b43930b918f6ff0f6b53644df732f908c46,false,expansion,portable,c-programs,c-programs/pidfd-poll-self,verify,ptrace,expansion,pass,1,,d9c4e30a92ce688e867036dd07e60be370ba398f888f35db4edc54730e9abe08,59,,
fullcorpus,@1785876974,f80b1c09a6e8c3ed21a2a1d5ecd57edac4862de0,04a46b43930b918f6ff0f6b53644df732f908c46,false,expansion,portable,c-programs,c-programs/pidfd-waitid-child,verify,ptrace,expansion,pass,1,,a5312c9bad9f61e041807833d0d2381242569ed832c394aebb4f57e50e475a80,63,,
fullcorpus,@1785876974,f80b1c09a6e8c3ed21a2a1d5ecd57edac4862de0,04a46b43930b918f6ff0f6b53644df732f908c46,false,expansion,portable,c-programs,c-programs/ppoll-readv,verify,ptrace,expansion,pass,1,,c03be617b251e1b37d3570212e2f93d6a815c70dfb73dca0dd25cef02468153a,63,,
fullcorpus,@1785876974,f80b1c09a6e8c3ed21a2a1d5ecd57edac4862de0,04a46b43930b918f6ff0f6b53644df732f908c46,false,expansion,portable,c-programs,c-programs/ppoll-simulation,verify,ptrace,expansion,pass,1,,8ed6c0a2fbe8457da0a0b394c05e4ce42009f4631451de6c41e371d77a9068f5,79,,
fullcorpus,@1785876974,f80b1c09a6e8c3ed21a2a1d5ecd57edac4862de0,04a46b43930b918f6ff0f6b53644df732f908c46,false,expansion,portable,c-programs,c-programs/prctl-dumpable,verify,ptrace,expansion,pass,1,,789f3fd97e00c2b30751851b5bd08f2703b2539a14421d29dea17db83c379696,53,,
fullcorpus,@1785876974,f80b1c09a6e8c3ed21a2a1d5ecd57edac4862de0,04a46b43930b918f6ff0f6b53644df732f908c46,false,expansion,portable,c-programs,c-programs/pread64-nostdlib,verify,ptrace,expansion,pass,1,,e3b0c44298fc1c149afbf4c8996fb92427ae41e4649b934ca495991b7852b855,43,,
fullcorpus,@1785876974,f80b1c09a6e8c3ed21a2a1d5ecd57edac4862de0,04a46b43930b918f6ff0f6b53644df732f908c46,false,expansion,portable,c-programs,c-programs/print-memaddrs,verify,ptrace,expansion,pass,1,,edd9f92bfde2c43a4ad189e7805427fee15df010a1e2641526a4c2911c81a017,55,,
fullcorpus,@1785876974,f80b1c09a6e8c3ed21a2a1d5ecd57edac4862de0,04a46b43930b918f6ff0f6b53644df732f908c46,false,expansion,portable,c-programs,c-programs/printf-with-threads,verify,ptrace,expansion,pass,1,,e36a044d5d2a2be76cbf0550fa744da4e751c78870cf3712ebc061f1a2c55f83,62,,
fullcorpus,@1785876974,f80b1c09a6e8c3ed21a2a1d5ecd57edac4862de0,04a46b43930b918f6ff0f6b53644df732f908c46,false,expansion,portable,c-programs,c-programs/proc-fd-link-aliases,verify,ptrace,expansion,pass,1,,a54aec5d7147422feac8782b9d053b8609b9f6a45b8b2ab71f16cca54da845a0,54,,
fullcorpus,@1785876974,f80b1c09a6e8c3ed21a2a1d5ecd57edac4862de0,04a46b43930b918f6ff0f6b53644df732f908c46,false,expansion,portable,c-programs,c-programs/proc-fdinfo,verify,ptrace,expansion,pass,1,,09c8d421c9e02c39d1a9a12743b93cf3c835778ba9d531ad35625cb8f1699033,56,,
fullcorpus,@1785876974,f80b1c09a6e8c3ed21a2a1d5ecd57edac4862de0,04a46b43930b918f6ff0f6b53644df732f908c46,false,expansion,portable,c-programs,c-programs/proc-locks,verify,ptrace,expansion,pass,1,,fa314d5543a63dd3d6317f97c24feb7b33c9a47fbeea304c79fbd732f5fea7a6,70,,
fullcorpus,@1785876974,f80b1c09a6e8c3ed21a2a1d5ecd57edac4862de0,04a46b43930b918f6ff0f6b53644df732f908c46,false,expansion,portable,c-programs,c-programs/process-mrelease-enosys,verify,ptrace,expansion,pass,1,,c21e5000294b34b0a296fdceaa1377156cde383448706c80e1f4ad705bfdb076,57,,
fullcorpus,@1785876974,f80b1c09a6e8c3ed21a2a1d5ecd57edac4862de0,04a46b43930b918f6ff0f6b53644df732f908c46,false,expansion,portable,c-programs,c-programs/process-vm-readv-refusal-probe,verify,ptrace,expansion,pass,1,,50905f5ed2b6d9b2083dc16aabfd535f7c531aa42e72dc6c2b67f36e70e97a66,63,,
fullcorpus,@1785876974,f80b1c09a6e8c3ed21a2a1d5ecd57edac4862de0,04a46b43930b918f6ff0f6b53644df732f908c46,false,expansion,portable,c-programs,c-programs/process-vm-writev-refusal-probe,verify,ptrace,expansion,pass,1,,92c63d99c7bc830d36fb97a16d43febe7a7fcdca938131c9963f92c1b1a2b59d,59,,
fullcorpus,@1785876974,f80b1c09a6e8c3ed21a2a1d5ecd57edac4862de0,04a46b43930b918f6ff0f6b53644df732f908c46,false,expansion,portable,c-programs,c-programs/procfs-positioned-probe,verify,ptrace,expansion,pass,1,,96c70ad84f7430a56bdf020c7e3c24dbbd8719d841a1cb616712b1b96ad38f03,60,,
fullcorpus,@1785876974,f80b1c09a6e8c3ed21a2a1d5ecd57edac4862de0,04a46b43930b918f6ff0f6b53644df732f908c46,false,expansion,portable,c-programs,c-programs/prodcons-determinism,verify,ptrace,expansion,pass,1,,81282a1fb8147d5cf198f784f93142129205c96b3a1587329eda16ce1581673e,1150,,
fullcorpus,@1785876974,f80b1c09a6e8c3ed21a2a1d5ecd57edac4862de0,04a46b43930b918f6ff0f6b53644df732f908c46,false,expansion,portable,c-programs,c-programs/pselect6-simulation,verify,ptrace,expansion,pass,1,,67433759fd492e6d24f38014b07747f5145be3843ab00c35b80be9adf9d9ccc3,97,,
fullcorpus,@1785876974,f80b1c09a6e8c3ed21a2a1d5ecd57edac4862de0,04a46b43930b918f6ff0f6b53644df732f908c46,false,expansion,portable,c-programs,c-programs/ptrace-attach-eperm,verify,ptrace,expansion,pass,1,,25f63715123ddf1c4ec3e946e92d0fe151f168922dab1aa17b85c2b2a4135871,63,,
fullcorpus,@1785876974,f80b1c09a6e8c3ed21a2a1d5ecd57edac4862de0,04a46b43930b918f6ff0f6b53644df732f908c46,false,expansion,portable,c-programs,c-programs/ptrace-eperm,verify,ptrace,expansion,pass,1,,4357c8a18b9107c54242303395afea99ea744c6c288d8db499b4e1062383de17,60,,
fullcorpus,@1785876974,f80b1c09a6e8c3ed21a2a1d5ecd57edac4862de0,04a46b43930b918f6ff0f6b53644df732f908c46,false,expansion,portable,c-programs,c-programs/ptrace-seize-eperm,verify,ptrace,expansion,pass,1,,e0f7562eb309e0d62386261143dc59d4f0f39aac77c2584423beb7b5546e112a,78,,
fullcorpus,@1785876974,f80b1c09a6e8c3ed21a2a1d5ecd57edac4862de0,04a46b43930b918f6ff0f6b53644df732f908c46,false,expansion,portable,c-programs,c-programs/ptrace-traceme-eperm,verify,ptrace,expansion,pass,1,,7ceef18c073f15987e5d89441dc5bf378f7c1b50e8bf3ac626a6ea3eaa9cad56,64,,
fullcorpus,@1785876974,f80b1c09a6e8c3ed21a2a1d5ecd57edac4862de0,04a46b43930b918f6ff0f6b53644df732f908c46,false,expansion,portable,c-programs,c-programs/pty-nr-count,verify,ptrace,expansion,pass,1,,d6aa3c553b74b5052939893a096d0f320c69d79a52c3ed819d2c10f57ea6e3ac,84,,
fullcorpus,@1785876974,f80b1c09a6e8c3ed21a2a1d5ecd57edac4862de0,04a46b43930b918f6ff0f6b53644df732f908c46,false,expansion,portable,c-programs,c-programs/racewrite-nostdlib,verify,ptrace,expansion,pass,1,,e3b0c44298fc1c149afbf4c8996fb92427ae41e4649b934ca495991b7852b855,48,,
fullcorpus,@1785876974,f80b1c09a6e8c3ed21a2a1d5ecd57edac4862de0,04a46b43930b918f6ff0f6b53644df732f908c46,false,expansion,portable,c-programs,c-programs/random-sources,verify,ptrace,expansion,pass,1,,746f1f2a57646ced78a941eadf43495e1e81bdfde837288b562043c60103d89c,114,,
fullcorpus,@1785876974,f80b1c09a6e8c3ed21a2a1d5ecd57edac4862de0,04a46b43930b918f6ff0f6b53644df732f908c46,false,expansion,portable,c-programs,c-programs/rcx-canonicalization,verify,ptrace,expansion,pass,1,,60ab39b068f20e83e1e12d5fc849301a3ee11bab51ddf3f0f8240e5c38b7ed25,75,,
fullcorpus,@1785876974,f80b1c09a6e8c3ed21a2a1d5ecd57edac4862de0,04a46b43930b918f6ff0f6b53644df732f908c46,false,expansion,portable,c-programs,c-programs/record-replay-fd-close,verify,ptrace,expansion,pass,1,,e3b0c44298fc1c149afbf4c8996fb92427ae41e4649b934ca495991b7852b855,90,,
fullcorpus,@1785876974,f80b1c09a6e8c3ed21a2a1d5ecd57edac4862de0,04a46b43930b918f6ff0f6b53644df732f908c46,false,expansion,portable,c-programs,c-programs/record-replay-file-state,verify,ptrace,expansion,pass,1,,d268fdbcb2aaea519d6f8b15d5e78ce369dd8ebf69be7c2941316f26c0e02471,79,,
fullcorpus,@1785876974,f80b1c09a6e8c3ed21a2a1d5ecd57edac4862de0,04a46b43930b918f6ff0f6b53644df732f908c46,false,expansion,portable,c-programs,c-programs/record-replay-lseek-seek-cur,verify,ptrace,expansion,diverge,0,,e3b0c44298fc1c149afbf4c8996fb92427ae41e4649b934ca495991b7852b855,43,,ptrace-verify-fail-exit1
fullcorpus,@1785876974,f80b1c09a6e8c3ed21a2a1d5ecd57edac4862de0,04a46b43930b918f6ff0f6b53644df732f908c46,false,expansion,portable,c-programs,c-programs/record-replay-setsockopt,verify,ptrace,expansion,pass,1,,81a01674bdbc3ed8aff53344a3ca68dd615e08ff5a413f537980546e30757714,64,,
fullcorpus,@1785876974,f80b1c09a6e8c3ed21a2a1d5ecd57edac4862de0,04a46b43930b918f6ff0f6b53644df732f908c46,false,expansion,portable,c-programs,c-programs/recvmsg-scm-rights-mmap,verify,ptrace,expansion,pass,1,,50212370d90ce8b680af7c5a9448684c494dc504956193611b2f034831e5c80d,61,,
fullcorpus,@1785876974,f80b1c09a6e8c3ed21a2a1d5ecd57edac4862de0,04a46b43930b918f6ff0f6b53644df732f908c46,false,expansion,portable,c-programs,c-programs/remap-file-pages-anonymous-enosys,verify,ptrace,expansion,pass,1,,18b174a569bfacdfaa99b5ec11dec76b5c857e910913d52f2b0886ccf43c8de5,58,,
fullcorpus,@1785876974,f80b1c09a6e8c3ed21a2a1d5ecd57edac4862de0,04a46b43930b918f6ff0f6b53644df732f908c46,false,expansion,portable,c-programs,c-programs/remap-file-pages-memfd-enosys,verify,ptrace,expansion,pass,1,,bd053ef4819b7e8bcfbb6cae1bfce238da7007e770af9efcdd46419aedff5631,52,,
fullcorpus,@1785876974,f80b1c09a6e8c3ed21a2a1d5ecd57edac4862de0,04a46b43930b918f6ff0f6b53644df732f908c46,false,expansion,portable,c-programs,c-programs/remap-file-pages-tmpfile-enosys,verify,ptrace,expansion,pass,1,,86f8d7cfd95fa8053265e9077e7cefc2b5f36f9060c8719f7f2652421a984d31,54,,
fullcorpus,@1785876974,f80b1c09a6e8c3ed21a2a1d5ecd57edac4862de0,04a46b43930b918f6ff0f6b53644df732f908c46,false,expansion,portable,c-programs,c-programs/request-key-enosys,verify,ptrace,expansion,pass,1,,745b53ba9579787b43a3a4b6271a471d8915b07ef8be45f28360fc0fb683d9d1,53,,
fullcorpus,@1785876974,f80b1c09a6e8c3ed21a2a1d5ecd57edac4862de0,04a46b43930b918f6ff0f6b53644df732f908c46,false,expansion,portable,c-programs,c-programs/resource-determinism,verify,ptrace,expansion,pass,1,,6018c0447302fb178624d2cfe7bee6e92506fd911511becfd26f87350f2ef484,698,,
fullcorpus,@1785876974,f80b1c09a6e8c3ed21a2a1d5ecd57edac4862de0,04a46b43930b918f6ff0f6b53644df732f908c46,false,expansion,portable,c-programs,c-programs/sched-setattr-batch,verify,ptrace,expansion,pass,1,,99eac8d5cfe2b3c98d2a509ad3c4095f749dedf91bfe3a50c888ca25482ff328,55,,
fullcorpus,@1785876974,f80b1c09a6e8c3ed21a2a1d5ecd57edac4862de0,04a46b43930b918f6ff0f6b53644df732f908c46,false,expansion,portable,c-programs,c-programs/sched-setattr-idle,verify,ptrace,expansion,pass,1,,5ee4cb2f5210f1a5945af443dbb57effe1a8f04c69f632d2391781c6f900af7c,52,,
fullcorpus,@1785876974,f80b1c09a6e8c3ed21a2a1d5ecd57edac4862de0,04a46b43930b918f6ff0f6b53644df732f908c46,false,expansion,portable,c-programs,c-programs/sched-setattr-other,verify,ptrace,expansion,pass,1,,b9b3b39b4487c39eff3a18989355c0d25dae1bbef9c9eb9868729f3335163e9d,54,,
fullcorpus,@1785876974,f80b1c09a6e8c3ed21a2a1d5ecd57edac4862de0,04a46b43930b918f6ff0f6b53644df732f908c46,false,expansion,portable,c-programs,c-programs/sched-yield-progress,verify,ptrace,expansion,pass,1,,0cf05b84c117bf29ad0908b6ed54b07ab9fd5cd576bd8e2c42ac2411eec42a5e,60,,
fullcorpus,@1785876974,f80b1c09a6e8c3ed21a2a1d5ecd57edac4862de0,04a46b43930b918f6ff0f6b53644df732f908c46,false,expansion,portable,c-programs,c-programs/scheduler-policy-queries,verify,ptrace,expansion,pass,1,,49a4292eaa9d835040b884177ac3fed11611ee037c7577af8a28d977675dde27,53,,
fullcorpus,@1785876974,f80b1c09a6e8c3ed21a2a1d5ecd57edac4862de0,04a46b43930b918f6ff0f6b53644df732f908c46,false,expansion,portable,c-programs,c-programs/setitimer-determinism,verify,ptrace,expansion,pass,1,,aa8afff1d4a0e29340065da47212a4ac237980d07744f94ed540f13789097ba5,62,,
fullcorpus,@1785876974,f80b1c09a6e8c3ed21a2a1d5ecd57edac4862de0,04a46b43930b918f6ff0f6b53644df732f908c46,false,expansion,portable,c-programs,c-programs/sigmask-preemption,verify,ptrace,expansion,pass,1,,33120d6f8e5896b4921d592649470484fdfb0c3438aedd6f7a19dc625829cb76,941,,
fullcorpus,@1785876974,f80b1c09a6e8c3ed21a2a1d5ecd57edac4862de0,04a46b43930b918f6ff0f6b53644df732f908c46,false,expansion,portable,c-programs,c-programs/signal-determinism,verify,ptrace,expansion,diverge,0,,e3b0c44298fc1c149afbf4c8996fb92427ae41e4649b934ca495991b7852b855,25,,ptrace-verify-fail-exit1
fullcorpus,@1785876974,f80b1c09a6e8c3ed21a2a1d5ecd57edac4862de0,04a46b43930b918f6ff0f6b53644df732f908c46,false,expansion,portable,c-programs,c-programs/sigpipe-siginfo,verify,ptrace,expansion,pass,1,,57183d003d231921d403a385a50ab1282fa28a31b248357f7c19d1071854e87c,60,,
fullcorpus,@1785876974,f80b1c09a6e8c3ed21a2a1d5ecd57edac4862de0,04a46b43930b918f6ff0f6b53644df732f908c46,false,expansion,portable,c-programs,c-programs/sigtimedwait-no-timeout,verify,ptrace,expansion,pass,1,,879d7ab11fa7ee8fb9ef0480411cf236c70259b0e020427b92a7c3bb89fbb729,76,,
fullcorpus,@1785876974,f80b1c09a6e8c3ed21a2a1d5ecd57edac4862de0,04a46b43930b918f6ff0f6b53644df732f908c46,false,expansion,portable,c-programs,c-programs/sigtimedwait-timeout-0s,verify,ptrace,expansion,pass,1,,1fdb5bc221fec017d7d094e8aeef5164e5684040b75235798955040a2cae9573,73,,
fullcorpus,@1785876974,f80b1c09a6e8c3ed21a2a1d5ecd57edac4862de0,04a46b43930b918f6ff0f6b53644df732f908c46,false,expansion,portable,c-programs,c-programs/sigtimedwait-timeout-1s,verify,ptrace,expansion,pass,1,,879d7ab11fa7ee8fb9ef0480411cf236c70259b0e020427b92a7c3bb89fbb729,69,,
fullcorpus,@1785876974,f80b1c09a6e8c3ed21a2a1d5ecd57edac4862de0,04a46b43930b918f6ff0f6b53644df732f908c46,false,expansion,portable,c-programs,c-programs/so-incoming-cpu-tcp4,verify,ptrace,expansion,pass,1,,37d9e0d38876a4913d49d1524721047328ff7d139c4bea030fc003d86325cb12,62,,
fullcorpus,@1785876974,f80b1c09a6e8c3ed21a2a1d5ecd57edac4862de0,04a46b43930b918f6ff0f6b53644df732f908c46,false,expansion,portable,c-programs,c-programs/so-incoming-cpu-tcp6,verify,ptrace,expansion,pass,1,,71986d6a252d40985852f55c3577bc0d86ae15e892c678bea20d0f320e584593,56,,
fullcorpus,@1785876974,f80b1c09a6e8c3ed21a2a1d5ecd57edac4862de0,04a46b43930b918f6ff0f6b53644df732f908c46,false,expansion,portable,c-programs,c-programs/so-incoming-cpu-udp4,verify,ptrace,expansion,pass,1,,b49fc8be9466892afd2c8ad552ba7b28128fc5ac32fc5d89f9a1146264aa4dc7,57,,
fullcorpus,@1785876974,f80b1c09a6e8c3ed21a2a1d5ecd57edac4862de0,04a46b43930b918f6ff0f6b53644df732f908c46,false,expansion,portable,c-programs,c-programs/socket-cookie-tcp,verify,ptrace,expansion,pass,1,,6180a36432851ee86fbec823dd6fe6c7588f786bfadefd70480438b246053b6b,56,,
fullcorpus,@1785876974,f80b1c09a6e8c3ed21a2a1d5ecd57edac4862de0,04a46b43930b918f6ff0f6b53644df732f908c46,false,expansion,portable,c-programs,c-programs/socket-cookie-udp,verify,ptrace,expansion,pass,1,,2d06feadf81160afca89105d6b83f0ce0a7296070a855b1b25b8b72d58e724be,55,,
fullcorpus,@1785876974,f80b1c09a6e8c3ed21a2a1d5ecd57edac4862de0,04a46b43930b918f6ff0f6b53644df732f908c46,false,expansion,portable,c-programs,c-programs/socket-cookie-unix,verify,ptrace,expansion,pass,1,,af2ebd36b3b776fa4c0c4c215288f5e66fa5241f8dfda47f8ef017ba351e3734,56,,
fullcorpus,@1785876974,f80b1c09a6e8c3ed21a2a1d5ecd57edac4862de0,04a46b43930b918f6ff0f6b53644df732f908c46,false,expansion,portable,c-programs,c-programs/socket-ioctl-timestamp,verify,ptrace,expansion,diverge,0,,e3b0c44298fc1c149afbf4c8996fb92427ae41e4649b934ca495991b7852b855,28,,ptrace-verify-fail-exit1
fullcorpus,@1785876974,f80b1c09a6e8c3ed21a2a1d5ecd57edac4862de0,04a46b43930b918f6ff0f6b53644df732f908c46,false,expansion,portable,c-programs,c-programs/socket-timestamp-edge-cases,verify,ptrace,expansion,pass,1,,237ff1081253f64aba6ed9e84bad994c1c481d9bd2312ba4fe80afa1d959f9cc,63,,
fullcorpus,@1785876974,f80b1c09a6e8c3ed21a2a1d5ecd57edac4862de0,04a46b43930b918f6ff0f6b53644df732f908c46,false,expansion,portable,c-programs,c-programs/socket-timestamp-timespec,verify,ptrace,expansion,pass,1,,4a5eae51288da929c514799c22251bb18ec475d82ca4a648f9732da9a00cfd75,56,,
fullcorpus,@1785876974,f80b1c09a6e8c3ed21a2a1d5ecd57edac4862de0,04a46b43930b918f6ff0f6b53644df732f908c46,false,expansion,portable,c-programs,c-programs/socket-timestamp-timeval,verify,ptrace,expansion,pass,1,,2a6d69ec1e29905992985dd6131920efd96bd015b70cd2c003724b8065750683,57,,
fullcorpus,@1785876974,f80b1c09a6e8c3ed21a2a1d5ecd57edac4862de0,04a46b43930b918f6ff0f6b53644df732f908c46,false,expansion,portable,c-programs,c-programs/splice-enosys,verify,ptrace,expansion,pass,1,,0bc4f64fe4ad2292443e402eba4830484779aeb4370264c9c0abfa7a78f95c8e,56,,
fullcorpus,@1785876974,f80b1c09a6e8c3ed21a2a1d5ecd57edac4862de0,04a46b43930b918f6ff0f6b53644df732f908c46,false,expansion,portable,c-programs,c-programs/statmount-enosys,verify,ptrace,expansion,pass,1,,84a55d7cfcd9fe81a459d4852c82ddf5ad78845213534c19fa6dcdef66cfdf95,53,,
fullcorpus,@1785876974,f80b1c09a6e8c3ed21a2a1d5ecd57edac4862de0,04a46b43930b918f6ff0f6b53644df732f908c46,false,expansion,portable,c-programs,c-programs/syscall-file-io,verify,ptrace,expansion,pass,1,,632d0f8b9698ef9868e243dd5432fca72d482ec38beb954c8af6f6ddf94e8e51,57,,
fullcorpus,@1785876974,f80b1c09a6e8c3ed21a2a1d5ecd57edac4862de0,04a46b43930b918f6ff0f6b53644df732f908c46,false,expansion,portable,c-programs,c-programs/syscall-file-metadata,verify,ptrace,expansion,pass,1,,57a74d78ecf93f4f8f188f946cdd5345bed2d126fc15a9f362d320bed2c5236a,61,,
fullcorpus,@1785876974,f80b1c09a6e8c3ed21a2a1d5ecd57edac4862de0,04a46b43930b918f6ff0f6b53644df732f908c46,false,expansion,portable,c-programs,c-programs/syscall-quick-wins,verify,ptrace,expansion,pass,1,,5d19b00a019f367eb9008a6429952f1970209bcf9d10ccae126091a6cdd87193,58,,
fullcorpus,@1785876974,f80b1c09a6e8c3ed21a2a1d5ecd57edac4862de0,04a46b43930b918f6ff0f6b53644df732f908c46,false,expansion,portable,c-programs,c-programs/sysfs-enosys,verify,ptrace,expansion,pass,1,,77a60c6b8a6c3c908333e6f4dfa94a2c397b1bd7c93991eebb8ed5915b0ad95f,54,,
fullcorpus,@1785876974,f80b1c09a6e8c3ed21a2a1d5ecd57edac4862de0,04a46b43930b918f6ff0f6b53644df732f908c46,false,expansion,portable,c-programs,c-programs/sysinfo-uptime,verify,ptrace,expansion,pass,1,,2c26766dc46b864247fe9be1f0501ce27cb4b0b3aad1b9c997e75416e7589d80,605,,
fullcorpus,@1785876974,f80b1c09a6e8c3ed21a2a1d5ecd57edac4862de0,04a46b43930b918f6ff0f6b53644df732f908c46,false,expansion,portable,c-programs,c-programs/sysinfo,verify,ptrace,expansion,pass,1,,111b8f874818970dd0f000d36aba05e6d8fc58a961fa14f603378ff7322e995a,49,,
fullcorpus,@1785876974,f80b1c09a6e8c3ed21a2a1d5ecd57edac4862de0,04a46b43930b918f6ff0f6b53644df732f908c46,false,expansion,portable,c-programs,c-programs/syslog-deterministic,verify,ptrace,expansion,pass,1,,c23edf066d3bda360f91b47308f840e8b42b87278b5e379c8d71d8bf10a255d2,53,,
fullcorpus,@1785876974,f80b1c09a6e8c3ed21a2a1d5ecd57edac4862de0,04a46b43930b918f6ff0f6b53644df732f908c46,false,expansion,portable,c-programs,c-programs/sysv-sem-enosys,verify,ptrace,expansion,pass,1,,f024dd91d8c142074c08ff93925022b5acfeab0e3d58d7ea1fdbdee13ebada99,53,,
fullcorpus,@1785876974,f80b1c09a6e8c3ed21a2a1d5ecd57edac4862de0,04a46b43930b918f6ff0f6b53644df732f908c46,false,expansion,portable,c-programs,c-programs/sysv-shm-enosys,verify,ptrace,expansion,pass,1,,7b4564e64aa38d43273e5e7e1df8e80071b1c9219f7de2628fa37e6ab4da5794,51,,
fullcorpus,@1785876974,f80b1c09a6e8c3ed21a2a1d5ecd57edac4862de0,04a46b43930b918f6ff0f6b53644df732f908c46,false,expansion,portable,c-programs,c-programs/tcp-info-accept4,verify,ptrace,expansion,pass,1,,c830be750b315e97d977e5cc40104658ccccaf34f1b26068556c22b37f7cf950,51,,
fullcorpus,@1785876974,f80b1c09a6e8c3ed21a2a1d5ecd57edac4862de0,04a46b43930b918f6ff0f6b53644df732f908c46,false,expansion,portable,c-programs,c-programs/tcp-info-accept6,verify,ptrace,expansion,pass,1,,4b386d711c9c58617076dd9ffc01f4f517fc3f6d7d1a21c78d5b728fa66ad5ec,55,,
fullcorpus,@1785876974,f80b1c09a6e8c3ed21a2a1d5ecd57edac4862de0,04a46b43930b918f6ff0f6b53644df732f908c46,false,expansion,portable,c-programs,c-programs/tcp-info-client4,verify,ptrace,expansion,pass,1,,29047556927b663805202185a671154cc0f9331208fdb57bc9fefe51e26f9d74,54,,
fullcorpus,@1785876974,f80b1c09a6e8c3ed21a2a1d5ecd57edac4862de0,04a46b43930b918f6ff0f6b53644df732f908c46,false,expansion,portable,c-programs,c-programs/tee-enosys,verify,ptrace,expansion,pass,1,,1c8d3e5b5c25e921430729592b73be499a63f45dc355ac8686a3070d1e2f6108,49,,
fullcorpus,@1785876974,f80b1c09a6e8c3ed21a2a1d5ecd57edac4862de0,04a46b43930b918f6ff0f6b53644df732f908c46,false,expansion,portable,c-programs,c-programs/thread-self-procfs-handoff,verify,ptrace,expansion,pass,1,,4ec014d923f7213d78fc3fe481bb1e5a1afe2966878e2967593bac452513edd6,56,,
fullcorpus,@1785876974,f80b1c09a6e8c3ed21a2a1d5ecd57edac4862de0,04a46b43930b918f6ff0f6b53644df732f908c46,false,expansion,portable,c-programs,c-programs/thread-sync-determinism,verify,ptrace,expansion,diverge,0,,e3b0c44298fc1c149afbf4c8996fb92427ae41e4649b934ca495991b7852b855,26,,ptrace-verify-fail-exit1
fullcorpus,@1785876974,f80b1c09a6e8c3ed21a2a1d5ecd57edac4862de0,04a46b43930b918f6ff0f6b53644df732f908c46,false,expansion,portable,c-programs,c-programs/threadexhaustion,verify,ptrace,expansion,pass,1,,6ed164be2f904840f8cd736bc12bac0858d8d7238d37fbebd539fbac7d14d0ed,82,,
fullcorpus,@1785876974,f80b1c09a6e8c3ed21a2a1d5ecd57edac4862de0,04a46b43930b918f6ff0f6b53644df732f908c46,false,expansion,portable,c-programs,c-programs/timer-create-determinism,verify,ptrace,expansion,pass,1,,88d3c6bddc5cce602a98a315d6413f65c9be3b4af294699a8a553337ef4033ae,55,,
fullcorpus,@1785876974,f80b1c09a6e8c3ed21a2a1d5ecd57edac4862de0,04a46b43930b918f6ff0f6b53644df732f908c46,false,expansion,portable,c-programs,c-programs/uname,verify,ptrace,expansion,pass,1,,29a9d1c5f680e45d5fdca33498014a47ce0a123af49e3fecb74543db547788be,56,,
fullcorpus,@1785876974,f80b1c09a6e8c3ed21a2a1d5ecd57edac4862de0,04a46b43930b918f6ff0f6b53644df732f908c46,false,expansion,portable,c-programs,c-programs/unix-autobind-dgram,verify,ptrace,expansion,pass,1,,b3679cef7d4cbb0bfc40803796036d2ea2e8262e846ad4d345c0c0646e79d21b,53,,
fullcorpus,@1785876974,f80b1c09a6e8c3ed21a2a1d5ecd57edac4862de0,04a46b43930b918f6ff0f6b53644df732f908c46,false,expansion,portable,c-programs,c-programs/unix-autobind-seqpacket,verify,ptrace,expansion,pass,1,,adab29374a2e454a06823fd8e1ecc9ba038ed4be7ad9f95ae67cebeec58a3d8c,57,,
fullcorpus,@1785876974,f80b1c09a6e8c3ed21a2a1d5ecd57edac4862de0,04a46b43930b918f6ff0f6b53644df732f908c46,false,expansion,portable,c-programs,c-programs/unix-autobind-stream,verify,ptrace,expansion,pass,1,,91304ad318232da9ea6432240290691ddc20ad0ebf2e4c889c7ab6cd3f71db0c,55,,
fullcorpus,@1785876974,f80b1c09a6e8c3ed21a2a1d5ecd57edac4862de0,04a46b43930b918f6ff0f6b53644df732f908c46,false,expansion,portable,c-programs,c-programs/ustat-enosys,verify,ptrace,expansion,pass,1,,a3385f3800f1f726246c5551a73e98c6ae29a6dd2757326caac8afdf53bb90d3,51,,
fullcorpus,@1785876974,f80b1c09a6e8c3ed21a2a1d5ecd57edac4862de0,04a46b43930b918f6ff0f6b53644df732f908c46,false,expansion,portable,c-programs,c-programs/vforkexec,verify,ptrace,expansion,pass,1,,0b81d8eab80efacf70ba6424c9fd0f53d1403305f94b4b9e5672d5c85d1b7b83,73,,
fullcorpus,@1785876974,f80b1c09a6e8c3ed21a2a1d5ecd57edac4862de0,04a46b43930b918f6ff0f6b53644df732f908c46,false,expansion,portable,c-programs,c-programs/vmsplice-enosys,verify,ptrace,expansion,pass,1,,8f5a5d41aa1ad4af965f89cb80f73347c556f46f42dfaca5a32853b7798fe6f0,53,,
fullcorpus,@1785876974,f80b1c09a6e8c3ed21a2a1d5ecd57edac4862de0,04a46b43930b918f6ff0f6b53644df732f908c46,false,expansion,portable,c-programs,c-programs/wait-on-child,verify,ptrace,expansion,pass,1,,67184c0256b520d88626d2515c464e95a061da32eb566e7b72e70e19dda43ab4,58,,
fullcorpus,@1785876974,f80b1c09a6e8c3ed21a2a1d5ecd57edac4862de0,04a46b43930b918f6ff0f6b53644df732f908c46,false,expansion,portable,c-programs,c-programs/writev-determinism,verify,ptrace,expansion,pass,1,,eb8a913e793713b83b51c96ac1cd869341c248089de48b8cf986bcf3fa552493,88,,
fullcorpus,@1785876974,f80b1c09a6e8c3ed21a2a1d5ecd57edac4862de0,04a46b43930b918f6ff0f6b53644df732f908c46,false,expansion,portable,chaos-c,chaos-c/lock-granularity,verify,ptrace,expansion,pass,1,,1cd27b440cf0189a08ed714e62668d8ff37ae183e61d111b8ee14b2759ad2b2d,67,,
fullcorpus,@1785876974,f80b1c09a6e8c3ed21a2a1d5ecd57edac4862de0,04a46b43930b918f6ff0f6b53644df732f908c46,false,expansion,portable,data-handling,data-handling/archive-roundtrip,verify,ptrace,expansion,diverge,0,,e3b0c44298fc1c149afbf4c8996fb92427ae41e4649b934ca495991b7852b855,52,,ptrace-verify-fail-exit1
fullcorpus,@1785876974,f80b1c09a6e8c3ed21a2a1d5ecd57edac4862de0,04a46b43930b918f6ff0f6b53644df732f908c46,false,expansion,portable,data-handling,data-handling/shell-pipeline,verify,ptrace,expansion,diverge,0,,e3b0c44298fc1c149afbf4c8996fb92427ae41e4649b934ca495991b7852b855,52,,ptrace-verify-fail-exit1
fullcorpus,@1785876974,f80b1c09a6e8c3ed21a2a1d5ecd57edac4862de0,04a46b43930b918f6ff0f6b53644df732f908c46,false,expansion,portable,debugger-c,debugger-c/debuggee,verify,ptrace,expansion,pass,1,,48d3d236efc470a63642ab7a23fc174f378f389d2f6738b84db4f7a550ce4192,56,,
fullcorpus,@1785876974,f80b1c09a6e8c3ed21a2a1d5ecd57edac4862de0,04a46b43930b918f6ff0f6b53644df732f908c46,false,expansion,portable,determinism-stress-c,determinism-stress-c/fork-tree,verify,ptrace,expansion,pass,1,,8ddf8b17d77780a3d7a236df0e42893354e51a485e840d08fc7906ef2207637f,345,,
fullcorpus,@1785876974,f80b1c09a6e8c3ed21a2a1d5ecd57edac4862de0,04a46b43930b918f6ff0f6b53644df732f908c46,false,expansion,portable,determinism-stress-c,determinism-stress-c/lock-free,verify,ptrace,expansion,pass,1,,b3bab857d371911d8565e55d6907439bd3c32995e2938f1ac285ce02884c9c54,77,,
fullcorpus,@1785876974,f80b1c09a6e8c3ed21a2a1d5ecd57edac4862de0,04a46b43930b918f6ff0f6b53644df732f908c46,false,expansion,portable,determinism-stress-c,determinism-stress-c/mmap-fork-shared,verify,ptrace,expansion,pass,1,,cc89b297383dff63af7b831f2ba6075fb65be2276ce33f47bbb000fc30b21a17,278,,
fullcorpus,@1785876974,f80b1c09a6e8c3ed21a2a1d5ecd57edac4862de0,04a46b43930b918f6ff0f6b53644df732f908c46,false,expansion,portable,determinism-stress-c,determinism-stress-c/pid-tid,verify,ptrace,expansion,pass,1,,384b77c5cf9f3306b8afccc60bc227b36e48d475a55ffb34099a2abeb98dec9b,84,,
fullcorpus,@1785876974,f80b1c09a6e8c3ed21a2a1d5ecd57edac4862de0,04a46b43930b918f6ff0f6b53644df732f908c46,false,expansion,portable,determinism-stress-c,determinism-stress-c/pipe-chain,verify,ptrace,expansion,pass,1,,46835a9f9f1301b70e85965ac99fdb8f14d2b4a1b9422ded59ac214abefd768d,95,,
fullcorpus,@1785876974,f80b1c09a6e8c3ed21a2a1d5ecd57edac4862de0,04a46b43930b918f6ff0f6b53644df732f908c46,false,expansion,portable,determinism-stress-c,determinism-stress-c/pipe-prefill,verify,ptrace,expansion,pass,1,,85f07bae7e5247a9311974855de758b431bedf55bf167fc173adc6e9877db1f6,58,,
fullcorpus,@1785876974,f80b1c09a6e8c3ed21a2a1d5ecd57edac4862de0,04a46b43930b918f6ff0f6b53644df732f908c46,false,expansion,portable,determinism-stress-c,determinism-stress-c/producer-consumer,verify,ptrace,expansion,pass,1,,4a1f3835471600bc0823a28a5669705a0e6864214ae213a1083b4c1bf10c50bf,144,,
fullcorpus,@1785876974,f80b1c09a6e8c3ed21a2a1d5ecd57edac4862de0,04a46b43930b918f6ff0f6b53644df732f908c46,false,expansion,portable,determinism-stress-c,determinism-stress-c/signal-order,verify,ptrace,expansion,pass,1,,e4b06b822726e5ff96ca7bcbbf59e764019be179d7b198987fd4c4216687561a,66,,
fullcorpus,@1785876974,f80b1c09a6e8c3ed21a2a1d5ecd57edac4862de0,04a46b43930b918f6ff0f6b53644df732f908c46,false,expansion,portable,determinism-stress-c,determinism-stress-c/thread-contention,verify,ptrace,expansion,diverge,0,,e3b0c44298fc1c149afbf4c8996fb92427ae41e4649b934ca495991b7852b855,26,,ptrace-verify-fail-exit1
fullcorpus,@1785876974,f80b1c09a6e8c3ed21a2a1d5ecd57edac4862de0,04a46b43930b918f6ff0f6b53644df732f908c46,false,expansion,portable,determinism-stress-c,determinism-stress-c/thread-stress,verify,ptrace,expansion,pass,1,,5cc9e2f4adb1ce9d9da8fd455891107712ac699631b4d0b492f52be27a71ba73,261,,
fullcorpus,@1785876974,f80b1c09a6e8c3ed21a2a1d5ecd57edac4862de0,04a46b43930b918f6ff0f6b53644df732f908c46,false,expansion,portable,determinism-stress,determinism-stress/example-race,verify,ptrace,expansion,pass,1,,44f4a9c5837349cffaaf778ab4ddf4fc799d6bb3ef0d14b6fce4bc36f4000a93,306,,
fullcorpus,@1785876974,f80b1c09a6e8c3ed21a2a1d5ecd57edac4862de0,04a46b43930b918f6ff0f6b53644df732f908c46,false,expansion,portable,determinism-stress,determinism-stress/order-violation,verify,ptrace,expansion,pass,1,,0ba904eae8773b70c75333db4de2f3ac45a8ad4ddba1b242f0b3cfc199391dd8,59,,
fullcorpus,@1785876974,f80b1c09a6e8c3ed21a2a1d5ecd57edac4862de0,04a46b43930b918f6ff0f6b53644df732f908c46,false,expansion,portable,determinism-stress,determinism-stress/process-chains,verify,ptrace,expansion,diverge,0,,e3b0c44298fc1c149afbf4c8996fb92427ae41e4649b934ca495991b7852b855,56,,ptrace-verify-fail-exit1
fullcorpus,@1785876974,f80b1c09a6e8c3ed21a2a1d5ecd57edac4862de0,04a46b43930b918f6ff0f6b53644df732f908c46,false,expansion,portable,determinism-stress,determinism-stress/thread-contention,verify,ptrace,expansion,diverge,0,,e3b0c44298fc1c149afbf4c8996fb92427ae41e4649b934ca495991b7852b855,56,,ptrace-verify-fail-exit1
fullcorpus,@1785876974,f80b1c09a6e8c3ed21a2a1d5ecd57edac4862de0,04a46b43930b918f6ff0f6b53644df732f908c46,false,expansion,portable,determinism-stress,determinism-stress/thread-output,verify,ptrace,expansion,pass,1,,44f4a9c5837349cffaaf778ab4ddf4fc799d6bb3ef0d14b6fce4bc36f4000a93,375,,
fullcorpus,@1785876974,f80b1c09a6e8c3ed21a2a1d5ecd57edac4862de0,04a46b43930b918f6ff0f6b53644df732f908c46,false,expansion,portable,language-runtimes,language-runtimes/bash-loop-pipe-time,verify,ptrace,expansion,pass,1,,edff27f48a9e571080002ce18b496906d45c0b7bbdd4ef6bcdf8f57419b05fa1,607,,
fullcorpus,@1785876974,f80b1c09a6e8c3ed21a2a1d5ecd57edac4862de0,04a46b43930b918f6ff0f6b53644df732f908c46,false,expansion,portable,language-runtimes,language-runtimes/example-python-random,verify,ptrace,expansion,pass,1,,e1b8db378cfd66571bc2d0dbe0b45e1bd3eaecb5d6e0e4d51fd1c0ed053113b0,487,,
fullcorpus,@1785876974,f80b1c09a6e8c3ed21a2a1d5ecd57edac4862de0,04a46b43930b918f6ff0f6b53644df732f908c46,false,expansion,portable,language-runtimes,language-runtimes/gawk-random,verify,ptrace,expansion,pass,1,,04427acdbdc27dceba6e78a1623682e9363586e78bcd894100c7b1bf625e92fe,154,,
fullcorpus,@1785876974,f80b1c09a6e8c3ed21a2a1d5ecd57edac4862de0,04a46b43930b918f6ff0f6b53644df732f908c46,false,expansion,portable,language-runtimes,language-runtimes/perl-io-subprocess-time,verify,ptrace,expansion,pass,1,,a492ba7d06367aad6bdfadcb02bf30114d9261f1c4caf15951ac60667faef268,315,,
fullcorpus,@1785876974,f80b1c09a6e8c3ed21a2a1d5ecd57edac4862de0,04a46b43930b918f6ff0f6b53644df732f908c46,false,expansion,portable,language-runtimes,language-runtimes/python-hash-determinism,verify,ptrace,expansion,pass,1,,cea342868e9c8ddfed8b961d54db0727b257e72a5dfded2715d37011200820f2,485,,
fullcorpus,@1785876974,f80b1c09a6e8c3ed21a2a1d5ecd57edac4862de0,04a46b43930b918f6ff0f6b53644df732f908c46,false,expansion,portable,language-runtimes,language-runtimes/python-io-subprocess-time,verify,ptrace,expansion,pass,1,,ba165637436bc168fe9d3d8ceda6678716d62066a716d5063488599251027524,5673,,
fullcorpus,@1785876974,f80b1c09a6e8c3ed21a2a1d5ecd57edac4862de0,04a46b43930b918f6ff0f6b53644df732f908c46,false,expansion,portable,language-runtimes,language-runtimes/python-random,verify,ptrace,expansion,pass,1,,9a7611b282b9eacf3b13ff466a731f3b5c31619ddfe5665214ea8e8e5a97a950,570,,
fullcorpus,@1785876974,f80b1c09a6e8c3ed21a2a1d5ecd57edac4862de0,04a46b43930b918f6ff0f6b53644df732f908c46,false,expansion,portable,shared-futex-c,shared-futex-c/qemu-exec-init,verify,ptrace,expansion,diverge,0,,e3b0c44298fc1c149afbf4c8996fb92427ae41e4649b934ca495991b7852b855,696,,ptrace-verify-fail-exit1
fullcorpus,@1785876974,f80b1c09a6e8c3ed21a2a1d5ecd57edac4862de0,04a46b43930b918f6ff0f6b53644df732f908c46,false,expansion,portable,shared-futex-c,shared-futex-c/qemu-hello,verify,ptrace,expansion,diverge,0,,e3b0c44298fc1c149afbf4c8996fb92427ae41e4649b934ca495991b7852b855,25,,ptrace-verify-fail-exit1
fullcorpus,@1785876974,f80b1c09a6e8c3ed21a2a1d5ecd57edac4862de0,04a46b43930b918f6ff0f6b53644df732f908c46,false,expansion,portable,shared-futex-c,shared-futex-c/qemu-init,verify,ptrace,expansion,diverge,0,,e3b0c44298fc1c149afbf4c8996fb92427ae41e4649b934ca495991b7852b855,680,,ptrace-verify-fail-exit1
fullcorpus,@1785876974,f80b1c09a6e8c3ed21a2a1d5ecd57edac4862de0,04a46b43930b918f6ff0f6b53644df732f908c46,false,expansion,portable,shared-futex-c,shared-futex-c/qemu-net-init,verify,ptrace,expansion,diverge,0,,e3b0c44298fc1c149afbf4c8996fb92427ae41e4649b934ca495991b7852b855,520,,ptrace-verify-fail-exit1
fullcorpus,@1785876974,f80b1c09a6e8c3ed21a2a1d5ecd57edac4862de0,04a46b43930b918f6ff0f6b53644df732f908c46,false,expansion,portable,system-utils,system-utils/clock-determinism,verify,ptrace,expansion,pass,1,,ae53c7f85ecd3f3e57c3b8c0f77f9d944873d0276aca6b0faad8d847063a5458,51,,
fullcorpus,@1785876974,f80b1c09a6e8c3ed21a2a1d5ecd57edac4862de0,04a46b43930b918f6ff0f6b53644df732f908c46,false,expansion,portable,system-utils,system-utils/date-nanoseconds,verify,ptrace,expansion,pass,1,,0544bc0b03554f198943fcc34ce4b943581084da49aa5c45b8c2ad3081470f7d,185,,
fullcorpus,@1785876974,f80b1c09a6e8c3ed21a2a1d5ecd57edac4862de0,04a46b43930b918f6ff0f6b53644df732f908c46,false,expansion,portable,system-utils,system-utils/example-date,verify,ptrace,expansion,pass,1,,02f9de676a1ca05735c6637c678895bf17a0f43b6755d360b98d6ce58e735120,79,,
fullcorpus,@1785876974,f80b1c09a6e8c3ed21a2a1d5ecd57edac4862de0,04a46b43930b918f6ff0f6b53644df732f908c46,false,expansion,portable,system-utils,system-utils/example-devrand,verify,ptrace,expansion,pass,1,,f5edcf77a8645391c7cdaa70592390c2365b1a0849dfc2729f9a6ca3ea874863,105,,
fullcorpus,@1785876974,f80b1c09a6e8c3ed21a2a1d5ecd57edac4862de0,04a46b43930b918f6ff0f6b53644df732f908c46,false,expansion,portable,system-utils,system-utils/openssl-passwd,verify,ptrace,expansion,pass,1,,48e619a6a440a23d7955fda2339654eccd96d4c32d4698a1fce8b365d2cc460b,164,,
fullcorpus,@1785876974,f80b1c09a6e8c3ed21a2a1d5ecd57edac4862de0,04a46b43930b918f6ff0f6b53644df732f908c46,false,expansion,portable,system-utils,system-utils/proc-uptime,verify,ptrace,expansion,pass,1,,927223d83eab42096d72996661295d65e7ab80c3b08c494ccfee840bc07d0328,131,,
fullcorpus,@1785876974,f80b1c09a6e8c3ed21a2a1d5ecd57edac4862de0,04a46b43930b918f6ff0f6b53644df732f908c46,false,expansion,portable,system-utils,system-utils/random-device,verify,ptrace,expansion,pass,1,,f5edcf77a8645391c7cdaa70592390c2365b1a0849dfc2729f9a6ca3ea874863,172,,
fullcorpus,@1785876974,f80b1c09a6e8c3ed21a2a1d5ecd57edac4862de0,04a46b43930b918f6ff0f6b53644df732f908c46,false,expansion,portable,system-utils,system-utils/record-getpid,verify,ptrace,expansion,pass,1,,7d65259dd0f4861331834b3f73013d851b44389c6162f00a24a0176bba121251,47,,
fullcorpus,@1785876974,f80b1c09a6e8c3ed21a2a1d5ecd57edac4862de0,04a46b43930b918f6ff0f6b53644df732f908c46,false,expansion,portable,util-c,util-c/pmu-skid,verify,ptrace,expansion,diverge,0,,e3b0c44298fc1c149afbf4c8996fb92427ae41e4649b934ca495991b7852b855,27,,ptrace-verify-fail-exit1
fullcorpus,@1785876974,f80b1c09a6e8c3ed21a2a1d5ecd57edac4862de0,04a46b43930b918f6ff0f6b53644df732f908c46,false,expansion,portable,applications,applications/example-timed-progress-bar,verify,sabre,expansion,pass,1,1,d8778ce336753d09dab6c6d94699898498ccbc31d6ec6b0b7b3d4bc559745b47,7302,,
fullcorpus,@1785876974,f80b1c09a6e8c3ed21a2a1d5ecd57edac4862de0,04a46b43930b918f6ff0f6b53644df732f908c46,false,expansion,portable,applications,applications/timed-progress-bar,verify,sabre,expansion,diverge,0,,e3b0c44298fc1c149afbf4c8996fb92427ae41e4649b934ca495991b7852b855,10,,sabre-verify-fail-exit1
fullcorpus,@1785876974,f80b1c09a6e8c3ed21a2a1d5ecd57edac4862de0,04a46b43930b918f6ff0f6b53644df732f908c46,false,expansion,privileged,backend-parity-c,backend-parity-c/cpuid-probe,verify,sabre,expansion,diverge,0,0,e3b0c44298fc1c149afbf4c8996fb92427ae41e4649b934ca495991b7852b855,360,,sabre-verify-fail-exit1
fullcorpus,@1785876974,f80b1c09a6e8c3ed21a2a1d5ecd57edac4862de0,04a46b43930b918f6ff0f6b53644df732f908c46,false,expansion,portable,backend-parity-c,backend-parity-c/pid-probe,verify,sabre,expansion,pass,1,1,342cc5c394f2bfe94370f4f30493c870f7877e1dd0646dc7c41af1fc9d14838c,586,,
fullcorpus,@1785876974,f80b1c09a6e8c3ed21a2a1d5ecd57edac4862de0,04a46b43930b918f6ff0f6b53644df732f908c46,false,expansion,portable,backend-parity-c,backend-parity-c/pthread-lifecycle,verify,sabre,expansion,pass,1,1,6f916c392b593c2835823f98adada81a14b81ff8683b4045610a9a1cc0728563,777,,
fullcorpus,@1785876974,f80b1c09a6e8c3ed21a2a1d5ecd57edac4862de0,04a46b43930b918f6ff0f6b53644df732f908c46,false,expansion,portable,bin-c,bin-c/posix-timer-test,verify,sabre,expansion,pass,1,1,73bc36274f961af2a8ad43917d15a87a59ead3cb7c6f54c81db28c45d5395fa1,573,,
fullcorpus,@1785876974,f80b1c09a6e8c3ed21a2a1d5ecd57edac4862de0,04a46b43930b918f6ff0f6b53644df732f908c46,false,expansion,portable,bin-c,bin-c/robust-futex-test,verify,sabre,expansion,timeout,0,,e3b0c44298fc1c149afbf4c8996fb92427ae41e4649b934ca495991b7852b855,120005,,sabre-verify-timeout-120s
fullcorpus,@1785876974,f80b1c09a6e8c3ed21a2a1d5ecd57edac4862de0,04a46b43930b918f6ff0f6b53644df732f908c46,false,expansion,portable,c-programs,c-programs/acct-refusal-probe,verify,sabre,expansion,pass,1,1,fb9a253ff29ae72ad120fbe932651dd0471ff759f020fcad04b62895c481980f,647,,
fullcorpus,@1785876974,f80b1c09a6e8c3ed21a2a1d5ecd57edac4862de0,04a46b43930b918f6ff0f6b53644df732f908c46,false,expansion,portable,c-programs,c-programs/add-key-enosys,verify,sabre,expansion,pass,1,1,392cdd6f142e243a9db3f8bd6d60cde54e983ffe6d072bf7ea3b03cc297cbf72,590,,
fullcorpus,@1785876974,f80b1c09a6e8c3ed21a2a1d5ecd57edac4862de0,04a46b43930b918f6ff0f6b53644df732f908c46,false,expansion,portable,c-programs,c-programs/adjtimex-deterministic,verify,sabre,expansion,pass,1,1,ea6836e27a3d5c63e79076c3c5c976a785aa833022022fc0f2e5361942c6579e,666,,
fullcorpus,@1785876974,f80b1c09a6e8c3ed21a2a1d5ecd57edac4862de0,04a46b43930b918f6ff0f6b53644df732f908c46,false,expansion,portable,c-programs,c-programs/arch-prctl-determinism,verify,sabre,expansion,pass,1,1,8504ad2cf53c948ffdd59e277fe87ecf21f65ffa4fb543989366ec9cb40272fd,771,,
fullcorpus,@1785876974,f80b1c09a6e8c3ed21a2a1d5ecd57edac4862de0,04a46b43930b918f6ff0f6b53644df732f908c46,false,expansion,portable,c-programs,c-programs/bpf-enosys,verify,sabre,expansion,pass,1,1,00b8c2fc33f814bfeb2da739d302426f0122369289c96bb40f9a11ef86f4befe,628,,
fullcorpus,@1785876974,f80b1c09a6e8c3ed21a2a1d5ecd57edac4862de0,04a46b43930b918f6ff0f6b53644df732f908c46,false,expansion,portable,c-programs,c-programs/cachestat-enosys,verify,sabre,expansion,pass,1,1,c99ecc14f33146eb9b4b3c76f1fd310e0b0992a23465df5ce2715ead516e565e,651,,
fullcorpus,@1785876974,f80b1c09a6e8c3ed21a2a1d5ecd57edac4862de0,04a46b43930b918f6ff0f6b53644df732f908c46,false,expansion,portable,c-programs,c-programs/clock-adjtime-deterministic,verify,sabre,expansion,pass,1,1,f8df8f96682085b6719931fa985c994642bd388d6849e9c751941db746098343,651,,
fullcorpus,@1785876974,f80b1c09a6e8c3ed21a2a1d5ecd57edac4862de0,04a46b43930b918f6ff0f6b53644df732f908c46,false,expansion,portable,c-programs,c-programs/clone,verify,sabre,expansion,timeout,0,0,e3b0c44298fc1c149afbf4c8996fb92427ae41e4649b934ca495991b7852b855,120005,,sabre-verify-timeout-120s
fullcorpus,@1785876974,f80b1c09a6e8c3ed21a2a1d5ecd57edac4862de0,04a46b43930b918f6ff0f6b53644df732f908c46,false,expansion,portable,c-programs,c-programs/copy-file-range-refusal-probe,verify,sabre,expansion,pass,1,1,eaf5a67ca844e6a832cd95774ecdb4c48e345e2b64e1c67092ad7fb6ac39777a,666,,
fullcorpus,@1785876974,f80b1c09a6e8c3ed21a2a1d5ecd57edac4862de0,04a46b43930b918f6ff0f6b53644df732f908c46,false,expansion,portable,c-programs,c-programs/dbi-copied-tiocgpgrp,verify,sabre,expansion,diverge,0,0,e3b0c44298fc1c149afbf4c8996fb92427ae41e4649b934ca495991b7852b855,346,,sabre-verify-fail-exit1
fullcorpus,@1785876974,f80b1c09a6e8c3ed21a2a1d5ecd57edac4862de0,04a46b43930b918f6ff0f6b53644df732f908c46,false,expansion,portable,c-programs,c-programs/dbi-exec-failure,verify,sabre,expansion,pass,1,1,d9255dd9cc061248208ec6fabc39e2695034a2f78b3a79675522090f004de84c,800,,
fullcorpus,@1785876974,f80b1c09a6e8c3ed21a2a1d5ecd57edac4862de0,04a46b43930b918f6ff0f6b53644df732f908c46,false,expansion,portable,c-programs,c-programs/dbi-execveat-unsupported,verify,sabre,expansion,pass,1,1,e3b0c44298fc1c149afbf4c8996fb92427ae41e4649b934ca495991b7852b855,1145,,
fullcorpus,@1785876974,f80b1c09a6e8c3ed21a2a1d5ecd57edac4862de0,04a46b43930b918f6ff0f6b53644df732f908c46,false,expansion,portable,c-programs,c-programs/dbi-mmap-exec,verify,sabre,expansion,pass,1,1,87ef25ed096b64f71e5581bf5d09a9bb24b8dca9402b010322037898b99a81cf,581,,
fullcorpus,@1785876974,f80b1c09a6e8c3ed21a2a1d5ecd57edac4862de0,04a46b43930b918f6ff0f6b53644df732f908c46,false,expansion,portable,c-programs,c-programs/dbi-pid-virtualization,verify,sabre,expansion,diverge,0,0,8af335ac43dfe39410524279af642da4f57ce57f60eeeee150a2658041fcbe04,730,,sabre-verify-fail-exit1
fullcorpus,@1785876974,f80b1c09a6e8c3ed21a2a1d5ecd57edac4862de0,04a46b43930b918f6ff0f6b53644df732f908c46,false,expansion,portable,c-programs,c-programs/dbi-prlimit-self,verify,sabre,expansion,pass,1,1,b5d0a733abb9b3694c70cc548fbd236ede0f60c1e06673b4e4999419c7721e12,565,,
fullcorpus,@1785876974,f80b1c09a6e8c3ed21a2a1d5ecd57edac4862de0,04a46b43930b918f6ff0f6b53644df732f908c46,false,expansion,portable,c-programs,c-programs/dbi-self-sigqueue,verify,sabre,expansion,pass,1,1,f4c3bb314cd68d7f8c7e053c24257d5eaf5369087b8c21ee95fd29727f460537,565,,
fullcorpus,@1785876974,f80b1c09a6e8c3ed21a2a1d5ecd57edac4862de0,04a46b43930b918f6ff0f6b53644df732f908c46,false,expansion,portable,c-programs,c-programs/dbi-unsupported-syscall,verify,sabre,expansion,diverge,0,0,e3b0c44298fc1c149afbf4c8996fb92427ae41e4649b934ca495991b7852b855,230,,sabre-verify-fail-exit1
fullcorpus,@1785876974,f80b1c09a6e8c3ed21a2a1d5ecd57edac4862de0,04a46b43930b918f6ff0f6b53644df732f908c46,false,expansion,portable,c-programs,c-programs/dbi-wait-lifecycle,verify,sabre,expansion,diverge,0,,e3b0c44298fc1c149afbf4c8996fb92427ae41e4649b934ca495991b7852b855,290,,sabre-verify-fail-exit1
fullcorpus,@1785876974,f80b1c09a6e8c3ed21a2a1d5ecd57edac4862de0,04a46b43930b918f6ff0f6b53644df732f908c46,false,expansion,portable,c-programs,c-programs/epoll-determinism,verify,sabre,expansion,diverge,0,,e3b0c44298fc1c149afbf4c8996fb92427ae41e4649b934ca495991b7852b855,286,,sabre-verify-fail-exit1
fullcorpus,@1785876974,f80b1c09a6e8c3ed21a2a1d5ecd57edac4862de0,04a46b43930b918f6ff0f6b53644df732f908c46,false,expansion,portable,c-programs,c-programs/fp-reduction-nondeterminism,verify,sabre,expansion,timeout,0,0,e3b0c44298fc1c149afbf4c8996fb92427ae41e4649b934ca495991b7852b855,120005,,sabre-verify-timeout-120s
fullcorpus,@1785876974,f80b1c09a6e8c3ed21a2a1d5ecd57edac4862de0,04a46b43930b918f6ff0f6b53644df732f908c46,false,expansion,portable,c-programs,c-programs/futex-requeue-enosys,verify,sabre,expansion,pass,1,1,3a97289e82874a6de3f7329de461ff8e98aab222e591b44478b0cbfa224b778e,564,,
fullcorpus,@1785876974,f80b1c09a6e8c3ed21a2a1d5ecd57edac4862de0,04a46b43930b918f6ff0f6b53644df732f908c46,false,expansion,portable,c-programs,c-programs/futex-waitv-enosys,verify,sabre,expansion,pass,1,1,889b019ce9ffec65e091b4ebb00324388abe68095b3a9aebf5a6243a8d00540e,551,,
fullcorpus,@1785876974,f80b1c09a6e8c3ed21a2a1d5ecd57edac4862de0,04a46b43930b918f6ff0f6b53644df732f908c46,false,expansion,portable,c-programs,c-programs/futex-wake-enosys,verify,sabre,expansion,pass,1,1,d841d882ef04ba206243543971a6e2d842db22c3508947d6fb60095d878b0da9,550,,
fullcorpus,@1785876974,f80b1c09a6e8c3ed21a2a1d5ecd57edac4862de0,04a46b43930b918f6ff0f6b53644df732f908c46,false,expansion,portable,c-programs,c-programs/get-robust-list-child,verify,sabre,expansion,diverge,0,0,e3b0c44298fc1c149afbf4c8996fb92427ae41e4649b934ca495991b7852b855,286,,sabre-verify-fail-exit1
fullcorpus,@1785876974,f80b1c09a6e8c3ed21a2a1d5ecd57edac4862de0,04a46b43930b918f6ff0f6b53644df732f908c46,false,expansion,portable,c-programs,c-programs/get-robust-list-self,verify,sabre,expansion,pass,1,1,8a606e83612b4b4c869cfae1cd2f9f03220d7fde25cc88f10079b81f9b3423d1,504,,
fullcorpus,@1785876974,f80b1c09a6e8c3ed21a2a1d5ecd57edac4862de0,04a46b43930b918f6ff0f6b53644df732f908c46,false,expansion,portable,c-programs,c-programs/get-robust-list-thread,verify,sabre,expansion,pass,1,1,281d743aba1e1247003f2ad95dda0456f103ab208c1d960079fd0ac272560d4c,598,,
fullcorpus,@1785876974,f80b1c09a6e8c3ed21a2a1d5ecd57edac4862de0,04a46b43930b918f6ff0f6b53644df732f908c46,false,expansion,portable,c-programs,c-programs/getcpu,verify,sabre,expansion,pass,1,1,345e84333a5805a44f38c499137ebb962d9e683e804aa45642afa84e41127f5d,549,,
fullcorpus,@1785876974,f80b1c09a6e8c3ed21a2a1d5ecd57edac4862de0,04a46b43930b918f6ff0f6b53644df732f908c46,false,expansion,portable,c-programs,c-programs/getitimer-determinism-probe,verify,sabre,expansion,pass,1,1,17720cebaa5ab1c96e7035832f98c160d4b41b2c32a7bd909ca74d855fa5aaf9,592,,
fullcorpus,@1785876974,f80b1c09a6e8c3ed21a2a1d5ecd57edac4862de0,04a46b43930b918f6ff0f6b53644df732f908c46,false,expansion,portable,c-programs,c-programs/getsockopt-null,verify,sabre,expansion,pass,1,1,b8636471f62fb5c81c4b4a5bacf5f4ec2b3e3b4970bc0aded5f496dae6670bfd,566,,
fullcorpus,@1785876974,f80b1c09a6e8c3ed21a2a1d5ecd57edac4862de0,04a46b43930b918f6ff0f6b53644df732f908c46,false,expansion,portable,c-programs,c-programs/hello-alarm,verify,sabre,expansion,pass,1,1,69771519a00dad7a34964816b4a9d71896eed8707b6b8c7c3b2d901285fa09f8,499,,
fullcorpus,@1785876974,f80b1c09a6e8c3ed21a2a1d5ecd57edac4862de0,04a46b43930b918f6ff0f6b53644df732f908c46,false,expansion,portable,c-programs,c-programs/hello-nostdlib,verify,sabre,expansion,diverge,0,0,e3b0c44298fc1c149afbf4c8996fb92427ae41e4649b934ca495991b7852b855,559,,sabre-verify-fail-exit1
fullcorpus,@1785876974,f80b1c09a6e8c3ed21a2a1d5ecd57edac4862de0,04a46b43930b918f6ff0f6b53644df732f908c46,false,expansion,portable,c-programs,c-programs/hello-signals,verify,sabre,expansion,pass,1,1,2b4df140dfdd472e4bde5c4d449c859ae4a83efe7f0372f448b95db8b40614d8,534,,
fullcorpus,@1785876974,f80b1c09a6e8c3ed21a2a1d5ecd57edac4862de0,04a46b43930b918f6ff0f6b53644df732f908c46,false,expansion,portable,c-programs,c-programs/io-uring-fallback,verify,sabre,expansion,pass,1,1,8546e30d188b0b196b8d907e1289e7b830df6fd61ff9dd83f5165ba9bda77e7f,535,,
fullcorpus,@1785876974,f80b1c09a6e8c3ed21a2a1d5ecd57edac4862de0,04a46b43930b918f6ff0f6b53644df732f908c46,false,expansion,portable,c-programs,c-programs/io-uring-ring-determinism,verify,sabre,expansion,pass,1,1,5de332a6e2af5315f34ec08e21ca7f8c037a65ecbaee17efd47005a7f1809201,563,,
fullcorpus,@1785876974,f80b1c09a6e8c3ed21a2a1d5ecd57edac4862de0,04a46b43930b918f6ff0f6b53644df732f908c46,false,expansion,portable,c-programs,c-programs/ioctl-fioclex,verify,sabre,expansion,pass,1,1,ed203ed9433cb973a747cbe39690fecc753e9fd7c1e7688563d6f3a154eb0d5e,588,,
fullcorpus,@1785876974,f80b1c09a6e8c3ed21a2a1d5ecd57edac4862de0,04a46b43930b918f6ff0f6b53644df732f908c46,false,expansion,portable,c-programs,c-programs/ioctl-siocethtool,verify,sabre,expansion,pass,1,1,28f38ce93b6d5f0d279d4f3d619cc3fc7e134e190ae9ee4f652eeb6afe623291,516,,
fullcorpus,@1785876974,f80b1c09a6e8c3ed21a2a1d5ecd57edac4862de0,04a46b43930b918f6ff0f6b53644df732f908c46,false,expansion,portable,c-programs,c-programs/ipc-determinism,verify,sabre,expansion,diverge,0,,e3b0c44298fc1c149afbf4c8996fb92427ae41e4649b934ca495991b7852b855,249,,sabre-verify-fail-exit1
fullcorpus,@1785876974,f80b1c09a6e8c3ed21a2a1d5ecd57edac4862de0,04a46b43930b918f6ff0f6b53644df732f908c46,false,expansion,portable,c-programs,c-programs/just-spin,verify,sabre,expansion,pass,1,1,e3b0c44298fc1c149afbf4c8996fb92427ae41e4649b934ca495991b7852b855,683,,
fullcorpus,@1785876974,f80b1c09a6e8c3ed21a2a1d5ecd57edac4862de0,04a46b43930b918f6ff0f6b53644df732f908c46,false,expansion,portable,c-programs,c-programs/kcmp-eperm,verify,sabre,expansion,pass,1,1,288278193317b71ec5d15a6dcc2239918b1eea39229a8ef5eb7ae1e6b0a72cce,542,,
fullcorpus,@1785876974,f80b1c09a6e8c3ed21a2a1d5ecd57edac4862de0,04a46b43930b918f6ff0f6b53644df732f908c46,false,expansion,portable,c-programs,c-programs/keyctl-enosys,verify,sabre,expansion,pass,1,1,83d9f2169baa0647471ca5f2e4e1c5b73ff2d356b322b7fcdd75d5cf129a292f,530,,
fullcorpus,@1785876974,f80b1c09a6e8c3ed21a2a1d5ecd57edac4862de0,04a46b43930b918f6ff0f6b53644df732f908c46,false,expansion,portable,c-programs,c-programs/keyctl-passthrough,verify,sabre,expansion,pass,1,1,decfa402c4223a34ee494253769befc420b46b13da25f3082c91dfe7f19a0310,528,,
fullcorpus,@1785876974,f80b1c09a6e8c3ed21a2a1d5ecd57edac4862de0,04a46b43930b918f6ff0f6b53644df732f908c46,false,expansion,portable,c-programs,c-programs/listmount-enosys,verify,sabre,expansion,pass,1,1,231c3dfcda497bd1b166dfb575578d2868721d30f15362cfabcad6f930e43713,550,,
fullcorpus,@1785876974,f80b1c09a6e8c3ed21a2a1d5ecd57edac4862de0,04a46b43930b918f6ff0f6b53644df732f908c46,false,expansion,portable,c-programs,c-programs/liteinst-advanced,verify,sabre,expansion,diverge,0,,e3b0c44298fc1c149afbf4c8996fb92427ae41e4649b934ca495991b7852b855,271,,sabre-verify-fail-exit1
fullcorpus,@1785876974,f80b1c09a6e8c3ed21a2a1d5ecd57edac4862de0,04a46b43930b918f6ff0f6b53644df732f908c46,false,expansion,portable,c-programs,c-programs/lsm-get-self-attr-enosys,verify,sabre,expansion,pass,1,1,e83dcdfbdee854f34e05165d3a7aa7b774ca748bc96ee665789c63a32c593fe0,567,,
fullcorpus,@1785876974,f80b1c09a6e8c3ed21a2a1d5ecd57edac4862de0,04a46b43930b918f6ff0f6b53644df732f908c46,false,expansion,portable,c-programs,c-programs/lsm-list-modules-enosys,verify,sabre,expansion,pass,1,1,8f5862ec33defb2bf2625429444eaec8b64ce9b7d2c21635e7db07f99c92fc3d,587,,
fullcorpus,@1785876974,f80b1c09a6e8c3ed21a2a1d5ecd57edac4862de0,04a46b43930b918f6ff0f6b53644df732f908c46,false,expansion,portable,c-programs,c-programs/lsm-set-self-attr-enosys,verify,sabre,expansion,pass,1,1,326c5b270af2a116865e2690f44310bc17aa77c6cc96d4c83800615036e10e16,543,,
fullcorpus,@1785876974,f80b1c09a6e8c3ed21a2a1d5ecd57edac4862de0,04a46b43930b918f6ff0f6b53644df732f908c46,false,expansion,portable,c-programs,c-programs/madvise-determinism,verify,sabre,expansion,pass,1,1,c6053a1ebd42e4762ac34b01ed5d666e0b1f5f18b83ddca9d1b7f4ebef175e83,587,,
fullcorpus,@1785876974,f80b1c09a6e8c3ed21a2a1d5ecd57edac4862de0,04a46b43930b918f6ff0f6b53644df732f908c46,false,expansion,portable,c-programs,c-programs/map-shadow-stack-enosys,verify,sabre,expansion,pass,1,1,97ae187dd98c3d4b943dd9b69d472da499f0ef3ae9b2c66152d2ed5dc04bd569,582,,
fullcorpus,@1785876974,f80b1c09a6e8c3ed21a2a1d5ecd57edac4862de0,04a46b43930b918f6ff0f6b53644df732f908c46,false,expansion,portable,c-programs,c-programs/memfd-secret-enosys,verify,sabre,expansion,pass,1,1,dcbbb5f4e71889cba127631a6a9a2fce4d68defe8aa92a8d437fd6be6129d6dd,587,,
fullcorpus,@1785876974,f80b1c09a6e8c3ed21a2a1d5ecd57edac4862de0,04a46b43930b918f6ff0f6b53644df732f908c46,false,expansion,portable,c-programs,c-programs/meminfo-available-deterministic,verify,sabre,expansion,pass,1,1,7b76f77046d0c4bc8e2105f9850b009d269b48c26e0b7de4723c8adc25181af4,608,,
fullcorpus,@1785876974,f80b1c09a6e8c3ed21a2a1d5ecd57edac4862de0,04a46b43930b918f6ff0f6b53644df732f908c46,false,expansion,portable,c-programs,c-programs/meminfo-cached-deterministic,verify,sabre,expansion,pass,1,1,6a4a1ce51b1c48a3c39972e58451953b36a3a49ed40cdf242978e2c2da4cabe4,570,,
fullcorpus,@1785876974,f80b1c09a6e8c3ed21a2a1d5ecd57edac4862de0,04a46b43930b918f6ff0f6b53644df732f908c46,false,expansion,portable,c-programs,c-programs/meminfo-free-deterministic,verify,sabre,expansion,pass,1,1,b8a06902cd8245cc3d8acabb5118c81f14b6455c7e6d5da9cf2e59f0b0bcc9da,580,,
fullcorpus,@1785876974,f80b1c09a6e8c3ed21a2a1d5ecd57edac4862de0,04a46b43930b918f6ff0f6b53644df732f908c46,false,expansion,portable,c-programs,c-programs/memorypress,verify,sabre,expansion,pass,1,1,e3b0c44298fc1c149afbf4c8996fb92427ae41e4649b934ca495991b7852b855,549,,
fullcorpus,@1785876974,f80b1c09a6e8c3ed21a2a1d5ecd57edac4862de0,04a46b43930b918f6ff0f6b53644df732f908c46,false,expansion,portable,c-programs,c-programs/mmap-determinism,verify,sabre,expansion,diverge,0,,e3b0c44298fc1c149afbf4c8996fb92427ae41e4649b934ca495991b7852b855,247,,sabre-verify-fail-exit1
fullcorpus,@1785876974,f80b1c09a6e8c3ed21a2a1d5ecd57edac4862de0,04a46b43930b918f6ff0f6b53644df732f908c46,false,expansion,portable,c-programs,c-programs/mmap-stress-determinism,verify,sabre,expansion,pass,1,1,890065cac586dbeaf7ae771f63d223dd2d04995b4e051040bdd9c9792019dec0,1060,,
fullcorpus,@1785876974,f80b1c09a6e8c3ed21a2a1d5ecd57edac4862de0,04a46b43930b918f6ff0f6b53644df732f908c46,false,expansion,portable,c-programs,c-programs/name-to-handle-at-eopnotsupp,verify,sabre,expansion,pass,1,1,29e0c39b5f7ab315794d97b7e06e60cf737450deef4306dd8ad0ffd040a25cc0,525,,
fullcorpus,@1785876974,f80b1c09a6e8c3ed21a2a1d5ecd57edac4862de0,04a46b43930b918f6ff0f6b53644df732f908c46,false,expansion,portable,c-programs,c-programs/name-to-handle-directory-eopnotsupp,verify,sabre,expansion,pass,1,1,7e5656f3fa9831a9c1f43055b26f6f209b6549daeb42ef1ce12677b324adf310,567,,
fullcorpus,@1785876974,f80b1c09a6e8c3ed21a2a1d5ecd57edac4862de0,04a46b43930b918f6ff0f6b53644df732f908c46,false,expansion,portable,c-programs,c-programs/name-to-handle-empty-path-eopnotsupp,verify,sabre,expansion,pass,1,1,e3f9de47951c04e5f8349e7bb340fca6dcb76fffe659a12ab8f9e16fe48f72dd,565,,
fullcorpus,@1785876974,f80b1c09a6e8c3ed21a2a1d5ecd57edac4862de0,04a46b43930b918f6ff0f6b53644df732f908c46,false,expansion,portable,c-programs,c-programs/name-to-handle-regular-eopnotsupp,verify,sabre,expansion,pass,1,1,82b589b3f458bbdcffe0a9aaf1a18ab2cfe882ab232290e1ca113714923af2a0,559,,
fullcorpus,@1785876974,f80b1c09a6e8c3ed21a2a1d5ecd57edac4862de0,04a46b43930b918f6ff0f6b53644df732f908c46,false,expansion,portable,c-programs,c-programs/nanosleep-par,verify,sabre,expansion,pass,1,1,bf8aa1c7b00aeb67d9ce84b6efe29c410ef142938a5c71a932bbe34e2cf09f91,972,,
fullcorpus,@1785876974,f80b1c09a6e8c3ed21a2a1d5ecd57edac4862de0,04a46b43930b918f6ff0f6b53644df732f908c46,false,expansion,portable,c-programs,c-programs/nanosleep-threads-nocrash,verify,sabre,expansion,pass,1,1,e3b0c44298fc1c149afbf4c8996fb92427ae41e4649b934ca495991b7852b855,514,,
fullcorpus,@1785876974,f80b1c09a6e8c3ed21a2a1d5ecd57edac4862de0,04a46b43930b918f6ff0f6b53644df732f908c46,false,expansion,portable,c-programs,c-programs/nanosleep-threads-simple,verify,sabre,expansion,diverge,0,,e3b0c44298fc1c149afbf4c8996fb92427ae41e4649b934ca495991b7852b855,837,,sabre-verify-fail-exit1
fullcorpus,@1785876974,f80b1c09a6e8c3ed21a2a1d5ecd57edac4862de0,04a46b43930b918f6ff0f6b53644df732f908c46,false,expansion,portable,c-programs,c-programs/netlink-autobind-generic,verify,sabre,expansion,pass,1,1,947db933d2beaaa7502b24b06bc2aa623116320e9099408e0714af30e877b237,555,,
fullcorpus,@1785876974,f80b1c09a6e8c3ed21a2a1d5ecd57edac4862de0,04a46b43930b918f6ff0f6b53644df732f908c46,false,expansion,portable,c-programs,c-programs/netlink-autobind-route,verify,sabre,expansion,pass,1,1,6b579b3015fa46b849f2c563d3caa3f1113b30eda45f2c376a535ade155a5264,563,,
fullcorpus,@1785876974,f80b1c09a6e8c3ed21a2a1d5ecd57edac4862de0,04a46b43930b918f6ff0f6b53644df732f908c46,false,expansion,portable,c-programs,c-programs/netlink-autobind-usersock,verify,sabre,expansion,pass,1,1,434cfac765f7a108d0f27c8b43ba45a2b7acff66219ef8104a01612dd7e70956,715,,
fullcorpus,@1785876974,f80b1c09a6e8c3ed21a2a1d5ecd57edac4862de0,04a46b43930b918f6ff0f6b53644df732f908c46,false,expansion,portable,c-programs,c-programs/netns-cookie-tcp4,verify,sabre,expansion,pass,1,1,69c87be106187443c99bd437315cc2bb5e8110445a962b89b9d3d9d5446a505e,560,,
fullcorpus,@1785876974,f80b1c09a6e8c3ed21a2a1d5ecd57edac4862de0,04a46b43930b918f6ff0f6b53644df732f908c46,false,expansion,portable,c-programs,c-programs/netns-cookie-tcp6,verify,sabre,expansion,pass,1,1,a6c1c996f6bed470020b9575b0884d32ba10a29938b56ce56dbcbce889a1c719,561,,
fullcorpus,@1785876974,f80b1c09a6e8c3ed21a2a1d5ecd57edac4862de0,04a46b43930b918f6ff0f6b53644df732f908c46,false,expansion,portable,c-programs,c-programs/netns-cookie-udp4,verify,sabre,expansion,pass,1,1,3f3599e44c7dcd4ec95cf8d9e67c01200ce6a491020b553a010b6ee754095bb0,555,,
fullcorpus,@1785876974,f80b1c09a6e8c3ed21a2a1d5ecd57edac4862de0,04a46b43930b918f6ff0f6b53644df732f908c46,false,expansion,portable,c-programs,c-programs/perf-event-hardware-enosys,verify,sabre,expansion,pass,1,1,c7ea49ae4eac3a1842c692e71eff658fde408e8ccb4b9a1efa9094b58a8d453a,535,,
fullcorpus,@1785876974,f80b1c09a6e8c3ed21a2a1d5ecd57edac4862de0,04a46b43930b918f6ff0f6b53644df732f908c46,false,expansion,portable,c-programs,c-programs/perf-event-open-enosys,verify,sabre,expansion,pass,1,1,2ce5d62fee05f49913ea9ac04a79850be9af6e16eae2083b3054c2186d1fd933,526,,
fullcorpus,@1785876974,f80b1c09a6e8c3ed21a2a1d5ecd57edac4862de0,04a46b43930b918f6ff0f6b53644df732f908c46,false,expansion,portable,c-programs,c-programs/perf-event-software-enosys,verify,sabre,expansion,pass,1,1,9dd8d0a9c51029d92fb24312cc38b62b647ab6e796f26f0670e2e54d062b54b6,560,,
fullcorpus,@1785876974,f80b1c09a6e8c3ed21a2a1d5ecd57edac4862de0,04a46b43930b918f6ff0f6b53644df732f908c46,false,expansion,portable,c-programs,c-programs/perf-event-watchpoint-enosys,verify,sabre,expansion,pass,1,1,a3c1e5e84ae8a1c634c0fd8ad162c35918124d312ed7e23f44555334e58daf40,559,,
fullcorpus,@1785876974,f80b1c09a6e8c3ed21a2a1d5ecd57edac4862de0,04a46b43930b918f6ff0f6b53644df732f908c46,false,expansion,portable,c-programs,c-programs/periodic-setitimer-delivery,verify,sabre,expansion,pass,1,1,db1d924766d35b4e879b61b7ca0256ae3656e1bcfb81e882ef4e754d9df0d87d,588,,
fullcorpus,@1785876974,f80b1c09a6e8c3ed21a2a1d5ecd57edac4862de0,04a46b43930b918f6ff0f6b53644df732f908c46,false,expansion,portable,c-programs,c-programs/pidfd-open-self,verify,sabre,expansion,pass,1,1,eb85b13112d24bf3eabf6dc998951dba694fd8a544d48d55b0243fcea3a30de9,575,,
fullcorpus,@1785876974,f80b1c09a6e8c3ed21a2a1d5ecd57edac4862de0,04a46b43930b918f6ff0f6b53644df732f908c46,false,expansion,portable,c-programs,c-programs/pidfd-poll-self,verify,sabre,expansion,pass,1,1,d9c4e30a92ce688e867036dd07e60be370ba398f888f35db4edc54730e9abe08,571,,
fullcorpus,@1785876974,f80b1c09a6e8c3ed21a2a1d5ecd57edac4862de0,04a46b43930b918f6ff0f6b53644df732f908c46,false,expansion,portable,c-programs,c-programs/pidfd-waitid-child,verify,sabre,expansion,diverge,0,0,e3b0c44298fc1c149afbf4c8996fb92427ae41e4649b934ca495991b7852b855,311,,sabre-verify-fail-exit1
fullcorpus,@1785876974,f80b1c09a6e8c3ed21a2a1d5ecd57edac4862de0,04a46b43930b918f6ff0f6b53644df732f908c46,false,expansion,portable,c-programs,c-programs/ppoll-readv,verify,sabre,expansion,pass,1,1,c03be617b251e1b37d3570212e2f93d6a815c70dfb73dca0dd25cef02468153a,578,,
fullcorpus,@1785876974,f80b1c09a6e8c3ed21a2a1d5ecd57edac4862de0,04a46b43930b918f6ff0f6b53644df732f908c46,false,expansion,portable,c-programs,c-programs/ppoll-simulation,verify,sabre,expansion,pass,1,1,8ed6c0a2fbe8457da0a0b394c05e4ce42009f4631451de6c41e371d77a9068f5,637,,
fullcorpus,@1785876974,f80b1c09a6e8c3ed21a2a1d5ecd57edac4862de0,04a46b43930b918f6ff0f6b53644df732f908c46,false,expansion,portable,c-programs,c-programs/prctl-dumpable,verify,sabre,expansion,pass,1,1,789f3fd97e00c2b30751851b5bd08f2703b2539a14421d29dea17db83c379696,557,,
fullcorpus,@1785876974,f80b1c09a6e8c3ed21a2a1d5ecd57edac4862de0,04a46b43930b918f6ff0f6b53644df732f908c46,false,expansion,portable,c-programs,c-programs/pread64-nostdlib,verify,sabre,expansion,diverge,0,0,e3b0c44298fc1c149afbf4c8996fb92427ae41e4649b934ca495991b7852b855,475,,sabre-verify-fail-exit1
fullcorpus,@1785876974,f80b1c09a6e8c3ed21a2a1d5ecd57edac4862de0,04a46b43930b918f6ff0f6b53644df732f908c46,false,expansion,portable,c-programs,c-programs/print-memaddrs,verify,sabre,expansion,pass,1,0,c1da29ad72a36787efda1bc6ffba46c862fcb3c82befd93f40c5ccd7ebd2e7d4,558,,
fullcorpus,@1785876974,f80b1c09a6e8c3ed21a2a1d5ecd57edac4862de0,04a46b43930b918f6ff0f6b53644df732f908c46,false,expansion,portable,c-programs,c-programs/printf-with-threads,verify,sabre,expansion,pass,1,1,e36a044d5d2a2be76cbf0550fa744da4e751c78870cf3712ebc061f1a2c55f83,602,,
fullcorpus,@1785876974,f80b1c09a6e8c3ed21a2a1d5ecd57edac4862de0,04a46b43930b918f6ff0f6b53644df732f908c46,false,expansion,portable,c-programs,c-programs/proc-fd-link-aliases,verify,sabre,expansion,pass,1,1,a54aec5d7147422feac8782b9d053b8609b9f6a45b8b2ab71f16cca54da845a0,586,,
fullcorpus,@1785876974,f80b1c09a6e8c3ed21a2a1d5ecd57edac4862de0,04a46b43930b918f6ff0f6b53644df732f908c46,false,expansion,portable,c-programs,c-programs/proc-fdinfo,verify,sabre,expansion,pass,1,0,a7a19be3773f504673068f0e13217bac2630ddc837f103d48f8fd981e36f8ff5,558,,
fullcorpus,@1785876974,f80b1c09a6e8c3ed21a2a1d5ecd57edac4862de0,04a46b43930b918f6ff0f6b53644df732f908c46,false,expansion,portable,c-programs,c-programs/proc-locks,verify,sabre,expansion,pass,1,1,fa314d5543a63dd3d6317f97c24feb7b33c9a47fbeea304c79fbd732f5fea7a6,704,,
fullcorpus,@1785876974,f80b1c09a6e8c3ed21a2a1d5ecd57edac4862de0,04a46b43930b918f6ff0f6b53644df732f908c46,false,expansion,portable,c-programs,c-programs/process-mrelease-enosys,verify,sabre,expansion,pass,1,1,c21e5000294b34b0a296fdceaa1377156cde383448706c80e1f4ad705bfdb076,542,,
fullcorpus,@1785876974,f80b1c09a6e8c3ed21a2a1d5ecd57edac4862de0,04a46b43930b918f6ff0f6b53644df732f908c46,false,expansion,portable,c-programs,c-programs/process-vm-readv-refusal-probe,verify,sabre,expansion,pass,1,1,50905f5ed2b6d9b2083dc16aabfd535f7c531aa42e72dc6c2b67f36e70e97a66,553,,
fullcorpus,@1785876974,f80b1c09a6e8c3ed21a2a1d5ecd57edac4862de0,04a46b43930b918f6ff0f6b53644df732f908c46,false,expansion,portable,c-programs,c-programs/process-vm-writev-refusal-probe,verify,sabre,expansion,pass,1,1,92c63d99c7bc830d36fb97a16d43febe7a7fcdca938131c9963f92c1b1a2b59d,565,,
fullcorpus,@1785876974,f80b1c09a6e8c3ed21a2a1d5ecd57edac4862de0,04a46b43930b918f6ff0f6b53644df732f908c46,false,expansion,portable,c-programs,c-programs/procfs-positioned-probe,verify,sabre,expansion,pass,1,1,96c70ad84f7430a56bdf020c7e3c24dbbd8719d841a1cb616712b1b96ad38f03,600,,
fullcorpus,@1785876974,f80b1c09a6e8c3ed21a2a1d5ecd57edac4862de0,04a46b43930b918f6ff0f6b53644df732f908c46,false,expansion,portable,c-programs,c-programs/prodcons-determinism,verify,sabre,expansion,pass,1,1,81282a1fb8147d5cf198f784f93142129205c96b3a1587329eda16ce1581673e,10677,,
fullcorpus,@1785876974,f80b1c09a6e8c3ed21a2a1d5ecd57edac4862de0,04a46b43930b918f6ff0f6b53644df732f908c46,false,expansion,portable,c-programs,c-programs/pselect6-simulation,verify,sabre,expansion,diverge,0,0,e3b0c44298fc1c149afbf4c8996fb92427ae41e4649b934ca495991b7852b855,710,,sabre-verify-fail-exit1
fullcorpus,@1785876974,f80b1c09a6e8c3ed21a2a1d5ecd57edac4862de0,04a46b43930b918f6ff0f6b53644df732f908c46,false,expansion,portable,c-programs,c-programs/ptrace-attach-eperm,verify,sabre,expansion,diverge,0,0,e3b0c44298fc1c149afbf4c8996fb92427ae41e4649b934ca495991b7852b855,303,,sabre-verify-fail-exit1
fullcorpus,@1785876974,f80b1c09a6e8c3ed21a2a1d5ecd57edac4862de0,04a46b43930b918f6ff0f6b53644df732f908c46,false,expansion,portable,c-programs,c-programs/ptrace-eperm,verify,sabre,expansion,pass,1,1,4357c8a18b9107c54242303395afea99ea744c6c288d8db499b4e1062383de17,572,,
fullcorpus,@1785876974,f80b1c09a6e8c3ed21a2a1d5ecd57edac4862de0,04a46b43930b918f6ff0f6b53644df732f908c46,false,expansion,portable,c-programs,c-programs/ptrace-seize-eperm,verify,sabre,expansion,diverge,0,0,e3b0c44298fc1c149afbf4c8996fb92427ae41e4649b934ca495991b7852b855,295,,sabre-verify-fail-exit1
fullcorpus,@1785876974,f80b1c09a6e8c3ed21a2a1d5ecd57edac4862de0,04a46b43930b918f6ff0f6b53644df732f908c46,false,expansion,portable,c-programs,c-programs/ptrace-traceme-eperm,verify,sabre,expansion,pass,1,1,7ceef18c073f15987e5d89441dc5bf378f7c1b50e8bf3ac626a6ea3eaa9cad56,558,,
fullcorpus,@1785876974,f80b1c09a6e8c3ed21a2a1d5ecd57edac4862de0,04a46b43930b918f6ff0f6b53644df732f908c46,false,expansion,portable,c-programs,c-programs/pty-nr-count,verify,sabre,expansion,pass,1,1,d6aa3c553b74b5052939893a096d0f320c69d79a52c3ed819d2c10f57ea6e3ac,621,,
fullcorpus,@1785876974,f80b1c09a6e8c3ed21a2a1d5ecd57edac4862de0,04a46b43930b918f6ff0f6b53644df732f908c46,false,expansion,portable,c-programs,c-programs/racewrite-nostdlib,verify,sabre,expansion,diverge,0,0,e3b0c44298fc1c149afbf4c8996fb92427ae41e4649b934ca495991b7852b855,519,,sabre-verify-fail-exit1
fullcorpus,@1785876974,f80b1c09a6e8c3ed21a2a1d5ecd57edac4862de0,04a46b43930b918f6ff0f6b53644df732f908c46,false,expansion,portable,c-programs,c-programs/random-sources,verify,sabre,expansion,pass,1,0,7f94bd8d7d7ccdd0693b92657f2f783aa5730e8ef9b4ea78436698ef6e3e145e,823,,
fullcorpus,@1785876974,f80b1c09a6e8c3ed21a2a1d5ecd57edac4862de0,04a46b43930b918f6ff0f6b53644df732f908c46,false,expansion,portable,c-programs,c-programs/rcx-canonicalization,verify,sabre,expansion,pass,1,1,60ab39b068f20e83e1e12d5fc849301a3ee11bab51ddf3f0f8240e5c38b7ed25,584,,
fullcorpus,@1785876974,f80b1c09a6e8c3ed21a2a1d5ecd57edac4862de0,04a46b43930b918f6ff0f6b53644df732f908c46,false,expansion,portable,c-programs,c-programs/record-replay-fd-close,verify,sabre,expansion,pass,1,1,e3b0c44298fc1c149afbf4c8996fb92427ae41e4649b934ca495991b7852b855,1219,,
fullcorpus,@1785876974,f80b1c09a6e8c3ed21a2a1d5ecd57edac4862de0,04a46b43930b918f6ff0f6b53644df732f908c46,false,expansion,portable,c-programs,c-programs/record-replay-file-state,verify,sabre,expansion,diverge,0,0,e3b0c44298fc1c149afbf4c8996fb92427ae41e4649b934ca495991b7852b855,305,,sabre-verify-fail-exit1
fullcorpus,@1785876974,f80b1c09a6e8c3ed21a2a1d5ecd57edac4862de0,04a46b43930b918f6ff0f6b53644df732f908c46,false,expansion,portable,c-programs,c-programs/record-replay-lseek-seek-cur,verify,sabre,expansion,diverge,0,,e3b0c44298fc1c149afbf4c8996fb92427ae41e4649b934ca495991b7852b855,279,,sabre-verify-fail-exit1
fullcorpus,@1785876974,f80b1c09a6e8c3ed21a2a1d5ecd57edac4862de0,04a46b43930b918f6ff0f6b53644df732f908c46,false,expansion,portable,c-programs,c-programs/record-replay-setsockopt,verify,sabre,expansion,pass,1,1,81a01674bdbc3ed8aff53344a3ca68dd615e08ff5a413f537980546e30757714,689,,
fullcorpus,@1785876974,f80b1c09a6e8c3ed21a2a1d5ecd57edac4862de0,04a46b43930b918f6ff0f6b53644df732f908c46,false,expansion,portable,c-programs,c-programs/recvmsg-scm-rights-mmap,verify,sabre,expansion,pass,1,1,50212370d90ce8b680af7c5a9448684c494dc504956193611b2f034831e5c80d,590,,
fullcorpus,@1785876974,f80b1c09a6e8c3ed21a2a1d5ecd57edac4862de0,04a46b43930b918f6ff0f6b53644df732f908c46,false,expansion,portable,c-programs,c-programs/remap-file-pages-anonymous-enosys,verify,sabre,expansion,pass,1,1,18b174a569bfacdfaa99b5ec11dec76b5c857e910913d52f2b0886ccf43c8de5,579,,
fullcorpus,@1785876974,f80b1c09a6e8c3ed21a2a1d5ecd57edac4862de0,04a46b43930b918f6ff0f6b53644df732f908c46,false,expansion,portable,c-programs,c-programs/remap-file-pages-memfd-enosys,verify,sabre,expansion,pass,1,1,bd053ef4819b7e8bcfbb6cae1bfce238da7007e770af9efcdd46419aedff5631,567,,
fullcorpus,@1785876974,f80b1c09a6e8c3ed21a2a1d5ecd57edac4862de0,04a46b43930b918f6ff0f6b53644df732f908c46,false,expansion,portable,c-programs,c-programs/remap-file-pages-tmpfile-enosys,verify,sabre,expansion,pass,1,1,86f8d7cfd95fa8053265e9077e7cefc2b5f36f9060c8719f7f2652421a984d31,540,,
fullcorpus,@1785876974,f80b1c09a6e8c3ed21a2a1d5ecd57edac4862de0,04a46b43930b918f6ff0f6b53644df732f908c46,false,expansion,portable,c-programs,c-programs/request-key-enosys,verify,sabre,expansion,pass,1,1,745b53ba9579787b43a3a4b6271a471d8915b07ef8be45f28360fc0fb683d9d1,588,,
fullcorpus,@1785876974,f80b1c09a6e8c3ed21a2a1d5ecd57edac4862de0,04a46b43930b918f6ff0f6b53644df732f908c46,false,expansion,portable,c-programs,c-programs/resource-determinism,verify,sabre,expansion,diverge,0,0,94cd3ecd41a4326f0acf2973470d3f55f78344f9a65cc76fb0f73dc657e35175,348,,sabre-verify-fail-exit1
fullcorpus,@1785876974,f80b1c09a6e8c3ed21a2a1d5ecd57edac4862de0,04a46b43930b918f6ff0f6b53644df732f908c46,false,expansion,portable,c-programs,c-programs/sched-setattr-batch,verify,sabre,expansion,pass,1,1,99eac8d5cfe2b3c98d2a509ad3c4095f749dedf91bfe3a50c888ca25482ff328,521,,
fullcorpus,@1785876974,f80b1c09a6e8c3ed21a2a1d5ecd57edac4862de0,04a46b43930b918f6ff0f6b53644df732f908c46,false,expansion,portable,c-programs,c-programs/sched-setattr-idle,verify,sabre,expansion,pass,1,1,5ee4cb2f5210f1a5945af443dbb57effe1a8f04c69f632d2391781c6f900af7c,572,,
fullcorpus,@1785876974,f80b1c09a6e8c3ed21a2a1d5ecd57edac4862de0,04a46b43930b918f6ff0f6b53644df732f908c46,false,expansion,portable,c-programs,c-programs/sched-setattr-other,verify,sabre,expansion,pass,1,1,b9b3b39b4487c39eff3a18989355c0d25dae1bbef9c9eb9868729f3335163e9d,646,,
fullcorpus,@1785876974,f80b1c09a6e8c3ed21a2a1d5ecd57edac4862de0,04a46b43930b918f6ff0f6b53644df732f908c46,false,expansion,portable,c-programs,c-programs/sched-yield-progress,verify,sabre,expansion,pass,1,1,0cf05b84c117bf29ad0908b6ed54b07ab9fd5cd576bd8e2c42ac2411eec42a5e,606,,
fullcorpus,@1785876974,f80b1c09a6e8c3ed21a2a1d5ecd57edac4862de0,04a46b43930b918f6ff0f6b53644df732f908c46,false,expansion,portable,c-programs,c-programs/scheduler-policy-queries,verify,sabre,expansion,pass,1,1,49a4292eaa9d835040b884177ac3fed11611ee037c7577af8a28d977675dde27,555,,
fullcorpus,@1785876974,f80b1c09a6e8c3ed21a2a1d5ecd57edac4862de0,04a46b43930b918f6ff0f6b53644df732f908c46,false,expansion,portable,c-programs,c-programs/setitimer-determinism,verify,sabre,expansion,diverge,0,1,aa8afff1d4a0e29340065da47212a4ac237980d07744f94ed540f13789097ba5,595,,sabre-verify-fail-exit1
fullcorpus,@1785876974,f80b1c09a6e8c3ed21a2a1d5ecd57edac4862de0,04a46b43930b918f6ff0f6b53644df732f908c46,false,expansion,portable,c-programs,c-programs/sigmask-preemption,verify,sabre,expansion,pass,1,1,33120d6f8e5896b4921d592649470484fdfb0c3438aedd6f7a19dc625829cb76,7463,,
fullcorpus,@1785876974,f80b1c09a6e8c3ed21a2a1d5ecd57edac4862de0,04a46b43930b918f6ff0f6b53644df732f908c46,false,expansion,portable,c-programs,c-programs/signal-determinism,verify,sabre,expansion,diverge,0,,e3b0c44298fc1c149afbf4c8996fb92427ae41e4649b934ca495991b7852b855,283,,sabre-verify-fail-exit1
fullcorpus,@1785876974,f80b1c09a6e8c3ed21a2a1d5ecd57edac4862de0,04a46b43930b918f6ff0f6b53644df732f908c46,false,expansion,portable,c-programs,c-programs/sigpipe-siginfo,verify,sabre,expansion,diverge,0,0,e3b0c44298fc1c149afbf4c8996fb92427ae41e4649b934ca495991b7852b855,284,,sabre-verify-fail-exit1
fullcorpus,@1785876974,f80b1c09a6e8c3ed21a2a1d5ecd57edac4862de0,04a46b43930b918f6ff0f6b53644df732f908c46,false,expansion,portable,c-programs,c-programs/sigtimedwait-no-timeout,verify,sabre,expansion,timeout,0,0,9e8ecb96a8c91d2a751a3aa82a29618bf0fd890f295d8bb4d8b121e3be3add3f,120005,,sabre-verify-timeout-120s
fullcorpus,@1785876974,f80b1c09a6e8c3ed21a2a1d5ecd57edac4862de0,04a46b43930b918f6ff0f6b53644df732f908c46,false,expansion,portable,c-programs,c-programs/sigtimedwait-timeout-0s,verify,sabre,expansion,pass,1,1,1fdb5bc221fec017d7d094e8aeef5164e5684040b75235798955040a2cae9573,651,,
fullcorpus,@1785876974,f80b1c09a6e8c3ed21a2a1d5ecd57edac4862de0,04a46b43930b918f6ff0f6b53644df732f908c46,false,expansion,portable,c-programs,c-programs/sigtimedwait-timeout-1s,verify,sabre,expansion,pass,1,0,0deea4ab8c6a65bc294aca5c071bf834e90d7c105ca30869347ca4d4852b2a69,1240,,
fullcorpus,@1785876974,f80b1c09a6e8c3ed21a2a1d5ecd57edac4862de0,04a46b43930b918f6ff0f6b53644df732f908c46,false,expansion,portable,c-programs,c-programs/so-incoming-cpu-tcp4,verify,sabre,expansion,pass,1,1,37d9e0d38876a4913d49d1524721047328ff7d139c4bea030fc003d86325cb12,513,,
fullcorpus,@1785876974,f80b1c09a6e8c3ed21a2a1d5ecd57edac4862de0,04a46b43930b918f6ff0f6b53644df732f908c46,false,expansion,portable,c-programs,c-programs/so-incoming-cpu-tcp6,verify,sabre,expansion,pass,1,1,71986d6a252d40985852f55c3577bc0d86ae15e892c678bea20d0f320e584593,492,,
fullcorpus,@1785876974,f80b1c09a6e8c3ed21a2a1d5ecd57edac4862de0,04a46b43930b918f6ff0f6b53644df732f908c46,false,expansion,portable,c-programs,c-programs/so-incoming-cpu-udp4,verify,sabre,expansion,pass,1,1,b49fc8be9466892afd2c8ad552ba7b28128fc5ac32fc5d89f9a1146264aa4dc7,484,,
fullcorpus,@1785876974,f80b1c09a6e8c3ed21a2a1d5ecd57edac4862de0,04a46b43930b918f6ff0f6b53644df732f908c46,false,expansion,portable,c-programs,c-programs/socket-cookie-tcp,verify,sabre,expansion,pass,1,1,6180a36432851ee86fbec823dd6fe6c7588f786bfadefd70480438b246053b6b,517,,
fullcorpus,@1785876974,f80b1c09a6e8c3ed21a2a1d5ecd57edac4862de0,04a46b43930b918f6ff0f6b53644df732f908c46,false,expansion,portable,c-programs,c-programs/socket-cookie-udp,verify,sabre,expansion,pass,1,1,2d06feadf81160afca89105d6b83f0ce0a7296070a855b1b25b8b72d58e724be,510,,
fullcorpus,@1785876974,f80b1c09a6e8c3ed21a2a1d5ecd57edac4862de0,04a46b43930b918f6ff0f6b53644df732f908c46,false,expansion,portable,c-programs,c-programs/socket-cookie-unix,verify,sabre,expansion,pass,1,1,af2ebd36b3b776fa4c0c4c215288f5e66fa5241f8dfda47f8ef017ba351e3734,551,,
fullcorpus,@1785876974,f80b1c09a6e8c3ed21a2a1d5ecd57edac4862de0,04a46b43930b918f6ff0f6b53644df732f908c46,false,expansion,portable,c-programs,c-programs/socket-ioctl-timestamp,verify,sabre,expansion,diverge,0,,e3b0c44298fc1c149afbf4c8996fb92427ae41e4649b934ca495991b7852b855,265,,sabre-verify-fail-exit1
fullcorpus,@1785876974,f80b1c09a6e8c3ed21a2a1d5ecd57edac4862de0,04a46b43930b918f6ff0f6b53644df732f908c46,false,expansion,portable,c-programs,c-programs/socket-timestamp-edge-cases,verify,sabre,expansion,pass,1,1,237ff1081253f64aba6ed9e84bad994c1c481d9bd2312ba4fe80afa1d959f9cc,726,,
fullcorpus,@1785876974,f80b1c09a6e8c3ed21a2a1d5ecd57edac4862de0,04a46b43930b918f6ff0f6b53644df732f908c46,false,expansion,portable,c-programs,c-programs/socket-timestamp-timespec,verify,sabre,expansion,pass,1,1,4a5eae51288da929c514799c22251bb18ec475d82ca4a648f9732da9a00cfd75,552,,
fullcorpus,@1785876974,f80b1c09a6e8c3ed21a2a1d5ecd57edac4862de0,04a46b43930b918f6ff0f6b53644df732f908c46,false,expansion,portable,c-programs,c-programs/socket-timestamp-timeval,verify,sabre,expansion,pass,1,1,2a6d69ec1e29905992985dd6131920efd96bd015b70cd2c003724b8065750683,568,,
fullcorpus,@1785876974,f80b1c09a6e8c3ed21a2a1d5ecd57edac4862de0,04a46b43930b918f6ff0f6b53644df732f908c46,false,expansion,portable,c-programs,c-programs/splice-enosys,verify,sabre,expansion,pass,1,1,0bc4f64fe4ad2292443e402eba4830484779aeb4370264c9c0abfa7a78f95c8e,548,,
fullcorpus,@1785876974,f80b1c09a6e8c3ed21a2a1d5ecd57edac4862de0,04a46b43930b918f6ff0f6b53644df732f908c46,false,expansion,portable,c-programs,c-programs/statmount-enosys,verify,sabre,expansion,pass,1,1,84a55d7cfcd9fe81a459d4852c82ddf5ad78845213534c19fa6dcdef66cfdf95,555,,
fullcorpus,@1785876974,f80b1c09a6e8c3ed21a2a1d5ecd57edac4862de0,04a46b43930b918f6ff0f6b53644df732f908c46,false,expansion,portable,c-programs,c-programs/syscall-file-io,verify,sabre,expansion,pass,1,1,632d0f8b9698ef9868e243dd5432fca72d482ec38beb954c8af6f6ddf94e8e51,592,,
fullcorpus,@1785876974,f80b1c09a6e8c3ed21a2a1d5ecd57edac4862de0,04a46b43930b918f6ff0f6b53644df732f908c46,false,expansion,portable,c-programs,c-programs/syscall-file-metadata,verify,sabre,expansion,pass,1,1,57a74d78ecf93f4f8f188f946cdd5345bed2d126fc15a9f362d320bed2c5236a,662,,
fullcorpus,@1785876974,f80b1c09a6e8c3ed21a2a1d5ecd57edac4862de0,04a46b43930b918f6ff0f6b53644df732f908c46,false,expansion,portable,c-programs,c-programs/syscall-quick-wins,verify,sabre,expansion,pass,1,1,5d19b00a019f367eb9008a6429952f1970209bcf9d10ccae126091a6cdd87193,594,,
fullcorpus,@1785876974,f80b1c09a6e8c3ed21a2a1d5ecd57edac4862de0,04a46b43930b918f6ff0f6b53644df732f908c46,false,expansion,portable,c-programs,c-programs/sysfs-enosys,verify,sabre,expansion,pass,1,1,77a60c6b8a6c3c908333e6f4dfa94a2c397b1bd7c93991eebb8ed5915b0ad95f,575,,
fullcorpus,@1785876974,f80b1c09a6e8c3ed21a2a1d5ecd57edac4862de0,04a46b43930b918f6ff0f6b53644df732f908c46,false,expansion,portable,c-programs,c-programs/sysinfo-uptime,verify,sabre,expansion,pass,1,0,1429541a342182baeb957e7490636685d8d6bcb5011ec02e4260a42020c3c5f5,5755,,
fullcorpus,@1785876974,f80b1c09a6e8c3ed21a2a1d5ecd57edac4862de0,04a46b43930b918f6ff0f6b53644df732f908c46,false,expansion,portable,c-programs,c-programs/sysinfo,verify,sabre,expansion,pass,1,0,906d8e561c1c66638de700d08a85dc6b087a48cd409ac283c0a3089242559966,581,,
fullcorpus,@1785876974,f80b1c09a6e8c3ed21a2a1d5ecd57edac4862de0,04a46b43930b918f6ff0f6b53644df732f908c46,false,expansion,portable,c-programs,c-programs/syslog-deterministic,verify,sabre,expansion,pass,1,1,c23edf066d3bda360f91b47308f840e8b42b87278b5e379c8d71d8bf10a255d2,589,,
fullcorpus,@1785876974,f80b1c09a6e8c3ed21a2a1d5ecd57edac4862de0,04a46b43930b918f6ff0f6b53644df732f908c46,false,expansion,portable,c-programs,c-programs/sysv-sem-enosys,verify,sabre,expansion,pass,1,1,f024dd91d8c142074c08ff93925022b5acfeab0e3d58d7ea1fdbdee13ebada99,579,,
fullcorpus,@1785876974,f80b1c09a6e8c3ed21a2a1d5ecd57edac4862de0,04a46b43930b918f6ff0f6b53644df732f908c46,false,expansion,portable,c-programs,c-programs/sysv-shm-enosys,verify,sabre,expansion,pass,1,1,7b4564e64aa38d43273e5e7e1df8e80071b1c9219f7de2628fa37e6ab4da5794,589,,
fullcorpus,@1785876974,f80b1c09a6e8c3ed21a2a1d5ecd57edac4862de0,04a46b43930b918f6ff0f6b53644df732f908c46,false,expansion,portable,c-programs,c-programs/tcp-info-accept4,verify,sabre,expansion,pass,1,1,c830be750b315e97d977e5cc40104658ccccaf34f1b26068556c22b37f7cf950,615,,
fullcorpus,@1785876974,f80b1c09a6e8c3ed21a2a1d5ecd57edac4862de0,04a46b43930b918f6ff0f6b53644df732f908c46,false,expansion,portable,c-programs,c-programs/tcp-info-accept6,verify,sabre,expansion,pass,1,1,4b386d711c9c58617076dd9ffc01f4f517fc3f6d7d1a21c78d5b728fa66ad5ec,607,,
fullcorpus,@1785876974,f80b1c09a6e8c3ed21a2a1d5ecd57edac4862de0,04a46b43930b918f6ff0f6b53644df732f908c46,false,expansion,portable,c-programs,c-programs/tcp-info-client4,verify,sabre,expansion,pass,1,1,29047556927b663805202185a671154cc0f9331208fdb57bc9fefe51e26f9d74,616,,
fullcorpus,@1785876974,f80b1c09a6e8c3ed21a2a1d5ecd57edac4862de0,04a46b43930b918f6ff0f6b53644df732f908c46,false,expansion,portable,c-programs,c-programs/tee-enosys,verify,sabre,expansion,pass,1,1,1c8d3e5b5c25e921430729592b73be499a63f45dc355ac8686a3070d1e2f6108,600,,
fullcorpus,@1785876974,f80b1c09a6e8c3ed21a2a1d5ecd57edac4862de0,04a46b43930b918f6ff0f6b53644df732f908c46,false,expansion,portable,c-programs,c-programs/thread-self-procfs-handoff,verify,sabre,expansion,pass,1,1,4ec014d923f7213d78fc3fe481bb1e5a1afe2966878e2967593bac452513edd6,813,,
fullcorpus,@1785876974,f80b1c09a6e8c3ed21a2a1d5ecd57edac4862de0,04a46b43930b918f6ff0f6b53644df732f908c46,false,expansion,portable,c-programs,c-programs/thread-sync-determinism,verify,sabre,expansion,diverge,0,,e3b0c44298fc1c149afbf4c8996fb92427ae41e4649b934ca495991b7852b855,295,,sabre-verify-fail-exit1
fullcorpus,@1785876974,f80b1c09a6e8c3ed21a2a1d5ecd57edac4862de0,04a46b43930b918f6ff0f6b53644df732f908c46,false,expansion,portable,c-programs,c-programs/threadexhaustion,verify,sabre,expansion,pass,1,1,6ed164be2f904840f8cd736bc12bac0858d8d7238d37fbebd539fbac7d14d0ed,736,,
fullcorpus,@1785876974,f80b1c09a6e8c3ed21a2a1d5ecd57edac4862de0,04a46b43930b918f6ff0f6b53644df732f908c46,false,expansion,portable,c-programs,c-programs/timer-create-determinism,verify,sabre,expansion,pass,1,1,88d3c6bddc5cce602a98a315d6413f65c9be3b4af294699a8a553337ef4033ae,566,,
fullcorpus,@1785876974,f80b1c09a6e8c3ed21a2a1d5ecd57edac4862de0,04a46b43930b918f6ff0f6b53644df732f908c46,false,expansion,portable,c-programs,c-programs/uname,verify,sabre,expansion,pass,1,1,29a9d1c5f680e45d5fdca33498014a47ce0a123af49e3fecb74543db547788be,573,,
fullcorpus,@1785876974,f80b1c09a6e8c3ed21a2a1d5ecd57edac4862de0,04a46b43930b918f6ff0f6b53644df732f908c46,false,expansion,portable,c-programs,c-programs/unix-autobind-dgram,verify,sabre,expansion,pass,1,1,b3679cef7d4cbb0bfc40803796036d2ea2e8262e846ad4d345c0c0646e79d21b,556,,
fullcorpus,@1785876974,f80b1c09a6e8c3ed21a2a1d5ecd57edac4862de0,04a46b43930b918f6ff0f6b53644df732f908c46,false,expansion,portable,c-programs,c-programs/unix-autobind-seqpacket,verify,sabre,expansion,pass,1,1,adab29374a2e454a06823fd8e1ecc9ba038ed4be7ad9f95ae67cebeec58a3d8c,571,,
fullcorpus,@1785876974,f80b1c09a6e8c3ed21a2a1d5ecd57edac4862de0,04a46b43930b918f6ff0f6b53644df732f908c46,false,expansion,portable,c-programs,c-programs/unix-autobind-stream,verify,sabre,expansion,pass,1,1,91304ad318232da9ea6432240290691ddc20ad0ebf2e4c889c7ab6cd3f71db0c,581,,
fullcorpus,@1785876974,f80b1c09a6e8c3ed21a2a1d5ecd57edac4862de0,04a46b43930b918f6ff0f6b53644df732f908c46,false,expansion,portable,c-programs,c-programs/ustat-enosys,verify,sabre,expansion,pass,1,1,a3385f3800f1f726246c5551a73e98c6ae29a6dd2757326caac8afdf53bb90d3,565,,
fullcorpus,@1785876974,f80b1c09a6e8c3ed21a2a1d5ecd57edac4862de0,04a46b43930b918f6ff0f6b53644df732f908c46,false,expansion,portable,c-programs,c-programs/vforkexec,verify,sabre,expansion,timeout,0,0,e3b0c44298fc1c149afbf4c8996fb92427ae41e4649b934ca495991b7852b855,120006,,sabre-verify-timeout-120s
fullcorpus,@1785876974,f80b1c09a6e8c3ed21a2a1d5ecd57edac4862de0,04a46b43930b918f6ff0f6b53644df732f908c46,false,expansion,portable,c-programs,c-programs/vmsplice-enosys,verify,sabre,expansion,pass,1,1,8f5a5d41aa1ad4af965f89cb80f73347c556f46f42dfaca5a32853b7798fe6f0,571,,
fullcorpus,@1785876974,f80b1c09a6e8c3ed21a2a1d5ecd57edac4862de0,04a46b43930b918f6ff0f6b53644df732f908c46,false,expansion,portable,c-programs,c-programs/wait-on-child,verify,sabre,expansion,diverge,0,0,9dfc3ecee4cb5ff1f7581a7ec70f1e9db05545a837dc8df916a6711835b8bc8e,324,,sabre-verify-fail-exit1
fullcorpus,@1785876974,f80b1c09a6e8c3ed21a2a1d5ecd57edac4862de0,04a46b43930b918f6ff0f6b53644df732f908c46,false,expansion,portable,c-programs,c-programs/writev-determinism,verify,sabre,expansion,diverge,0,0,6512ed89795e96b012c9cc09575601e225bc7262464771a63048be921f5298c7,400,,sabre-verify-fail-exit1
fullcorpus,@1785876974,f80b1c09a6e8c3ed21a2a1d5ecd57edac4862de0,04a46b43930b918f6ff0f6b53644df732f908c46,false,expansion,portable,chaos-c,chaos-c/lock-granularity,verify,sabre,expansion,pass,1,1,1cd27b440cf0189a08ed714e62668d8ff37ae183e61d111b8ee14b2759ad2b2d,639,,
fullcorpus,@1785876974,f80b1c09a6e8c3ed21a2a1d5ecd57edac4862de0,04a46b43930b918f6ff0f6b53644df732f908c46,false,expansion,portable,data-handling,data-handling/archive-roundtrip,verify,sabre,expansion,diverge,0,,e3b0c44298fc1c149afbf4c8996fb92427ae41e4649b934ca495991b7852b855,5082,,sabre-verify-fail-exit1
fullcorpus,@1785876974,f80b1c09a6e8c3ed21a2a1d5ecd57edac4862de0,04a46b43930b918f6ff0f6b53644df732f908c46,false,expansion,portable,data-handling,data-handling/shell-pipeline,verify,sabre,expansion,diverge,0,,e3b0c44298fc1c149afbf4c8996fb92427ae41e4649b934ca495991b7852b855,4631,,sabre-verify-fail-exit1
fullcorpus,@1785876974,f80b1c09a6e8c3ed21a2a1d5ecd57edac4862de0,04a46b43930b918f6ff0f6b53644df732f908c46,false,expansion,portable,debugger-c,debugger-c/debuggee,verify,sabre,expansion,pass,1,1,48d3d236efc470a63642ab7a23fc174f378f389d2f6738b84db4f7a550ce4192,581,,
fullcorpus,@1785876974,f80b1c09a6e8c3ed21a2a1d5ecd57edac4862de0,04a46b43930b918f6ff0f6b53644df732f908c46,false,expansion,portable,determinism-stress-c,determinism-stress-c/fork-tree,verify,sabre,expansion,diverge,0,0,e3b0c44298fc1c149afbf4c8996fb92427ae41e4649b934ca495991b7852b855,1136,,sabre-verify-fail-exit1
fullcorpus,@1785876974,f80b1c09a6e8c3ed21a2a1d5ecd57edac4862de0,04a46b43930b918f6ff0f6b53644df732f908c46,false,expansion,portable,determinism-stress-c,determinism-stress-c/lock-free,verify,sabre,expansion,pass,1,1,b3bab857d371911d8565e55d6907439bd3c32995e2938f1ac285ce02884c9c54,729,,
fullcorpus,@1785876974,f80b1c09a6e8c3ed21a2a1d5ecd57edac4862de0,04a46b43930b918f6ff0f6b53644df732f908c46,false,expansion,portable,determinism-stress-c,determinism-stress-c/mmap-fork-shared,verify,sabre,expansion,diverge,0,0,e3b0c44298fc1c149afbf4c8996fb92427ae41e4649b934ca495991b7852b855,2137,,sabre-verify-fail-exit1
fullcorpus,@1785876974,f80b1c09a6e8c3ed21a2a1d5ecd57edac4862de0,04a46b43930b918f6ff0f6b53644df732f908c46,false,expansion,portable,determinism-stress-c,determinism-stress-c/pid-tid,verify,sabre,expansion,diverge,0,0,5466b41608f8b4593fc81cab33d27ff7b3f3ec399c44bc981d0eca0ec649051f,409,,sabre-verify-fail-exit1
fullcorpus,@1785876974,f80b1c09a6e8c3ed21a2a1d5ecd57edac4862de0,04a46b43930b918f6ff0f6b53644df732f908c46,false,expansion,portable,determinism-stress-c,determinism-stress-c/pipe-chain,verify,sabre,expansion,diverge,0,0,e3b0c44298fc1c149afbf4c8996fb92427ae41e4649b934ca495991b7852b855,429,,sabre-verify-fail-exit1
fullcorpus,@1785876974,f80b1c09a6e8c3ed21a2a1d5ecd57edac4862de0,04a46b43930b918f6ff0f6b53644df732f908c46,false,expansion,portable,determinism-stress-c,determinism-stress-c/pipe-prefill,verify,sabre,expansion,diverge,0,0,e3b0c44298fc1c149afbf4c8996fb92427ae41e4649b934ca495991b7852b855,311,,sabre-verify-fail-exit1
fullcorpus,@1785876974,f80b1c09a6e8c3ed21a2a1d5ecd57edac4862de0,04a46b43930b918f6ff0f6b53644df732f908c46,false,expansion,portable,determinism-stress-c,determinism-stress-c/producer-consumer,verify,sabre,expansion,pass,1,1,4a1f3835471600bc0823a28a5669705a0e6864214ae213a1083b4c1bf10c50bf,1636,,
fullcorpus,@1785876974,f80b1c09a6e8c3ed21a2a1d5ecd57edac4862de0,04a46b43930b918f6ff0f6b53644df732f908c46,false,expansion,portable,determinism-stress-c,determinism-stress-c/signal-order,verify,sabre,expansion,pass,1,1,e4b06b822726e5ff96ca7bcbbf59e764019be179d7b198987fd4c4216687561a,691,,
fullcorpus,@1785876974,f80b1c09a6e8c3ed21a2a1d5ecd57edac4862de0,04a46b43930b918f6ff0f6b53644df732f908c46,false,expansion,portable,determinism-stress-c,determinism-stress-c/thread-contention,verify,sabre,expansion,diverge,0,,e3b0c44298fc1c149afbf4c8996fb92427ae41e4649b934ca495991b7852b855,293,,sabre-verify-fail-exit1
fullcorpus,@1785876974,f80b1c09a6e8c3ed21a2a1d5ecd57edac4862de0,04a46b43930b918f6ff0f6b53644df732f908c46,false,expansion,portable,determinism-stress-c,determinism-stress-c/thread-stress,verify,sabre,expansion,pass,1,1,5cc9e2f4adb1ce9d9da8fd455891107712ac699631b4d0b492f52be27a71ba73,1666,,
fullcorpus,@1785876974,f80b1c09a6e8c3ed21a2a1d5ecd57edac4862de0,04a46b43930b918f6ff0f6b53644df732f908c46,false,expansion,portable,determinism-stress,determinism-stress/example-race,verify,sabre,expansion,pass,1,1,44f4a9c5837349cffaaf778ab4ddf4fc799d6bb3ef0d14b6fce4bc36f4000a93,6289,,
fullcorpus,@1785876974,f80b1c09a6e8c3ed21a2a1d5ecd57edac4862de0,04a46b43930b918f6ff0f6b53644df732f908c46,false,expansion,portable,determinism-stress,determinism-stress/order-violation,verify,sabre,expansion,pass,1,1,0ba904eae8773b70c75333db4de2f3ac45a8ad4ddba1b242f0b3cfc199391dd8,605,,
fullcorpus,@1785876974,f80b1c09a6e8c3ed21a2a1d5ecd57edac4862de0,04a46b43930b918f6ff0f6b53644df732f908c46,false,expansion,portable,determinism-stress,determinism-stress/process-chains,verify,sabre,expansion,diverge,0,,e3b0c44298fc1c149afbf4c8996fb92427ae41e4649b934ca495991b7852b855,4686,,sabre-verify-fail-exit1
fullcorpus,@1785876974,f80b1c09a6e8c3ed21a2a1d5ecd57edac4862de0,04a46b43930b918f6ff0f6b53644df732f908c46,false,expansion,portable,determinism-stress,determinism-stress/thread-contention,verify,sabre,expansion,diverge,0,,e3b0c44298fc1c149afbf4c8996fb92427ae41e4649b934ca495991b7852b855,4753,,sabre-verify-fail-exit1
fullcorpus,@1785876974,f80b1c09a6e8c3ed21a2a1d5ecd57edac4862de0,04a46b43930b918f6ff0f6b53644df732f908c46,false,expansion,portable,determinism-stress,determinism-stress/thread-output,verify,sabre,expansion,pass,1,1,44f4a9c5837349cffaaf778ab4ddf4fc799d6bb3ef0d14b6fce4bc36f4000a93,13060,,
fullcorpus,@1785876974,f80b1c09a6e8c3ed21a2a1d5ecd57edac4862de0,04a46b43930b918f6ff0f6b53644df732f908c46,false,expansion,portable,language-runtimes,language-runtimes/bash-loop-pipe-time,verify,sabre,expansion,diverge,0,0,e3b0c44298fc1c149afbf4c8996fb92427ae41e4649b934ca495991b7852b855,9766,,sabre-verify-fail-exit1
fullcorpus,@1785876974,f80b1c09a6e8c3ed21a2a1d5ecd57edac4862de0,04a46b43930b918f6ff0f6b53644df732f908c46,false,expansion,portable,language-runtimes,language-runtimes/example-python-random,verify,sabre,expansion,pass,1,1,e1b8db378cfd66571bc2d0dbe0b45e1bd3eaecb5d6e0e4d51fd1c0ed053113b0,7744,,
fullcorpus,@1785876974,f80b1c09a6e8c3ed21a2a1d5ecd57edac4862de0,04a46b43930b918f6ff0f6b53644df732f908c46,false,expansion,portable,language-runtimes,language-runtimes/gawk-random,verify,sabre,expansion,pass,1,1,04427acdbdc27dceba6e78a1623682e9363586e78bcd894100c7b1bf625e92fe,9481,,
fullcorpus,@1785876974,f80b1c09a6e8c3ed21a2a1d5ecd57edac4862de0,04a46b43930b918f6ff0f6b53644df732f908c46,false,expansion,portable,language-runtimes,language-runtimes/perl-io-subprocess-time,verify,sabre,expansion,pass,1,0,6ae662bfe4c85ab6fe83d4ae38d131e798770f1d706ea026890e23082bc86a53,11907,,
fullcorpus,@1785876974,f80b1c09a6e8c3ed21a2a1d5ecd57edac4862de0,04a46b43930b918f6ff0f6b53644df732f908c46,false,expansion,portable,language-runtimes,language-runtimes/python-hash-determinism,verify,sabre,expansion,pass,1,0,ac363b10f5e4ccd3c3ae5974974a12f3eb7ebf684f774da9e5e39335e53f5b89,13174,,
fullcorpus,@1785876974,f80b1c09a6e8c3ed21a2a1d5ecd57edac4862de0,04a46b43930b918f6ff0f6b53644df732f908c46,false,expansion,portable,language-runtimes,language-runtimes/python-io-subprocess-time,verify,sabre,expansion,timeout,0,0,e3b0c44298fc1c149afbf4c8996fb92427ae41e4649b934ca495991b7852b855,120005,,sabre-verify-timeout-120s
fullcorpus,@1785876974,f80b1c09a6e8c3ed21a2a1d5ecd57edac4862de0,04a46b43930b918f6ff0f6b53644df732f908c46,false,expansion,portable,language-runtimes,language-runtimes/python-random,verify,sabre,expansion,pass,1,0,e1b8db378cfd66571bc2d0dbe0b45e1bd3eaecb5d6e0e4d51fd1c0ed053113b0,12805,,
fullcorpus,@1785876974,f80b1c09a6e8c3ed21a2a1d5ecd57edac4862de0,04a46b43930b918f6ff0f6b53644df732f908c46,false,expansion,portable,shared-futex-c,shared-futex-c/qemu-exec-init,verify,sabre,expansion,diverge,0,,f661f3a07a6eaf11cc84a517476a7fad235b90d6b017b27b1d196e7fc437abeb,640,,sabre-verify-fail-exit1
fullcorpus,@1785876974,f80b1c09a6e8c3ed21a2a1d5ecd57edac4862de0,04a46b43930b918f6ff0f6b53644df732f908c46,false,expansion,portable,shared-futex-c,shared-futex-c/qemu-hello,verify,sabre,expansion,diverge,0,,9ea4709e7c24602ba619d6ae109051a4df65ce643d978faa5fcc1dfffc35acef,276,,sabre-verify-fail-exit1
fullcorpus,@1785876974,f80b1c09a6e8c3ed21a2a1d5ecd57edac4862de0,04a46b43930b918f6ff0f6b53644df732f908c46,false,expansion,portable,shared-futex-c,shared-futex-c/qemu-init,verify,sabre,expansion,diverge,0,,e3b0c44298fc1c149afbf4c8996fb92427ae41e4649b934ca495991b7852b855,445,,sabre-verify-fail-exit1
fullcorpus,@1785876974,f80b1c09a6e8c3ed21a2a1d5ecd57edac4862de0,04a46b43930b918f6ff0f6b53644df732f908c46,false,expansion,portable,shared-futex-c,shared-futex-c/qemu-net-init,verify,sabre,expansion,diverge,0,,e3b0c44298fc1c149afbf4c8996fb92427ae41e4649b934ca495991b7852b855,416,,sabre-verify-fail-exit1
fullcorpus,@1785876974,f80b1c09a6e8c3ed21a2a1d5ecd57edac4862de0,04a46b43930b918f6ff0f6b53644df732f908c46,false,expansion,portable,system-utils,system-utils/clock-determinism,verify,sabre,expansion,pass,1,0,d8c3255f65c14d3b569712bc033c756c805dc4948084b6631b7bc002a1d60a6e,617,,
fullcorpus,@1785876974,f80b1c09a6e8c3ed21a2a1d5ecd57edac4862de0,04a46b43930b918f6ff0f6b53644df732f908c46,false,expansion,portable,system-utils,system-utils/date-nanoseconds,verify,sabre,expansion,diverge,0,0,e3b0c44298fc1c149afbf4c8996fb92427ae41e4649b934ca495991b7852b855,5884,,sabre-verify-fail-exit1
fullcorpus,@1785876974,f80b1c09a6e8c3ed21a2a1d5ecd57edac4862de0,04a46b43930b918f6ff0f6b53644df732f908c46,false,expansion,portable,system-utils,system-utils/example-date,verify,sabre,expansion,pass,1,0,116a14aa2c99218067d9947349d56b48fbe96301e57dbcae7dc3cd90664289eb,1828,,
fullcorpus,@1785876974,f80b1c09a6e8c3ed21a2a1d5ecd57edac4862de0,04a46b43930b918f6ff0f6b53644df732f908c46,false,expansion,portable,system-utils,system-utils/example-devrand,verify,sabre,expansion,pass,1,1,f5edcf77a8645391c7cdaa70592390c2365b1a0849dfc2729f9a6ca3ea874863,2797,,
fullcorpus,@1785876974,f80b1c09a6e8c3ed21a2a1d5ecd57edac4862de0,04a46b43930b918f6ff0f6b53644df732f908c46,false,expansion,portable,system-utils,system-utils/openssl-passwd,verify,sabre,expansion,pass,1,0,5f12ae51206cb90930222c9758bb40169979e34abddc4681b50f7dfaa07181d7,7639,,
fullcorpus,@1785876974,f80b1c09a6e8c3ed21a2a1d5ecd57edac4862de0,04a46b43930b918f6ff0f6b53644df732f908c46,false,expansion,portable,system-utils,system-utils/proc-uptime,verify,sabre,expansion,pass,1,0,771d52112d881cd7b612f5666228cdfb8b4af595893040c157e8aa41a0f22ce8,7336,,
fullcorpus,@1785876974,f80b1c09a6e8c3ed21a2a1d5ecd57edac4862de0,04a46b43930b918f6ff0f6b53644df732f908c46,false,expansion,portable,system-utils,system-utils/random-device,verify,sabre,expansion,pass,1,1,f5edcf77a8645391c7cdaa70592390c2365b1a0849dfc2729f9a6ca3ea874863,8082,,
fullcorpus,@1785876974,f80b1c09a6e8c3ed21a2a1d5ecd57edac4862de0,04a46b43930b918f6ff0f6b53644df732f908c46,false,expansion,portable,system-utils,system-utils/record-getpid,verify,sabre,expansion,pass,1,1,7d65259dd0f4861331834b3f73013d851b44389c6162f00a24a0176bba121251,520,,
fullcorpus,@1785876974,f80b1c09a6e8c3ed21a2a1d5ecd57edac4862de0,04a46b43930b918f6ff0f6b53644df732f908c46,false,expansion,portable,util-c,util-c/pmu-skid,verify,sabre,expansion,diverge,0,,e3b0c44298fc1c149afbf4c8996fb92427ae41e4649b934ca495991b7852b855,257,,sabre-verify-fail-exit1
