run_id,run_utc,hermit_sha,reverie_sha,dirty,run_mode,lane,bucket,test_id,test_mode,backend,cell_state,outcome,deterministic,parity,output_hash,duration_ms,max_rss_kb,reason
fullcorpus,@1785675836,c7531a837a65d388707e3b14642a6ba36b660267,ef5ffebccb7e4bfd0e82a2bc7bc703c2ed6212a4,false,expansion,portable,applications,applications/example-timed-progress-bar,verify,e9patch,expansion,pass,1,1,d8778ce336753d09dab6c6d94699898498ccbc31d6ec6b0b7b3d4bc559745b47,515,,
fullcorpus,@1785675836,c7531a837a65d388707e3b14642a6ba36b660267,ef5ffebccb7e4bfd0e82a2bc7bc703c2ed6212a4,false,expansion,portable,applications,applications/timed-progress-bar,verify,e9patch,expansion,diverge,0,,e3b0c44298fc1c149afbf4c8996fb92427ae41e4649b934ca495991b7852b855,13,,e9patch-verify-fail-exit1
fullcorpus,@1785675836,c7531a837a65d388707e3b14642a6ba36b660267,ef5ffebccb7e4bfd0e82a2bc7bc703c2ed6212a4,false,expansion,privileged,backend-parity-c,backend-parity-c/cpuid-probe,verify,e9patch,expansion,pass,1,1,86ff9718c1542322ee8165258f455b9774cc88c99e37cc57f30e74283a2d83c0,70,,
fullcorpus,@1785675836,c7531a837a65d388707e3b14642a6ba36b660267,ef5ffebccb7e4bfd0e82a2bc7bc703c2ed6212a4,false,expansion,portable,backend-parity-c,backend-parity-c/pid-probe,verify,e9patch,expansion,pass,1,1,342cc5c394f2bfe94370f4f30493c870f7877e1dd0646dc7c41af1fc9d14838c,75,,
fullcorpus,@1785675836,c7531a837a65d388707e3b14642a6ba36b660267,ef5ffebccb7e4bfd0e82a2bc7bc703c2ed6212a4,false,expansion,portable,backend-parity-c,backend-parity-c/pthread-lifecycle,verify,e9patch,expansion,pass,1,1,6f916c392b593c2835823f98adada81a14b81ff8683b4045610a9a1cc0728563,93,,
fullcorpus,@1785675836,c7531a837a65d388707e3b14642a6ba36b660267,ef5ffebccb7e4bfd0e82a2bc7bc703c2ed6212a4,false,expansion,portable,bin-c,bin-c/posix-timer-test,verify,e9patch,expansion,pass,1,1,73bc36274f961af2a8ad43917d15a87a59ead3cb7c6f54c81db28c45d5395fa1,78,,
fullcorpus,@1785675836,c7531a837a65d388707e3b14642a6ba36b660267,ef5ffebccb7e4bfd0e82a2bc7bc703c2ed6212a4,false,expansion,portable,bin-c,bin-c/robust-futex-test,verify,e9patch,expansion,timeout,0,,e3b0c44298fc1c149afbf4c8996fb92427ae41e4649b934ca495991b7852b855,120004,,e9patch-verify-timeout-120s
fullcorpus,@1785675836,c7531a837a65d388707e3b14642a6ba36b660267,ef5ffebccb7e4bfd0e82a2bc7bc703c2ed6212a4,false,expansion,portable,chaos-c,chaos-c/lock-granularity,verify,e9patch,expansion,pass,1,1,1cd27b440cf0189a08ed714e62668d8ff37ae183e61d111b8ee14b2759ad2b2d,68,,
fullcorpus,@1785675836,c7531a837a65d388707e3b14642a6ba36b660267,ef5ffebccb7e4bfd0e82a2bc7bc703c2ed6212a4,false,expansion,portable,c-programs,c-programs/acct-refusal-probe,verify,e9patch,expansion,pass,1,1,fb9a253ff29ae72ad120fbe932651dd0471ff759f020fcad04b62895c481980f,74,,
fullcorpus,@1785675836,c7531a837a65d388707e3b14642a6ba36b660267,ef5ffebccb7e4bfd0e82a2bc7bc703c2ed6212a4,false,expansion,portable,c-programs,c-programs/add-key-enosys,verify,e9patch,expansion,pass,1,1,392cdd6f142e243a9db3f8bd6d60cde54e983ffe6d072bf7ea3b03cc297cbf72,79,,
fullcorpus,@1785675836,c7531a837a65d388707e3b14642a6ba36b660267,ef5ffebccb7e4bfd0e82a2bc7bc703c2ed6212a4,false,expansion,portable,c-programs,c-programs/adjtimex-deterministic,verify,e9patch,expansion,pass,1,1,ea6836e27a3d5c63e79076c3c5c976a785aa833022022fc0f2e5361942c6579e,78,,
fullcorpus,@1785675836,c7531a837a65d388707e3b14642a6ba36b660267,ef5ffebccb7e4bfd0e82a2bc7bc703c2ed6212a4,false,expansion,portable,c-programs,c-programs/arch-prctl-determinism,verify,e9patch,expansion,pass,1,1,8504ad2cf53c948ffdd59e277fe87ecf21f65ffa4fb543989366ec9cb40272fd,79,,
fullcorpus,@1785675836,c7531a837a65d388707e3b14642a6ba36b660267,ef5ffebccb7e4bfd0e82a2bc7bc703c2ed6212a4,false,expansion,portable,c-programs,c-programs/bpf-enosys,verify,e9patch,expansion,pass,1,1,00b8c2fc33f814bfeb2da739d302426f0122369289c96bb40f9a11ef86f4befe,80,,
fullcorpus,@1785675836,c7531a837a65d388707e3b14642a6ba36b660267,ef5ffebccb7e4bfd0e82a2bc7bc703c2ed6212a4,false,expansion,portable,c-programs,c-programs/cachestat-enosys,verify,e9patch,expansion,pass,1,1,c99ecc14f33146eb9b4b3c76f1fd310e0b0992a23465df5ce2715ead516e565e,78,,
fullcorpus,@1785675836,c7531a837a65d388707e3b14642a6ba36b660267,ef5ffebccb7e4bfd0e82a2bc7bc703c2ed6212a4,false,expansion,portable,c-programs,c-programs/clock-adjtime-deterministic,verify,e9patch,expansion,pass,1,1,f8df8f96682085b6719931fa985c994642bd388d6849e9c751941db746098343,76,,
fullcorpus,@1785675836,c7531a837a65d388707e3b14642a6ba36b660267,ef5ffebccb7e4bfd0e82a2bc7bc703c2ed6212a4,false,expansion,portable,c-programs,c-programs/clone,verify,e9patch,expansion,pass,1,1,6bed7c4e58faa0f69f82d7af16adcaa45cce6217b25a9cab2b709b1ac60b68de,70,,
fullcorpus,@1785675836,c7531a837a65d388707e3b14642a6ba36b660267,ef5ffebccb7e4bfd0e82a2bc7bc703c2ed6212a4,false,expansion,portable,c-programs,c-programs/copy-file-range-refusal-probe,verify,e9patch,expansion,pass,1,1,eaf5a67ca844e6a832cd95774ecdb4c48e345e2b64e1c67092ad7fb6ac39777a,68,,
fullcorpus,@1785675836,c7531a837a65d388707e3b14642a6ba36b660267,ef5ffebccb7e4bfd0e82a2bc7bc703c2ed6212a4,false,expansion,portable,c-programs,c-programs/dbi-copied-tiocgpgrp,verify,e9patch,expansion,pass,1,1,a72cc9796486e612c72fa45a187dc2c1d587ee69e27aaebf4771a60d8a743d79,66,,
fullcorpus,@1785675836,c7531a837a65d388707e3b14642a6ba36b660267,ef5ffebccb7e4bfd0e82a2bc7bc703c2ed6212a4,false,expansion,portable,c-programs,c-programs/dbi-exec-failure,verify,e9patch,expansion,pass,1,1,d9255dd9cc061248208ec6fabc39e2695034a2f78b3a79675522090f004de84c,66,,
fullcorpus,@1785675836,c7531a837a65d388707e3b14642a6ba36b660267,ef5ffebccb7e4bfd0e82a2bc7bc703c2ed6212a4,false,expansion,portable,c-programs,c-programs/dbi-execveat-unsupported,verify,e9patch,expansion,pass,1,1,e3b0c44298fc1c149afbf4c8996fb92427ae41e4649b934ca495991b7852b855,86,,
fullcorpus,@1785675836,c7531a837a65d388707e3b14642a6ba36b660267,ef5ffebccb7e4bfd0e82a2bc7bc703c2ed6212a4,false,expansion,portable,c-programs,c-programs/dbi-mmap-exec,verify,e9patch,expansion,pass,1,1,87ef25ed096b64f71e5581bf5d09a9bb24b8dca9402b010322037898b99a81cf,70,,
fullcorpus,@1785675836,c7531a837a65d388707e3b14642a6ba36b660267,ef5ffebccb7e4bfd0e82a2bc7bc703c2ed6212a4,false,expansion,portable,c-programs,c-programs/dbi-pid-virtualization,verify,e9patch,expansion,pass,1,1,68abbf5dc13603c0077f0402fe1455224965d0061ec94e7cefd220c41b610f15,160,,
fullcorpus,@1785675836,c7531a837a65d388707e3b14642a6ba36b660267,ef5ffebccb7e4bfd0e82a2bc7bc703c2ed6212a4,false,expansion,portable,c-programs,c-programs/dbi-prlimit-self,verify,e9patch,expansion,pass,1,1,b5d0a733abb9b3694c70cc548fbd236ede0f60c1e06673b4e4999419c7721e12,82,,
fullcorpus,@1785675836,c7531a837a65d388707e3b14642a6ba36b660267,ef5ffebccb7e4bfd0e82a2bc7bc703c2ed6212a4,false,expansion,portable,c-programs,c-programs/dbi-self-sigqueue,verify,e9patch,expansion,pass,1,1,f4c3bb314cd68d7f8c7e053c24257d5eaf5369087b8c21ee95fd29727f460537,82,,
fullcorpus,@1785675836,c7531a837a65d388707e3b14642a6ba36b660267,ef5ffebccb7e4bfd0e82a2bc7bc703c2ed6212a4,false,expansion,portable,c-programs,c-programs/dbi-unsupported-syscall,verify,e9patch,expansion,pass,1,1,0dc9033cbe9bbe736c2e2105dd9ddb6f7c68ffe47d4146ffdb3e0e2f4a990531,72,,
fullcorpus,@1785675836,c7531a837a65d388707e3b14642a6ba36b660267,ef5ffebccb7e4bfd0e82a2bc7bc703c2ed6212a4,false,expansion,portable,c-programs,c-programs/dbi-wait-lifecycle,verify,e9patch,expansion,pass,1,1,8b2dc7afefe0de8a206779cafaa728f8589221319ecd6040f8721c0895618a65,81,,
fullcorpus,@1785675836,c7531a837a65d388707e3b14642a6ba36b660267,ef5ffebccb7e4bfd0e82a2bc7bc703c2ed6212a4,false,expansion,portable,c-programs,c-programs/epoll-determinism,verify,e9patch,expansion,diverge,0,,e3b0c44298fc1c149afbf4c8996fb92427ae41e4649b934ca495991b7852b855,45,,e9patch-verify-fail-exit1
fullcorpus,@1785675836,c7531a837a65d388707e3b14642a6ba36b660267,ef5ffebccb7e4bfd0e82a2bc7bc703c2ed6212a4,false,expansion,portable,c-programs,c-programs/fp-reduction-nondeterminism,verify,e9patch,expansion,pass,1,1,14e2bd92d74bd578c2f3968692ed94951fc432c8a0eb79cb59bf437fbd987598,194,,
fullcorpus,@1785675836,c7531a837a65d388707e3b14642a6ba36b660267,ef5ffebccb7e4bfd0e82a2bc7bc703c2ed6212a4,false,expansion,portable,c-programs,c-programs/futex-requeue-enosys,verify,e9patch,expansion,pass,1,1,3a97289e82874a6de3f7329de461ff8e98aab222e591b44478b0cbfa224b778e,72,,
fullcorpus,@1785675836,c7531a837a65d388707e3b14642a6ba36b660267,ef5ffebccb7e4bfd0e82a2bc7bc703c2ed6212a4,false,expansion,portable,c-programs,c-programs/futex-waitv-enosys,verify,e9patch,expansion,pass,1,1,889b019ce9ffec65e091b4ebb00324388abe68095b3a9aebf5a6243a8d00540e,69,,
fullcorpus,@1785675836,c7531a837a65d388707e3b14642a6ba36b660267,ef5ffebccb7e4bfd0e82a2bc7bc703c2ed6212a4,false,expansion,portable,c-programs,c-programs/futex-wake-enosys,verify,e9patch,expansion,pass,1,1,d841d882ef04ba206243543971a6e2d842db22c3508947d6fb60095d878b0da9,68,,
fullcorpus,@1785675836,c7531a837a65d388707e3b14642a6ba36b660267,ef5ffebccb7e4bfd0e82a2bc7bc703c2ed6212a4,false,expansion,portable,c-programs,c-programs/getcpu,verify,e9patch,expansion,pass,1,1,345e84333a5805a44f38c499137ebb962d9e683e804aa45642afa84e41127f5d,68,,
fullcorpus,@1785675836,c7531a837a65d388707e3b14642a6ba36b660267,ef5ffebccb7e4bfd0e82a2bc7bc703c2ed6212a4,false,expansion,portable,c-programs,c-programs/getitimer-determinism-probe,verify,e9patch,expansion,pass,1,1,17720cebaa5ab1c96e7035832f98c160d4b41b2c32a7bd909ca74d855fa5aaf9,65,,
fullcorpus,@1785675836,c7531a837a65d388707e3b14642a6ba36b660267,ef5ffebccb7e4bfd0e82a2bc7bc703c2ed6212a4,false,expansion,portable,c-programs,c-programs/get-robust-list-child,verify,e9patch,expansion,pass,1,1,379982e3aff5bd3550ff784c6a8e1b9116997dd882bf426aa10fd41e713fc526,88,,
fullcorpus,@1785675836,c7531a837a65d388707e3b14642a6ba36b660267,ef5ffebccb7e4bfd0e82a2bc7bc703c2ed6212a4,false,expansion,portable,c-programs,c-programs/get-robust-list-self,verify,e9patch,expansion,pass,1,1,8a606e83612b4b4c869cfae1cd2f9f03220d7fde25cc88f10079b81f9b3423d1,65,,
fullcorpus,@1785675836,c7531a837a65d388707e3b14642a6ba36b660267,ef5ffebccb7e4bfd0e82a2bc7bc703c2ed6212a4,false,expansion,portable,c-programs,c-programs/get-robust-list-thread,verify,e9patch,expansion,pass,1,1,281d743aba1e1247003f2ad95dda0456f103ab208c1d960079fd0ac272560d4c,84,,
fullcorpus,@1785675836,c7531a837a65d388707e3b14642a6ba36b660267,ef5ffebccb7e4bfd0e82a2bc7bc703c2ed6212a4,false,expansion,portable,c-programs,c-programs/getsockopt-null,verify,e9patch,expansion,pass,1,1,b8636471f62fb5c81c4b4a5bacf5f4ec2b3e3b4970bc0aded5f496dae6670bfd,68,,
fullcorpus,@1785675836,c7531a837a65d388707e3b14642a6ba36b660267,ef5ffebccb7e4bfd0e82a2bc7bc703c2ed6212a4,false,expansion,portable,c-programs,c-programs/hello-alarm,verify,e9patch,expansion,pass,1,1,69771519a00dad7a34964816b4a9d71896eed8707b6b8c7c3b2d901285fa09f8,79,,
fullcorpus,@1785675836,c7531a837a65d388707e3b14642a6ba36b660267,ef5ffebccb7e4bfd0e82a2bc7bc703c2ed6212a4,false,expansion,portable,c-programs,c-programs/hello-nostdlib,verify,e9patch,expansion,pass,1,1,e3b0c44298fc1c149afbf4c8996fb92427ae41e4649b934ca495991b7852b855,48,,
fullcorpus,@1785675836,c7531a837a65d388707e3b14642a6ba36b660267,ef5ffebccb7e4bfd0e82a2bc7bc703c2ed6212a4,false,expansion,portable,c-programs,c-programs/hello-signals,verify,e9patch,expansion,pass,1,1,2b4df140dfdd472e4bde5c4d449c859ae4a83efe7f0372f448b95db8b40614d8,79,,
fullcorpus,@1785675836,c7531a837a65d388707e3b14642a6ba36b660267,ef5ffebccb7e4bfd0e82a2bc7bc703c2ed6212a4,false,expansion,portable,c-programs,c-programs/ioctl-fioclex,verify,e9patch,expansion,pass,1,1,ed203ed9433cb973a747cbe39690fecc753e9fd7c1e7688563d6f3a154eb0d5e,79,,
fullcorpus,@1785675836,c7531a837a65d388707e3b14642a6ba36b660267,ef5ffebccb7e4bfd0e82a2bc7bc703c2ed6212a4,false,expansion,portable,c-programs,c-programs/ioctl-siocethtool,verify,e9patch,expansion,pass,1,1,28f38ce93b6d5f0d279d4f3d619cc3fc7e134e190ae9ee4f652eeb6afe623291,67,,
fullcorpus,@1785675836,c7531a837a65d388707e3b14642a6ba36b660267,ef5ffebccb7e4bfd0e82a2bc7bc703c2ed6212a4,false,expansion,portable,c-programs,c-programs/io-uring-fallback,verify,e9patch,expansion,pass,1,1,8546e30d188b0b196b8d907e1289e7b830df6fd61ff9dd83f5165ba9bda77e7f,79,,
fullcorpus,@1785675836,c7531a837a65d388707e3b14642a6ba36b660267,ef5ffebccb7e4bfd0e82a2bc7bc703c2ed6212a4,false,expansion,portable,c-programs,c-programs/io-uring-ring-determinism,verify,e9patch,expansion,pass,1,1,5de332a6e2af5315f34ec08e21ca7f8c037a65ecbaee17efd47005a7f1809201,77,,
fullcorpus,@1785675836,c7531a837a65d388707e3b14642a6ba36b660267,ef5ffebccb7e4bfd0e82a2bc7bc703c2ed6212a4,false,expansion,portable,c-programs,c-programs/ipc-determinism,verify,e9patch,expansion,diverge,0,,e3b0c44298fc1c149afbf4c8996fb92427ae41e4649b934ca495991b7852b855,33,,e9patch-verify-fail-exit1
fullcorpus,@1785675836,c7531a837a65d388707e3b14642a6ba36b660267,ef5ffebccb7e4bfd0e82a2bc7bc703c2ed6212a4,false,expansion,portable,c-programs,c-programs/just-spin,verify,e9patch,expansion,pass,1,1,e3b0c44298fc1c149afbf4c8996fb92427ae41e4649b934ca495991b7852b855,154,,
fullcorpus,@1785675836,c7531a837a65d388707e3b14642a6ba36b660267,ef5ffebccb7e4bfd0e82a2bc7bc703c2ed6212a4,false,expansion,portable,c-programs,c-programs/kcmp-eperm,verify,e9patch,expansion,pass,1,1,288278193317b71ec5d15a6dcc2239918b1eea39229a8ef5eb7ae1e6b0a72cce,68,,
fullcorpus,@1785675836,c7531a837a65d388707e3b14642a6ba36b660267,ef5ffebccb7e4bfd0e82a2bc7bc703c2ed6212a4,false,expansion,portable,c-programs,c-programs/keyctl-enosys,verify,e9patch,expansion,pass,1,1,83d9f2169baa0647471ca5f2e4e1c5b73ff2d356b322b7fcdd75d5cf129a292f,70,,
fullcorpus,@1785675836,c7531a837a65d388707e3b14642a6ba36b660267,ef5ffebccb7e4bfd0e82a2bc7bc703c2ed6212a4,false,expansion,portable,c-programs,c-programs/keyctl-passthrough,verify,e9patch,expansion,pass,1,1,decfa402c4223a34ee494253769befc420b46b13da25f3082c91dfe7f19a0310,66,,
fullcorpus,@1785675836,c7531a837a65d388707e3b14642a6ba36b660267,ef5ffebccb7e4bfd0e82a2bc7bc703c2ed6212a4,false,expansion,portable,c-programs,c-programs/listmount-enosys,verify,e9patch,expansion,pass,1,1,231c3dfcda497bd1b166dfb575578d2868721d30f15362cfabcad6f930e43713,71,,
fullcorpus,@1785675836,c7531a837a65d388707e3b14642a6ba36b660267,ef5ffebccb7e4bfd0e82a2bc7bc703c2ed6212a4,false,expansion,portable,c-programs,c-programs/liteinst-advanced,verify,e9patch,expansion,diverge,0,,e3b0c44298fc1c149afbf4c8996fb92427ae41e4649b934ca495991b7852b855,36,,e9patch-verify-fail-exit1
fullcorpus,@1785675836,c7531a837a65d388707e3b14642a6ba36b660267,ef5ffebccb7e4bfd0e82a2bc7bc703c2ed6212a4,false,expansion,portable,c-programs,c-programs/lsm-get-self-attr-enosys,verify,e9patch,expansion,pass,1,1,e83dcdfbdee854f34e05165d3a7aa7b774ca748bc96ee665789c63a32c593fe0,68,,
fullcorpus,@1785675836,c7531a837a65d388707e3b14642a6ba36b660267,ef5ffebccb7e4bfd0e82a2bc7bc703c2ed6212a4,false,expansion,portable,c-programs,c-programs/lsm-list-modules-enosys,verify,e9patch,expansion,pass,1,1,8f5862ec33defb2bf2625429444eaec8b64ce9b7d2c21635e7db07f99c92fc3d,67,,
fullcorpus,@1785675836,c7531a837a65d388707e3b14642a6ba36b660267,ef5ffebccb7e4bfd0e82a2bc7bc703c2ed6212a4,false,expansion,portable,c-programs,c-programs/lsm-set-self-attr-enosys,verify,e9patch,expansion,pass,1,1,326c5b270af2a116865e2690f44310bc17aa77c6cc96d4c83800615036e10e16,67,,
fullcorpus,@1785675836,c7531a837a65d388707e3b14642a6ba36b660267,ef5ffebccb7e4bfd0e82a2bc7bc703c2ed6212a4,false,expansion,portable,c-programs,c-programs/madvise-determinism,verify,e9patch,expansion,pass,1,1,c6053a1ebd42e4762ac34b01ed5d666e0b1f5f18b83ddca9d1b7f4ebef175e83,74,,
fullcorpus,@1785675836,c7531a837a65d388707e3b14642a6ba36b660267,ef5ffebccb7e4bfd0e82a2bc7bc703c2ed6212a4,false,expansion,portable,c-programs,c-programs/map-shadow-stack-enosys,verify,e9patch,expansion,pass,1,1,97ae187dd98c3d4b943dd9b69d472da499f0ef3ae9b2c66152d2ed5dc04bd569,71,,
fullcorpus,@1785675836,c7531a837a65d388707e3b14642a6ba36b660267,ef5ffebccb7e4bfd0e82a2bc7bc703c2ed6212a4,false,expansion,portable,c-programs,c-programs/memfd-secret-enosys,verify,e9patch,expansion,pass,1,1,dcbbb5f4e71889cba127631a6a9a2fce4d68defe8aa92a8d437fd6be6129d6dd,68,,
fullcorpus,@1785675836,c7531a837a65d388707e3b14642a6ba36b660267,ef5ffebccb7e4bfd0e82a2bc7bc703c2ed6212a4,false,expansion,portable,c-programs,c-programs/meminfo-available-deterministic,verify,e9patch,expansion,pass,1,1,7b76f77046d0c4bc8e2105f9850b009d269b48c26e0b7de4723c8adc25181af4,68,,
fullcorpus,@1785675836,c7531a837a65d388707e3b14642a6ba36b660267,ef5ffebccb7e4bfd0e82a2bc7bc703c2ed6212a4,false,expansion,portable,c-programs,c-programs/meminfo-cached-deterministic,verify,e9patch,expansion,pass,1,1,6a4a1ce51b1c48a3c39972e58451953b36a3a49ed40cdf242978e2c2da4cabe4,76,,
fullcorpus,@1785675836,c7531a837a65d388707e3b14642a6ba36b660267,ef5ffebccb7e4bfd0e82a2bc7bc703c2ed6212a4,false,expansion,portable,c-programs,c-programs/meminfo-free-deterministic,verify,e9patch,expansion,pass,1,1,b8a06902cd8245cc3d8acabb5118c81f14b6455c7e6d5da9cf2e59f0b0bcc9da,71,,
fullcorpus,@1785675836,c7531a837a65d388707e3b14642a6ba36b660267,ef5ffebccb7e4bfd0e82a2bc7bc703c2ed6212a4,false,expansion,portable,c-programs,c-programs/memorypress,verify,e9patch,expansion,pass,1,1,e3b0c44298fc1c149afbf4c8996fb92427ae41e4649b934ca495991b7852b855,63,,
fullcorpus,@1785675836,c7531a837a65d388707e3b14642a6ba36b660267,ef5ffebccb7e4bfd0e82a2bc7bc703c2ed6212a4,false,expansion,portable,c-programs,c-programs/mmap-determinism,verify,e9patch,expansion,diverge,0,,e3b0c44298fc1c149afbf4c8996fb92427ae41e4649b934ca495991b7852b855,38,,e9patch-verify-fail-exit1
fullcorpus,@1785675836,c7531a837a65d388707e3b14642a6ba36b660267,ef5ffebccb7e4bfd0e82a2bc7bc703c2ed6212a4,false,expansion,portable,c-programs,c-programs/mmap-stress-determinism,verify,e9patch,expansion,pass,1,1,890065cac586dbeaf7ae771f63d223dd2d04995b4e051040bdd9c9792019dec0,127,,
fullcorpus,@1785675836,c7531a837a65d388707e3b14642a6ba36b660267,ef5ffebccb7e4bfd0e82a2bc7bc703c2ed6212a4,false,expansion,portable,c-programs,c-programs/name-to-handle-at-eopnotsupp,verify,e9patch,expansion,pass,1,1,29e0c39b5f7ab315794d97b7e06e60cf737450deef4306dd8ad0ffd040a25cc0,71,,
fullcorpus,@1785675836,c7531a837a65d388707e3b14642a6ba36b660267,ef5ffebccb7e4bfd0e82a2bc7bc703c2ed6212a4,false,expansion,portable,c-programs,c-programs/name-to-handle-directory-eopnotsupp,verify,e9patch,expansion,pass,1,1,7e5656f3fa9831a9c1f43055b26f6f209b6549daeb42ef1ce12677b324adf310,71,,
fullcorpus,@1785675836,c7531a837a65d388707e3b14642a6ba36b660267,ef5ffebccb7e4bfd0e82a2bc7bc703c2ed6212a4,false,expansion,portable,c-programs,c-programs/name-to-handle-empty-path-eopnotsupp,verify,e9patch,expansion,pass,1,1,e3f9de47951c04e5f8349e7bb340fca6dcb76fffe659a12ab8f9e16fe48f72dd,66,,
fullcorpus,@1785675836,c7531a837a65d388707e3b14642a6ba36b660267,ef5ffebccb7e4bfd0e82a2bc7bc703c2ed6212a4,false,expansion,portable,c-programs,c-programs/name-to-handle-regular-eopnotsupp,verify,e9patch,expansion,pass,1,1,82b589b3f458bbdcffe0a9aaf1a18ab2cfe882ab232290e1ca113714923af2a0,65,,
fullcorpus,@1785675836,c7531a837a65d388707e3b14642a6ba36b660267,ef5ffebccb7e4bfd0e82a2bc7bc703c2ed6212a4,false,expansion,portable,c-programs,c-programs/nanosleep-par,verify,e9patch,expansion,pass,1,1,bf8aa1c7b00aeb67d9ce84b6efe29c410ef142938a5c71a932bbe34e2cf09f91,353,,
fullcorpus,@1785675836,c7531a837a65d388707e3b14642a6ba36b660267,ef5ffebccb7e4bfd0e82a2bc7bc703c2ed6212a4,false,expansion,portable,c-programs,c-programs/nanosleep-threads-nocrash,verify,e9patch,expansion,pass,1,1,e3b0c44298fc1c149afbf4c8996fb92427ae41e4649b934ca495991b7852b855,72,,
fullcorpus,@1785675836,c7531a837a65d388707e3b14642a6ba36b660267,ef5ffebccb7e4bfd0e82a2bc7bc703c2ed6212a4,false,expansion,portable,c-programs,c-programs/nanosleep-threads-simple,verify,e9patch,expansion,diverge,0,,e3b0c44298fc1c149afbf4c8996fb92427ae41e4649b934ca495991b7852b855,362,,e9patch-verify-fail-exit1
fullcorpus,@1785675836,c7531a837a65d388707e3b14642a6ba36b660267,ef5ffebccb7e4bfd0e82a2bc7bc703c2ed6212a4,false,expansion,portable,c-programs,c-programs/netlink-autobind-generic,verify,e9patch,expansion,pass,1,1,947db933d2beaaa7502b24b06bc2aa623116320e9099408e0714af30e877b237,62,,
fullcorpus,@1785675836,c7531a837a65d388707e3b14642a6ba36b660267,ef5ffebccb7e4bfd0e82a2bc7bc703c2ed6212a4,false,expansion,portable,c-programs,c-programs/netlink-autobind-route,verify,e9patch,expansion,pass,1,1,6b579b3015fa46b849f2c563d3caa3f1113b30eda45f2c376a535ade155a5264,67,,
fullcorpus,@1785675836,c7531a837a65d388707e3b14642a6ba36b660267,ef5ffebccb7e4bfd0e82a2bc7bc703c2ed6212a4,false,expansion,portable,c-programs,c-programs/netlink-autobind-usersock,verify,e9patch,expansion,pass,1,1,434cfac765f7a108d0f27c8b43ba45a2b7acff66219ef8104a01612dd7e70956,59,,
fullcorpus,@1785675836,c7531a837a65d388707e3b14642a6ba36b660267,ef5ffebccb7e4bfd0e82a2bc7bc703c2ed6212a4,false,expansion,portable,c-programs,c-programs/netns-cookie-tcp4,verify,e9patch,expansion,pass,1,1,69c87be106187443c99bd437315cc2bb5e8110445a962b89b9d3d9d5446a505e,60,,
fullcorpus,@1785675836,c7531a837a65d388707e3b14642a6ba36b660267,ef5ffebccb7e4bfd0e82a2bc7bc703c2ed6212a4,false,expansion,portable,c-programs,c-programs/netns-cookie-tcp6,verify,e9patch,expansion,pass,1,1,a6c1c996f6bed470020b9575b0884d32ba10a29938b56ce56dbcbce889a1c719,69,,
fullcorpus,@1785675836,c7531a837a65d388707e3b14642a6ba36b660267,ef5ffebccb7e4bfd0e82a2bc7bc703c2ed6212a4,false,expansion,portable,c-programs,c-programs/netns-cookie-udp4,verify,e9patch,expansion,pass,1,1,3f3599e44c7dcd4ec95cf8d9e67c01200ce6a491020b553a010b6ee754095bb0,67,,
fullcorpus,@1785675836,c7531a837a65d388707e3b14642a6ba36b660267,ef5ffebccb7e4bfd0e82a2bc7bc703c2ed6212a4,false,expansion,portable,c-programs,c-programs/perf-event-hardware-enosys,verify,e9patch,expansion,pass,1,1,c7ea49ae4eac3a1842c692e71eff658fde408e8ccb4b9a1efa9094b58a8d453a,64,,
fullcorpus,@1785675836,c7531a837a65d388707e3b14642a6ba36b660267,ef5ffebccb7e4bfd0e82a2bc7bc703c2ed6212a4,false,expansion,portable,c-programs,c-programs/perf-event-open-enosys,verify,e9patch,expansion,pass,1,1,2ce5d62fee05f49913ea9ac04a79850be9af6e16eae2083b3054c2186d1fd933,64,,
fullcorpus,@1785675836,c7531a837a65d388707e3b14642a6ba36b660267,ef5ffebccb7e4bfd0e82a2bc7bc703c2ed6212a4,false,expansion,portable,c-programs,c-programs/perf-event-software-enosys,verify,e9patch,expansion,pass,1,1,9dd8d0a9c51029d92fb24312cc38b62b647ab6e796f26f0670e2e54d062b54b6,68,,
fullcorpus,@1785675836,c7531a837a65d388707e3b14642a6ba36b660267,ef5ffebccb7e4bfd0e82a2bc7bc703c2ed6212a4,false,expansion,portable,c-programs,c-programs/perf-event-watchpoint-enosys,verify,e9patch,expansion,pass,1,1,a3c1e5e84ae8a1c634c0fd8ad162c35918124d312ed7e23f44555334e58daf40,61,,
fullcorpus,@1785675836,c7531a837a65d388707e3b14642a6ba36b660267,ef5ffebccb7e4bfd0e82a2bc7bc703c2ed6212a4,false,expansion,portable,c-programs,c-programs/periodic-setitimer-delivery,verify,e9patch,expansion,pass,1,1,db1d924766d35b4e879b61b7ca0256ae3656e1bcfb81e882ef4e754d9df0d87d,68,,
fullcorpus,@1785675836,c7531a837a65d388707e3b14642a6ba36b660267,ef5ffebccb7e4bfd0e82a2bc7bc703c2ed6212a4,false,expansion,portable,c-programs,c-programs/pidfd-open-self,verify,e9patch,expansion,pass,1,1,eb85b13112d24bf3eabf6dc998951dba694fd8a544d48d55b0243fcea3a30de9,67,,
fullcorpus,@1785675836,c7531a837a65d388707e3b14642a6ba36b660267,ef5ffebccb7e4bfd0e82a2bc7bc703c2ed6212a4,false,expansion,portable,c-programs,c-programs/pidfd-poll-self,verify,e9patch,expansion,pass,1,1,d9c4e30a92ce688e867036dd07e60be370ba398f888f35db4edc54730e9abe08,64,,
fullcorpus,@1785675836,c7531a837a65d388707e3b14642a6ba36b660267,ef5ffebccb7e4bfd0e82a2bc7bc703c2ed6212a4,false,expansion,portable,c-programs,c-programs/pidfd-waitid-child,verify,e9patch,expansion,pass,1,1,a5312c9bad9f61e041807833d0d2381242569ed832c394aebb4f57e50e475a80,74,,
fullcorpus,@1785675836,c7531a837a65d388707e3b14642a6ba36b660267,ef5ffebccb7e4bfd0e82a2bc7bc703c2ed6212a4,false,expansion,portable,c-programs,c-programs/ppoll-readv,verify,e9patch,expansion,pass,1,1,c03be617b251e1b37d3570212e2f93d6a815c70dfb73dca0dd25cef02468153a,67,,
fullcorpus,@1785675836,c7531a837a65d388707e3b14642a6ba36b660267,ef5ffebccb7e4bfd0e82a2bc7bc703c2ed6212a4,false,expansion,portable,c-programs,c-programs/ppoll-simulation,verify,e9patch,expansion,pass,1,1,8ed6c0a2fbe8457da0a0b394c05e4ce42009f4631451de6c41e371d77a9068f5,77,,
fullcorpus,@1785675836,c7531a837a65d388707e3b14642a6ba36b660267,ef5ffebccb7e4bfd0e82a2bc7bc703c2ed6212a4,false,expansion,portable,c-programs,c-programs/prctl-dumpable,verify,e9patch,expansion,pass,1,1,789f3fd97e00c2b30751851b5bd08f2703b2539a14421d29dea17db83c379696,66,,
fullcorpus,@1785675836,c7531a837a65d388707e3b14642a6ba36b660267,ef5ffebccb7e4bfd0e82a2bc7bc703c2ed6212a4,false,expansion,portable,c-programs,c-programs/pread64-nostdlib,verify,e9patch,expansion,pass,1,1,e3b0c44298fc1c149afbf4c8996fb92427ae41e4649b934ca495991b7852b855,56,,
fullcorpus,@1785675836,c7531a837a65d388707e3b14642a6ba36b660267,ef5ffebccb7e4bfd0e82a2bc7bc703c2ed6212a4,false,expansion,portable,c-programs,c-programs/printf-with-threads,verify,e9patch,expansion,pass,1,1,e36a044d5d2a2be76cbf0550fa744da4e751c78870cf3712ebc061f1a2c55f83,69,,
fullcorpus,@1785675836,c7531a837a65d388707e3b14642a6ba36b660267,ef5ffebccb7e4bfd0e82a2bc7bc703c2ed6212a4,false,expansion,portable,c-programs,c-programs/print-memaddrs,verify,e9patch,expansion,pass,1,1,e1804409502eed66b2c4a2c68d87058a665ea0117afa54ba439be76f7570c424,64,,
fullcorpus,@1785675836,c7531a837a65d388707e3b14642a6ba36b660267,ef5ffebccb7e4bfd0e82a2bc7bc703c2ed6212a4,false,expansion,portable,c-programs,c-programs/process-mrelease-enosys,verify,e9patch,expansion,pass,1,1,c21e5000294b34b0a296fdceaa1377156cde383448706c80e1f4ad705bfdb076,73,,
fullcorpus,@1785675836,c7531a837a65d388707e3b14642a6ba36b660267,ef5ffebccb7e4bfd0e82a2bc7bc703c2ed6212a4,false,expansion,portable,c-programs,c-programs/process-vm-readv-refusal-probe,verify,e9patch,expansion,pass,1,1,50905f5ed2b6d9b2083dc16aabfd535f7c531aa42e72dc6c2b67f36e70e97a66,60,,
fullcorpus,@1785675836,c7531a837a65d388707e3b14642a6ba36b660267,ef5ffebccb7e4bfd0e82a2bc7bc703c2ed6212a4,false,expansion,portable,c-programs,c-programs/process-vm-writev-refusal-probe,verify,e9patch,expansion,pass,1,1,92c63d99c7bc830d36fb97a16d43febe7a7fcdca938131c9963f92c1b1a2b59d,59,,
fullcorpus,@1785675836,c7531a837a65d388707e3b14642a6ba36b660267,ef5ffebccb7e4bfd0e82a2bc7bc703c2ed6212a4,false,expansion,portable,c-programs,c-programs/proc-fdinfo,verify,e9patch,expansion,pass,1,1,09c8d421c9e02c39d1a9a12743b93cf3c835778ba9d531ad35625cb8f1699033,65,,
fullcorpus,@1785675836,c7531a837a65d388707e3b14642a6ba36b660267,ef5ffebccb7e4bfd0e82a2bc7bc703c2ed6212a4,false,expansion,portable,c-programs,c-programs/proc-fd-link-aliases,verify,e9patch,expansion,pass,1,1,a54aec5d7147422feac8782b9d053b8609b9f6a45b8b2ab71f16cca54da845a0,63,,
fullcorpus,@1785675836,c7531a837a65d388707e3b14642a6ba36b660267,ef5ffebccb7e4bfd0e82a2bc7bc703c2ed6212a4,false,expansion,portable,c-programs,c-programs/procfs-positioned-probe,verify,e9patch,expansion,pass,1,1,96c70ad84f7430a56bdf020c7e3c24dbbd8719d841a1cb616712b1b96ad38f03,64,,
fullcorpus,@1785675836,c7531a837a65d388707e3b14642a6ba36b660267,ef5ffebccb7e4bfd0e82a2bc7bc703c2ed6212a4,false,expansion,portable,c-programs,c-programs/proc-locks,verify,e9patch,expansion,pass,1,1,fa314d5543a63dd3d6317f97c24feb7b33c9a47fbeea304c79fbd732f5fea7a6,77,,
fullcorpus,@1785675836,c7531a837a65d388707e3b14642a6ba36b660267,ef5ffebccb7e4bfd0e82a2bc7bc703c2ed6212a4,false,expansion,portable,c-programs,c-programs/prodcons-determinism,verify,e9patch,expansion,pass,1,1,81282a1fb8147d5cf198f784f93142129205c96b3a1587329eda16ce1581673e,891,,
fullcorpus,@1785675836,c7531a837a65d388707e3b14642a6ba36b660267,ef5ffebccb7e4bfd0e82a2bc7bc703c2ed6212a4,false,expansion,portable,c-programs,c-programs/pselect6-simulation,verify,e9patch,expansion,pass,1,1,67433759fd492e6d24f38014b07747f5145be3843ab00c35b80be9adf9d9ccc3,95,,
fullcorpus,@1785675836,c7531a837a65d388707e3b14642a6ba36b660267,ef5ffebccb7e4bfd0e82a2bc7bc703c2ed6212a4,false,expansion,portable,c-programs,c-programs/ptrace-attach-eperm,verify,e9patch,expansion,pass,1,1,25f63715123ddf1c4ec3e946e92d0fe151f168922dab1aa17b85c2b2a4135871,73,,
fullcorpus,@1785675836,c7531a837a65d388707e3b14642a6ba36b660267,ef5ffebccb7e4bfd0e82a2bc7bc703c2ed6212a4,false,expansion,portable,c-programs,c-programs/ptrace-eperm,verify,e9patch,expansion,pass,1,1,4357c8a18b9107c54242303395afea99ea744c6c288d8db499b4e1062383de17,59,,
fullcorpus,@1785675836,c7531a837a65d388707e3b14642a6ba36b660267,ef5ffebccb7e4bfd0e82a2bc7bc703c2ed6212a4,false,expansion,portable,c-programs,c-programs/ptrace-seize-eperm,verify,e9patch,expansion,pass,1,1,e0f7562eb309e0d62386261143dc59d4f0f39aac77c2584423beb7b5546e112a,71,,
fullcorpus,@1785675836,c7531a837a65d388707e3b14642a6ba36b660267,ef5ffebccb7e4bfd0e82a2bc7bc703c2ed6212a4,false,expansion,portable,c-programs,c-programs/ptrace-traceme-eperm,verify,e9patch,expansion,pass,1,1,7ceef18c073f15987e5d89441dc5bf378f7c1b50e8bf3ac626a6ea3eaa9cad56,63,,
fullcorpus,@1785675836,c7531a837a65d388707e3b14642a6ba36b660267,ef5ffebccb7e4bfd0e82a2bc7bc703c2ed6212a4,false,expansion,portable,c-programs,c-programs/pty-nr-count,verify,e9patch,expansion,pass,1,1,d6aa3c553b74b5052939893a096d0f320c69d79a52c3ed819d2c10f57ea6e3ac,72,,
fullcorpus,@1785675836,c7531a837a65d388707e3b14642a6ba36b660267,ef5ffebccb7e4bfd0e82a2bc7bc703c2ed6212a4,false,expansion,portable,c-programs,c-programs/racewrite-nostdlib,verify,e9patch,expansion,pass,1,1,e3b0c44298fc1c149afbf4c8996fb92427ae41e4649b934ca495991b7852b855,63,,
fullcorpus,@1785675836,c7531a837a65d388707e3b14642a6ba36b660267,ef5ffebccb7e4bfd0e82a2bc7bc703c2ed6212a4,false,expansion,portable,c-programs,c-programs/random-sources,verify,e9patch,expansion,pass,1,1,746f1f2a57646ced78a941eadf43495e1e81bdfde837288b562043c60103d89c,114,,
fullcorpus,@1785675836,c7531a837a65d388707e3b14642a6ba36b660267,ef5ffebccb7e4bfd0e82a2bc7bc703c2ed6212a4,false,expansion,portable,c-programs,c-programs/rcx-canonicalization,verify,e9patch,expansion,diverge,0,0,e3b0c44298fc1c149afbf4c8996fb92427ae41e4649b934ca495991b7852b855,36,,e9patch-verify-fail-exit1
fullcorpus,@1785675836,c7531a837a65d388707e3b14642a6ba36b660267,ef5ffebccb7e4bfd0e82a2bc7bc703c2ed6212a4,false,expansion,portable,c-programs,c-programs/record-replay-fd-close,verify,e9patch,expansion,pass,1,1,e3b0c44298fc1c149afbf4c8996fb92427ae41e4649b934ca495991b7852b855,86,,
fullcorpus,@1785675836,c7531a837a65d388707e3b14642a6ba36b660267,ef5ffebccb7e4bfd0e82a2bc7bc703c2ed6212a4,false,expansion,portable,c-programs,c-programs/record-replay-file-state,verify,e9patch,expansion,pass,1,1,d268fdbcb2aaea519d6f8b15d5e78ce369dd8ebf69be7c2941316f26c0e02471,87,,
fullcorpus,@1785675836,c7531a837a65d388707e3b14642a6ba36b660267,ef5ffebccb7e4bfd0e82a2bc7bc703c2ed6212a4,false,expansion,portable,c-programs,c-programs/record-replay-lseek-seek-cur,verify,e9patch,expansion,diverge,0,,e3b0c44298fc1c149afbf4c8996fb92427ae41e4649b934ca495991b7852b855,36,,e9patch-verify-fail-exit1
fullcorpus,@1785675836,c7531a837a65d388707e3b14642a6ba36b660267,ef5ffebccb7e4bfd0e82a2bc7bc703c2ed6212a4,false,expansion,portable,c-programs,c-programs/record-replay-setsockopt,verify,e9patch,expansion,pass,1,1,81a01674bdbc3ed8aff53344a3ca68dd615e08ff5a413f537980546e30757714,71,,
fullcorpus,@1785675836,c7531a837a65d388707e3b14642a6ba36b660267,ef5ffebccb7e4bfd0e82a2bc7bc703c2ed6212a4,false,expansion,portable,c-programs,c-programs/recvmsg-scm-rights-mmap,verify,e9patch,expansion,pass,1,1,50212370d90ce8b680af7c5a9448684c494dc504956193611b2f034831e5c80d,67,,
fullcorpus,@1785675836,c7531a837a65d388707e3b14642a6ba36b660267,ef5ffebccb7e4bfd0e82a2bc7bc703c2ed6212a4,false,expansion,portable,c-programs,c-programs/remap-file-pages-anonymous-enosys,verify,e9patch,expansion,pass,1,1,18b174a569bfacdfaa99b5ec11dec76b5c857e910913d52f2b0886ccf43c8de5,63,,
fullcorpus,@1785675836,c7531a837a65d388707e3b14642a6ba36b660267,ef5ffebccb7e4bfd0e82a2bc7bc703c2ed6212a4,false,expansion,portable,c-programs,c-programs/remap-file-pages-memfd-enosys,verify,e9patch,expansion,pass,1,1,bd053ef4819b7e8bcfbb6cae1bfce238da7007e770af9efcdd46419aedff5631,63,,
fullcorpus,@1785675836,c7531a837a65d388707e3b14642a6ba36b660267,ef5ffebccb7e4bfd0e82a2bc7bc703c2ed6212a4,false,expansion,portable,c-programs,c-programs/remap-file-pages-tmpfile-enosys,verify,e9patch,expansion,pass,1,1,86f8d7cfd95fa8053265e9077e7cefc2b5f36f9060c8719f7f2652421a984d31,63,,
fullcorpus,@1785675836,c7531a837a65d388707e3b14642a6ba36b660267,ef5ffebccb7e4bfd0e82a2bc7bc703c2ed6212a4,false,expansion,portable,c-programs,c-programs/request-key-enosys,verify,e9patch,expansion,pass,1,1,745b53ba9579787b43a3a4b6271a471d8915b07ef8be45f28360fc0fb683d9d1,55,,
fullcorpus,@1785675836,c7531a837a65d388707e3b14642a6ba36b660267,ef5ffebccb7e4bfd0e82a2bc7bc703c2ed6212a4,false,expansion,portable,c-programs,c-programs/resource-determinism,verify,e9patch,expansion,pass,1,1,6018c0447302fb178624d2cfe7bee6e92506fd911511becfd26f87350f2ef484,665,,
fullcorpus,@1785675836,c7531a837a65d388707e3b14642a6ba36b660267,ef5ffebccb7e4bfd0e82a2bc7bc703c2ed6212a4,false,expansion,portable,c-programs,c-programs/sched-setattr-batch,verify,e9patch,expansion,pass,1,1,99eac8d5cfe2b3c98d2a509ad3c4095f749dedf91bfe3a50c888ca25482ff328,61,,
fullcorpus,@1785675836,c7531a837a65d388707e3b14642a6ba36b660267,ef5ffebccb7e4bfd0e82a2bc7bc703c2ed6212a4,false,expansion,portable,c-programs,c-programs/sched-setattr-idle,verify,e9patch,expansion,pass,1,1,5ee4cb2f5210f1a5945af443dbb57effe1a8f04c69f632d2391781c6f900af7c,56,,
fullcorpus,@1785675836,c7531a837a65d388707e3b14642a6ba36b660267,ef5ffebccb7e4bfd0e82a2bc7bc703c2ed6212a4,false,expansion,portable,c-programs,c-programs/sched-setattr-other,verify,e9patch,expansion,pass,1,1,b9b3b39b4487c39eff3a18989355c0d25dae1bbef9c9eb9868729f3335163e9d,60,,
fullcorpus,@1785675836,c7531a837a65d388707e3b14642a6ba36b660267,ef5ffebccb7e4bfd0e82a2bc7bc703c2ed6212a4,false,expansion,portable,c-programs,c-programs/scheduler-policy-queries,verify,e9patch,expansion,pass,1,1,49a4292eaa9d835040b884177ac3fed11611ee037c7577af8a28d977675dde27,57,,
fullcorpus,@1785675836,c7531a837a65d388707e3b14642a6ba36b660267,ef5ffebccb7e4bfd0e82a2bc7bc703c2ed6212a4,false,expansion,portable,c-programs,c-programs/sched-yield-progress,verify,e9patch,expansion,pass,1,1,0cf05b84c117bf29ad0908b6ed54b07ab9fd5cd576bd8e2c42ac2411eec42a5e,73,,
fullcorpus,@1785675836,c7531a837a65d388707e3b14642a6ba36b660267,ef5ffebccb7e4bfd0e82a2bc7bc703c2ed6212a4,false,expansion,portable,c-programs,c-programs/setitimer-determinism,verify,e9patch,expansion,pass,1,1,aa8afff1d4a0e29340065da47212a4ac237980d07744f94ed540f13789097ba5,67,,
fullcorpus,@1785675836,c7531a837a65d388707e3b14642a6ba36b660267,ef5ffebccb7e4bfd0e82a2bc7bc703c2ed6212a4,false,expansion,portable,c-programs,c-programs/sigmask-preemption,verify,e9patch,expansion,pass,1,1,33120d6f8e5896b4921d592649470484fdfb0c3438aedd6f7a19dc625829cb76,877,,
fullcorpus,@1785675836,c7531a837a65d388707e3b14642a6ba36b660267,ef5ffebccb7e4bfd0e82a2bc7bc703c2ed6212a4,false,expansion,portable,c-programs,c-programs/signal-determinism,verify,e9patch,expansion,diverge,0,,e3b0c44298fc1c149afbf4c8996fb92427ae41e4649b934ca495991b7852b855,37,,e9patch-verify-fail-exit1
fullcorpus,@1785675836,c7531a837a65d388707e3b14642a6ba36b660267,ef5ffebccb7e4bfd0e82a2bc7bc703c2ed6212a4,false,expansion,portable,c-programs,c-programs/sigpipe-siginfo,verify,e9patch,expansion,pass,1,1,57183d003d231921d403a385a50ab1282fa28a31b248357f7c19d1071854e87c,66,,
fullcorpus,@1785675836,c7531a837a65d388707e3b14642a6ba36b660267,ef5ffebccb7e4bfd0e82a2bc7bc703c2ed6212a4,false,expansion,portable,c-programs,c-programs/sigtimedwait-no-timeout,verify,e9patch,expansion,pass,1,1,879d7ab11fa7ee8fb9ef0480411cf236c70259b0e020427b92a7c3bb89fbb729,85,,
fullcorpus,@1785675836,c7531a837a65d388707e3b14642a6ba36b660267,ef5ffebccb7e4bfd0e82a2bc7bc703c2ed6212a4,false,expansion,portable,c-programs,c-programs/sigtimedwait-timeout-0s,verify,e9patch,expansion,pass,1,1,1fdb5bc221fec017d7d094e8aeef5164e5684040b75235798955040a2cae9573,84,,
fullcorpus,@1785675836,c7531a837a65d388707e3b14642a6ba36b660267,ef5ffebccb7e4bfd0e82a2bc7bc703c2ed6212a4,false,expansion,portable,c-programs,c-programs/sigtimedwait-timeout-1s,verify,e9patch,expansion,pass,1,1,879d7ab11fa7ee8fb9ef0480411cf236c70259b0e020427b92a7c3bb89fbb729,78,,
fullcorpus,@1785675836,c7531a837a65d388707e3b14642a6ba36b660267,ef5ffebccb7e4bfd0e82a2bc7bc703c2ed6212a4,false,expansion,portable,c-programs,c-programs/socket-cookie-tcp,verify,e9patch,expansion,pass,1,1,6180a36432851ee86fbec823dd6fe6c7588f786bfadefd70480438b246053b6b,66,,
fullcorpus,@1785675836,c7531a837a65d388707e3b14642a6ba36b660267,ef5ffebccb7e4bfd0e82a2bc7bc703c2ed6212a4,false,expansion,portable,c-programs,c-programs/socket-cookie-udp,verify,e9patch,expansion,pass,1,1,2d06feadf81160afca89105d6b83f0ce0a7296070a855b1b25b8b72d58e724be,62,,
fullcorpus,@1785675836,c7531a837a65d388707e3b14642a6ba36b660267,ef5ffebccb7e4bfd0e82a2bc7bc703c2ed6212a4,false,expansion,portable,c-programs,c-programs/socket-cookie-unix,verify,e9patch,expansion,pass,1,1,af2ebd36b3b776fa4c0c4c215288f5e66fa5241f8dfda47f8ef017ba351e3734,64,,
fullcorpus,@1785675836,c7531a837a65d388707e3b14642a6ba36b660267,ef5ffebccb7e4bfd0e82a2bc7bc703c2ed6212a4,false,expansion,portable,c-programs,c-programs/socket-ioctl-timestamp,verify,e9patch,expansion,diverge,0,,e3b0c44298fc1c149afbf4c8996fb92427ae41e4649b934ca495991b7852b855,31,,e9patch-verify-fail-exit1
fullcorpus,@1785675836,c7531a837a65d388707e3b14642a6ba36b660267,ef5ffebccb7e4bfd0e82a2bc7bc703c2ed6212a4,false,expansion,portable,c-programs,c-programs/socket-timestamp-edge-cases,verify,e9patch,expansion,pass,1,1,237ff1081253f64aba6ed9e84bad994c1c481d9bd2312ba4fe80afa1d959f9cc,61,,
fullcorpus,@1785675836,c7531a837a65d388707e3b14642a6ba36b660267,ef5ffebccb7e4bfd0e82a2bc7bc703c2ed6212a4,false,expansion,portable,c-programs,c-programs/socket-timestamp-timespec,verify,e9patch,expansion,pass,1,1,4a5eae51288da929c514799c22251bb18ec475d82ca4a648f9732da9a00cfd75,62,,
fullcorpus,@1785675836,c7531a837a65d388707e3b14642a6ba36b660267,ef5ffebccb7e4bfd0e82a2bc7bc703c2ed6212a4,false,expansion,portable,c-programs,c-programs/socket-timestamp-timeval,verify,e9patch,expansion,pass,1,1,2a6d69ec1e29905992985dd6131920efd96bd015b70cd2c003724b8065750683,65,,
fullcorpus,@1785675836,c7531a837a65d388707e3b14642a6ba36b660267,ef5ffebccb7e4bfd0e82a2bc7bc703c2ed6212a4,false,expansion,portable,c-programs,c-programs/so-incoming-cpu-tcp4,verify,e9patch,expansion,pass,1,1,37d9e0d38876a4913d49d1524721047328ff7d139c4bea030fc003d86325cb12,65,,
fullcorpus,@1785675836,c7531a837a65d388707e3b14642a6ba36b660267,ef5ffebccb7e4bfd0e82a2bc7bc703c2ed6212a4,false,expansion,portable,c-programs,c-programs/so-incoming-cpu-tcp6,verify,e9patch,expansion,pass,1,1,71986d6a252d40985852f55c3577bc0d86ae15e892c678bea20d0f320e584593,67,,
fullcorpus,@1785675836,c7531a837a65d388707e3b14642a6ba36b660267,ef5ffebccb7e4bfd0e82a2bc7bc703c2ed6212a4,false,expansion,portable,c-programs,c-programs/so-incoming-cpu-udp4,verify,e9patch,expansion,pass,1,1,b49fc8be9466892afd2c8ad552ba7b28128fc5ac32fc5d89f9a1146264aa4dc7,64,,
fullcorpus,@1785675836,c7531a837a65d388707e3b14642a6ba36b660267,ef5ffebccb7e4bfd0e82a2bc7bc703c2ed6212a4,false,expansion,portable,c-programs,c-programs/splice-enosys,verify,e9patch,expansion,pass,1,1,0bc4f64fe4ad2292443e402eba4830484779aeb4370264c9c0abfa7a78f95c8e,69,,
fullcorpus,@1785675836,c7531a837a65d388707e3b14642a6ba36b660267,ef5ffebccb7e4bfd0e82a2bc7bc703c2ed6212a4,false,expansion,portable,c-programs,c-programs/statmount-enosys,verify,e9patch,expansion,pass,1,1,84a55d7cfcd9fe81a459d4852c82ddf5ad78845213534c19fa6dcdef66cfdf95,67,,
fullcorpus,@1785675836,c7531a837a65d388707e3b14642a6ba36b660267,ef5ffebccb7e4bfd0e82a2bc7bc703c2ed6212a4,false,expansion,portable,c-programs,c-programs/syscall-file-io,verify,e9patch,expansion,pass,1,1,632d0f8b9698ef9868e243dd5432fca72d482ec38beb954c8af6f6ddf94e8e51,66,,
fullcorpus,@1785675836,c7531a837a65d388707e3b14642a6ba36b660267,ef5ffebccb7e4bfd0e82a2bc7bc703c2ed6212a4,false,expansion,portable,c-programs,c-programs/syscall-file-metadata,verify,e9patch,expansion,pass,1,1,57a74d78ecf93f4f8f188f946cdd5345bed2d126fc15a9f362d320bed2c5236a,74,,
fullcorpus,@1785675836,c7531a837a65d388707e3b14642a6ba36b660267,ef5ffebccb7e4bfd0e82a2bc7bc703c2ed6212a4,false,expansion,portable,c-programs,c-programs/syscall-quick-wins,verify,e9patch,expansion,pass,1,1,5d19b00a019f367eb9008a6429952f1970209bcf9d10ccae126091a6cdd87193,69,,
fullcorpus,@1785675836,c7531a837a65d388707e3b14642a6ba36b660267,ef5ffebccb7e4bfd0e82a2bc7bc703c2ed6212a4,false,expansion,portable,c-programs,c-programs/sysfs-enosys,verify,e9patch,expansion,pass,1,1,77a60c6b8a6c3c908333e6f4dfa94a2c397b1bd7c93991eebb8ed5915b0ad95f,65,,
fullcorpus,@1785675836,c7531a837a65d388707e3b14642a6ba36b660267,ef5ffebccb7e4bfd0e82a2bc7bc703c2ed6212a4,false,expansion,portable,c-programs,c-programs/sysinfo,verify,e9patch,expansion,pass,1,1,111b8f874818970dd0f000d36aba05e6d8fc58a961fa14f603378ff7322e995a,60,,
fullcorpus,@1785675836,c7531a837a65d388707e3b14642a6ba36b660267,ef5ffebccb7e4bfd0e82a2bc7bc703c2ed6212a4,false,expansion,portable,c-programs,c-programs/sysinfo-uptime,verify,e9patch,expansion,pass,1,1,2c26766dc46b864247fe9be1f0501ce27cb4b0b3aad1b9c997e75416e7589d80,567,,
fullcorpus,@1785675836,c7531a837a65d388707e3b14642a6ba36b660267,ef5ffebccb7e4bfd0e82a2bc7bc703c2ed6212a4,false,expansion,portable,c-programs,c-programs/syslog-deterministic,verify,e9patch,expansion,pass,1,1,c23edf066d3bda360f91b47308f840e8b42b87278b5e379c8d71d8bf10a255d2,68,,
fullcorpus,@1785675836,c7531a837a65d388707e3b14642a6ba36b660267,ef5ffebccb7e4bfd0e82a2bc7bc703c2ed6212a4,false,expansion,portable,c-programs,c-programs/sysv-sem-enosys,verify,e9patch,expansion,pass,1,1,f024dd91d8c142074c08ff93925022b5acfeab0e3d58d7ea1fdbdee13ebada99,63,,
fullcorpus,@1785675836,c7531a837a65d388707e3b14642a6ba36b660267,ef5ffebccb7e4bfd0e82a2bc7bc703c2ed6212a4,false,expansion,portable,c-programs,c-programs/sysv-shm-enosys,verify,e9patch,expansion,pass,1,1,7b4564e64aa38d43273e5e7e1df8e80071b1c9219f7de2628fa37e6ab4da5794,63,,
fullcorpus,@1785675836,c7531a837a65d388707e3b14642a6ba36b660267,ef5ffebccb7e4bfd0e82a2bc7bc703c2ed6212a4,false,expansion,portable,c-programs,c-programs/tcp-info-accept4,verify,e9patch,expansion,pass,1,1,c830be750b315e97d977e5cc40104658ccccaf34f1b26068556c22b37f7cf950,61,,
fullcorpus,@1785675836,c7531a837a65d388707e3b14642a6ba36b660267,ef5ffebccb7e4bfd0e82a2bc7bc703c2ed6212a4,false,expansion,portable,c-programs,c-programs/tcp-info-accept6,verify,e9patch,expansion,pass,1,1,4b386d711c9c58617076dd9ffc01f4f517fc3f6d7d1a21c78d5b728fa66ad5ec,60,,
fullcorpus,@1785675836,c7531a837a65d388707e3b14642a6ba36b660267,ef5ffebccb7e4bfd0e82a2bc7bc703c2ed6212a4,false,expansion,portable,c-programs,c-programs/tcp-info-client4,verify,e9patch,expansion,pass,1,1,29047556927b663805202185a671154cc0f9331208fdb57bc9fefe51e26f9d74,67,,
fullcorpus,@1785675836,c7531a837a65d388707e3b14642a6ba36b660267,ef5ffebccb7e4bfd0e82a2bc7bc703c2ed6212a4,false,expansion,portable,c-programs,c-programs/tee-enosys,verify,e9patch,expansion,pass,1,1,1c8d3e5b5c25e921430729592b73be499a63f45dc355ac8686a3070d1e2f6108,63,,
fullcorpus,@1785675836,c7531a837a65d388707e3b14642a6ba36b660267,ef5ffebccb7e4bfd0e82a2bc7bc703c2ed6212a4,false,expansion,portable,c-programs,c-programs/threadexhaustion,verify,e9patch,expansion,pass,1,1,6ed164be2f904840f8cd736bc12bac0858d8d7238d37fbebd539fbac7d14d0ed,94,,
fullcorpus,@1785675836,c7531a837a65d388707e3b14642a6ba36b660267,ef5ffebccb7e4bfd0e82a2bc7bc703c2ed6212a4,false,expansion,portable,c-programs,c-programs/thread-self-procfs-handoff,verify,e9patch,expansion,pass,1,1,4ec014d923f7213d78fc3fe481bb1e5a1afe2966878e2967593bac452513edd6,69,,
fullcorpus,@1785675836,c7531a837a65d388707e3b14642a6ba36b660267,ef5ffebccb7e4bfd0e82a2bc7bc703c2ed6212a4,false,expansion,portable,c-programs,c-programs/thread-sync-determinism,verify,e9patch,expansion,diverge,0,,e3b0c44298fc1c149afbf4c8996fb92427ae41e4649b934ca495991b7852b855,30,,e9patch-verify-fail-exit1
fullcorpus,@1785675836,c7531a837a65d388707e3b14642a6ba36b660267,ef5ffebccb7e4bfd0e82a2bc7bc703c2ed6212a4,false,expansion,portable,c-programs,c-programs/timer-create-determinism,verify,e9patch,expansion,pass,1,1,88d3c6bddc5cce602a98a315d6413f65c9be3b4af294699a8a553337ef4033ae,59,,
fullcorpus,@1785675836,c7531a837a65d388707e3b14642a6ba36b660267,ef5ffebccb7e4bfd0e82a2bc7bc703c2ed6212a4,false,expansion,portable,c-programs,c-programs/uname,verify,e9patch,expansion,pass,1,1,29a9d1c5f680e45d5fdca33498014a47ce0a123af49e3fecb74543db547788be,58,,
fullcorpus,@1785675836,c7531a837a65d388707e3b14642a6ba36b660267,ef5ffebccb7e4bfd0e82a2bc7bc703c2ed6212a4,false,expansion,portable,c-programs,c-programs/unix-autobind-dgram,verify,e9patch,expansion,pass,1,1,b3679cef7d4cbb0bfc40803796036d2ea2e8262e846ad4d345c0c0646e79d21b,61,,
fullcorpus,@1785675836,c7531a837a65d388707e3b14642a6ba36b660267,ef5ffebccb7e4bfd0e82a2bc7bc703c2ed6212a4,false,expansion,portable,c-programs,c-programs/unix-autobind-seqpacket,verify,e9patch,expansion,pass,1,1,adab29374a2e454a06823fd8e1ecc9ba038ed4be7ad9f95ae67cebeec58a3d8c,60,,
fullcorpus,@1785675836,c7531a837a65d388707e3b14642a6ba36b660267,ef5ffebccb7e4bfd0e82a2bc7bc703c2ed6212a4,false,expansion,portable,c-programs,c-programs/unix-autobind-stream,verify,e9patch,expansion,pass,1,1,91304ad318232da9ea6432240290691ddc20ad0ebf2e4c889c7ab6cd3f71db0c,60,,
fullcorpus,@1785675836,c7531a837a65d388707e3b14642a6ba36b660267,ef5ffebccb7e4bfd0e82a2bc7bc703c2ed6212a4,false,expansion,portable,c-programs,c-programs/ustat-enosys,verify,e9patch,expansion,pass,1,1,a3385f3800f1f726246c5551a73e98c6ae29a6dd2757326caac8afdf53bb90d3,61,,
fullcorpus,@1785675836,c7531a837a65d388707e3b14642a6ba36b660267,ef5ffebccb7e4bfd0e82a2bc7bc703c2ed6212a4,false,expansion,portable,c-programs,c-programs/vforkexec,verify,e9patch,expansion,pass,1,1,0b81d8eab80efacf70ba6424c9fd0f53d1403305f94b4b9e5672d5c85d1b7b83,83,,
fullcorpus,@1785675836,c7531a837a65d388707e3b14642a6ba36b660267,ef5ffebccb7e4bfd0e82a2bc7bc703c2ed6212a4,false,expansion,portable,c-programs,c-programs/vmsplice-enosys,verify,e9patch,expansion,pass,1,1,8f5a5d41aa1ad4af965f89cb80f73347c556f46f42dfaca5a32853b7798fe6f0,60,,
fullcorpus,@1785675836,c7531a837a65d388707e3b14642a6ba36b660267,ef5ffebccb7e4bfd0e82a2bc7bc703c2ed6212a4,false,expansion,portable,c-programs,c-programs/wait-on-child,verify,e9patch,expansion,pass,1,1,67184c0256b520d88626d2515c464e95a061da32eb566e7b72e70e19dda43ab4,65,,
fullcorpus,@1785675836,c7531a837a65d388707e3b14642a6ba36b660267,ef5ffebccb7e4bfd0e82a2bc7bc703c2ed6212a4,false,expansion,portable,c-programs,c-programs/writev-determinism,verify,e9patch,expansion,pass,1,1,eb8a913e793713b83b51c96ac1cd869341c248089de48b8cf986bcf3fa552493,88,,
fullcorpus,@1785675836,c7531a837a65d388707e3b14642a6ba36b660267,ef5ffebccb7e4bfd0e82a2bc7bc703c2ed6212a4,false,expansion,portable,data-handling,data-handling/archive-roundtrip,verify,e9patch,expansion,diverge,0,,e3b0c44298fc1c149afbf4c8996fb92427ae41e4649b934ca495991b7852b855,54,,e9patch-verify-fail-exit1
fullcorpus,@1785675836,c7531a837a65d388707e3b14642a6ba36b660267,ef5ffebccb7e4bfd0e82a2bc7bc703c2ed6212a4,false,expansion,portable,data-handling,data-handling/shell-pipeline,verify,e9patch,expansion,diverge,0,,e3b0c44298fc1c149afbf4c8996fb92427ae41e4649b934ca495991b7852b855,52,,e9patch-verify-fail-exit1
fullcorpus,@1785675836,c7531a837a65d388707e3b14642a6ba36b660267,ef5ffebccb7e4bfd0e82a2bc7bc703c2ed6212a4,false,expansion,portable,debugger-c,debugger-c/debuggee,verify,e9patch,expansion,pass,1,1,48d3d236efc470a63642ab7a23fc174f378f389d2f6738b84db4f7a550ce4192,57,,
fullcorpus,@1785675836,c7531a837a65d388707e3b14642a6ba36b660267,ef5ffebccb7e4bfd0e82a2bc7bc703c2ed6212a4,false,expansion,portable,determinism-stress-c,determinism-stress-c/fork-tree,verify,e9patch,expansion,pass,1,1,8ddf8b17d77780a3d7a236df0e42893354e51a485e840d08fc7906ef2207637f,350,,
fullcorpus,@1785675836,c7531a837a65d388707e3b14642a6ba36b660267,ef5ffebccb7e4bfd0e82a2bc7bc703c2ed6212a4,false,expansion,portable,determinism-stress-c,determinism-stress-c/lock-free,verify,e9patch,expansion,pass,1,1,b3bab857d371911d8565e55d6907439bd3c32995e2938f1ac285ce02884c9c54,78,,
fullcorpus,@1785675836,c7531a837a65d388707e3b14642a6ba36b660267,ef5ffebccb7e4bfd0e82a2bc7bc703c2ed6212a4,false,expansion,portable,determinism-stress-c,determinism-stress-c/mmap-fork-shared,verify,e9patch,expansion,pass,1,1,cc89b297383dff63af7b831f2ba6075fb65be2276ce33f47bbb000fc30b21a17,334,,
fullcorpus,@1785675836,c7531a837a65d388707e3b14642a6ba36b660267,ef5ffebccb7e4bfd0e82a2bc7bc703c2ed6212a4,false,expansion,portable,determinism-stress-c,determinism-stress-c/pid-tid,verify,e9patch,expansion,pass,1,1,384b77c5cf9f3306b8afccc60bc227b36e48d475a55ffb34099a2abeb98dec9b,87,,
fullcorpus,@1785675836,c7531a837a65d388707e3b14642a6ba36b660267,ef5ffebccb7e4bfd0e82a2bc7bc703c2ed6212a4,false,expansion,portable,determinism-stress-c,determinism-stress-c/pipe-chain,verify,e9patch,expansion,pass,1,1,46835a9f9f1301b70e85965ac99fdb8f14d2b4a1b9422ded59ac214abefd768d,98,,
fullcorpus,@1785675836,c7531a837a65d388707e3b14642a6ba36b660267,ef5ffebccb7e4bfd0e82a2bc7bc703c2ed6212a4,false,expansion,portable,determinism-stress-c,determinism-stress-c/pipe-prefill,verify,e9patch,expansion,pass,1,1,85f07bae7e5247a9311974855de758b431bedf55bf167fc173adc6e9877db1f6,62,,
fullcorpus,@1785675836,c7531a837a65d388707e3b14642a6ba36b660267,ef5ffebccb7e4bfd0e82a2bc7bc703c2ed6212a4,false,expansion,portable,determinism-stress-c,determinism-stress-c/producer-consumer,verify,e9patch,expansion,pass,1,1,4a1f3835471600bc0823a28a5669705a0e6864214ae213a1083b4c1bf10c50bf,180,,
fullcorpus,@1785675836,c7531a837a65d388707e3b14642a6ba36b660267,ef5ffebccb7e4bfd0e82a2bc7bc703c2ed6212a4,false,expansion,portable,determinism-stress-c,determinism-stress-c/signal-order,verify,e9patch,expansion,pass,1,1,e4b06b822726e5ff96ca7bcbbf59e764019be179d7b198987fd4c4216687561a,71,,
fullcorpus,@1785675836,c7531a837a65d388707e3b14642a6ba36b660267,ef5ffebccb7e4bfd0e82a2bc7bc703c2ed6212a4,false,expansion,portable,determinism-stress-c,determinism-stress-c/thread-contention,verify,e9patch,expansion,diverge,0,,e3b0c44298fc1c149afbf4c8996fb92427ae41e4649b934ca495991b7852b855,29,,e9patch-verify-fail-exit1
fullcorpus,@1785675836,c7531a837a65d388707e3b14642a6ba36b660267,ef5ffebccb7e4bfd0e82a2bc7bc703c2ed6212a4,false,expansion,portable,determinism-stress-c,determinism-stress-c/thread-stress,verify,e9patch,expansion,pass,1,1,5cc9e2f4adb1ce9d9da8fd455891107712ac699631b4d0b492f52be27a71ba73,299,,
fullcorpus,@1785675836,c7531a837a65d388707e3b14642a6ba36b660267,ef5ffebccb7e4bfd0e82a2bc7bc703c2ed6212a4,false,expansion,portable,determinism-stress,determinism-stress/example-race,verify,e9patch,expansion,pass,1,1,44f4a9c5837349cffaaf778ab4ddf4fc799d6bb3ef0d14b6fce4bc36f4000a93,305,,
fullcorpus,@1785675836,c7531a837a65d388707e3b14642a6ba36b660267,ef5ffebccb7e4bfd0e82a2bc7bc703c2ed6212a4,false,expansion,portable,determinism-stress,determinism-stress/order-violation,verify,e9patch,expansion,pass,1,1,0ba904eae8773b70c75333db4de2f3ac45a8ad4ddba1b242f0b3cfc199391dd8,63,,
fullcorpus,@1785675836,c7531a837a65d388707e3b14642a6ba36b660267,ef5ffebccb7e4bfd0e82a2bc7bc703c2ed6212a4,false,expansion,portable,determinism-stress,determinism-stress/process-chains,verify,e9patch,expansion,diverge,0,,e3b0c44298fc1c149afbf4c8996fb92427ae41e4649b934ca495991b7852b855,51,,e9patch-verify-fail-exit1
fullcorpus,@1785675836,c7531a837a65d388707e3b14642a6ba36b660267,ef5ffebccb7e4bfd0e82a2bc7bc703c2ed6212a4,false,expansion,portable,determinism-stress,determinism-stress/thread-contention,verify,e9patch,expansion,diverge,0,,e3b0c44298fc1c149afbf4c8996fb92427ae41e4649b934ca495991b7852b855,48,,e9patch-verify-fail-exit1
fullcorpus,@1785675836,c7531a837a65d388707e3b14642a6ba36b660267,ef5ffebccb7e4bfd0e82a2bc7bc703c2ed6212a4,false,expansion,portable,determinism-stress,determinism-stress/thread-output,verify,e9patch,expansion,pass,1,1,44f4a9c5837349cffaaf778ab4ddf4fc799d6bb3ef0d14b6fce4bc36f4000a93,422,,
fullcorpus,@1785675836,c7531a837a65d388707e3b14642a6ba36b660267,ef5ffebccb7e4bfd0e82a2bc7bc703c2ed6212a4,false,expansion,portable,language-runtimes,language-runtimes/bash-loop-pipe-time,verify,e9patch,expansion,pass,1,1,784d997b9601e289c0f717935557d0f6afaacf2e69633fa9a08eb6ef4f9d21a2,756,,
fullcorpus,@1785675836,c7531a837a65d388707e3b14642a6ba36b660267,ef5ffebccb7e4bfd0e82a2bc7bc703c2ed6212a4,false,expansion,portable,language-runtimes,language-runtimes/example-python-random,verify,e9patch,expansion,pass,1,1,e1b8db378cfd66571bc2d0dbe0b45e1bd3eaecb5d6e0e4d51fd1c0ed053113b0,499,,
fullcorpus,@1785675836,c7531a837a65d388707e3b14642a6ba36b660267,ef5ffebccb7e4bfd0e82a2bc7bc703c2ed6212a4,false,expansion,portable,language-runtimes,language-runtimes/gawk-random,verify,e9patch,expansion,pass,1,1,04427acdbdc27dceba6e78a1623682e9363586e78bcd894100c7b1bf625e92fe,139,,
fullcorpus,@1785675836,c7531a837a65d388707e3b14642a6ba36b660267,ef5ffebccb7e4bfd0e82a2bc7bc703c2ed6212a4,false,expansion,portable,language-runtimes,language-runtimes/perl-io-subprocess-time,verify,e9patch,expansion,pass,1,1,7f995b154b3bfa06dbb07bd5f586c2b01e5be10958b88d99e12dc95331f0baa7,313,,
fullcorpus,@1785675836,c7531a837a65d388707e3b14642a6ba36b660267,ef5ffebccb7e4bfd0e82a2bc7bc703c2ed6212a4,false,expansion,portable,language-runtimes,language-runtimes/python-hash-determinism,verify,e9patch,expansion,pass,1,1,cea342868e9c8ddfed8b961d54db0727b257e72a5dfded2715d37011200820f2,655,,
fullcorpus,@1785675836,c7531a837a65d388707e3b14642a6ba36b660267,ef5ffebccb7e4bfd0e82a2bc7bc703c2ed6212a4,false,expansion,portable,language-runtimes,language-runtimes/python-io-subprocess-time,verify,e9patch,expansion,pass,1,1,faba675d351c430256b2b27b10425b1bcd8e124f19ee2010edfe942be0290c81,4907,,
fullcorpus,@1785675836,c7531a837a65d388707e3b14642a6ba36b660267,ef5ffebccb7e4bfd0e82a2bc7bc703c2ed6212a4,false,expansion,portable,language-runtimes,language-runtimes/python-random,verify,e9patch,expansion,pass,1,1,9a7611b282b9eacf3b13ff466a731f3b5c31619ddfe5665214ea8e8e5a97a950,574,,
fullcorpus,@1785675836,c7531a837a65d388707e3b14642a6ba36b660267,ef5ffebccb7e4bfd0e82a2bc7bc703c2ed6212a4,false,expansion,portable,shared-futex-c,shared-futex-c/qemu-exec-init,verify,e9patch,expansion,diverge,0,,f661f3a07a6eaf11cc84a517476a7fad235b90d6b017b27b1d196e7fc437abeb,511,,e9patch-verify-fail-exit1
fullcorpus,@1785675836,c7531a837a65d388707e3b14642a6ba36b660267,ef5ffebccb7e4bfd0e82a2bc7bc703c2ed6212a4,false,expansion,portable,shared-futex-c,shared-futex-c/qemu-hello,verify,e9patch,expansion,diverge,0,,9ea4709e7c24602ba619d6ae109051a4df65ce643d978faa5fcc1dfffc35acef,27,,e9patch-verify-fail-exit1
fullcorpus,@1785675836,c7531a837a65d388707e3b14642a6ba36b660267,ef5ffebccb7e4bfd0e82a2bc7bc703c2ed6212a4,false,expansion,portable,shared-futex-c,shared-futex-c/qemu-init,verify,e9patch,expansion,diverge,0,,89690eba82149c54a78009da0da3c9c71106a9ed870a5768376295473979b1bb,517,,e9patch-verify-fail-exit1
fullcorpus,@1785675836,c7531a837a65d388707e3b14642a6ba36b660267,ef5ffebccb7e4bfd0e82a2bc7bc703c2ed6212a4,false,expansion,portable,shared-futex-c,shared-futex-c/qemu-net-init,verify,e9patch,expansion,diverge,0,,6f2e575f700dd33f153625f87ce625f62c8ebbed42675e3c06ce63851fef2c8d,366,,e9patch-verify-fail-exit1
fullcorpus,@1785675836,c7531a837a65d388707e3b14642a6ba36b660267,ef5ffebccb7e4bfd0e82a2bc7bc703c2ed6212a4,false,expansion,portable,system-utils,system-utils/clock-determinism,verify,e9patch,expansion,pass,1,1,ae53c7f85ecd3f3e57c3b8c0f77f9d944873d0276aca6b0faad8d847063a5458,64,,
fullcorpus,@1785675836,c7531a837a65d388707e3b14642a6ba36b660267,ef5ffebccb7e4bfd0e82a2bc7bc703c2ed6212a4,false,expansion,portable,system-utils,system-utils/date-nanoseconds,verify,e9patch,expansion,pass,1,1,627e376480bf37c9b92c9bb4c0b7b0fed835fcbde23eadaea6914d634a068d0b,159,,
fullcorpus,@1785675836,c7531a837a65d388707e3b14642a6ba36b660267,ef5ffebccb7e4bfd0e82a2bc7bc703c2ed6212a4,false,expansion,portable,system-utils,system-utils/example-date,verify,e9patch,expansion,pass,1,1,113fd3370a199428f18dcf4c1febb1d2a68f28a0f7add7d51094ad9c3c455e25,82,,
fullcorpus,@1785675836,c7531a837a65d388707e3b14642a6ba36b660267,ef5ffebccb7e4bfd0e82a2bc7bc703c2ed6212a4,false,expansion,portable,system-utils,system-utils/example-devrand,verify,e9patch,expansion,pass,1,1,f5edcf77a8645391c7cdaa70592390c2365b1a0849dfc2729f9a6ca3ea874863,94,,
fullcorpus,@1785675836,c7531a837a65d388707e3b14642a6ba36b660267,ef5ffebccb7e4bfd0e82a2bc7bc703c2ed6212a4,false,expansion,portable,system-utils,system-utils/openssl-passwd,verify,e9patch,expansion,pass,1,1,48e619a6a440a23d7955fda2339654eccd96d4c32d4698a1fce8b365d2cc460b,165,,
fullcorpus,@1785675836,c7531a837a65d388707e3b14642a6ba36b660267,ef5ffebccb7e4bfd0e82a2bc7bc703c2ed6212a4,false,expansion,portable,system-utils,system-utils/proc-uptime,verify,e9patch,expansion,pass,1,1,771d52112d881cd7b612f5666228cdfb8b4af595893040c157e8aa41a0f22ce8,131,,
fullcorpus,@1785675836,c7531a837a65d388707e3b14642a6ba36b660267,ef5ffebccb7e4bfd0e82a2bc7bc703c2ed6212a4,false,expansion,portable,system-utils,system-utils/random-device,verify,e9patch,expansion,pass,1,1,f5edcf77a8645391c7cdaa70592390c2365b1a0849dfc2729f9a6ca3ea874863,161,,
fullcorpus,@1785675836,c7531a837a65d388707e3b14642a6ba36b660267,ef5ffebccb7e4bfd0e82a2bc7bc703c2ed6212a4,false,expansion,portable,system-utils,system-utils/record-getpid,verify,e9patch,expansion,pass,1,1,7d65259dd0f4861331834b3f73013d851b44389c6162f00a24a0176bba121251,59,,
fullcorpus,@1785675836,c7531a837a65d388707e3b14642a6ba36b660267,ef5ffebccb7e4bfd0e82a2bc7bc703c2ed6212a4,false,expansion,portable,util-c,util-c/pmu-skid,verify,e9patch,expansion,diverge,0,,e3b0c44298fc1c149afbf4c8996fb92427ae41e4649b934ca495991b7852b855,36,,e9patch-verify-fail-exit1
fullcorpus,@1785675836,c7531a837a65d388707e3b14642a6ba36b660267,ef5ffebccb7e4bfd0e82a2bc7bc703c2ed6212a4,false,expansion,portable,applications,applications/example-timed-progress-bar,verify,ptrace,expansion,pass,1,,d8778ce336753d09dab6c6d94699898498ccbc31d6ec6b0b7b3d4bc559745b47,470,,
fullcorpus,@1785675836,c7531a837a65d388707e3b14642a6ba36b660267,ef5ffebccb7e4bfd0e82a2bc7bc703c2ed6212a4,false,expansion,portable,applications,applications/timed-progress-bar,verify,ptrace,expansion,diverge,0,,e3b0c44298fc1c149afbf4c8996fb92427ae41e4649b934ca495991b7852b855,12,,ptrace-verify-fail-exit1
fullcorpus,@1785675836,c7531a837a65d388707e3b14642a6ba36b660267,ef5ffebccb7e4bfd0e82a2bc7bc703c2ed6212a4,false,expansion,privileged,backend-parity-c,backend-parity-c/cpuid-probe,verify,ptrace,expansion,pass,1,,86ff9718c1542322ee8165258f455b9774cc88c99e37cc57f30e74283a2d83c0,77,,
fullcorpus,@1785675836,c7531a837a65d388707e3b14642a6ba36b660267,ef5ffebccb7e4bfd0e82a2bc7bc703c2ed6212a4,false,expansion,portable,backend-parity-c,backend-parity-c/pid-probe,verify,ptrace,expansion,pass,1,,342cc5c394f2bfe94370f4f30493c870f7877e1dd0646dc7c41af1fc9d14838c,73,,
fullcorpus,@1785675836,c7531a837a65d388707e3b14642a6ba36b660267,ef5ffebccb7e4bfd0e82a2bc7bc703c2ed6212a4,false,expansion,portable,backend-parity-c,backend-parity-c/pthread-lifecycle,verify,ptrace,expansion,pass,1,,6f916c392b593c2835823f98adada81a14b81ff8683b4045610a9a1cc0728563,100,,
fullcorpus,@1785675836,c7531a837a65d388707e3b14642a6ba36b660267,ef5ffebccb7e4bfd0e82a2bc7bc703c2ed6212a4,false,expansion,portable,bin-c,bin-c/posix-timer-test,verify,ptrace,expansion,pass,1,,73bc36274f961af2a8ad43917d15a87a59ead3cb7c6f54c81db28c45d5395fa1,73,,
fullcorpus,@1785675836,c7531a837a65d388707e3b14642a6ba36b660267,ef5ffebccb7e4bfd0e82a2bc7bc703c2ed6212a4,false,expansion,portable,bin-c,bin-c/robust-futex-test,verify,ptrace,expansion,timeout,0,,e3b0c44298fc1c149afbf4c8996fb92427ae41e4649b934ca495991b7852b855,120005,,ptrace-verify-timeout-120s
fullcorpus,@1785675836,c7531a837a65d388707e3b14642a6ba36b660267,ef5ffebccb7e4bfd0e82a2bc7bc703c2ed6212a4,false,expansion,portable,chaos-c,chaos-c/lock-granularity,verify,ptrace,expansion,pass,1,,1cd27b440cf0189a08ed714e62668d8ff37ae183e61d111b8ee14b2759ad2b2d,72,,
fullcorpus,@1785675836,c7531a837a65d388707e3b14642a6ba36b660267,ef5ffebccb7e4bfd0e82a2bc7bc703c2ed6212a4,false,expansion,portable,c-programs,c-programs/acct-refusal-probe,verify,ptrace,expansion,pass,1,,fb9a253ff29ae72ad120fbe932651dd0471ff759f020fcad04b62895c481980f,74,,
fullcorpus,@1785675836,c7531a837a65d388707e3b14642a6ba36b660267,ef5ffebccb7e4bfd0e82a2bc7bc703c2ed6212a4,false,expansion,portable,c-programs,c-programs/add-key-enosys,verify,ptrace,expansion,pass,1,,392cdd6f142e243a9db3f8bd6d60cde54e983ffe6d072bf7ea3b03cc297cbf72,71,,
fullcorpus,@1785675836,c7531a837a65d388707e3b14642a6ba36b660267,ef5ffebccb7e4bfd0e82a2bc7bc703c2ed6212a4,false,expansion,portable,c-programs,c-programs/adjtimex-deterministic,verify,ptrace,expansion,pass,1,,ea6836e27a3d5c63e79076c3c5c976a785aa833022022fc0f2e5361942c6579e,69,,
fullcorpus,@1785675836,c7531a837a65d388707e3b14642a6ba36b660267,ef5ffebccb7e4bfd0e82a2bc7bc703c2ed6212a4,false,expansion,portable,c-programs,c-programs/arch-prctl-determinism,verify,ptrace,expansion,pass,1,,8504ad2cf53c948ffdd59e277fe87ecf21f65ffa4fb543989366ec9cb40272fd,76,,
fullcorpus,@1785675836,c7531a837a65d388707e3b14642a6ba36b660267,ef5ffebccb7e4bfd0e82a2bc7bc703c2ed6212a4,false,expansion,portable,c-programs,c-programs/bpf-enosys,verify,ptrace,expansion,pass,1,,00b8c2fc33f814bfeb2da739d302426f0122369289c96bb40f9a11ef86f4befe,72,,
fullcorpus,@1785675836,c7531a837a65d388707e3b14642a6ba36b660267,ef5ffebccb7e4bfd0e82a2bc7bc703c2ed6212a4,false,expansion,portable,c-programs,c-programs/cachestat-enosys,verify,ptrace,expansion,pass,1,,c99ecc14f33146eb9b4b3c76f1fd310e0b0992a23465df5ce2715ead516e565e,69,,
fullcorpus,@1785675836,c7531a837a65d388707e3b14642a6ba36b660267,ef5ffebccb7e4bfd0e82a2bc7bc703c2ed6212a4,false,expansion,portable,c-programs,c-programs/clock-adjtime-deterministic,verify,ptrace,expansion,pass,1,,f8df8f96682085b6719931fa985c994642bd388d6849e9c751941db746098343,74,,
fullcorpus,@1785675836,c7531a837a65d388707e3b14642a6ba36b660267,ef5ffebccb7e4bfd0e82a2bc7bc703c2ed6212a4,false,expansion,portable,c-programs,c-programs/clone,verify,ptrace,expansion,pass,1,,6bed7c4e58faa0f69f82d7af16adcaa45cce6217b25a9cab2b709b1ac60b68de,70,,
fullcorpus,@1785675836,c7531a837a65d388707e3b14642a6ba36b660267,ef5ffebccb7e4bfd0e82a2bc7bc703c2ed6212a4,false,expansion,portable,c-programs,c-programs/copy-file-range-refusal-probe,verify,ptrace,expansion,pass,1,,eaf5a67ca844e6a832cd95774ecdb4c48e345e2b64e1c67092ad7fb6ac39777a,69,,
fullcorpus,@1785675836,c7531a837a65d388707e3b14642a6ba36b660267,ef5ffebccb7e4bfd0e82a2bc7bc703c2ed6212a4,false,expansion,portable,c-programs,c-programs/dbi-copied-tiocgpgrp,verify,ptrace,expansion,pass,1,,a72cc9796486e612c72fa45a187dc2c1d587ee69e27aaebf4771a60d8a743d79,77,,
fullcorpus,@1785675836,c7531a837a65d388707e3b14642a6ba36b660267,ef5ffebccb7e4bfd0e82a2bc7bc703c2ed6212a4,false,expansion,portable,c-programs,c-programs/dbi-exec-failure,verify,ptrace,expansion,pass,1,,d9255dd9cc061248208ec6fabc39e2695034a2f78b3a79675522090f004de84c,67,,
fullcorpus,@1785675836,c7531a837a65d388707e3b14642a6ba36b660267,ef5ffebccb7e4bfd0e82a2bc7bc703c2ed6212a4,false,expansion,portable,c-programs,c-programs/dbi-execveat-unsupported,verify,ptrace,expansion,pass,1,,e3b0c44298fc1c149afbf4c8996fb92427ae41e4649b934ca495991b7852b855,78,,
fullcorpus,@1785675836,c7531a837a65d388707e3b14642a6ba36b660267,ef5ffebccb7e4bfd0e82a2bc7bc703c2ed6212a4,false,expansion,portable,c-programs,c-programs/dbi-mmap-exec,verify,ptrace,expansion,pass,1,,87ef25ed096b64f71e5581bf5d09a9bb24b8dca9402b010322037898b99a81cf,63,,
fullcorpus,@1785675836,c7531a837a65d388707e3b14642a6ba36b660267,ef5ffebccb7e4bfd0e82a2bc7bc703c2ed6212a4,false,expansion,portable,c-programs,c-programs/dbi-pid-virtualization,verify,ptrace,expansion,pass,1,,68abbf5dc13603c0077f0402fe1455224965d0061ec94e7cefd220c41b610f15,168,,
fullcorpus,@1785675836,c7531a837a65d388707e3b14642a6ba36b660267,ef5ffebccb7e4bfd0e82a2bc7bc703c2ed6212a4,false,expansion,portable,c-programs,c-programs/dbi-prlimit-self,verify,ptrace,expansion,pass,1,,b5d0a733abb9b3694c70cc548fbd236ede0f60c1e06673b4e4999419c7721e12,66,,
fullcorpus,@1785675836,c7531a837a65d388707e3b14642a6ba36b660267,ef5ffebccb7e4bfd0e82a2bc7bc703c2ed6212a4,false,expansion,portable,c-programs,c-programs/dbi-self-sigqueue,verify,ptrace,expansion,pass,1,,f4c3bb314cd68d7f8c7e053c24257d5eaf5369087b8c21ee95fd29727f460537,72,,
fullcorpus,@1785675836,c7531a837a65d388707e3b14642a6ba36b660267,ef5ffebccb7e4bfd0e82a2bc7bc703c2ed6212a4,false,expansion,portable,c-programs,c-programs/dbi-unsupported-syscall,verify,ptrace,expansion,pass,1,,0dc9033cbe9bbe736c2e2105dd9ddb6f7c68ffe47d4146ffdb3e0e2f4a990531,72,,
fullcorpus,@1785675836,c7531a837a65d388707e3b14642a6ba36b660267,ef5ffebccb7e4bfd0e82a2bc7bc703c2ed6212a4,false,expansion,portable,c-programs,c-programs/dbi-wait-lifecycle,verify,ptrace,expansion,pass,1,,8b2dc7afefe0de8a206779cafaa728f8589221319ecd6040f8721c0895618a65,86,,
fullcorpus,@1785675836,c7531a837a65d388707e3b14642a6ba36b660267,ef5ffebccb7e4bfd0e82a2bc7bc703c2ed6212a4,false,expansion,portable,c-programs,c-programs/epoll-determinism,verify,ptrace,expansion,diverge,0,,e3b0c44298fc1c149afbf4c8996fb92427ae41e4649b934ca495991b7852b855,35,,ptrace-verify-fail-exit1
fullcorpus,@1785675836,c7531a837a65d388707e3b14642a6ba36b660267,ef5ffebccb7e4bfd0e82a2bc7bc703c2ed6212a4,false,expansion,portable,c-programs,c-programs/fp-reduction-nondeterminism,verify,ptrace,expansion,pass,1,,14e2bd92d74bd578c2f3968692ed94951fc432c8a0eb79cb59bf437fbd987598,202,,
fullcorpus,@1785675836,c7531a837a65d388707e3b14642a6ba36b660267,ef5ffebccb7e4bfd0e82a2bc7bc703c2ed6212a4,false,expansion,portable,c-programs,c-programs/futex-requeue-enosys,verify,ptrace,expansion,pass,1,,3a97289e82874a6de3f7329de461ff8e98aab222e591b44478b0cbfa224b778e,70,,
fullcorpus,@1785675836,c7531a837a65d388707e3b14642a6ba36b660267,ef5ffebccb7e4bfd0e82a2bc7bc703c2ed6212a4,false,expansion,portable,c-programs,c-programs/futex-waitv-enosys,verify,ptrace,expansion,pass,1,,889b019ce9ffec65e091b4ebb00324388abe68095b3a9aebf5a6243a8d00540e,71,,
fullcorpus,@1785675836,c7531a837a65d388707e3b14642a6ba36b660267,ef5ffebccb7e4bfd0e82a2bc7bc703c2ed6212a4,false,expansion,portable,c-programs,c-programs/futex-wake-enosys,verify,ptrace,expansion,pass,1,,d841d882ef04ba206243543971a6e2d842db22c3508947d6fb60095d878b0da9,76,,
fullcorpus,@1785675836,c7531a837a65d388707e3b14642a6ba36b660267,ef5ffebccb7e4bfd0e82a2bc7bc703c2ed6212a4,false,expansion,portable,c-programs,c-programs/getcpu,verify,ptrace,expansion,pass,1,,345e84333a5805a44f38c499137ebb962d9e683e804aa45642afa84e41127f5d,70,,
fullcorpus,@1785675836,c7531a837a65d388707e3b14642a6ba36b660267,ef5ffebccb7e4bfd0e82a2bc7bc703c2ed6212a4,false,expansion,portable,c-programs,c-programs/getitimer-determinism-probe,verify,ptrace,expansion,pass,1,,17720cebaa5ab1c96e7035832f98c160d4b41b2c32a7bd909ca74d855fa5aaf9,73,,
fullcorpus,@1785675836,c7531a837a65d388707e3b14642a6ba36b660267,ef5ffebccb7e4bfd0e82a2bc7bc703c2ed6212a4,false,expansion,portable,c-programs,c-programs/get-robust-list-child,verify,ptrace,expansion,pass,1,,379982e3aff5bd3550ff784c6a8e1b9116997dd882bf426aa10fd41e713fc526,85,,
fullcorpus,@1785675836,c7531a837a65d388707e3b14642a6ba36b660267,ef5ffebccb7e4bfd0e82a2bc7bc703c2ed6212a4,false,expansion,portable,c-programs,c-programs/get-robust-list-self,verify,ptrace,expansion,pass,1,,8a606e83612b4b4c869cfae1cd2f9f03220d7fde25cc88f10079b81f9b3423d1,70,,
fullcorpus,@1785675836,c7531a837a65d388707e3b14642a6ba36b660267,ef5ffebccb7e4bfd0e82a2bc7bc703c2ed6212a4,false,expansion,portable,c-programs,c-programs/get-robust-list-thread,verify,ptrace,expansion,pass,1,,281d743aba1e1247003f2ad95dda0456f103ab208c1d960079fd0ac272560d4c,81,,
fullcorpus,@1785675836,c7531a837a65d388707e3b14642a6ba36b660267,ef5ffebccb7e4bfd0e82a2bc7bc703c2ed6212a4,false,expansion,portable,c-programs,c-programs/getsockopt-null,verify,ptrace,expansion,pass,1,,b8636471f62fb5c81c4b4a5bacf5f4ec2b3e3b4970bc0aded5f496dae6670bfd,71,,
fullcorpus,@1785675836,c7531a837a65d388707e3b14642a6ba36b660267,ef5ffebccb7e4bfd0e82a2bc7bc703c2ed6212a4,false,expansion,portable,c-programs,c-programs/hello-alarm,verify,ptrace,expansion,pass,1,,69771519a00dad7a34964816b4a9d71896eed8707b6b8c7c3b2d901285fa09f8,74,,
fullcorpus,@1785675836,c7531a837a65d388707e3b14642a6ba36b660267,ef5ffebccb7e4bfd0e82a2bc7bc703c2ed6212a4,false,expansion,portable,c-programs,c-programs/hello-nostdlib,verify,ptrace,expansion,pass,1,,e3b0c44298fc1c149afbf4c8996fb92427ae41e4649b934ca495991b7852b855,50,,
fullcorpus,@1785675836,c7531a837a65d388707e3b14642a6ba36b660267,ef5ffebccb7e4bfd0e82a2bc7bc703c2ed6212a4,false,expansion,portable,c-programs,c-programs/hello-signals,verify,ptrace,expansion,pass,1,,2b4df140dfdd472e4bde5c4d449c859ae4a83efe7f0372f448b95db8b40614d8,70,,
fullcorpus,@1785675836,c7531a837a65d388707e3b14642a6ba36b660267,ef5ffebccb7e4bfd0e82a2bc7bc703c2ed6212a4,false,expansion,portable,c-programs,c-programs/ioctl-fioclex,verify,ptrace,expansion,pass,1,,ed203ed9433cb973a747cbe39690fecc753e9fd7c1e7688563d6f3a154eb0d5e,78,,
fullcorpus,@1785675836,c7531a837a65d388707e3b14642a6ba36b660267,ef5ffebccb7e4bfd0e82a2bc7bc703c2ed6212a4,false,expansion,portable,c-programs,c-programs/ioctl-siocethtool,verify,ptrace,expansion,pass,1,,28f38ce93b6d5f0d279d4f3d619cc3fc7e134e190ae9ee4f652eeb6afe623291,76,,
fullcorpus,@1785675836,c7531a837a65d388707e3b14642a6ba36b660267,ef5ffebccb7e4bfd0e82a2bc7bc703c2ed6212a4,false,expansion,portable,c-programs,c-programs/io-uring-fallback,verify,ptrace,expansion,pass,1,,8546e30d188b0b196b8d907e1289e7b830df6fd61ff9dd83f5165ba9bda77e7f,79,,
fullcorpus,@1785675836,c7531a837a65d388707e3b14642a6ba36b660267,ef5ffebccb7e4bfd0e82a2bc7bc703c2ed6212a4,false,expansion,portable,c-programs,c-programs/io-uring-ring-determinism,verify,ptrace,expansion,pass,1,,5de332a6e2af5315f34ec08e21ca7f8c037a65ecbaee17efd47005a7f1809201,79,,
fullcorpus,@1785675836,c7531a837a65d388707e3b14642a6ba36b660267,ef5ffebccb7e4bfd0e82a2bc7bc703c2ed6212a4,false,expansion,portable,c-programs,c-programs/ipc-determinism,verify,ptrace,expansion,diverge,0,,e3b0c44298fc1c149afbf4c8996fb92427ae41e4649b934ca495991b7852b855,45,,ptrace-verify-fail-exit1
fullcorpus,@1785675836,c7531a837a65d388707e3b14642a6ba36b660267,ef5ffebccb7e4bfd0e82a2bc7bc703c2ed6212a4,false,expansion,portable,c-programs,c-programs/just-spin,verify,ptrace,expansion,pass,1,,e3b0c44298fc1c149afbf4c8996fb92427ae41e4649b934ca495991b7852b855,157,,
fullcorpus,@1785675836,c7531a837a65d388707e3b14642a6ba36b660267,ef5ffebccb7e4bfd0e82a2bc7bc703c2ed6212a4,false,expansion,portable,c-programs,c-programs/kcmp-eperm,verify,ptrace,expansion,pass,1,,288278193317b71ec5d15a6dcc2239918b1eea39229a8ef5eb7ae1e6b0a72cce,77,,
fullcorpus,@1785675836,c7531a837a65d388707e3b14642a6ba36b660267,ef5ffebccb7e4bfd0e82a2bc7bc703c2ed6212a4,false,expansion,portable,c-programs,c-programs/keyctl-enosys,verify,ptrace,expansion,pass,1,,83d9f2169baa0647471ca5f2e4e1c5b73ff2d356b322b7fcdd75d5cf129a292f,76,,
fullcorpus,@1785675836,c7531a837a65d388707e3b14642a6ba36b660267,ef5ffebccb7e4bfd0e82a2bc7bc703c2ed6212a4,false,expansion,portable,c-programs,c-programs/keyctl-passthrough,verify,ptrace,expansion,pass,1,,decfa402c4223a34ee494253769befc420b46b13da25f3082c91dfe7f19a0310,76,,
fullcorpus,@1785675836,c7531a837a65d388707e3b14642a6ba36b660267,ef5ffebccb7e4bfd0e82a2bc7bc703c2ed6212a4,false,expansion,portable,c-programs,c-programs/listmount-enosys,verify,ptrace,expansion,pass,1,,231c3dfcda497bd1b166dfb575578d2868721d30f15362cfabcad6f930e43713,73,,
fullcorpus,@1785675836,c7531a837a65d388707e3b14642a6ba36b660267,ef5ffebccb7e4bfd0e82a2bc7bc703c2ed6212a4,false,expansion,portable,c-programs,c-programs/liteinst-advanced,verify,ptrace,expansion,diverge,0,,e3b0c44298fc1c149afbf4c8996fb92427ae41e4649b934ca495991b7852b855,41,,ptrace-verify-fail-exit1
fullcorpus,@1785675836,c7531a837a65d388707e3b14642a6ba36b660267,ef5ffebccb7e4bfd0e82a2bc7bc703c2ed6212a4,false,expansion,portable,c-programs,c-programs/lsm-get-self-attr-enosys,verify,ptrace,expansion,pass,1,,e83dcdfbdee854f34e05165d3a7aa7b774ca748bc96ee665789c63a32c593fe0,68,,
fullcorpus,@1785675836,c7531a837a65d388707e3b14642a6ba36b660267,ef5ffebccb7e4bfd0e82a2bc7bc703c2ed6212a4,false,expansion,portable,c-programs,c-programs/lsm-list-modules-enosys,verify,ptrace,expansion,pass,1,,8f5862ec33defb2bf2625429444eaec8b64ce9b7d2c21635e7db07f99c92fc3d,68,,
fullcorpus,@1785675836,c7531a837a65d388707e3b14642a6ba36b660267,ef5ffebccb7e4bfd0e82a2bc7bc703c2ed6212a4,false,expansion,portable,c-programs,c-programs/lsm-set-self-attr-enosys,verify,ptrace,expansion,pass,1,,326c5b270af2a116865e2690f44310bc17aa77c6cc96d4c83800615036e10e16,68,,
fullcorpus,@1785675836,c7531a837a65d388707e3b14642a6ba36b660267,ef5ffebccb7e4bfd0e82a2bc7bc703c2ed6212a4,false,expansion,portable,c-programs,c-programs/madvise-determinism,verify,ptrace,expansion,pass,1,,c6053a1ebd42e4762ac34b01ed5d666e0b1f5f18b83ddca9d1b7f4ebef175e83,73,,
fullcorpus,@1785675836,c7531a837a65d388707e3b14642a6ba36b660267,ef5ffebccb7e4bfd0e82a2bc7bc703c2ed6212a4,false,expansion,portable,c-programs,c-programs/map-shadow-stack-enosys,verify,ptrace,expansion,pass,1,,97ae187dd98c3d4b943dd9b69d472da499f0ef3ae9b2c66152d2ed5dc04bd569,65,,
fullcorpus,@1785675836,c7531a837a65d388707e3b14642a6ba36b660267,ef5ffebccb7e4bfd0e82a2bc7bc703c2ed6212a4,false,expansion,portable,c-programs,c-programs/memfd-secret-enosys,verify,ptrace,expansion,pass,1,,dcbbb5f4e71889cba127631a6a9a2fce4d68defe8aa92a8d437fd6be6129d6dd,66,,
fullcorpus,@1785675836,c7531a837a65d388707e3b14642a6ba36b660267,ef5ffebccb7e4bfd0e82a2bc7bc703c2ed6212a4,false,expansion,portable,c-programs,c-programs/meminfo-available-deterministic,verify,ptrace,expansion,pass,1,,7b76f77046d0c4bc8e2105f9850b009d269b48c26e0b7de4723c8adc25181af4,74,,
fullcorpus,@1785675836,c7531a837a65d388707e3b14642a6ba36b660267,ef5ffebccb7e4bfd0e82a2bc7bc703c2ed6212a4,false,expansion,portable,c-programs,c-programs/meminfo-cached-deterministic,verify,ptrace,expansion,pass,1,,6a4a1ce51b1c48a3c39972e58451953b36a3a49ed40cdf242978e2c2da4cabe4,67,,
fullcorpus,@1785675836,c7531a837a65d388707e3b14642a6ba36b660267,ef5ffebccb7e4bfd0e82a2bc7bc703c2ed6212a4,false,expansion,portable,c-programs,c-programs/meminfo-free-deterministic,verify,ptrace,expansion,pass,1,,b8a06902cd8245cc3d8acabb5118c81f14b6455c7e6d5da9cf2e59f0b0bcc9da,71,,
fullcorpus,@1785675836,c7531a837a65d388707e3b14642a6ba36b660267,ef5ffebccb7e4bfd0e82a2bc7bc703c2ed6212a4,false,expansion,portable,c-programs,c-programs/memorypress,verify,ptrace,expansion,pass,1,,e3b0c44298fc1c149afbf4c8996fb92427ae41e4649b934ca495991b7852b855,66,,
fullcorpus,@1785675836,c7531a837a65d388707e3b14642a6ba36b660267,ef5ffebccb7e4bfd0e82a2bc7bc703c2ed6212a4,false,expansion,portable,c-programs,c-programs/mmap-determinism,verify,ptrace,expansion,diverge,0,,e3b0c44298fc1c149afbf4c8996fb92427ae41e4649b934ca495991b7852b855,38,,ptrace-verify-fail-exit1
fullcorpus,@1785675836,c7531a837a65d388707e3b14642a6ba36b660267,ef5ffebccb7e4bfd0e82a2bc7bc703c2ed6212a4,false,expansion,portable,c-programs,c-programs/mmap-stress-determinism,verify,ptrace,expansion,pass,1,,890065cac586dbeaf7ae771f63d223dd2d04995b4e051040bdd9c9792019dec0,132,,
fullcorpus,@1785675836,c7531a837a65d388707e3b14642a6ba36b660267,ef5ffebccb7e4bfd0e82a2bc7bc703c2ed6212a4,false,expansion,portable,c-programs,c-programs/name-to-handle-at-eopnotsupp,verify,ptrace,expansion,pass,1,,29e0c39b5f7ab315794d97b7e06e60cf737450deef4306dd8ad0ffd040a25cc0,58,,
fullcorpus,@1785675836,c7531a837a65d388707e3b14642a6ba36b660267,ef5ffebccb7e4bfd0e82a2bc7bc703c2ed6212a4,false,expansion,portable,c-programs,c-programs/name-to-handle-directory-eopnotsupp,verify,ptrace,expansion,pass,1,,7e5656f3fa9831a9c1f43055b26f6f209b6549daeb42ef1ce12677b324adf310,69,,
fullcorpus,@1785675836,c7531a837a65d388707e3b14642a6ba36b660267,ef5ffebccb7e4bfd0e82a2bc7bc703c2ed6212a4,false,expansion,portable,c-programs,c-programs/name-to-handle-empty-path-eopnotsupp,verify,ptrace,expansion,pass,1,,e3f9de47951c04e5f8349e7bb340fca6dcb76fffe659a12ab8f9e16fe48f72dd,66,,
fullcorpus,@1785675836,c7531a837a65d388707e3b14642a6ba36b660267,ef5ffebccb7e4bfd0e82a2bc7bc703c2ed6212a4,false,expansion,portable,c-programs,c-programs/name-to-handle-regular-eopnotsupp,verify,ptrace,expansion,pass,1,,82b589b3f458bbdcffe0a9aaf1a18ab2cfe882ab232290e1ca113714923af2a0,63,,
fullcorpus,@1785675836,c7531a837a65d388707e3b14642a6ba36b660267,ef5ffebccb7e4bfd0e82a2bc7bc703c2ed6212a4,false,expansion,portable,c-programs,c-programs/nanosleep-par,verify,ptrace,expansion,pass,1,,bf8aa1c7b00aeb67d9ce84b6efe29c410ef142938a5c71a932bbe34e2cf09f91,356,,
fullcorpus,@1785675836,c7531a837a65d388707e3b14642a6ba36b660267,ef5ffebccb7e4bfd0e82a2bc7bc703c2ed6212a4,false,expansion,portable,c-programs,c-programs/nanosleep-threads-nocrash,verify,ptrace,expansion,pass,1,,e3b0c44298fc1c149afbf4c8996fb92427ae41e4649b934ca495991b7852b855,75,,
fullcorpus,@1785675836,c7531a837a65d388707e3b14642a6ba36b660267,ef5ffebccb7e4bfd0e82a2bc7bc703c2ed6212a4,false,expansion,portable,c-programs,c-programs/nanosleep-threads-simple,verify,ptrace,expansion,diverge,0,,e3b0c44298fc1c149afbf4c8996fb92427ae41e4649b934ca495991b7852b855,367,,ptrace-verify-fail-exit1
fullcorpus,@1785675836,c7531a837a65d388707e3b14642a6ba36b660267,ef5ffebccb7e4bfd0e82a2bc7bc703c2ed6212a4,false,expansion,portable,c-programs,c-programs/netlink-autobind-generic,verify,ptrace,expansion,pass,1,,947db933d2beaaa7502b24b06bc2aa623116320e9099408e0714af30e877b237,70,,
fullcorpus,@1785675836,c7531a837a65d388707e3b14642a6ba36b660267,ef5ffebccb7e4bfd0e82a2bc7bc703c2ed6212a4,false,expansion,portable,c-programs,c-programs/netlink-autobind-route,verify,ptrace,expansion,pass,1,,6b579b3015fa46b849f2c563d3caa3f1113b30eda45f2c376a535ade155a5264,66,,
fullcorpus,@1785675836,c7531a837a65d388707e3b14642a6ba36b660267,ef5ffebccb7e4bfd0e82a2bc7bc703c2ed6212a4,false,expansion,portable,c-programs,c-programs/netlink-autobind-usersock,verify,ptrace,expansion,pass,1,,434cfac765f7a108d0f27c8b43ba45a2b7acff66219ef8104a01612dd7e70956,68,,
fullcorpus,@1785675836,c7531a837a65d388707e3b14642a6ba36b660267,ef5ffebccb7e4bfd0e82a2bc7bc703c2ed6212a4,false,expansion,portable,c-programs,c-programs/netns-cookie-tcp4,verify,ptrace,expansion,pass,1,,69c87be106187443c99bd437315cc2bb5e8110445a962b89b9d3d9d5446a505e,64,,
fullcorpus,@1785675836,c7531a837a65d388707e3b14642a6ba36b660267,ef5ffebccb7e4bfd0e82a2bc7bc703c2ed6212a4,false,expansion,portable,c-programs,c-programs/netns-cookie-tcp6,verify,ptrace,expansion,pass,1,,a6c1c996f6bed470020b9575b0884d32ba10a29938b56ce56dbcbce889a1c719,63,,
fullcorpus,@1785675836,c7531a837a65d388707e3b14642a6ba36b660267,ef5ffebccb7e4bfd0e82a2bc7bc703c2ed6212a4,false,expansion,portable,c-programs,c-programs/netns-cookie-udp4,verify,ptrace,expansion,pass,1,,3f3599e44c7dcd4ec95cf8d9e67c01200ce6a491020b553a010b6ee754095bb0,68,,
fullcorpus,@1785675836,c7531a837a65d388707e3b14642a6ba36b660267,ef5ffebccb7e4bfd0e82a2bc7bc703c2ed6212a4,false,expansion,portable,c-programs,c-programs/perf-event-hardware-enosys,verify,ptrace,expansion,pass,1,,c7ea49ae4eac3a1842c692e71eff658fde408e8ccb4b9a1efa9094b58a8d453a,67,,
fullcorpus,@1785675836,c7531a837a65d388707e3b14642a6ba36b660267,ef5ffebccb7e4bfd0e82a2bc7bc703c2ed6212a4,false,expansion,portable,c-programs,c-programs/perf-event-open-enosys,verify,ptrace,expansion,pass,1,,2ce5d62fee05f49913ea9ac04a79850be9af6e16eae2083b3054c2186d1fd933,72,,
fullcorpus,@1785675836,c7531a837a65d388707e3b14642a6ba36b660267,ef5ffebccb7e4bfd0e82a2bc7bc703c2ed6212a4,false,expansion,portable,c-programs,c-programs/perf-event-software-enosys,verify,ptrace,expansion,pass,1,,9dd8d0a9c51029d92fb24312cc38b62b647ab6e796f26f0670e2e54d062b54b6,66,,
fullcorpus,@1785675836,c7531a837a65d388707e3b14642a6ba36b660267,ef5ffebccb7e4bfd0e82a2bc7bc703c2ed6212a4,false,expansion,portable,c-programs,c-programs/perf-event-watchpoint-enosys,verify,ptrace,expansion,pass,1,,a3c1e5e84ae8a1c634c0fd8ad162c35918124d312ed7e23f44555334e58daf40,65,,
fullcorpus,@1785675836,c7531a837a65d388707e3b14642a6ba36b660267,ef5ffebccb7e4bfd0e82a2bc7bc703c2ed6212a4,false,expansion,portable,c-programs,c-programs/periodic-setitimer-delivery,verify,ptrace,expansion,pass,1,,db1d924766d35b4e879b61b7ca0256ae3656e1bcfb81e882ef4e754d9df0d87d,62,,
fullcorpus,@1785675836,c7531a837a65d388707e3b14642a6ba36b660267,ef5ffebccb7e4bfd0e82a2bc7bc703c2ed6212a4,false,expansion,portable,c-programs,c-programs/pidfd-open-self,verify,ptrace,expansion,pass,1,,eb85b13112d24bf3eabf6dc998951dba694fd8a544d48d55b0243fcea3a30de9,62,,
fullcorpus,@1785675836,c7531a837a65d388707e3b14642a6ba36b660267,ef5ffebccb7e4bfd0e82a2bc7bc703c2ed6212a4,false,expansion,portable,c-programs,c-programs/pidfd-poll-self,verify,ptrace,expansion,pass,1,,d9c4e30a92ce688e867036dd07e60be370ba398f888f35db4edc54730e9abe08,74,,
fullcorpus,@1785675836,c7531a837a65d388707e3b14642a6ba36b660267,ef5ffebccb7e4bfd0e82a2bc7bc703c2ed6212a4,false,expansion,portable,c-programs,c-programs/pidfd-waitid-child,verify,ptrace,expansion,pass,1,,a5312c9bad9f61e041807833d0d2381242569ed832c394aebb4f57e50e475a80,75,,
fullcorpus,@1785675836,c7531a837a65d388707e3b14642a6ba36b660267,ef5ffebccb7e4bfd0e82a2bc7bc703c2ed6212a4,false,expansion,portable,c-programs,c-programs/ppoll-readv,verify,ptrace,expansion,pass,1,,c03be617b251e1b37d3570212e2f93d6a815c70dfb73dca0dd25cef02468153a,70,,
fullcorpus,@1785675836,c7531a837a65d388707e3b14642a6ba36b660267,ef5ffebccb7e4bfd0e82a2bc7bc703c2ed6212a4,false,expansion,portable,c-programs,c-programs/ppoll-simulation,verify,ptrace,expansion,pass,1,,8ed6c0a2fbe8457da0a0b394c05e4ce42009f4631451de6c41e371d77a9068f5,84,,
fullcorpus,@1785675836,c7531a837a65d388707e3b14642a6ba36b660267,ef5ffebccb7e4bfd0e82a2bc7bc703c2ed6212a4,false,expansion,portable,c-programs,c-programs/prctl-dumpable,verify,ptrace,expansion,pass,1,,789f3fd97e00c2b30751851b5bd08f2703b2539a14421d29dea17db83c379696,71,,
fullcorpus,@1785675836,c7531a837a65d388707e3b14642a6ba36b660267,ef5ffebccb7e4bfd0e82a2bc7bc703c2ed6212a4,false,expansion,portable,c-programs,c-programs/pread64-nostdlib,verify,ptrace,expansion,pass,1,,e3b0c44298fc1c149afbf4c8996fb92427ae41e4649b934ca495991b7852b855,46,,
fullcorpus,@1785675836,c7531a837a65d388707e3b14642a6ba36b660267,ef5ffebccb7e4bfd0e82a2bc7bc703c2ed6212a4,false,expansion,portable,c-programs,c-programs/printf-with-threads,verify,ptrace,expansion,pass,1,,e36a044d5d2a2be76cbf0550fa744da4e751c78870cf3712ebc061f1a2c55f83,73,,
fullcorpus,@1785675836,c7531a837a65d388707e3b14642a6ba36b660267,ef5ffebccb7e4bfd0e82a2bc7bc703c2ed6212a4,false,expansion,portable,c-programs,c-programs/print-memaddrs,verify,ptrace,expansion,pass,1,,e1804409502eed66b2c4a2c68d87058a665ea0117afa54ba439be76f7570c424,61,,
fullcorpus,@1785675836,c7531a837a65d388707e3b14642a6ba36b660267,ef5ffebccb7e4bfd0e82a2bc7bc703c2ed6212a4,false,expansion,portable,c-programs,c-programs/process-mrelease-enosys,verify,ptrace,expansion,pass,1,,c21e5000294b34b0a296fdceaa1377156cde383448706c80e1f4ad705bfdb076,68,,
fullcorpus,@1785675836,c7531a837a65d388707e3b14642a6ba36b660267,ef5ffebccb7e4bfd0e82a2bc7bc703c2ed6212a4,false,expansion,portable,c-programs,c-programs/process-vm-readv-refusal-probe,verify,ptrace,expansion,pass,1,,50905f5ed2b6d9b2083dc16aabfd535f7c531aa42e72dc6c2b67f36e70e97a66,60,,
fullcorpus,@1785675836,c7531a837a65d388707e3b14642a6ba36b660267,ef5ffebccb7e4bfd0e82a2bc7bc703c2ed6212a4,false,expansion,portable,c-programs,c-programs/process-vm-writev-refusal-probe,verify,ptrace,expansion,pass,1,,92c63d99c7bc830d36fb97a16d43febe7a7fcdca938131c9963f92c1b1a2b59d,67,,
fullcorpus,@1785675836,c7531a837a65d388707e3b14642a6ba36b660267,ef5ffebccb7e4bfd0e82a2bc7bc703c2ed6212a4,false,expansion,portable,c-programs,c-programs/proc-fdinfo,verify,ptrace,expansion,pass,1,,09c8d421c9e02c39d1a9a12743b93cf3c835778ba9d531ad35625cb8f1699033,68,,
fullcorpus,@1785675836,c7531a837a65d388707e3b14642a6ba36b660267,ef5ffebccb7e4bfd0e82a2bc7bc703c2ed6212a4,false,expansion,portable,c-programs,c-programs/proc-fd-link-aliases,verify,ptrace,expansion,pass,1,,a54aec5d7147422feac8782b9d053b8609b9f6a45b8b2ab71f16cca54da845a0,69,,
fullcorpus,@1785675836,c7531a837a65d388707e3b14642a6ba36b660267,ef5ffebccb7e4bfd0e82a2bc7bc703c2ed6212a4,false,expansion,portable,c-programs,c-programs/procfs-positioned-probe,verify,ptrace,expansion,pass,1,,96c70ad84f7430a56bdf020c7e3c24dbbd8719d841a1cb616712b1b96ad38f03,65,,
fullcorpus,@1785675836,c7531a837a65d388707e3b14642a6ba36b660267,ef5ffebccb7e4bfd0e82a2bc7bc703c2ed6212a4,false,expansion,portable,c-programs,c-programs/proc-locks,verify,ptrace,expansion,pass,1,,fa314d5543a63dd3d6317f97c24feb7b33c9a47fbeea304c79fbd732f5fea7a6,105,,
fullcorpus,@1785675836,c7531a837a65d388707e3b14642a6ba36b660267,ef5ffebccb7e4bfd0e82a2bc7bc703c2ed6212a4,false,expansion,portable,c-programs,c-programs/prodcons-determinism,verify,ptrace,expansion,pass,1,,81282a1fb8147d5cf198f784f93142129205c96b3a1587329eda16ce1581673e,887,,
fullcorpus,@1785675836,c7531a837a65d388707e3b14642a6ba36b660267,ef5ffebccb7e4bfd0e82a2bc7bc703c2ed6212a4,false,expansion,portable,c-programs,c-programs/pselect6-simulation,verify,ptrace,expansion,pass,1,,67433759fd492e6d24f38014b07747f5145be3843ab00c35b80be9adf9d9ccc3,92,,
fullcorpus,@1785675836,c7531a837a65d388707e3b14642a6ba36b660267,ef5ffebccb7e4bfd0e82a2bc7bc703c2ed6212a4,false,expansion,portable,c-programs,c-programs/ptrace-attach-eperm,verify,ptrace,expansion,pass,1,,25f63715123ddf1c4ec3e946e92d0fe151f168922dab1aa17b85c2b2a4135871,77,,
fullcorpus,@1785675836,c7531a837a65d388707e3b14642a6ba36b660267,ef5ffebccb7e4bfd0e82a2bc7bc703c2ed6212a4,false,expansion,portable,c-programs,c-programs/ptrace-eperm,verify,ptrace,expansion,pass,1,,4357c8a18b9107c54242303395afea99ea744c6c288d8db499b4e1062383de17,64,,
fullcorpus,@1785675836,c7531a837a65d388707e3b14642a6ba36b660267,ef5ffebccb7e4bfd0e82a2bc7bc703c2ed6212a4,false,expansion,portable,c-programs,c-programs/ptrace-seize-eperm,verify,ptrace,expansion,pass,1,,e0f7562eb309e0d62386261143dc59d4f0f39aac77c2584423beb7b5546e112a,77,,
fullcorpus,@1785675836,c7531a837a65d388707e3b14642a6ba36b660267,ef5ffebccb7e4bfd0e82a2bc7bc703c2ed6212a4,false,expansion,portable,c-programs,c-programs/ptrace-traceme-eperm,verify,ptrace,expansion,pass,1,,7ceef18c073f15987e5d89441dc5bf378f7c1b50e8bf3ac626a6ea3eaa9cad56,66,,
fullcorpus,@1785675836,c7531a837a65d388707e3b14642a6ba36b660267,ef5ffebccb7e4bfd0e82a2bc7bc703c2ed6212a4,false,expansion,portable,c-programs,c-programs/pty-nr-count,verify,ptrace,expansion,pass,1,,d6aa3c553b74b5052939893a096d0f320c69d79a52c3ed819d2c10f57ea6e3ac,76,,
fullcorpus,@1785675836,c7531a837a65d388707e3b14642a6ba36b660267,ef5ffebccb7e4bfd0e82a2bc7bc703c2ed6212a4,false,expansion,portable,c-programs,c-programs/racewrite-nostdlib,verify,ptrace,expansion,pass,1,,e3b0c44298fc1c149afbf4c8996fb92427ae41e4649b934ca495991b7852b855,49,,
fullcorpus,@1785675836,c7531a837a65d388707e3b14642a6ba36b660267,ef5ffebccb7e4bfd0e82a2bc7bc703c2ed6212a4,false,expansion,portable,c-programs,c-programs/random-sources,verify,ptrace,expansion,pass,1,,746f1f2a57646ced78a941eadf43495e1e81bdfde837288b562043c60103d89c,113,,
fullcorpus,@1785675836,c7531a837a65d388707e3b14642a6ba36b660267,ef5ffebccb7e4bfd0e82a2bc7bc703c2ed6212a4,false,expansion,portable,c-programs,c-programs/rcx-canonicalization,verify,ptrace,expansion,pass,1,,60ab39b068f20e83e1e12d5fc849301a3ee11bab51ddf3f0f8240e5c38b7ed25,60,,
fullcorpus,@1785675836,c7531a837a65d388707e3b14642a6ba36b660267,ef5ffebccb7e4bfd0e82a2bc7bc703c2ed6212a4,false,expansion,portable,c-programs,c-programs/record-replay-fd-close,verify,ptrace,expansion,pass,1,,e3b0c44298fc1c149afbf4c8996fb92427ae41e4649b934ca495991b7852b855,97,,
fullcorpus,@1785675836,c7531a837a65d388707e3b14642a6ba36b660267,ef5ffebccb7e4bfd0e82a2bc7bc703c2ed6212a4,false,expansion,portable,c-programs,c-programs/record-replay-file-state,verify,ptrace,expansion,pass,1,,d268fdbcb2aaea519d6f8b15d5e78ce369dd8ebf69be7c2941316f26c0e02471,88,,
fullcorpus,@1785675836,c7531a837a65d388707e3b14642a6ba36b660267,ef5ffebccb7e4bfd0e82a2bc7bc703c2ed6212a4,false,expansion,portable,c-programs,c-programs/record-replay-lseek-seek-cur,verify,ptrace,expansion,diverge,0,,e3b0c44298fc1c149afbf4c8996fb92427ae41e4649b934ca495991b7852b855,38,,ptrace-verify-fail-exit1
fullcorpus,@1785675836,c7531a837a65d388707e3b14642a6ba36b660267,ef5ffebccb7e4bfd0e82a2bc7bc703c2ed6212a4,false,expansion,portable,c-programs,c-programs/record-replay-setsockopt,verify,ptrace,expansion,pass,1,,81a01674bdbc3ed8aff53344a3ca68dd615e08ff5a413f537980546e30757714,65,,
fullcorpus,@1785675836,c7531a837a65d388707e3b14642a6ba36b660267,ef5ffebccb7e4bfd0e82a2bc7bc703c2ed6212a4,false,expansion,portable,c-programs,c-programs/recvmsg-scm-rights-mmap,verify,ptrace,expansion,pass,1,,50212370d90ce8b680af7c5a9448684c494dc504956193611b2f034831e5c80d,69,,
fullcorpus,@1785675836,c7531a837a65d388707e3b14642a6ba36b660267,ef5ffebccb7e4bfd0e82a2bc7bc703c2ed6212a4,false,expansion,portable,c-programs,c-programs/remap-file-pages-anonymous-enosys,verify,ptrace,expansion,pass,1,,18b174a569bfacdfaa99b5ec11dec76b5c857e910913d52f2b0886ccf43c8de5,69,,
fullcorpus,@1785675836,c7531a837a65d388707e3b14642a6ba36b660267,ef5ffebccb7e4bfd0e82a2bc7bc703c2ed6212a4,false,expansion,portable,c-programs,c-programs/remap-file-pages-memfd-enosys,verify,ptrace,expansion,pass,1,,bd053ef4819b7e8bcfbb6cae1bfce238da7007e770af9efcdd46419aedff5631,67,,
fullcorpus,@1785675836,c7531a837a65d388707e3b14642a6ba36b660267,ef5ffebccb7e4bfd0e82a2bc7bc703c2ed6212a4,false,expansion,portable,c-programs,c-programs/remap-file-pages-tmpfile-enosys,verify,ptrace,expansion,pass,1,,86f8d7cfd95fa8053265e9077e7cefc2b5f36f9060c8719f7f2652421a984d31,67,,
fullcorpus,@1785675836,c7531a837a65d388707e3b14642a6ba36b660267,ef5ffebccb7e4bfd0e82a2bc7bc703c2ed6212a4,false,expansion,portable,c-programs,c-programs/request-key-enosys,verify,ptrace,expansion,pass,1,,745b53ba9579787b43a3a4b6271a471d8915b07ef8be45f28360fc0fb683d9d1,61,,
fullcorpus,@1785675836,c7531a837a65d388707e3b14642a6ba36b660267,ef5ffebccb7e4bfd0e82a2bc7bc703c2ed6212a4,false,expansion,portable,c-programs,c-programs/resource-determinism,verify,ptrace,expansion,pass,1,,6018c0447302fb178624d2cfe7bee6e92506fd911511becfd26f87350f2ef484,712,,
fullcorpus,@1785675836,c7531a837a65d388707e3b14642a6ba36b660267,ef5ffebccb7e4bfd0e82a2bc7bc703c2ed6212a4,false,expansion,portable,c-programs,c-programs/sched-setattr-batch,verify,ptrace,expansion,pass,1,,99eac8d5cfe2b3c98d2a509ad3c4095f749dedf91bfe3a50c888ca25482ff328,60,,
fullcorpus,@1785675836,c7531a837a65d388707e3b14642a6ba36b660267,ef5ffebccb7e4bfd0e82a2bc7bc703c2ed6212a4,false,expansion,portable,c-programs,c-programs/sched-setattr-idle,verify,ptrace,expansion,pass,1,,5ee4cb2f5210f1a5945af443dbb57effe1a8f04c69f632d2391781c6f900af7c,64,,
fullcorpus,@1785675836,c7531a837a65d388707e3b14642a6ba36b660267,ef5ffebccb7e4bfd0e82a2bc7bc703c2ed6212a4,false,expansion,portable,c-programs,c-programs/sched-setattr-other,verify,ptrace,expansion,pass,1,,b9b3b39b4487c39eff3a18989355c0d25dae1bbef9c9eb9868729f3335163e9d,73,,
fullcorpus,@1785675836,c7531a837a65d388707e3b14642a6ba36b660267,ef5ffebccb7e4bfd0e82a2bc7bc703c2ed6212a4,false,expansion,portable,c-programs,c-programs/scheduler-policy-queries,verify,ptrace,expansion,pass,1,,49a4292eaa9d835040b884177ac3fed11611ee037c7577af8a28d977675dde27,61,,
fullcorpus,@1785675836,c7531a837a65d388707e3b14642a6ba36b660267,ef5ffebccb7e4bfd0e82a2bc7bc703c2ed6212a4,false,expansion,portable,c-programs,c-programs/sched-yield-progress,verify,ptrace,expansion,pass,1,,0cf05b84c117bf29ad0908b6ed54b07ab9fd5cd576bd8e2c42ac2411eec42a5e,67,,
fullcorpus,@1785675836,c7531a837a65d388707e3b14642a6ba36b660267,ef5ffebccb7e4bfd0e82a2bc7bc703c2ed6212a4,false,expansion,portable,c-programs,c-programs/setitimer-determinism,verify,ptrace,expansion,pass,1,,aa8afff1d4a0e29340065da47212a4ac237980d07744f94ed540f13789097ba5,69,,
fullcorpus,@1785675836,c7531a837a65d388707e3b14642a6ba36b660267,ef5ffebccb7e4bfd0e82a2bc7bc703c2ed6212a4,false,expansion,portable,c-programs,c-programs/sigmask-preemption,verify,ptrace,expansion,pass,1,,33120d6f8e5896b4921d592649470484fdfb0c3438aedd6f7a19dc625829cb76,921,,
fullcorpus,@1785675836,c7531a837a65d388707e3b14642a6ba36b660267,ef5ffebccb7e4bfd0e82a2bc7bc703c2ed6212a4,false,expansion,portable,c-programs,c-programs/signal-determinism,verify,ptrace,expansion,diverge,0,,e3b0c44298fc1c149afbf4c8996fb92427ae41e4649b934ca495991b7852b855,33,,ptrace-verify-fail-exit1
fullcorpus,@1785675836,c7531a837a65d388707e3b14642a6ba36b660267,ef5ffebccb7e4bfd0e82a2bc7bc703c2ed6212a4,false,expansion,portable,c-programs,c-programs/sigpipe-siginfo,verify,ptrace,expansion,pass,1,,57183d003d231921d403a385a50ab1282fa28a31b248357f7c19d1071854e87c,70,,
fullcorpus,@1785675836,c7531a837a65d388707e3b14642a6ba36b660267,ef5ffebccb7e4bfd0e82a2bc7bc703c2ed6212a4,false,expansion,portable,c-programs,c-programs/sigtimedwait-no-timeout,verify,ptrace,expansion,pass,1,,879d7ab11fa7ee8fb9ef0480411cf236c70259b0e020427b92a7c3bb89fbb729,76,,
fullcorpus,@1785675836,c7531a837a65d388707e3b14642a6ba36b660267,ef5ffebccb7e4bfd0e82a2bc7bc703c2ed6212a4,false,expansion,portable,c-programs,c-programs/sigtimedwait-timeout-0s,verify,ptrace,expansion,pass,1,,1fdb5bc221fec017d7d094e8aeef5164e5684040b75235798955040a2cae9573,83,,
fullcorpus,@1785675836,c7531a837a65d388707e3b14642a6ba36b660267,ef5ffebccb7e4bfd0e82a2bc7bc703c2ed6212a4,false,expansion,portable,c-programs,c-programs/sigtimedwait-timeout-1s,verify,ptrace,expansion,pass,1,,879d7ab11fa7ee8fb9ef0480411cf236c70259b0e020427b92a7c3bb89fbb729,84,,
fullcorpus,@1785675836,c7531a837a65d388707e3b14642a6ba36b660267,ef5ffebccb7e4bfd0e82a2bc7bc703c2ed6212a4,false,expansion,portable,c-programs,c-programs/socket-cookie-tcp,verify,ptrace,expansion,pass,1,,6180a36432851ee86fbec823dd6fe6c7588f786bfadefd70480438b246053b6b,70,,
fullcorpus,@1785675836,c7531a837a65d388707e3b14642a6ba36b660267,ef5ffebccb7e4bfd0e82a2bc7bc703c2ed6212a4,false,expansion,portable,c-programs,c-programs/socket-cookie-udp,verify,ptrace,expansion,pass,1,,2d06feadf81160afca89105d6b83f0ce0a7296070a855b1b25b8b72d58e724be,69,,
fullcorpus,@1785675836,c7531a837a65d388707e3b14642a6ba36b660267,ef5ffebccb7e4bfd0e82a2bc7bc703c2ed6212a4,false,expansion,portable,c-programs,c-programs/socket-cookie-unix,verify,ptrace,expansion,pass,1,,af2ebd36b3b776fa4c0c4c215288f5e66fa5241f8dfda47f8ef017ba351e3734,62,,
fullcorpus,@1785675836,c7531a837a65d388707e3b14642a6ba36b660267,ef5ffebccb7e4bfd0e82a2bc7bc703c2ed6212a4,false,expansion,portable,c-programs,c-programs/socket-ioctl-timestamp,verify,ptrace,expansion,diverge,0,,e3b0c44298fc1c149afbf4c8996fb92427ae41e4649b934ca495991b7852b855,36,,ptrace-verify-fail-exit1
fullcorpus,@1785675836,c7531a837a65d388707e3b14642a6ba36b660267,ef5ffebccb7e4bfd0e82a2bc7bc703c2ed6212a4,false,expansion,portable,c-programs,c-programs/socket-timestamp-edge-cases,verify,ptrace,expansion,pass,1,,237ff1081253f64aba6ed9e84bad994c1c481d9bd2312ba4fe80afa1d959f9cc,66,,
fullcorpus,@1785675836,c7531a837a65d388707e3b14642a6ba36b660267,ef5ffebccb7e4bfd0e82a2bc7bc703c2ed6212a4,false,expansion,portable,c-programs,c-programs/socket-timestamp-timespec,verify,ptrace,expansion,pass,1,,4a5eae51288da929c514799c22251bb18ec475d82ca4a648f9732da9a00cfd75,66,,
fullcorpus,@1785675836,c7531a837a65d388707e3b14642a6ba36b660267,ef5ffebccb7e4bfd0e82a2bc7bc703c2ed6212a4,false,expansion,portable,c-programs,c-programs/socket-timestamp-timeval,verify,ptrace,expansion,pass,1,,2a6d69ec1e29905992985dd6131920efd96bd015b70cd2c003724b8065750683,63,,
fullcorpus,@1785675836,c7531a837a65d388707e3b14642a6ba36b660267,ef5ffebccb7e4bfd0e82a2bc7bc703c2ed6212a4,false,expansion,portable,c-programs,c-programs/so-incoming-cpu-tcp4,verify,ptrace,expansion,pass,1,,37d9e0d38876a4913d49d1524721047328ff7d139c4bea030fc003d86325cb12,60,,
fullcorpus,@1785675836,c7531a837a65d388707e3b14642a6ba36b660267,ef5ffebccb7e4bfd0e82a2bc7bc703c2ed6212a4,false,expansion,portable,c-programs,c-programs/so-incoming-cpu-tcp6,verify,ptrace,expansion,pass,1,,71986d6a252d40985852f55c3577bc0d86ae15e892c678bea20d0f320e584593,63,,
fullcorpus,@1785675836,c7531a837a65d388707e3b14642a6ba36b660267,ef5ffebccb7e4bfd0e82a2bc7bc703c2ed6212a4,false,expansion,portable,c-programs,c-programs/so-incoming-cpu-udp4,verify,ptrace,expansion,pass,1,,b49fc8be9466892afd2c8ad552ba7b28128fc5ac32fc5d89f9a1146264aa4dc7,66,,
fullcorpus,@1785675836,c7531a837a65d388707e3b14642a6ba36b660267,ef5ffebccb7e4bfd0e82a2bc7bc703c2ed6212a4,false,expansion,portable,c-programs,c-programs/splice-enosys,verify,ptrace,expansion,pass,1,,0bc4f64fe4ad2292443e402eba4830484779aeb4370264c9c0abfa7a78f95c8e,63,,
fullcorpus,@1785675836,c7531a837a65d388707e3b14642a6ba36b660267,ef5ffebccb7e4bfd0e82a2bc7bc703c2ed6212a4,false,expansion,portable,c-programs,c-programs/statmount-enosys,verify,ptrace,expansion,pass,1,,84a55d7cfcd9fe81a459d4852c82ddf5ad78845213534c19fa6dcdef66cfdf95,59,,
fullcorpus,@1785675836,c7531a837a65d388707e3b14642a6ba36b660267,ef5ffebccb7e4bfd0e82a2bc7bc703c2ed6212a4,false,expansion,portable,c-programs,c-programs/syscall-file-io,verify,ptrace,expansion,pass,1,,632d0f8b9698ef9868e243dd5432fca72d482ec38beb954c8af6f6ddf94e8e51,68,,
fullcorpus,@1785675836,c7531a837a65d388707e3b14642a6ba36b660267,ef5ffebccb7e4bfd0e82a2bc7bc703c2ed6212a4,false,expansion,portable,c-programs,c-programs/syscall-file-metadata,verify,ptrace,expansion,pass,1,,57a74d78ecf93f4f8f188f946cdd5345bed2d126fc15a9f362d320bed2c5236a,65,,
fullcorpus,@1785675836,c7531a837a65d388707e3b14642a6ba36b660267,ef5ffebccb7e4bfd0e82a2bc7bc703c2ed6212a4,false,expansion,portable,c-programs,c-programs/syscall-quick-wins,verify,ptrace,expansion,pass,1,,5d19b00a019f367eb9008a6429952f1970209bcf9d10ccae126091a6cdd87193,65,,
fullcorpus,@1785675836,c7531a837a65d388707e3b14642a6ba36b660267,ef5ffebccb7e4bfd0e82a2bc7bc703c2ed6212a4,false,expansion,portable,c-programs,c-programs/sysfs-enosys,verify,ptrace,expansion,pass,1,,77a60c6b8a6c3c908333e6f4dfa94a2c397b1bd7c93991eebb8ed5915b0ad95f,71,,
fullcorpus,@1785675836,c7531a837a65d388707e3b14642a6ba36b660267,ef5ffebccb7e4bfd0e82a2bc7bc703c2ed6212a4,false,expansion,portable,c-programs,c-programs/sysinfo,verify,ptrace,expansion,pass,1,,111b8f874818970dd0f000d36aba05e6d8fc58a961fa14f603378ff7322e995a,66,,
fullcorpus,@1785675836,c7531a837a65d388707e3b14642a6ba36b660267,ef5ffebccb7e4bfd0e82a2bc7bc703c2ed6212a4,false,expansion,portable,c-programs,c-programs/sysinfo-uptime,verify,ptrace,expansion,pass,1,,2c26766dc46b864247fe9be1f0501ce27cb4b0b3aad1b9c997e75416e7589d80,615,,
fullcorpus,@1785675836,c7531a837a65d388707e3b14642a6ba36b660267,ef5ffebccb7e4bfd0e82a2bc7bc703c2ed6212a4,false,expansion,portable,c-programs,c-programs/syslog-deterministic,verify,ptrace,expansion,pass,1,,c23edf066d3bda360f91b47308f840e8b42b87278b5e379c8d71d8bf10a255d2,66,,
fullcorpus,@1785675836,c7531a837a65d388707e3b14642a6ba36b660267,ef5ffebccb7e4bfd0e82a2bc7bc703c2ed6212a4,false,expansion,portable,c-programs,c-programs/sysv-sem-enosys,verify,ptrace,expansion,pass,1,,f024dd91d8c142074c08ff93925022b5acfeab0e3d58d7ea1fdbdee13ebada99,65,,
fullcorpus,@1785675836,c7531a837a65d388707e3b14642a6ba36b660267,ef5ffebccb7e4bfd0e82a2bc7bc703c2ed6212a4,false,expansion,portable,c-programs,c-programs/sysv-shm-enosys,verify,ptrace,expansion,pass,1,,7b4564e64aa38d43273e5e7e1df8e80071b1c9219f7de2628fa37e6ab4da5794,60,,
fullcorpus,@1785675836,c7531a837a65d388707e3b14642a6ba36b660267,ef5ffebccb7e4bfd0e82a2bc7bc703c2ed6212a4,false,expansion,portable,c-programs,c-programs/tcp-info-accept4,verify,ptrace,expansion,pass,1,,c830be750b315e97d977e5cc40104658ccccaf34f1b26068556c22b37f7cf950,65,,
fullcorpus,@1785675836,c7531a837a65d388707e3b14642a6ba36b660267,ef5ffebccb7e4bfd0e82a2bc7bc703c2ed6212a4,false,expansion,portable,c-programs,c-programs/tcp-info-accept6,verify,ptrace,expansion,pass,1,,4b386d711c9c58617076dd9ffc01f4f517fc3f6d7d1a21c78d5b728fa66ad5ec,68,,
fullcorpus,@1785675836,c7531a837a65d388707e3b14642a6ba36b660267,ef5ffebccb7e4bfd0e82a2bc7bc703c2ed6212a4,false,expansion,portable,c-programs,c-programs/tcp-info-client4,verify,ptrace,expansion,pass,1,,29047556927b663805202185a671154cc0f9331208fdb57bc9fefe51e26f9d74,67,,
fullcorpus,@1785675836,c7531a837a65d388707e3b14642a6ba36b660267,ef5ffebccb7e4bfd0e82a2bc7bc703c2ed6212a4,false,expansion,portable,c-programs,c-programs/tee-enosys,verify,ptrace,expansion,pass,1,,1c8d3e5b5c25e921430729592b73be499a63f45dc355ac8686a3070d1e2f6108,56,,
fullcorpus,@1785675836,c7531a837a65d388707e3b14642a6ba36b660267,ef5ffebccb7e4bfd0e82a2bc7bc703c2ed6212a4,false,expansion,portable,c-programs,c-programs/threadexhaustion,verify,ptrace,expansion,pass,1,,6ed164be2f904840f8cd736bc12bac0858d8d7238d37fbebd539fbac7d14d0ed,102,,
fullcorpus,@1785675836,c7531a837a65d388707e3b14642a6ba36b660267,ef5ffebccb7e4bfd0e82a2bc7bc703c2ed6212a4,false,expansion,portable,c-programs,c-programs/thread-self-procfs-handoff,verify,ptrace,expansion,pass,1,,4ec014d923f7213d78fc3fe481bb1e5a1afe2966878e2967593bac452513edd6,72,,
fullcorpus,@1785675836,c7531a837a65d388707e3b14642a6ba36b660267,ef5ffebccb7e4bfd0e82a2bc7bc703c2ed6212a4,false,expansion,portable,c-programs,c-programs/thread-sync-determinism,verify,ptrace,expansion,diverge,0,,e3b0c44298fc1c149afbf4c8996fb92427ae41e4649b934ca495991b7852b855,31,,ptrace-verify-fail-exit1
fullcorpus,@1785675836,c7531a837a65d388707e3b14642a6ba36b660267,ef5ffebccb7e4bfd0e82a2bc7bc703c2ed6212a4,false,expansion,portable,c-programs,c-programs/timer-create-determinism,verify,ptrace,expansion,pass,1,,88d3c6bddc5cce602a98a315d6413f65c9be3b4af294699a8a553337ef4033ae,64,,
fullcorpus,@1785675836,c7531a837a65d388707e3b14642a6ba36b660267,ef5ffebccb7e4bfd0e82a2bc7bc703c2ed6212a4,false,expansion,portable,c-programs,c-programs/uname,verify,ptrace,expansion,pass,1,,29a9d1c5f680e45d5fdca33498014a47ce0a123af49e3fecb74543db547788be,64,,
fullcorpus,@1785675836,c7531a837a65d388707e3b14642a6ba36b660267,ef5ffebccb7e4bfd0e82a2bc7bc703c2ed6212a4,false,expansion,portable,c-programs,c-programs/unix-autobind-dgram,verify,ptrace,expansion,pass,1,,b3679cef7d4cbb0bfc40803796036d2ea2e8262e846ad4d345c0c0646e79d21b,64,,
fullcorpus,@1785675836,c7531a837a65d388707e3b14642a6ba36b660267,ef5ffebccb7e4bfd0e82a2bc7bc703c2ed6212a4,false,expansion,portable,c-programs,c-programs/unix-autobind-seqpacket,verify,ptrace,expansion,pass,1,,adab29374a2e454a06823fd8e1ecc9ba038ed4be7ad9f95ae67cebeec58a3d8c,63,,
fullcorpus,@1785675836,c7531a837a65d388707e3b14642a6ba36b660267,ef5ffebccb7e4bfd0e82a2bc7bc703c2ed6212a4,false,expansion,portable,c-programs,c-programs/unix-autobind-stream,verify,ptrace,expansion,pass,1,,91304ad318232da9ea6432240290691ddc20ad0ebf2e4c889c7ab6cd3f71db0c,63,,
fullcorpus,@1785675836,c7531a837a65d388707e3b14642a6ba36b660267,ef5ffebccb7e4bfd0e82a2bc7bc703c2ed6212a4,false,expansion,portable,c-programs,c-programs/ustat-enosys,verify,ptrace,expansion,pass,1,,a3385f3800f1f726246c5551a73e98c6ae29a6dd2757326caac8afdf53bb90d3,63,,
fullcorpus,@1785675836,c7531a837a65d388707e3b14642a6ba36b660267,ef5ffebccb7e4bfd0e82a2bc7bc703c2ed6212a4,false,expansion,portable,c-programs,c-programs/vforkexec,verify,ptrace,expansion,pass,1,,0b81d8eab80efacf70ba6424c9fd0f53d1403305f94b4b9e5672d5c85d1b7b83,80,,
fullcorpus,@1785675836,c7531a837a65d388707e3b14642a6ba36b660267,ef5ffebccb7e4bfd0e82a2bc7bc703c2ed6212a4,false,expansion,portable,c-programs,c-programs/vmsplice-enosys,verify,ptrace,expansion,pass,1,,8f5a5d41aa1ad4af965f89cb80f73347c556f46f42dfaca5a32853b7798fe6f0,62,,
fullcorpus,@1785675836,c7531a837a65d388707e3b14642a6ba36b660267,ef5ffebccb7e4bfd0e82a2bc7bc703c2ed6212a4,false,expansion,portable,c-programs,c-programs/wait-on-child,verify,ptrace,expansion,pass,1,,67184c0256b520d88626d2515c464e95a061da32eb566e7b72e70e19dda43ab4,69,,
fullcorpus,@1785675836,c7531a837a65d388707e3b14642a6ba36b660267,ef5ffebccb7e4bfd0e82a2bc7bc703c2ed6212a4,false,expansion,portable,c-programs,c-programs/writev-determinism,verify,ptrace,expansion,pass,1,,eb8a913e793713b83b51c96ac1cd869341c248089de48b8cf986bcf3fa552493,95,,
fullcorpus,@1785675836,c7531a837a65d388707e3b14642a6ba36b660267,ef5ffebccb7e4bfd0e82a2bc7bc703c2ed6212a4,false,expansion,portable,data-handling,data-handling/archive-roundtrip,verify,ptrace,expansion,diverge,0,,e3b0c44298fc1c149afbf4c8996fb92427ae41e4649b934ca495991b7852b855,50,,ptrace-verify-fail-exit1
fullcorpus,@1785675836,c7531a837a65d388707e3b14642a6ba36b660267,ef5ffebccb7e4bfd0e82a2bc7bc703c2ed6212a4,false,expansion,portable,data-handling,data-handling/shell-pipeline,verify,ptrace,expansion,diverge,0,,e3b0c44298fc1c149afbf4c8996fb92427ae41e4649b934ca495991b7852b855,47,,ptrace-verify-fail-exit1
fullcorpus,@1785675836,c7531a837a65d388707e3b14642a6ba36b660267,ef5ffebccb7e4bfd0e82a2bc7bc703c2ed6212a4,false,expansion,portable,debugger-c,debugger-c/debuggee,verify,ptrace,expansion,pass,1,,48d3d236efc470a63642ab7a23fc174f378f389d2f6738b84db4f7a550ce4192,62,,
fullcorpus,@1785675836,c7531a837a65d388707e3b14642a6ba36b660267,ef5ffebccb7e4bfd0e82a2bc7bc703c2ed6212a4,false,expansion,portable,determinism-stress-c,determinism-stress-c/fork-tree,verify,ptrace,expansion,pass,1,,8ddf8b17d77780a3d7a236df0e42893354e51a485e840d08fc7906ef2207637f,336,,
fullcorpus,@1785675836,c7531a837a65d388707e3b14642a6ba36b660267,ef5ffebccb7e4bfd0e82a2bc7bc703c2ed6212a4,false,expansion,portable,determinism-stress-c,determinism-stress-c/lock-free,verify,ptrace,expansion,pass,1,,b3bab857d371911d8565e55d6907439bd3c32995e2938f1ac285ce02884c9c54,83,,
fullcorpus,@1785675836,c7531a837a65d388707e3b14642a6ba36b660267,ef5ffebccb7e4bfd0e82a2bc7bc703c2ed6212a4,false,expansion,portable,determinism-stress-c,determinism-stress-c/mmap-fork-shared,verify,ptrace,expansion,pass,1,,cc89b297383dff63af7b831f2ba6075fb65be2276ce33f47bbb000fc30b21a17,374,,
fullcorpus,@1785675836,c7531a837a65d388707e3b14642a6ba36b660267,ef5ffebccb7e4bfd0e82a2bc7bc703c2ed6212a4,false,expansion,portable,determinism-stress-c,determinism-stress-c/pid-tid,verify,ptrace,expansion,pass,1,,384b77c5cf9f3306b8afccc60bc227b36e48d475a55ffb34099a2abeb98dec9b,114,,
fullcorpus,@1785675836,c7531a837a65d388707e3b14642a6ba36b660267,ef5ffebccb7e4bfd0e82a2bc7bc703c2ed6212a4,false,expansion,portable,determinism-stress-c,determinism-stress-c/pipe-chain,verify,ptrace,expansion,pass,1,,46835a9f9f1301b70e85965ac99fdb8f14d2b4a1b9422ded59ac214abefd768d,118,,
fullcorpus,@1785675836,c7531a837a65d388707e3b14642a6ba36b660267,ef5ffebccb7e4bfd0e82a2bc7bc703c2ed6212a4,false,expansion,portable,determinism-stress-c,determinism-stress-c/pipe-prefill,verify,ptrace,expansion,pass,1,,85f07bae7e5247a9311974855de758b431bedf55bf167fc173adc6e9877db1f6,84,,
fullcorpus,@1785675836,c7531a837a65d388707e3b14642a6ba36b660267,ef5ffebccb7e4bfd0e82a2bc7bc703c2ed6212a4,false,expansion,portable,determinism-stress-c,determinism-stress-c/producer-consumer,verify,ptrace,expansion,pass,1,,4a1f3835471600bc0823a28a5669705a0e6864214ae213a1083b4c1bf10c50bf,175,,
fullcorpus,@1785675836,c7531a837a65d388707e3b14642a6ba36b660267,ef5ffebccb7e4bfd0e82a2bc7bc703c2ed6212a4,false,expansion,portable,determinism-stress-c,determinism-stress-c/signal-order,verify,ptrace,expansion,pass,1,,e4b06b822726e5ff96ca7bcbbf59e764019be179d7b198987fd4c4216687561a,76,,
fullcorpus,@1785675836,c7531a837a65d388707e3b14642a6ba36b660267,ef5ffebccb7e4bfd0e82a2bc7bc703c2ed6212a4,false,expansion,portable,determinism-stress-c,determinism-stress-c/thread-contention,verify,ptrace,expansion,diverge,0,,e3b0c44298fc1c149afbf4c8996fb92427ae41e4649b934ca495991b7852b855,25,,ptrace-verify-fail-exit1
fullcorpus,@1785675836,c7531a837a65d388707e3b14642a6ba36b660267,ef5ffebccb7e4bfd0e82a2bc7bc703c2ed6212a4,false,expansion,portable,determinism-stress-c,determinism-stress-c/thread-stress,verify,ptrace,expansion,pass,1,,5cc9e2f4adb1ce9d9da8fd455891107712ac699631b4d0b492f52be27a71ba73,336,,
fullcorpus,@1785675836,c7531a837a65d388707e3b14642a6ba36b660267,ef5ffebccb7e4bfd0e82a2bc7bc703c2ed6212a4,false,expansion,portable,determinism-stress,determinism-stress/example-race,verify,ptrace,expansion,pass,1,,44f4a9c5837349cffaaf778ab4ddf4fc799d6bb3ef0d14b6fce4bc36f4000a93,300,,
fullcorpus,@1785675836,c7531a837a65d388707e3b14642a6ba36b660267,ef5ffebccb7e4bfd0e82a2bc7bc703c2ed6212a4,false,expansion,portable,determinism-stress,determinism-stress/order-violation,verify,ptrace,expansion,pass,1,,0ba904eae8773b70c75333db4de2f3ac45a8ad4ddba1b242f0b3cfc199391dd8,85,,
fullcorpus,@1785675836,c7531a837a65d388707e3b14642a6ba36b660267,ef5ffebccb7e4bfd0e82a2bc7bc703c2ed6212a4,false,expansion,portable,determinism-stress,determinism-stress/process-chains,verify,ptrace,expansion,diverge,0,,e3b0c44298fc1c149afbf4c8996fb92427ae41e4649b934ca495991b7852b855,48,,ptrace-verify-fail-exit1
fullcorpus,@1785675836,c7531a837a65d388707e3b14642a6ba36b660267,ef5ffebccb7e4bfd0e82a2bc7bc703c2ed6212a4,false,expansion,portable,determinism-stress,determinism-stress/thread-contention,verify,ptrace,expansion,diverge,0,,e3b0c44298fc1c149afbf4c8996fb92427ae41e4649b934ca495991b7852b855,50,,ptrace-verify-fail-exit1
fullcorpus,@1785675836,c7531a837a65d388707e3b14642a6ba36b660267,ef5ffebccb7e4bfd0e82a2bc7bc703c2ed6212a4,false,expansion,portable,determinism-stress,determinism-stress/thread-output,verify,ptrace,expansion,pass,1,,44f4a9c5837349cffaaf778ab4ddf4fc799d6bb3ef0d14b6fce4bc36f4000a93,376,,
fullcorpus,@1785675836,c7531a837a65d388707e3b14642a6ba36b660267,ef5ffebccb7e4bfd0e82a2bc7bc703c2ed6212a4,false,expansion,portable,language-runtimes,language-runtimes/bash-loop-pipe-time,verify,ptrace,expansion,pass,1,,784d997b9601e289c0f717935557d0f6afaacf2e69633fa9a08eb6ef4f9d21a2,592,,
fullcorpus,@1785675836,c7531a837a65d388707e3b14642a6ba36b660267,ef5ffebccb7e4bfd0e82a2bc7bc703c2ed6212a4,false,expansion,portable,language-runtimes,language-runtimes/example-python-random,verify,ptrace,expansion,pass,1,,e1b8db378cfd66571bc2d0dbe0b45e1bd3eaecb5d6e0e4d51fd1c0ed053113b0,503,,
fullcorpus,@1785675836,c7531a837a65d388707e3b14642a6ba36b660267,ef5ffebccb7e4bfd0e82a2bc7bc703c2ed6212a4,false,expansion,portable,language-runtimes,language-runtimes/gawk-random,verify,ptrace,expansion,pass,1,,04427acdbdc27dceba6e78a1623682e9363586e78bcd894100c7b1bf625e92fe,141,,
fullcorpus,@1785675836,c7531a837a65d388707e3b14642a6ba36b660267,ef5ffebccb7e4bfd0e82a2bc7bc703c2ed6212a4,false,expansion,portable,language-runtimes,language-runtimes/perl-io-subprocess-time,verify,ptrace,expansion,pass,1,,7f995b154b3bfa06dbb07bd5f586c2b01e5be10958b88d99e12dc95331f0baa7,292,,
fullcorpus,@1785675836,c7531a837a65d388707e3b14642a6ba36b660267,ef5ffebccb7e4bfd0e82a2bc7bc703c2ed6212a4,false,expansion,portable,language-runtimes,language-runtimes/python-hash-determinism,verify,ptrace,expansion,pass,1,,cea342868e9c8ddfed8b961d54db0727b257e72a5dfded2715d37011200820f2,501,,
fullcorpus,@1785675836,c7531a837a65d388707e3b14642a6ba36b660267,ef5ffebccb7e4bfd0e82a2bc7bc703c2ed6212a4,false,expansion,portable,language-runtimes,language-runtimes/python-io-subprocess-time,verify,ptrace,expansion,pass,1,,faba675d351c430256b2b27b10425b1bcd8e124f19ee2010edfe942be0290c81,4930,,
fullcorpus,@1785675836,c7531a837a65d388707e3b14642a6ba36b660267,ef5ffebccb7e4bfd0e82a2bc7bc703c2ed6212a4,false,expansion,portable,language-runtimes,language-runtimes/python-random,verify,ptrace,expansion,pass,1,,9a7611b282b9eacf3b13ff466a731f3b5c31619ddfe5665214ea8e8e5a97a950,565,,
fullcorpus,@1785675836,c7531a837a65d388707e3b14642a6ba36b660267,ef5ffebccb7e4bfd0e82a2bc7bc703c2ed6212a4,false,expansion,portable,shared-futex-c,shared-futex-c/qemu-exec-init,verify,ptrace,expansion,diverge,0,,e3b0c44298fc1c149afbf4c8996fb92427ae41e4649b934ca495991b7852b855,547,,ptrace-verify-fail-exit1
fullcorpus,@1785675836,c7531a837a65d388707e3b14642a6ba36b660267,ef5ffebccb7e4bfd0e82a2bc7bc703c2ed6212a4,false,expansion,portable,shared-futex-c,shared-futex-c/qemu-hello,verify,ptrace,expansion,diverge,0,,e3b0c44298fc1c149afbf4c8996fb92427ae41e4649b934ca495991b7852b855,30,,ptrace-verify-fail-exit1
fullcorpus,@1785675836,c7531a837a65d388707e3b14642a6ba36b660267,ef5ffebccb7e4bfd0e82a2bc7bc703c2ed6212a4,false,expansion,portable,shared-futex-c,shared-futex-c/qemu-init,verify,ptrace,expansion,diverge,0,,e3b0c44298fc1c149afbf4c8996fb92427ae41e4649b934ca495991b7852b855,543,,ptrace-verify-fail-exit1
fullcorpus,@1785675836,c7531a837a65d388707e3b14642a6ba36b660267,ef5ffebccb7e4bfd0e82a2bc7bc703c2ed6212a4,false,expansion,portable,shared-futex-c,shared-futex-c/qemu-net-init,verify,ptrace,expansion,diverge,0,,e3b0c44298fc1c149afbf4c8996fb92427ae41e4649b934ca495991b7852b855,401,,ptrace-verify-fail-exit1
fullcorpus,@1785675836,c7531a837a65d388707e3b14642a6ba36b660267,ef5ffebccb7e4bfd0e82a2bc7bc703c2ed6212a4,false,expansion,portable,system-utils,system-utils/clock-determinism,verify,ptrace,expansion,pass,1,,ae53c7f85ecd3f3e57c3b8c0f77f9d944873d0276aca6b0faad8d847063a5458,58,,
fullcorpus,@1785675836,c7531a837a65d388707e3b14642a6ba36b660267,ef5ffebccb7e4bfd0e82a2bc7bc703c2ed6212a4,false,expansion,portable,system-utils,system-utils/date-nanoseconds,verify,ptrace,expansion,pass,1,,627e376480bf37c9b92c9bb4c0b7b0fed835fcbde23eadaea6914d634a068d0b,170,,
fullcorpus,@1785675836,c7531a837a65d388707e3b14642a6ba36b660267,ef5ffebccb7e4bfd0e82a2bc7bc703c2ed6212a4,false,expansion,portable,system-utils,system-utils/example-date,verify,ptrace,expansion,pass,1,,113fd3370a199428f18dcf4c1febb1d2a68f28a0f7add7d51094ad9c3c455e25,81,,
fullcorpus,@1785675836,c7531a837a65d388707e3b14642a6ba36b660267,ef5ffebccb7e4bfd0e82a2bc7bc703c2ed6212a4,false,expansion,portable,system-utils,system-utils/example-devrand,verify,ptrace,expansion,pass,1,,f5edcf77a8645391c7cdaa70592390c2365b1a0849dfc2729f9a6ca3ea874863,85,,
fullcorpus,@1785675836,c7531a837a65d388707e3b14642a6ba36b660267,ef5ffebccb7e4bfd0e82a2bc7bc703c2ed6212a4,false,expansion,portable,system-utils,system-utils/openssl-passwd,verify,ptrace,expansion,pass,1,,48e619a6a440a23d7955fda2339654eccd96d4c32d4698a1fce8b365d2cc460b,154,,
fullcorpus,@1785675836,c7531a837a65d388707e3b14642a6ba36b660267,ef5ffebccb7e4bfd0e82a2bc7bc703c2ed6212a4,false,expansion,portable,system-utils,system-utils/proc-uptime,verify,ptrace,expansion,pass,1,,771d52112d881cd7b612f5666228cdfb8b4af595893040c157e8aa41a0f22ce8,121,,
fullcorpus,@1785675836,c7531a837a65d388707e3b14642a6ba36b660267,ef5ffebccb7e4bfd0e82a2bc7bc703c2ed6212a4,false,expansion,portable,system-utils,system-utils/random-device,verify,ptrace,expansion,pass,1,,f5edcf77a8645391c7cdaa70592390c2365b1a0849dfc2729f9a6ca3ea874863,165,,
fullcorpus,@1785675836,c7531a837a65d388707e3b14642a6ba36b660267,ef5ffebccb7e4bfd0e82a2bc7bc703c2ed6212a4,false,expansion,portable,system-utils,system-utils/record-getpid,verify,ptrace,expansion,pass,1,,7d65259dd0f4861331834b3f73013d851b44389c6162f00a24a0176bba121251,56,,
fullcorpus,@1785675836,c7531a837a65d388707e3b14642a6ba36b660267,ef5ffebccb7e4bfd0e82a2bc7bc703c2ed6212a4,false,expansion,portable,util-c,util-c/pmu-skid,verify,ptrace,expansion,diverge,0,,e3b0c44298fc1c149afbf4c8996fb92427ae41e4649b934ca495991b7852b855,30,,ptrace-verify-fail-exit1
