fixture,program,mode,backend,cell,actual_run
aio-refusal,aio_refusal,verify,ptrace,GATED-OFF(ci=false),TIMEOUT-no-result
aio-refusal,aio_refusal,verify,kvm,DECLINED-IN-MANIFEST,cannot-execute-here: HUNG(no verdict in 60s)
aio-refusal,aio_refusal,verify,dbi,DECLINED-IN-MANIFEST,cannot-execute-here: not-in-build
aio-refusal,aio_refusal,verify,liteinst,DECLINED-IN-MANIFEST,cannot-execute-here: runtime .so missing
aio-refusal,aio_refusal,verify,sabre,DECLINED-IN-MANIFEST,cannot-execute-here: not-in-build
aio-refusal,aio_refusal,verify,e9patch,NOT-WIRED,cannot-execute-here: not-in-build
aio-refusal,aio_refusal,naked,ptrace,NOT-WIRED,
aio-refusal,aio_refusal,naked,kvm,NOT-WIRED,cannot-execute-here: HUNG(no verdict in 60s)
aio-refusal,aio_refusal,naked,dbi,NOT-WIRED,cannot-execute-here: not-in-build
aio-refusal,aio_refusal,naked,liteinst,NOT-WIRED,cannot-execute-here: runtime .so missing
aio-refusal,aio_refusal,naked,sabre,NOT-WIRED,cannot-execute-here: not-in-build
aio-refusal,aio_refusal,naked,e9patch,NOT-WIRED,cannot-execute-here: not-in-build
aio-refusal,aio_refusal,replay,ptrace,DECLINED-IN-MANIFEST,
aio-refusal,aio_refusal,replay,kvm,DECLINED-IN-MANIFEST,cannot-execute-here: HUNG(no verdict in 60s)
aio-refusal,aio_refusal,replay,dbi,DECLINED-IN-MANIFEST,cannot-execute-here: not-in-build
aio-refusal,aio_refusal,replay,liteinst,DECLINED-IN-MANIFEST,cannot-execute-here: runtime .so missing
aio-refusal,aio_refusal,replay,sabre,DECLINED-IN-MANIFEST,cannot-execute-here: not-in-build
aio-refusal,aio_refusal,replay,e9patch,NOT-WIRED,cannot-execute-here: not-in-build
aio-refusal,aio_refusal,chaos,ptrace,DECLINED-IN-MANIFEST,
aio-refusal,aio_refusal,chaos,kvm,DECLINED-IN-MANIFEST,cannot-execute-here: HUNG(no verdict in 60s)
aio-refusal,aio_refusal,chaos,dbi,DECLINED-IN-MANIFEST,cannot-execute-here: not-in-build
aio-refusal,aio_refusal,chaos,liteinst,DECLINED-IN-MANIFEST,cannot-execute-here: runtime .so missing
aio-refusal,aio_refusal,chaos,sabre,DECLINED-IN-MANIFEST,cannot-execute-here: not-in-build
aio-refusal,aio_refusal,chaos,e9patch,NOT-WIRED,cannot-execute-here: not-in-build
aio-refusal,aio_refusal,custom,ptrace,DECLINED-IN-MANIFEST,
aio-refusal,aio_refusal,custom,kvm,DECLINED-IN-MANIFEST,cannot-execute-here: HUNG(no verdict in 60s)
aio-refusal,aio_refusal,custom,dbi,DECLINED-IN-MANIFEST,cannot-execute-here: not-in-build
aio-refusal,aio_refusal,custom,liteinst,DECLINED-IN-MANIFEST,cannot-execute-here: runtime .so missing
aio-refusal,aio_refusal,custom,sabre,DECLINED-IN-MANIFEST,cannot-execute-here: not-in-build
aio-refusal,aio_refusal,custom,e9patch,NOT-WIRED,cannot-execute-here: not-in-build
set-tid-address,set_tid_address,verify,ptrace,GATED-OFF(ci=false),EXECUTED ok=4 rc=0
set-tid-address,set_tid_address,verify,kvm,DECLINED-IN-MANIFEST,cannot-execute-here: HUNG(no verdict in 60s)
set-tid-address,set_tid_address,verify,dbi,DECLINED-IN-MANIFEST,cannot-execute-here: not-in-build
set-tid-address,set_tid_address,verify,liteinst,DECLINED-IN-MANIFEST,cannot-execute-here: runtime .so missing
set-tid-address,set_tid_address,verify,sabre,DECLINED-IN-MANIFEST,cannot-execute-here: not-in-build
set-tid-address,set_tid_address,verify,e9patch,NOT-WIRED,cannot-execute-here: not-in-build
set-tid-address,set_tid_address,naked,ptrace,NOT-WIRED,
set-tid-address,set_tid_address,naked,kvm,NOT-WIRED,cannot-execute-here: HUNG(no verdict in 60s)
set-tid-address,set_tid_address,naked,dbi,NOT-WIRED,cannot-execute-here: not-in-build
set-tid-address,set_tid_address,naked,liteinst,NOT-WIRED,cannot-execute-here: runtime .so missing
set-tid-address,set_tid_address,naked,sabre,NOT-WIRED,cannot-execute-here: not-in-build
set-tid-address,set_tid_address,naked,e9patch,NOT-WIRED,cannot-execute-here: not-in-build
set-tid-address,set_tid_address,replay,ptrace,DECLINED-IN-MANIFEST,
set-tid-address,set_tid_address,replay,kvm,DECLINED-IN-MANIFEST,cannot-execute-here: HUNG(no verdict in 60s)
set-tid-address,set_tid_address,replay,dbi,DECLINED-IN-MANIFEST,cannot-execute-here: not-in-build
set-tid-address,set_tid_address,replay,liteinst,DECLINED-IN-MANIFEST,cannot-execute-here: runtime .so missing
set-tid-address,set_tid_address,replay,sabre,DECLINED-IN-MANIFEST,cannot-execute-here: not-in-build
set-tid-address,set_tid_address,replay,e9patch,NOT-WIRED,cannot-execute-here: not-in-build
set-tid-address,set_tid_address,chaos,ptrace,DECLINED-IN-MANIFEST,
set-tid-address,set_tid_address,chaos,kvm,DECLINED-IN-MANIFEST,cannot-execute-here: HUNG(no verdict in 60s)
set-tid-address,set_tid_address,chaos,dbi,DECLINED-IN-MANIFEST,cannot-execute-here: not-in-build
set-tid-address,set_tid_address,chaos,liteinst,DECLINED-IN-MANIFEST,cannot-execute-here: runtime .so missing
set-tid-address,set_tid_address,chaos,sabre,DECLINED-IN-MANIFEST,cannot-execute-here: not-in-build
set-tid-address,set_tid_address,chaos,e9patch,NOT-WIRED,cannot-execute-here: not-in-build
set-tid-address,set_tid_address,custom,ptrace,DECLINED-IN-MANIFEST,
set-tid-address,set_tid_address,custom,kvm,DECLINED-IN-MANIFEST,cannot-execute-here: HUNG(no verdict in 60s)
set-tid-address,set_tid_address,custom,dbi,DECLINED-IN-MANIFEST,cannot-execute-here: not-in-build
set-tid-address,set_tid_address,custom,liteinst,DECLINED-IN-MANIFEST,cannot-execute-here: runtime .so missing
set-tid-address,set_tid_address,custom,sabre,DECLINED-IN-MANIFEST,cannot-execute-here: not-in-build
set-tid-address,set_tid_address,custom,e9patch,NOT-WIRED,cannot-execute-here: not-in-build
personality-domain,personality_domain,verify,ptrace,CI-SELECTED,EXECUTED ok=5 rc=0
personality-domain,personality_domain,verify,kvm,DECLINED-IN-MANIFEST,cannot-execute-here: HUNG(no verdict in 60s)
personality-domain,personality_domain,verify,dbi,DECLINED-IN-MANIFEST,cannot-execute-here: not-in-build
personality-domain,personality_domain,verify,liteinst,DECLINED-IN-MANIFEST,cannot-execute-here: runtime .so missing
personality-domain,personality_domain,verify,sabre,DECLINED-IN-MANIFEST,cannot-execute-here: not-in-build
personality-domain,personality_domain,verify,e9patch,NOT-WIRED,cannot-execute-here: not-in-build
personality-domain,personality_domain,naked,ptrace,NOT-WIRED,
personality-domain,personality_domain,naked,kvm,NOT-WIRED,cannot-execute-here: HUNG(no verdict in 60s)
personality-domain,personality_domain,naked,dbi,NOT-WIRED,cannot-execute-here: not-in-build
personality-domain,personality_domain,naked,liteinst,NOT-WIRED,cannot-execute-here: runtime .so missing
personality-domain,personality_domain,naked,sabre,NOT-WIRED,cannot-execute-here: not-in-build
personality-domain,personality_domain,naked,e9patch,NOT-WIRED,cannot-execute-here: not-in-build
personality-domain,personality_domain,replay,ptrace,DECLINED-IN-MANIFEST,
personality-domain,personality_domain,replay,kvm,DECLINED-IN-MANIFEST,cannot-execute-here: HUNG(no verdict in 60s)
personality-domain,personality_domain,replay,dbi,DECLINED-IN-MANIFEST,cannot-execute-here: not-in-build
personality-domain,personality_domain,replay,liteinst,DECLINED-IN-MANIFEST,cannot-execute-here: runtime .so missing
personality-domain,personality_domain,replay,sabre,DECLINED-IN-MANIFEST,cannot-execute-here: not-in-build
personality-domain,personality_domain,replay,e9patch,NOT-WIRED,cannot-execute-here: not-in-build
personality-domain,personality_domain,chaos,ptrace,DECLINED-IN-MANIFEST,
personality-domain,personality_domain,chaos,kvm,DECLINED-IN-MANIFEST,cannot-execute-here: HUNG(no verdict in 60s)
personality-domain,personality_domain,chaos,dbi,DECLINED-IN-MANIFEST,cannot-execute-here: not-in-build
personality-domain,personality_domain,chaos,liteinst,DECLINED-IN-MANIFEST,cannot-execute-here: runtime .so missing
personality-domain,personality_domain,chaos,sabre,DECLINED-IN-MANIFEST,cannot-execute-here: not-in-build
personality-domain,personality_domain,chaos,e9patch,NOT-WIRED,cannot-execute-here: not-in-build
personality-domain,personality_domain,custom,ptrace,DECLINED-IN-MANIFEST,
personality-domain,personality_domain,custom,kvm,DECLINED-IN-MANIFEST,cannot-execute-here: HUNG(no verdict in 60s)
personality-domain,personality_domain,custom,dbi,DECLINED-IN-MANIFEST,cannot-execute-here: not-in-build
personality-domain,personality_domain,custom,liteinst,DECLINED-IN-MANIFEST,cannot-execute-here: runtime .so missing
personality-domain,personality_domain,custom,sabre,DECLINED-IN-MANIFEST,cannot-execute-here: not-in-build
personality-domain,personality_domain,custom,e9patch,NOT-WIRED,cannot-execute-here: not-in-build
cachestat-refusal,cachestat_refusal,verify,ptrace,GATED-OFF(ci=false),EXECUTED ok=2 rc=0
cachestat-refusal,cachestat_refusal,verify,kvm,DECLINED-IN-MANIFEST,cannot-execute-here: HUNG(no verdict in 60s)
cachestat-refusal,cachestat_refusal,verify,dbi,DECLINED-IN-MANIFEST,cannot-execute-here: not-in-build
cachestat-refusal,cachestat_refusal,verify,liteinst,DECLINED-IN-MANIFEST,cannot-execute-here: runtime .so missing
cachestat-refusal,cachestat_refusal,verify,sabre,DECLINED-IN-MANIFEST,cannot-execute-here: not-in-build
cachestat-refusal,cachestat_refusal,verify,e9patch,NOT-WIRED,cannot-execute-here: not-in-build
cachestat-refusal,cachestat_refusal,naked,ptrace,NOT-WIRED,
cachestat-refusal,cachestat_refusal,naked,kvm,NOT-WIRED,cannot-execute-here: HUNG(no verdict in 60s)
cachestat-refusal,cachestat_refusal,naked,dbi,NOT-WIRED,cannot-execute-here: not-in-build
cachestat-refusal,cachestat_refusal,naked,liteinst,NOT-WIRED,cannot-execute-here: runtime .so missing
cachestat-refusal,cachestat_refusal,naked,sabre,NOT-WIRED,cannot-execute-here: not-in-build
cachestat-refusal,cachestat_refusal,naked,e9patch,NOT-WIRED,cannot-execute-here: not-in-build
cachestat-refusal,cachestat_refusal,replay,ptrace,DECLINED-IN-MANIFEST,
cachestat-refusal,cachestat_refusal,replay,kvm,DECLINED-IN-MANIFEST,cannot-execute-here: HUNG(no verdict in 60s)
cachestat-refusal,cachestat_refusal,replay,dbi,DECLINED-IN-MANIFEST,cannot-execute-here: not-in-build
cachestat-refusal,cachestat_refusal,replay,liteinst,DECLINED-IN-MANIFEST,cannot-execute-here: runtime .so missing
cachestat-refusal,cachestat_refusal,replay,sabre,DECLINED-IN-MANIFEST,cannot-execute-here: not-in-build
cachestat-refusal,cachestat_refusal,replay,e9patch,NOT-WIRED,cannot-execute-here: not-in-build
cachestat-refusal,cachestat_refusal,chaos,ptrace,DECLINED-IN-MANIFEST,
cachestat-refusal,cachestat_refusal,chaos,kvm,DECLINED-IN-MANIFEST,cannot-execute-here: HUNG(no verdict in 60s)
cachestat-refusal,cachestat_refusal,chaos,dbi,DECLINED-IN-MANIFEST,cannot-execute-here: not-in-build
cachestat-refusal,cachestat_refusal,chaos,liteinst,DECLINED-IN-MANIFEST,cannot-execute-here: runtime .so missing
cachestat-refusal,cachestat_refusal,chaos,sabre,DECLINED-IN-MANIFEST,cannot-execute-here: not-in-build
cachestat-refusal,cachestat_refusal,chaos,e9patch,NOT-WIRED,cannot-execute-here: not-in-build
cachestat-refusal,cachestat_refusal,custom,ptrace,DECLINED-IN-MANIFEST,
cachestat-refusal,cachestat_refusal,custom,kvm,DECLINED-IN-MANIFEST,cannot-execute-here: HUNG(no verdict in 60s)
cachestat-refusal,cachestat_refusal,custom,dbi,DECLINED-IN-MANIFEST,cannot-execute-here: not-in-build
cachestat-refusal,cachestat_refusal,custom,liteinst,DECLINED-IN-MANIFEST,cannot-execute-here: runtime .so missing
cachestat-refusal,cachestat_refusal,custom,sabre,DECLINED-IN-MANIFEST,cannot-execute-here: not-in-build
cachestat-refusal,cachestat_refusal,custom,e9patch,NOT-WIRED,cannot-execute-here: not-in-build
child-subreaper-refusal,child_subreaper_refusal,verify,ptrace,GATED-OFF(ci=false),EXECUTED ok=2 rc=0
child-subreaper-refusal,child_subreaper_refusal,verify,kvm,DECLINED-IN-MANIFEST,cannot-execute-here: HUNG(no verdict in 60s)
child-subreaper-refusal,child_subreaper_refusal,verify,dbi,DECLINED-IN-MANIFEST,cannot-execute-here: not-in-build
child-subreaper-refusal,child_subreaper_refusal,verify,liteinst,DECLINED-IN-MANIFEST,cannot-execute-here: runtime .so missing
child-subreaper-refusal,child_subreaper_refusal,verify,sabre,DECLINED-IN-MANIFEST,cannot-execute-here: not-in-build
child-subreaper-refusal,child_subreaper_refusal,verify,e9patch,NOT-WIRED,cannot-execute-here: not-in-build
child-subreaper-refusal,child_subreaper_refusal,naked,ptrace,NOT-WIRED,
child-subreaper-refusal,child_subreaper_refusal,naked,kvm,NOT-WIRED,cannot-execute-here: HUNG(no verdict in 60s)
child-subreaper-refusal,child_subreaper_refusal,naked,dbi,NOT-WIRED,cannot-execute-here: not-in-build
child-subreaper-refusal,child_subreaper_refusal,naked,liteinst,NOT-WIRED,cannot-execute-here: runtime .so missing
child-subreaper-refusal,child_subreaper_refusal,naked,sabre,NOT-WIRED,cannot-execute-here: not-in-build
child-subreaper-refusal,child_subreaper_refusal,naked,e9patch,NOT-WIRED,cannot-execute-here: not-in-build
child-subreaper-refusal,child_subreaper_refusal,replay,ptrace,DECLINED-IN-MANIFEST,
child-subreaper-refusal,child_subreaper_refusal,replay,kvm,DECLINED-IN-MANIFEST,cannot-execute-here: HUNG(no verdict in 60s)
child-subreaper-refusal,child_subreaper_refusal,replay,dbi,DECLINED-IN-MANIFEST,cannot-execute-here: not-in-build
child-subreaper-refusal,child_subreaper_refusal,replay,liteinst,DECLINED-IN-MANIFEST,cannot-execute-here: runtime .so missing
child-subreaper-refusal,child_subreaper_refusal,replay,sabre,DECLINED-IN-MANIFEST,cannot-execute-here: not-in-build
child-subreaper-refusal,child_subreaper_refusal,replay,e9patch,NOT-WIRED,cannot-execute-here: not-in-build
child-subreaper-refusal,child_subreaper_refusal,chaos,ptrace,DECLINED-IN-MANIFEST,
child-subreaper-refusal,child_subreaper_refusal,chaos,kvm,DECLINED-IN-MANIFEST,cannot-execute-here: HUNG(no verdict in 60s)
child-subreaper-refusal,child_subreaper_refusal,chaos,dbi,DECLINED-IN-MANIFEST,cannot-execute-here: not-in-build
child-subreaper-refusal,child_subreaper_refusal,chaos,liteinst,DECLINED-IN-MANIFEST,cannot-execute-here: runtime .so missing
child-subreaper-refusal,child_subreaper_refusal,chaos,sabre,DECLINED-IN-MANIFEST,cannot-execute-here: not-in-build
child-subreaper-refusal,child_subreaper_refusal,chaos,e9patch,NOT-WIRED,cannot-execute-here: not-in-build
child-subreaper-refusal,child_subreaper_refusal,custom,ptrace,DECLINED-IN-MANIFEST,
child-subreaper-refusal,child_subreaper_refusal,custom,kvm,DECLINED-IN-MANIFEST,cannot-execute-here: HUNG(no verdict in 60s)
child-subreaper-refusal,child_subreaper_refusal,custom,dbi,DECLINED-IN-MANIFEST,cannot-execute-here: not-in-build
child-subreaper-refusal,child_subreaper_refusal,custom,liteinst,DECLINED-IN-MANIFEST,cannot-execute-here: runtime .so missing
child-subreaper-refusal,child_subreaper_refusal,custom,sabre,DECLINED-IN-MANIFEST,cannot-execute-here: not-in-build
child-subreaper-refusal,child_subreaper_refusal,custom,e9patch,NOT-WIRED,cannot-execute-here: not-in-build
close-range-fds,close_range_fds,verify,ptrace,GATED-OFF(ci=false),EXECUTED ok=6 rc=0
close-range-fds,close_range_fds,verify,kvm,DECLINED-IN-MANIFEST,cannot-execute-here: HUNG(no verdict in 60s)
close-range-fds,close_range_fds,verify,dbi,DECLINED-IN-MANIFEST,cannot-execute-here: not-in-build
close-range-fds,close_range_fds,verify,liteinst,DECLINED-IN-MANIFEST,cannot-execute-here: runtime .so missing
close-range-fds,close_range_fds,verify,sabre,DECLINED-IN-MANIFEST,cannot-execute-here: not-in-build
close-range-fds,close_range_fds,verify,e9patch,NOT-WIRED,cannot-execute-here: not-in-build
close-range-fds,close_range_fds,naked,ptrace,NOT-WIRED,
close-range-fds,close_range_fds,naked,kvm,NOT-WIRED,cannot-execute-here: HUNG(no verdict in 60s)
close-range-fds,close_range_fds,naked,dbi,NOT-WIRED,cannot-execute-here: not-in-build
close-range-fds,close_range_fds,naked,liteinst,NOT-WIRED,cannot-execute-here: runtime .so missing
close-range-fds,close_range_fds,naked,sabre,NOT-WIRED,cannot-execute-here: not-in-build
close-range-fds,close_range_fds,naked,e9patch,NOT-WIRED,cannot-execute-here: not-in-build
close-range-fds,close_range_fds,replay,ptrace,DECLINED-IN-MANIFEST,
close-range-fds,close_range_fds,replay,kvm,DECLINED-IN-MANIFEST,cannot-execute-here: HUNG(no verdict in 60s)
close-range-fds,close_range_fds,replay,dbi,DECLINED-IN-MANIFEST,cannot-execute-here: not-in-build
close-range-fds,close_range_fds,replay,liteinst,DECLINED-IN-MANIFEST,cannot-execute-here: runtime .so missing
close-range-fds,close_range_fds,replay,sabre,DECLINED-IN-MANIFEST,cannot-execute-here: not-in-build
close-range-fds,close_range_fds,replay,e9patch,NOT-WIRED,cannot-execute-here: not-in-build
close-range-fds,close_range_fds,chaos,ptrace,DECLINED-IN-MANIFEST,
close-range-fds,close_range_fds,chaos,kvm,DECLINED-IN-MANIFEST,cannot-execute-here: HUNG(no verdict in 60s)
close-range-fds,close_range_fds,chaos,dbi,DECLINED-IN-MANIFEST,cannot-execute-here: not-in-build
close-range-fds,close_range_fds,chaos,liteinst,DECLINED-IN-MANIFEST,cannot-execute-here: runtime .so missing
close-range-fds,close_range_fds,chaos,sabre,DECLINED-IN-MANIFEST,cannot-execute-here: not-in-build
close-range-fds,close_range_fds,chaos,e9patch,NOT-WIRED,cannot-execute-here: not-in-build
close-range-fds,close_range_fds,custom,ptrace,DECLINED-IN-MANIFEST,
close-range-fds,close_range_fds,custom,kvm,DECLINED-IN-MANIFEST,cannot-execute-here: HUNG(no verdict in 60s)
close-range-fds,close_range_fds,custom,dbi,DECLINED-IN-MANIFEST,cannot-execute-here: not-in-build
close-range-fds,close_range_fds,custom,liteinst,DECLINED-IN-MANIFEST,cannot-execute-here: runtime .so missing
close-range-fds,close_range_fds,custom,sabre,DECLINED-IN-MANIFEST,cannot-execute-here: not-in-build
close-range-fds,close_range_fds,custom,e9patch,NOT-WIRED,cannot-execute-here: not-in-build
copy-file-range-refusal,copy_file_range_refusal,verify,ptrace,GATED-OFF(ci=false),EXECUTED ok=3 rc=0
copy-file-range-refusal,copy_file_range_refusal,verify,kvm,DECLINED-IN-MANIFEST,cannot-execute-here: HUNG(no verdict in 60s)
copy-file-range-refusal,copy_file_range_refusal,verify,dbi,DECLINED-IN-MANIFEST,cannot-execute-here: not-in-build
copy-file-range-refusal,copy_file_range_refusal,verify,liteinst,DECLINED-IN-MANIFEST,cannot-execute-here: runtime .so missing
copy-file-range-refusal,copy_file_range_refusal,verify,sabre,DECLINED-IN-MANIFEST,cannot-execute-here: not-in-build
copy-file-range-refusal,copy_file_range_refusal,verify,e9patch,NOT-WIRED,cannot-execute-here: not-in-build
copy-file-range-refusal,copy_file_range_refusal,naked,ptrace,NOT-WIRED,
copy-file-range-refusal,copy_file_range_refusal,naked,kvm,NOT-WIRED,cannot-execute-here: HUNG(no verdict in 60s)
copy-file-range-refusal,copy_file_range_refusal,naked,dbi,NOT-WIRED,cannot-execute-here: not-in-build
copy-file-range-refusal,copy_file_range_refusal,naked,liteinst,NOT-WIRED,cannot-execute-here: runtime .so missing
copy-file-range-refusal,copy_file_range_refusal,naked,sabre,NOT-WIRED,cannot-execute-here: not-in-build
copy-file-range-refusal,copy_file_range_refusal,naked,e9patch,NOT-WIRED,cannot-execute-here: not-in-build
copy-file-range-refusal,copy_file_range_refusal,replay,ptrace,DECLINED-IN-MANIFEST,
copy-file-range-refusal,copy_file_range_refusal,replay,kvm,DECLINED-IN-MANIFEST,cannot-execute-here: HUNG(no verdict in 60s)
copy-file-range-refusal,copy_file_range_refusal,replay,dbi,DECLINED-IN-MANIFEST,cannot-execute-here: not-in-build
copy-file-range-refusal,copy_file_range_refusal,replay,liteinst,DECLINED-IN-MANIFEST,cannot-execute-here: runtime .so missing
copy-file-range-refusal,copy_file_range_refusal,replay,sabre,DECLINED-IN-MANIFEST,cannot-execute-here: not-in-build
copy-file-range-refusal,copy_file_range_refusal,replay,e9patch,NOT-WIRED,cannot-execute-here: not-in-build
copy-file-range-refusal,copy_file_range_refusal,chaos,ptrace,DECLINED-IN-MANIFEST,
copy-file-range-refusal,copy_file_range_refusal,chaos,kvm,DECLINED-IN-MANIFEST,cannot-execute-here: HUNG(no verdict in 60s)
copy-file-range-refusal,copy_file_range_refusal,chaos,dbi,DECLINED-IN-MANIFEST,cannot-execute-here: not-in-build
copy-file-range-refusal,copy_file_range_refusal,chaos,liteinst,DECLINED-IN-MANIFEST,cannot-execute-here: runtime .so missing
copy-file-range-refusal,copy_file_range_refusal,chaos,sabre,DECLINED-IN-MANIFEST,cannot-execute-here: not-in-build
copy-file-range-refusal,copy_file_range_refusal,chaos,e9patch,NOT-WIRED,cannot-execute-here: not-in-build
copy-file-range-refusal,copy_file_range_refusal,custom,ptrace,DECLINED-IN-MANIFEST,
copy-file-range-refusal,copy_file_range_refusal,custom,kvm,DECLINED-IN-MANIFEST,cannot-execute-here: HUNG(no verdict in 60s)
copy-file-range-refusal,copy_file_range_refusal,custom,dbi,DECLINED-IN-MANIFEST,cannot-execute-here: not-in-build
copy-file-range-refusal,copy_file_range_refusal,custom,liteinst,DECLINED-IN-MANIFEST,cannot-execute-here: runtime .so missing
copy-file-range-refusal,copy_file_range_refusal,custom,sabre,DECLINED-IN-MANIFEST,cannot-execute-here: not-in-build
copy-file-range-refusal,copy_file_range_refusal,custom,e9patch,NOT-WIRED,cannot-execute-here: not-in-build
cpuid-probe,cpuid_probe,verify,ptrace,GATED-OFF(ci=false),"ran rc=0, NO ok= count"
cpuid-probe,cpuid_probe,verify,kvm,DECLINED-IN-MANIFEST,cannot-execute-here: HUNG(no verdict in 60s)
cpuid-probe,cpuid_probe,verify,dbi,DECLINED-IN-MANIFEST,cannot-execute-here: not-in-build
cpuid-probe,cpuid_probe,verify,liteinst,DECLINED-IN-MANIFEST,cannot-execute-here: runtime .so missing
cpuid-probe,cpuid_probe,verify,sabre,DECLINED-IN-MANIFEST,cannot-execute-here: not-in-build
cpuid-probe,cpuid_probe,verify,e9patch,NOT-WIRED,cannot-execute-here: not-in-build
cpuid-probe,cpuid_probe,naked,ptrace,NOT-WIRED,
cpuid-probe,cpuid_probe,naked,kvm,NOT-WIRED,cannot-execute-here: HUNG(no verdict in 60s)
cpuid-probe,cpuid_probe,naked,dbi,NOT-WIRED,cannot-execute-here: not-in-build
cpuid-probe,cpuid_probe,naked,liteinst,NOT-WIRED,cannot-execute-here: runtime .so missing
cpuid-probe,cpuid_probe,naked,sabre,NOT-WIRED,cannot-execute-here: not-in-build
cpuid-probe,cpuid_probe,naked,e9patch,NOT-WIRED,cannot-execute-here: not-in-build
cpuid-probe,cpuid_probe,replay,ptrace,DECLINED-IN-MANIFEST,
cpuid-probe,cpuid_probe,replay,kvm,DECLINED-IN-MANIFEST,cannot-execute-here: HUNG(no verdict in 60s)
cpuid-probe,cpuid_probe,replay,dbi,DECLINED-IN-MANIFEST,cannot-execute-here: not-in-build
cpuid-probe,cpuid_probe,replay,liteinst,DECLINED-IN-MANIFEST,cannot-execute-here: runtime .so missing
cpuid-probe,cpuid_probe,replay,sabre,DECLINED-IN-MANIFEST,cannot-execute-here: not-in-build
cpuid-probe,cpuid_probe,replay,e9patch,NOT-WIRED,cannot-execute-here: not-in-build
cpuid-probe,cpuid_probe,chaos,ptrace,DECLINED-IN-MANIFEST,
cpuid-probe,cpuid_probe,chaos,kvm,DECLINED-IN-MANIFEST,cannot-execute-here: HUNG(no verdict in 60s)
cpuid-probe,cpuid_probe,chaos,dbi,DECLINED-IN-MANIFEST,cannot-execute-here: not-in-build
cpuid-probe,cpuid_probe,chaos,liteinst,DECLINED-IN-MANIFEST,cannot-execute-here: runtime .so missing
cpuid-probe,cpuid_probe,chaos,sabre,DECLINED-IN-MANIFEST,cannot-execute-here: not-in-build
cpuid-probe,cpuid_probe,chaos,e9patch,NOT-WIRED,cannot-execute-here: not-in-build
cpuid-probe,cpuid_probe,custom,ptrace,DECLINED-IN-MANIFEST,
cpuid-probe,cpuid_probe,custom,kvm,DECLINED-IN-MANIFEST,cannot-execute-here: HUNG(no verdict in 60s)
cpuid-probe,cpuid_probe,custom,dbi,DECLINED-IN-MANIFEST,cannot-execute-here: not-in-build
cpuid-probe,cpuid_probe,custom,liteinst,DECLINED-IN-MANIFEST,cannot-execute-here: runtime .so missing
cpuid-probe,cpuid_probe,custom,sabre,DECLINED-IN-MANIFEST,cannot-execute-here: not-in-build
cpuid-probe,cpuid_probe,custom,e9patch,NOT-WIRED,cannot-execute-here: not-in-build
epoll-pwait2,epoll_pwait2_readiness,verify,ptrace,GATED-OFF(ci=false),EXECUTED ok=7 rc=0
epoll-pwait2,epoll_pwait2_readiness,verify,kvm,DECLINED-IN-MANIFEST,cannot-execute-here: HUNG(no verdict in 60s)
epoll-pwait2,epoll_pwait2_readiness,verify,dbi,DECLINED-IN-MANIFEST,cannot-execute-here: not-in-build
epoll-pwait2,epoll_pwait2_readiness,verify,liteinst,DECLINED-IN-MANIFEST,cannot-execute-here: runtime .so missing
epoll-pwait2,epoll_pwait2_readiness,verify,sabre,DECLINED-IN-MANIFEST,cannot-execute-here: not-in-build
epoll-pwait2,epoll_pwait2_readiness,verify,e9patch,NOT-WIRED,cannot-execute-here: not-in-build
epoll-pwait2,epoll_pwait2_readiness,naked,ptrace,NOT-WIRED,
epoll-pwait2,epoll_pwait2_readiness,naked,kvm,NOT-WIRED,cannot-execute-here: HUNG(no verdict in 60s)
epoll-pwait2,epoll_pwait2_readiness,naked,dbi,NOT-WIRED,cannot-execute-here: not-in-build
epoll-pwait2,epoll_pwait2_readiness,naked,liteinst,NOT-WIRED,cannot-execute-here: runtime .so missing
epoll-pwait2,epoll_pwait2_readiness,naked,sabre,NOT-WIRED,cannot-execute-here: not-in-build
epoll-pwait2,epoll_pwait2_readiness,naked,e9patch,NOT-WIRED,cannot-execute-here: not-in-build
epoll-pwait2,epoll_pwait2_readiness,replay,ptrace,DECLINED-IN-MANIFEST,
epoll-pwait2,epoll_pwait2_readiness,replay,kvm,DECLINED-IN-MANIFEST,cannot-execute-here: HUNG(no verdict in 60s)
epoll-pwait2,epoll_pwait2_readiness,replay,dbi,DECLINED-IN-MANIFEST,cannot-execute-here: not-in-build
epoll-pwait2,epoll_pwait2_readiness,replay,liteinst,DECLINED-IN-MANIFEST,cannot-execute-here: runtime .so missing
epoll-pwait2,epoll_pwait2_readiness,replay,sabre,DECLINED-IN-MANIFEST,cannot-execute-here: not-in-build
epoll-pwait2,epoll_pwait2_readiness,replay,e9patch,NOT-WIRED,cannot-execute-here: not-in-build
epoll-pwait2,epoll_pwait2_readiness,chaos,ptrace,DECLINED-IN-MANIFEST,
epoll-pwait2,epoll_pwait2_readiness,chaos,kvm,DECLINED-IN-MANIFEST,cannot-execute-here: HUNG(no verdict in 60s)
epoll-pwait2,epoll_pwait2_readiness,chaos,dbi,DECLINED-IN-MANIFEST,cannot-execute-here: not-in-build
epoll-pwait2,epoll_pwait2_readiness,chaos,liteinst,DECLINED-IN-MANIFEST,cannot-execute-here: runtime .so missing
epoll-pwait2,epoll_pwait2_readiness,chaos,sabre,DECLINED-IN-MANIFEST,cannot-execute-here: not-in-build
epoll-pwait2,epoll_pwait2_readiness,chaos,e9patch,NOT-WIRED,cannot-execute-here: not-in-build
epoll-pwait2,epoll_pwait2_readiness,custom,ptrace,DECLINED-IN-MANIFEST,
epoll-pwait2,epoll_pwait2_readiness,custom,kvm,DECLINED-IN-MANIFEST,cannot-execute-here: HUNG(no verdict in 60s)
epoll-pwait2,epoll_pwait2_readiness,custom,dbi,DECLINED-IN-MANIFEST,cannot-execute-here: not-in-build
epoll-pwait2,epoll_pwait2_readiness,custom,liteinst,DECLINED-IN-MANIFEST,cannot-execute-here: runtime .so missing
epoll-pwait2,epoll_pwait2_readiness,custom,sabre,DECLINED-IN-MANIFEST,cannot-execute-here: not-in-build
epoll-pwait2,epoll_pwait2_readiness,custom,e9patch,NOT-WIRED,cannot-execute-here: not-in-build
epoll-readiness,epoll_readiness,verify,ptrace,GATED-OFF(ci=false),EXECUTED ok=6 rc=0
epoll-readiness,epoll_readiness,verify,kvm,DECLINED-IN-MANIFEST,cannot-execute-here: HUNG(no verdict in 60s)
epoll-readiness,epoll_readiness,verify,dbi,DECLINED-IN-MANIFEST,cannot-execute-here: not-in-build
epoll-readiness,epoll_readiness,verify,liteinst,DECLINED-IN-MANIFEST,cannot-execute-here: runtime .so missing
epoll-readiness,epoll_readiness,verify,sabre,DECLINED-IN-MANIFEST,cannot-execute-here: not-in-build
epoll-readiness,epoll_readiness,verify,e9patch,NOT-WIRED,cannot-execute-here: not-in-build
epoll-readiness,epoll_readiness,naked,ptrace,NOT-WIRED,
epoll-readiness,epoll_readiness,naked,kvm,NOT-WIRED,cannot-execute-here: HUNG(no verdict in 60s)
epoll-readiness,epoll_readiness,naked,dbi,NOT-WIRED,cannot-execute-here: not-in-build
epoll-readiness,epoll_readiness,naked,liteinst,NOT-WIRED,cannot-execute-here: runtime .so missing
epoll-readiness,epoll_readiness,naked,sabre,NOT-WIRED,cannot-execute-here: not-in-build
epoll-readiness,epoll_readiness,naked,e9patch,NOT-WIRED,cannot-execute-here: not-in-build
epoll-readiness,epoll_readiness,replay,ptrace,DECLINED-IN-MANIFEST,
epoll-readiness,epoll_readiness,replay,kvm,DECLINED-IN-MANIFEST,cannot-execute-here: HUNG(no verdict in 60s)
epoll-readiness,epoll_readiness,replay,dbi,DECLINED-IN-MANIFEST,cannot-execute-here: not-in-build
epoll-readiness,epoll_readiness,replay,liteinst,DECLINED-IN-MANIFEST,cannot-execute-here: runtime .so missing
epoll-readiness,epoll_readiness,replay,sabre,DECLINED-IN-MANIFEST,cannot-execute-here: not-in-build
epoll-readiness,epoll_readiness,replay,e9patch,NOT-WIRED,cannot-execute-here: not-in-build
epoll-readiness,epoll_readiness,chaos,ptrace,DECLINED-IN-MANIFEST,
epoll-readiness,epoll_readiness,chaos,kvm,DECLINED-IN-MANIFEST,cannot-execute-here: HUNG(no verdict in 60s)
epoll-readiness,epoll_readiness,chaos,dbi,DECLINED-IN-MANIFEST,cannot-execute-here: not-in-build
epoll-readiness,epoll_readiness,chaos,liteinst,DECLINED-IN-MANIFEST,cannot-execute-here: runtime .so missing
epoll-readiness,epoll_readiness,chaos,sabre,DECLINED-IN-MANIFEST,cannot-execute-here: not-in-build
epoll-readiness,epoll_readiness,chaos,e9patch,NOT-WIRED,cannot-execute-here: not-in-build
epoll-readiness,epoll_readiness,custom,ptrace,DECLINED-IN-MANIFEST,
epoll-readiness,epoll_readiness,custom,kvm,DECLINED-IN-MANIFEST,cannot-execute-here: HUNG(no verdict in 60s)
epoll-readiness,epoll_readiness,custom,dbi,DECLINED-IN-MANIFEST,cannot-execute-here: not-in-build
epoll-readiness,epoll_readiness,custom,liteinst,DECLINED-IN-MANIFEST,cannot-execute-here: runtime .so missing
epoll-readiness,epoll_readiness,custom,sabre,DECLINED-IN-MANIFEST,cannot-execute-here: not-in-build
epoll-readiness,epoll_readiness,custom,e9patch,NOT-WIRED,cannot-execute-here: not-in-build
faccessat2-flags,faccessat2_flags,verify,ptrace,GATED-OFF(ci=false),EXECUTED ok=6 rc=0
faccessat2-flags,faccessat2_flags,verify,kvm,DECLINED-IN-MANIFEST,cannot-execute-here: HUNG(no verdict in 60s)
faccessat2-flags,faccessat2_flags,verify,dbi,DECLINED-IN-MANIFEST,cannot-execute-here: not-in-build
faccessat2-flags,faccessat2_flags,verify,liteinst,DECLINED-IN-MANIFEST,cannot-execute-here: runtime .so missing
faccessat2-flags,faccessat2_flags,verify,sabre,DECLINED-IN-MANIFEST,cannot-execute-here: not-in-build
faccessat2-flags,faccessat2_flags,verify,e9patch,NOT-WIRED,cannot-execute-here: not-in-build
faccessat2-flags,faccessat2_flags,naked,ptrace,NOT-WIRED,
faccessat2-flags,faccessat2_flags,naked,kvm,NOT-WIRED,cannot-execute-here: HUNG(no verdict in 60s)
faccessat2-flags,faccessat2_flags,naked,dbi,NOT-WIRED,cannot-execute-here: not-in-build
faccessat2-flags,faccessat2_flags,naked,liteinst,NOT-WIRED,cannot-execute-here: runtime .so missing
faccessat2-flags,faccessat2_flags,naked,sabre,NOT-WIRED,cannot-execute-here: not-in-build
faccessat2-flags,faccessat2_flags,naked,e9patch,NOT-WIRED,cannot-execute-here: not-in-build
faccessat2-flags,faccessat2_flags,replay,ptrace,DECLINED-IN-MANIFEST,
faccessat2-flags,faccessat2_flags,replay,kvm,DECLINED-IN-MANIFEST,cannot-execute-here: HUNG(no verdict in 60s)
faccessat2-flags,faccessat2_flags,replay,dbi,DECLINED-IN-MANIFEST,cannot-execute-here: not-in-build
faccessat2-flags,faccessat2_flags,replay,liteinst,DECLINED-IN-MANIFEST,cannot-execute-here: runtime .so missing
faccessat2-flags,faccessat2_flags,replay,sabre,DECLINED-IN-MANIFEST,cannot-execute-here: not-in-build
faccessat2-flags,faccessat2_flags,replay,e9patch,NOT-WIRED,cannot-execute-here: not-in-build
faccessat2-flags,faccessat2_flags,chaos,ptrace,DECLINED-IN-MANIFEST,
faccessat2-flags,faccessat2_flags,chaos,kvm,DECLINED-IN-MANIFEST,cannot-execute-here: HUNG(no verdict in 60s)
faccessat2-flags,faccessat2_flags,chaos,dbi,DECLINED-IN-MANIFEST,cannot-execute-here: not-in-build
faccessat2-flags,faccessat2_flags,chaos,liteinst,DECLINED-IN-MANIFEST,cannot-execute-here: runtime .so missing
faccessat2-flags,faccessat2_flags,chaos,sabre,DECLINED-IN-MANIFEST,cannot-execute-here: not-in-build
faccessat2-flags,faccessat2_flags,chaos,e9patch,NOT-WIRED,cannot-execute-here: not-in-build
faccessat2-flags,faccessat2_flags,custom,ptrace,DECLINED-IN-MANIFEST,
faccessat2-flags,faccessat2_flags,custom,kvm,DECLINED-IN-MANIFEST,cannot-execute-here: HUNG(no verdict in 60s)
faccessat2-flags,faccessat2_flags,custom,dbi,DECLINED-IN-MANIFEST,cannot-execute-here: not-in-build
faccessat2-flags,faccessat2_flags,custom,liteinst,DECLINED-IN-MANIFEST,cannot-execute-here: runtime .so missing
faccessat2-flags,faccessat2_flags,custom,sabre,DECLINED-IN-MANIFEST,cannot-execute-here: not-in-build
faccessat2-flags,faccessat2_flags,custom,e9patch,NOT-WIRED,cannot-execute-here: not-in-build
fadvise-hints,fadvise_hints,verify,ptrace,GATED-OFF(ci=false),EXECUTED ok=5 rc=0
fadvise-hints,fadvise_hints,verify,kvm,DECLINED-IN-MANIFEST,cannot-execute-here: HUNG(no verdict in 60s)
fadvise-hints,fadvise_hints,verify,dbi,DECLINED-IN-MANIFEST,cannot-execute-here: not-in-build
fadvise-hints,fadvise_hints,verify,liteinst,DECLINED-IN-MANIFEST,cannot-execute-here: runtime .so missing
fadvise-hints,fadvise_hints,verify,sabre,DECLINED-IN-MANIFEST,cannot-execute-here: not-in-build
fadvise-hints,fadvise_hints,verify,e9patch,NOT-WIRED,cannot-execute-here: not-in-build
fadvise-hints,fadvise_hints,naked,ptrace,NOT-WIRED,
fadvise-hints,fadvise_hints,naked,kvm,NOT-WIRED,cannot-execute-here: HUNG(no verdict in 60s)
fadvise-hints,fadvise_hints,naked,dbi,NOT-WIRED,cannot-execute-here: not-in-build
fadvise-hints,fadvise_hints,naked,liteinst,NOT-WIRED,cannot-execute-here: runtime .so missing
fadvise-hints,fadvise_hints,naked,sabre,NOT-WIRED,cannot-execute-here: not-in-build
fadvise-hints,fadvise_hints,naked,e9patch,NOT-WIRED,cannot-execute-here: not-in-build
fadvise-hints,fadvise_hints,replay,ptrace,DECLINED-IN-MANIFEST,
fadvise-hints,fadvise_hints,replay,kvm,DECLINED-IN-MANIFEST,cannot-execute-here: HUNG(no verdict in 60s)
fadvise-hints,fadvise_hints,replay,dbi,DECLINED-IN-MANIFEST,cannot-execute-here: not-in-build
fadvise-hints,fadvise_hints,replay,liteinst,DECLINED-IN-MANIFEST,cannot-execute-here: runtime .so missing
fadvise-hints,fadvise_hints,replay,sabre,DECLINED-IN-MANIFEST,cannot-execute-here: not-in-build
fadvise-hints,fadvise_hints,replay,e9patch,NOT-WIRED,cannot-execute-here: not-in-build
fadvise-hints,fadvise_hints,chaos,ptrace,DECLINED-IN-MANIFEST,
fadvise-hints,fadvise_hints,chaos,kvm,DECLINED-IN-MANIFEST,cannot-execute-here: HUNG(no verdict in 60s)
fadvise-hints,fadvise_hints,chaos,dbi,DECLINED-IN-MANIFEST,cannot-execute-here: not-in-build
fadvise-hints,fadvise_hints,chaos,liteinst,DECLINED-IN-MANIFEST,cannot-execute-here: runtime .so missing
fadvise-hints,fadvise_hints,chaos,sabre,DECLINED-IN-MANIFEST,cannot-execute-here: not-in-build
fadvise-hints,fadvise_hints,chaos,e9patch,NOT-WIRED,cannot-execute-here: not-in-build
fadvise-hints,fadvise_hints,custom,ptrace,DECLINED-IN-MANIFEST,
fadvise-hints,fadvise_hints,custom,kvm,DECLINED-IN-MANIFEST,cannot-execute-here: HUNG(no verdict in 60s)
fadvise-hints,fadvise_hints,custom,dbi,DECLINED-IN-MANIFEST,cannot-execute-here: not-in-build
fadvise-hints,fadvise_hints,custom,liteinst,DECLINED-IN-MANIFEST,cannot-execute-here: runtime .so missing
fadvise-hints,fadvise_hints,custom,sabre,DECLINED-IN-MANIFEST,cannot-execute-here: not-in-build
fadvise-hints,fadvise_hints,custom,e9patch,NOT-WIRED,cannot-execute-here: not-in-build
fallocate-extents,fallocate_extents,verify,ptrace,GATED-OFF(ci=false),EXECUTED ok=5 rc=0
fallocate-extents,fallocate_extents,verify,kvm,DECLINED-IN-MANIFEST,cannot-execute-here: HUNG(no verdict in 60s)
fallocate-extents,fallocate_extents,verify,dbi,DECLINED-IN-MANIFEST,cannot-execute-here: not-in-build
fallocate-extents,fallocate_extents,verify,liteinst,DECLINED-IN-MANIFEST,cannot-execute-here: runtime .so missing
fallocate-extents,fallocate_extents,verify,sabre,DECLINED-IN-MANIFEST,cannot-execute-here: not-in-build
fallocate-extents,fallocate_extents,verify,e9patch,NOT-WIRED,cannot-execute-here: not-in-build
fallocate-extents,fallocate_extents,naked,ptrace,NOT-WIRED,
fallocate-extents,fallocate_extents,naked,kvm,NOT-WIRED,cannot-execute-here: HUNG(no verdict in 60s)
fallocate-extents,fallocate_extents,naked,dbi,NOT-WIRED,cannot-execute-here: not-in-build
fallocate-extents,fallocate_extents,naked,liteinst,NOT-WIRED,cannot-execute-here: runtime .so missing
fallocate-extents,fallocate_extents,naked,sabre,NOT-WIRED,cannot-execute-here: not-in-build
fallocate-extents,fallocate_extents,naked,e9patch,NOT-WIRED,cannot-execute-here: not-in-build
fallocate-extents,fallocate_extents,replay,ptrace,DECLINED-IN-MANIFEST,
fallocate-extents,fallocate_extents,replay,kvm,DECLINED-IN-MANIFEST,cannot-execute-here: HUNG(no verdict in 60s)
fallocate-extents,fallocate_extents,replay,dbi,DECLINED-IN-MANIFEST,cannot-execute-here: not-in-build
fallocate-extents,fallocate_extents,replay,liteinst,DECLINED-IN-MANIFEST,cannot-execute-here: runtime .so missing
fallocate-extents,fallocate_extents,replay,sabre,DECLINED-IN-MANIFEST,cannot-execute-here: not-in-build
fallocate-extents,fallocate_extents,replay,e9patch,NOT-WIRED,cannot-execute-here: not-in-build
fallocate-extents,fallocate_extents,chaos,ptrace,DECLINED-IN-MANIFEST,
fallocate-extents,fallocate_extents,chaos,kvm,DECLINED-IN-MANIFEST,cannot-execute-here: HUNG(no verdict in 60s)
fallocate-extents,fallocate_extents,chaos,dbi,DECLINED-IN-MANIFEST,cannot-execute-here: not-in-build
fallocate-extents,fallocate_extents,chaos,liteinst,DECLINED-IN-MANIFEST,cannot-execute-here: runtime .so missing
fallocate-extents,fallocate_extents,chaos,sabre,DECLINED-IN-MANIFEST,cannot-execute-here: not-in-build
fallocate-extents,fallocate_extents,chaos,e9patch,NOT-WIRED,cannot-execute-here: not-in-build
fallocate-extents,fallocate_extents,custom,ptrace,DECLINED-IN-MANIFEST,
fallocate-extents,fallocate_extents,custom,kvm,DECLINED-IN-MANIFEST,cannot-execute-here: HUNG(no verdict in 60s)
fallocate-extents,fallocate_extents,custom,dbi,DECLINED-IN-MANIFEST,cannot-execute-here: not-in-build
fallocate-extents,fallocate_extents,custom,liteinst,DECLINED-IN-MANIFEST,cannot-execute-here: runtime .so missing
fallocate-extents,fallocate_extents,custom,sabre,DECLINED-IN-MANIFEST,cannot-execute-here: not-in-build
fallocate-extents,fallocate_extents,custom,e9patch,NOT-WIRED,cannot-execute-here: not-in-build
fchmod-bits,fchmod_bits,verify,ptrace,GATED-OFF(ci=false),EXECUTED ok=5 rc=0
fchmod-bits,fchmod_bits,verify,kvm,DECLINED-IN-MANIFEST,cannot-execute-here: HUNG(no verdict in 60s)
fchmod-bits,fchmod_bits,verify,dbi,DECLINED-IN-MANIFEST,cannot-execute-here: not-in-build
fchmod-bits,fchmod_bits,verify,liteinst,DECLINED-IN-MANIFEST,cannot-execute-here: runtime .so missing
fchmod-bits,fchmod_bits,verify,sabre,DECLINED-IN-MANIFEST,cannot-execute-here: not-in-build
fchmod-bits,fchmod_bits,verify,e9patch,NOT-WIRED,cannot-execute-here: not-in-build
fchmod-bits,fchmod_bits,naked,ptrace,NOT-WIRED,
fchmod-bits,fchmod_bits,naked,kvm,NOT-WIRED,cannot-execute-here: HUNG(no verdict in 60s)
fchmod-bits,fchmod_bits,naked,dbi,NOT-WIRED,cannot-execute-here: not-in-build
fchmod-bits,fchmod_bits,naked,liteinst,NOT-WIRED,cannot-execute-here: runtime .so missing
fchmod-bits,fchmod_bits,naked,sabre,NOT-WIRED,cannot-execute-here: not-in-build
fchmod-bits,fchmod_bits,naked,e9patch,NOT-WIRED,cannot-execute-here: not-in-build
fchmod-bits,fchmod_bits,replay,ptrace,DECLINED-IN-MANIFEST,
fchmod-bits,fchmod_bits,replay,kvm,DECLINED-IN-MANIFEST,cannot-execute-here: HUNG(no verdict in 60s)
fchmod-bits,fchmod_bits,replay,dbi,DECLINED-IN-MANIFEST,cannot-execute-here: not-in-build
fchmod-bits,fchmod_bits,replay,liteinst,DECLINED-IN-MANIFEST,cannot-execute-here: runtime .so missing
fchmod-bits,fchmod_bits,replay,sabre,DECLINED-IN-MANIFEST,cannot-execute-here: not-in-build
fchmod-bits,fchmod_bits,replay,e9patch,NOT-WIRED,cannot-execute-here: not-in-build
fchmod-bits,fchmod_bits,chaos,ptrace,DECLINED-IN-MANIFEST,
fchmod-bits,fchmod_bits,chaos,kvm,DECLINED-IN-MANIFEST,cannot-execute-here: HUNG(no verdict in 60s)
fchmod-bits,fchmod_bits,chaos,dbi,DECLINED-IN-MANIFEST,cannot-execute-here: not-in-build
fchmod-bits,fchmod_bits,chaos,liteinst,DECLINED-IN-MANIFEST,cannot-execute-here: runtime .so missing
fchmod-bits,fchmod_bits,chaos,sabre,DECLINED-IN-MANIFEST,cannot-execute-here: not-in-build
fchmod-bits,fchmod_bits,chaos,e9patch,NOT-WIRED,cannot-execute-here: not-in-build
fchmod-bits,fchmod_bits,custom,ptrace,DECLINED-IN-MANIFEST,
fchmod-bits,fchmod_bits,custom,kvm,DECLINED-IN-MANIFEST,cannot-execute-here: HUNG(no verdict in 60s)
fchmod-bits,fchmod_bits,custom,dbi,DECLINED-IN-MANIFEST,cannot-execute-here: not-in-build
fchmod-bits,fchmod_bits,custom,liteinst,DECLINED-IN-MANIFEST,cannot-execute-here: runtime .so missing
fchmod-bits,fchmod_bits,custom,sabre,DECLINED-IN-MANIFEST,cannot-execute-here: not-in-build
fchmod-bits,fchmod_bits,custom,e9patch,NOT-WIRED,cannot-execute-here: not-in-build
file-backed-mmap,file_backed_mmap,verify,ptrace,GATED-OFF(ci=false),EXECUTED ok=5 rc=0
file-backed-mmap,file_backed_mmap,verify,kvm,DECLINED-IN-MANIFEST,cannot-execute-here: HUNG(no verdict in 60s)
file-backed-mmap,file_backed_mmap,verify,dbi,DECLINED-IN-MANIFEST,cannot-execute-here: not-in-build
file-backed-mmap,file_backed_mmap,verify,liteinst,DECLINED-IN-MANIFEST,cannot-execute-here: runtime .so missing
file-backed-mmap,file_backed_mmap,verify,sabre,DECLINED-IN-MANIFEST,cannot-execute-here: not-in-build
file-backed-mmap,file_backed_mmap,verify,e9patch,NOT-WIRED,cannot-execute-here: not-in-build
file-backed-mmap,file_backed_mmap,naked,ptrace,NOT-WIRED,
file-backed-mmap,file_backed_mmap,naked,kvm,NOT-WIRED,cannot-execute-here: HUNG(no verdict in 60s)
file-backed-mmap,file_backed_mmap,naked,dbi,NOT-WIRED,cannot-execute-here: not-in-build
file-backed-mmap,file_backed_mmap,naked,liteinst,NOT-WIRED,cannot-execute-here: runtime .so missing
file-backed-mmap,file_backed_mmap,naked,sabre,NOT-WIRED,cannot-execute-here: not-in-build
file-backed-mmap,file_backed_mmap,naked,e9patch,NOT-WIRED,cannot-execute-here: not-in-build
file-backed-mmap,file_backed_mmap,replay,ptrace,DECLINED-IN-MANIFEST,
file-backed-mmap,file_backed_mmap,replay,kvm,DECLINED-IN-MANIFEST,cannot-execute-here: HUNG(no verdict in 60s)
file-backed-mmap,file_backed_mmap,replay,dbi,DECLINED-IN-MANIFEST,cannot-execute-here: not-in-build
file-backed-mmap,file_backed_mmap,replay,liteinst,DECLINED-IN-MANIFEST,cannot-execute-here: runtime .so missing
file-backed-mmap,file_backed_mmap,replay,sabre,DECLINED-IN-MANIFEST,cannot-execute-here: not-in-build
file-backed-mmap,file_backed_mmap,replay,e9patch,NOT-WIRED,cannot-execute-here: not-in-build
file-backed-mmap,file_backed_mmap,chaos,ptrace,DECLINED-IN-MANIFEST,
file-backed-mmap,file_backed_mmap,chaos,kvm,DECLINED-IN-MANIFEST,cannot-execute-here: HUNG(no verdict in 60s)
file-backed-mmap,file_backed_mmap,chaos,dbi,DECLINED-IN-MANIFEST,cannot-execute-here: not-in-build
file-backed-mmap,file_backed_mmap,chaos,liteinst,DECLINED-IN-MANIFEST,cannot-execute-here: runtime .so missing
file-backed-mmap,file_backed_mmap,chaos,sabre,DECLINED-IN-MANIFEST,cannot-execute-here: not-in-build
file-backed-mmap,file_backed_mmap,chaos,e9patch,NOT-WIRED,cannot-execute-here: not-in-build
file-backed-mmap,file_backed_mmap,custom,ptrace,DECLINED-IN-MANIFEST,
file-backed-mmap,file_backed_mmap,custom,kvm,DECLINED-IN-MANIFEST,cannot-execute-here: HUNG(no verdict in 60s)
file-backed-mmap,file_backed_mmap,custom,dbi,DECLINED-IN-MANIFEST,cannot-execute-here: not-in-build
file-backed-mmap,file_backed_mmap,custom,liteinst,DECLINED-IN-MANIFEST,cannot-execute-here: runtime .so missing
file-backed-mmap,file_backed_mmap,custom,sabre,DECLINED-IN-MANIFEST,cannot-execute-here: not-in-build
file-backed-mmap,file_backed_mmap,custom,e9patch,NOT-WIRED,cannot-execute-here: not-in-build
flock-lifecycle,flock_lifecycle,verify,ptrace,GATED-OFF(ci=false),EXECUTED ok=5 rc=0
flock-lifecycle,flock_lifecycle,verify,kvm,DECLINED-IN-MANIFEST,cannot-execute-here: HUNG(no verdict in 60s)
flock-lifecycle,flock_lifecycle,verify,dbi,DECLINED-IN-MANIFEST,cannot-execute-here: not-in-build
flock-lifecycle,flock_lifecycle,verify,liteinst,DECLINED-IN-MANIFEST,cannot-execute-here: runtime .so missing
flock-lifecycle,flock_lifecycle,verify,sabre,DECLINED-IN-MANIFEST,cannot-execute-here: not-in-build
flock-lifecycle,flock_lifecycle,verify,e9patch,NOT-WIRED,cannot-execute-here: not-in-build
flock-lifecycle,flock_lifecycle,naked,ptrace,NOT-WIRED,
flock-lifecycle,flock_lifecycle,naked,kvm,NOT-WIRED,cannot-execute-here: HUNG(no verdict in 60s)
flock-lifecycle,flock_lifecycle,naked,dbi,NOT-WIRED,cannot-execute-here: not-in-build
flock-lifecycle,flock_lifecycle,naked,liteinst,NOT-WIRED,cannot-execute-here: runtime .so missing
flock-lifecycle,flock_lifecycle,naked,sabre,NOT-WIRED,cannot-execute-here: not-in-build
flock-lifecycle,flock_lifecycle,naked,e9patch,NOT-WIRED,cannot-execute-here: not-in-build
flock-lifecycle,flock_lifecycle,replay,ptrace,DECLINED-IN-MANIFEST,
flock-lifecycle,flock_lifecycle,replay,kvm,DECLINED-IN-MANIFEST,cannot-execute-here: HUNG(no verdict in 60s)
flock-lifecycle,flock_lifecycle,replay,dbi,DECLINED-IN-MANIFEST,cannot-execute-here: not-in-build
flock-lifecycle,flock_lifecycle,replay,liteinst,DECLINED-IN-MANIFEST,cannot-execute-here: runtime .so missing
flock-lifecycle,flock_lifecycle,replay,sabre,DECLINED-IN-MANIFEST,cannot-execute-here: not-in-build
flock-lifecycle,flock_lifecycle,replay,e9patch,NOT-WIRED,cannot-execute-here: not-in-build
flock-lifecycle,flock_lifecycle,chaos,ptrace,DECLINED-IN-MANIFEST,
flock-lifecycle,flock_lifecycle,chaos,kvm,DECLINED-IN-MANIFEST,cannot-execute-here: HUNG(no verdict in 60s)
flock-lifecycle,flock_lifecycle,chaos,dbi,DECLINED-IN-MANIFEST,cannot-execute-here: not-in-build
flock-lifecycle,flock_lifecycle,chaos,liteinst,DECLINED-IN-MANIFEST,cannot-execute-here: runtime .so missing
flock-lifecycle,flock_lifecycle,chaos,sabre,DECLINED-IN-MANIFEST,cannot-execute-here: not-in-build
flock-lifecycle,flock_lifecycle,chaos,e9patch,NOT-WIRED,cannot-execute-here: not-in-build
flock-lifecycle,flock_lifecycle,custom,ptrace,DECLINED-IN-MANIFEST,
flock-lifecycle,flock_lifecycle,custom,kvm,DECLINED-IN-MANIFEST,cannot-execute-here: HUNG(no verdict in 60s)
flock-lifecycle,flock_lifecycle,custom,dbi,DECLINED-IN-MANIFEST,cannot-execute-here: not-in-build
flock-lifecycle,flock_lifecycle,custom,liteinst,DECLINED-IN-MANIFEST,cannot-execute-here: runtime .so missing
flock-lifecycle,flock_lifecycle,custom,sabre,DECLINED-IN-MANIFEST,cannot-execute-here: not-in-build
flock-lifecycle,flock_lifecycle,custom,e9patch,NOT-WIRED,cannot-execute-here: not-in-build
fsync-durability,fsync_durability,verify,ptrace,GATED-OFF(ci=false),EXECUTED ok=6 rc=0
fsync-durability,fsync_durability,verify,kvm,DECLINED-IN-MANIFEST,cannot-execute-here: HUNG(no verdict in 60s)
fsync-durability,fsync_durability,verify,dbi,DECLINED-IN-MANIFEST,cannot-execute-here: not-in-build
fsync-durability,fsync_durability,verify,liteinst,DECLINED-IN-MANIFEST,cannot-execute-here: runtime .so missing
fsync-durability,fsync_durability,verify,sabre,DECLINED-IN-MANIFEST,cannot-execute-here: not-in-build
fsync-durability,fsync_durability,verify,e9patch,NOT-WIRED,cannot-execute-here: not-in-build
fsync-durability,fsync_durability,naked,ptrace,NOT-WIRED,
fsync-durability,fsync_durability,naked,kvm,NOT-WIRED,cannot-execute-here: HUNG(no verdict in 60s)
fsync-durability,fsync_durability,naked,dbi,NOT-WIRED,cannot-execute-here: not-in-build
fsync-durability,fsync_durability,naked,liteinst,NOT-WIRED,cannot-execute-here: runtime .so missing
fsync-durability,fsync_durability,naked,sabre,NOT-WIRED,cannot-execute-here: not-in-build
fsync-durability,fsync_durability,naked,e9patch,NOT-WIRED,cannot-execute-here: not-in-build
fsync-durability,fsync_durability,replay,ptrace,DECLINED-IN-MANIFEST,
fsync-durability,fsync_durability,replay,kvm,DECLINED-IN-MANIFEST,cannot-execute-here: HUNG(no verdict in 60s)
fsync-durability,fsync_durability,replay,dbi,DECLINED-IN-MANIFEST,cannot-execute-here: not-in-build
fsync-durability,fsync_durability,replay,liteinst,DECLINED-IN-MANIFEST,cannot-execute-here: runtime .so missing
fsync-durability,fsync_durability,replay,sabre,DECLINED-IN-MANIFEST,cannot-execute-here: not-in-build
fsync-durability,fsync_durability,replay,e9patch,NOT-WIRED,cannot-execute-here: not-in-build
fsync-durability,fsync_durability,chaos,ptrace,DECLINED-IN-MANIFEST,
fsync-durability,fsync_durability,chaos,kvm,DECLINED-IN-MANIFEST,cannot-execute-here: HUNG(no verdict in 60s)
fsync-durability,fsync_durability,chaos,dbi,DECLINED-IN-MANIFEST,cannot-execute-here: not-in-build
fsync-durability,fsync_durability,chaos,liteinst,DECLINED-IN-MANIFEST,cannot-execute-here: runtime .so missing
fsync-durability,fsync_durability,chaos,sabre,DECLINED-IN-MANIFEST,cannot-execute-here: not-in-build
fsync-durability,fsync_durability,chaos,e9patch,NOT-WIRED,cannot-execute-here: not-in-build
fsync-durability,fsync_durability,custom,ptrace,DECLINED-IN-MANIFEST,
fsync-durability,fsync_durability,custom,kvm,DECLINED-IN-MANIFEST,cannot-execute-here: HUNG(no verdict in 60s)
fsync-durability,fsync_durability,custom,dbi,DECLINED-IN-MANIFEST,cannot-execute-here: not-in-build
fsync-durability,fsync_durability,custom,liteinst,DECLINED-IN-MANIFEST,cannot-execute-here: runtime .so missing
fsync-durability,fsync_durability,custom,sabre,DECLINED-IN-MANIFEST,cannot-execute-here: not-in-build
fsync-durability,fsync_durability,custom,e9patch,NOT-WIRED,cannot-execute-here: not-in-build
getrusage-self-accounting,getrusage_self_accounting,verify,ptrace,GATED-OFF(ci=false),EXECUTED ok=6 rc=0
getrusage-self-accounting,getrusage_self_accounting,verify,kvm,DECLINED-IN-MANIFEST,cannot-execute-here: HUNG(no verdict in 60s)
getrusage-self-accounting,getrusage_self_accounting,verify,dbi,DECLINED-IN-MANIFEST,cannot-execute-here: not-in-build
getrusage-self-accounting,getrusage_self_accounting,verify,liteinst,DECLINED-IN-MANIFEST,cannot-execute-here: runtime .so missing
getrusage-self-accounting,getrusage_self_accounting,verify,sabre,DECLINED-IN-MANIFEST,cannot-execute-here: not-in-build
getrusage-self-accounting,getrusage_self_accounting,verify,e9patch,NOT-WIRED,cannot-execute-here: not-in-build
getrusage-self-accounting,getrusage_self_accounting,naked,ptrace,NOT-WIRED,
getrusage-self-accounting,getrusage_self_accounting,naked,kvm,NOT-WIRED,cannot-execute-here: HUNG(no verdict in 60s)
getrusage-self-accounting,getrusage_self_accounting,naked,dbi,NOT-WIRED,cannot-execute-here: not-in-build
getrusage-self-accounting,getrusage_self_accounting,naked,liteinst,NOT-WIRED,cannot-execute-here: runtime .so missing
getrusage-self-accounting,getrusage_self_accounting,naked,sabre,NOT-WIRED,cannot-execute-here: not-in-build
getrusage-self-accounting,getrusage_self_accounting,naked,e9patch,NOT-WIRED,cannot-execute-here: not-in-build
getrusage-self-accounting,getrusage_self_accounting,replay,ptrace,DECLINED-IN-MANIFEST,
getrusage-self-accounting,getrusage_self_accounting,replay,kvm,DECLINED-IN-MANIFEST,cannot-execute-here: HUNG(no verdict in 60s)
getrusage-self-accounting,getrusage_self_accounting,replay,dbi,DECLINED-IN-MANIFEST,cannot-execute-here: not-in-build
getrusage-self-accounting,getrusage_self_accounting,replay,liteinst,DECLINED-IN-MANIFEST,cannot-execute-here: runtime .so missing
getrusage-self-accounting,getrusage_self_accounting,replay,sabre,DECLINED-IN-MANIFEST,cannot-execute-here: not-in-build
getrusage-self-accounting,getrusage_self_accounting,replay,e9patch,NOT-WIRED,cannot-execute-here: not-in-build
getrusage-self-accounting,getrusage_self_accounting,chaos,ptrace,DECLINED-IN-MANIFEST,
getrusage-self-accounting,getrusage_self_accounting,chaos,kvm,DECLINED-IN-MANIFEST,cannot-execute-here: HUNG(no verdict in 60s)
getrusage-self-accounting,getrusage_self_accounting,chaos,dbi,DECLINED-IN-MANIFEST,cannot-execute-here: not-in-build
getrusage-self-accounting,getrusage_self_accounting,chaos,liteinst,DECLINED-IN-MANIFEST,cannot-execute-here: runtime .so missing
getrusage-self-accounting,getrusage_self_accounting,chaos,sabre,DECLINED-IN-MANIFEST,cannot-execute-here: not-in-build
getrusage-self-accounting,getrusage_self_accounting,chaos,e9patch,NOT-WIRED,cannot-execute-here: not-in-build
getrusage-self-accounting,getrusage_self_accounting,custom,ptrace,DECLINED-IN-MANIFEST,
getrusage-self-accounting,getrusage_self_accounting,custom,kvm,DECLINED-IN-MANIFEST,cannot-execute-here: HUNG(no verdict in 60s)
getrusage-self-accounting,getrusage_self_accounting,custom,dbi,DECLINED-IN-MANIFEST,cannot-execute-here: not-in-build
getrusage-self-accounting,getrusage_self_accounting,custom,liteinst,DECLINED-IN-MANIFEST,cannot-execute-here: runtime .so missing
getrusage-self-accounting,getrusage_self_accounting,custom,sabre,DECLINED-IN-MANIFEST,cannot-execute-here: not-in-build
getrusage-self-accounting,getrusage_self_accounting,custom,e9patch,NOT-WIRED,cannot-execute-here: not-in-build
inotify-watch,inotify_watch,verify,ptrace,GATED-OFF(ci=false),EXECUTED ok=4 rc=0
inotify-watch,inotify_watch,verify,kvm,DECLINED-IN-MANIFEST,cannot-execute-here: HUNG(no verdict in 60s)
inotify-watch,inotify_watch,verify,dbi,DECLINED-IN-MANIFEST,cannot-execute-here: not-in-build
inotify-watch,inotify_watch,verify,liteinst,DECLINED-IN-MANIFEST,cannot-execute-here: runtime .so missing
inotify-watch,inotify_watch,verify,sabre,DECLINED-IN-MANIFEST,cannot-execute-here: not-in-build
inotify-watch,inotify_watch,verify,e9patch,NOT-WIRED,cannot-execute-here: not-in-build
inotify-watch,inotify_watch,naked,ptrace,NOT-WIRED,
inotify-watch,inotify_watch,naked,kvm,NOT-WIRED,cannot-execute-here: HUNG(no verdict in 60s)
inotify-watch,inotify_watch,naked,dbi,NOT-WIRED,cannot-execute-here: not-in-build
inotify-watch,inotify_watch,naked,liteinst,NOT-WIRED,cannot-execute-here: runtime .so missing
inotify-watch,inotify_watch,naked,sabre,NOT-WIRED,cannot-execute-here: not-in-build
inotify-watch,inotify_watch,naked,e9patch,NOT-WIRED,cannot-execute-here: not-in-build
inotify-watch,inotify_watch,replay,ptrace,DECLINED-IN-MANIFEST,
inotify-watch,inotify_watch,replay,kvm,DECLINED-IN-MANIFEST,cannot-execute-here: HUNG(no verdict in 60s)
inotify-watch,inotify_watch,replay,dbi,DECLINED-IN-MANIFEST,cannot-execute-here: not-in-build
inotify-watch,inotify_watch,replay,liteinst,DECLINED-IN-MANIFEST,cannot-execute-here: runtime .so missing
inotify-watch,inotify_watch,replay,sabre,DECLINED-IN-MANIFEST,cannot-execute-here: not-in-build
inotify-watch,inotify_watch,replay,e9patch,NOT-WIRED,cannot-execute-here: not-in-build
inotify-watch,inotify_watch,chaos,ptrace,DECLINED-IN-MANIFEST,
inotify-watch,inotify_watch,chaos,kvm,DECLINED-IN-MANIFEST,cannot-execute-here: HUNG(no verdict in 60s)
inotify-watch,inotify_watch,chaos,dbi,DECLINED-IN-MANIFEST,cannot-execute-here: not-in-build
inotify-watch,inotify_watch,chaos,liteinst,DECLINED-IN-MANIFEST,cannot-execute-here: runtime .so missing
inotify-watch,inotify_watch,chaos,sabre,DECLINED-IN-MANIFEST,cannot-execute-here: not-in-build
inotify-watch,inotify_watch,chaos,e9patch,NOT-WIRED,cannot-execute-here: not-in-build
inotify-watch,inotify_watch,custom,ptrace,DECLINED-IN-MANIFEST,
inotify-watch,inotify_watch,custom,kvm,DECLINED-IN-MANIFEST,cannot-execute-here: HUNG(no verdict in 60s)
inotify-watch,inotify_watch,custom,dbi,DECLINED-IN-MANIFEST,cannot-execute-here: not-in-build
inotify-watch,inotify_watch,custom,liteinst,DECLINED-IN-MANIFEST,cannot-execute-here: runtime .so missing
inotify-watch,inotify_watch,custom,sabre,DECLINED-IN-MANIFEST,cannot-execute-here: not-in-build
inotify-watch,inotify_watch,custom,e9patch,NOT-WIRED,cannot-execute-here: not-in-build
ioctl-fionread,ioctl_fionread,verify,ptrace,GATED-OFF(ci=false),EXECUTED ok=6 rc=0
ioctl-fionread,ioctl_fionread,verify,kvm,DECLINED-IN-MANIFEST,cannot-execute-here: HUNG(no verdict in 60s)
ioctl-fionread,ioctl_fionread,verify,dbi,DECLINED-IN-MANIFEST,cannot-execute-here: not-in-build
ioctl-fionread,ioctl_fionread,verify,liteinst,DECLINED-IN-MANIFEST,cannot-execute-here: runtime .so missing
ioctl-fionread,ioctl_fionread,verify,sabre,DECLINED-IN-MANIFEST,cannot-execute-here: not-in-build
ioctl-fionread,ioctl_fionread,verify,e9patch,NOT-WIRED,cannot-execute-here: not-in-build
ioctl-fionread,ioctl_fionread,naked,ptrace,NOT-WIRED,
ioctl-fionread,ioctl_fionread,naked,kvm,NOT-WIRED,cannot-execute-here: HUNG(no verdict in 60s)
ioctl-fionread,ioctl_fionread,naked,dbi,NOT-WIRED,cannot-execute-here: not-in-build
ioctl-fionread,ioctl_fionread,naked,liteinst,NOT-WIRED,cannot-execute-here: runtime .so missing
ioctl-fionread,ioctl_fionread,naked,sabre,NOT-WIRED,cannot-execute-here: not-in-build
ioctl-fionread,ioctl_fionread,naked,e9patch,NOT-WIRED,cannot-execute-here: not-in-build
ioctl-fionread,ioctl_fionread,replay,ptrace,DECLINED-IN-MANIFEST,
ioctl-fionread,ioctl_fionread,replay,kvm,DECLINED-IN-MANIFEST,cannot-execute-here: HUNG(no verdict in 60s)
ioctl-fionread,ioctl_fionread,replay,dbi,DECLINED-IN-MANIFEST,cannot-execute-here: not-in-build
ioctl-fionread,ioctl_fionread,replay,liteinst,DECLINED-IN-MANIFEST,cannot-execute-here: runtime .so missing
ioctl-fionread,ioctl_fionread,replay,sabre,DECLINED-IN-MANIFEST,cannot-execute-here: not-in-build
ioctl-fionread,ioctl_fionread,replay,e9patch,NOT-WIRED,cannot-execute-here: not-in-build
ioctl-fionread,ioctl_fionread,chaos,ptrace,DECLINED-IN-MANIFEST,
ioctl-fionread,ioctl_fionread,chaos,kvm,DECLINED-IN-MANIFEST,cannot-execute-here: HUNG(no verdict in 60s)
ioctl-fionread,ioctl_fionread,chaos,dbi,DECLINED-IN-MANIFEST,cannot-execute-here: not-in-build
ioctl-fionread,ioctl_fionread,chaos,liteinst,DECLINED-IN-MANIFEST,cannot-execute-here: runtime .so missing
ioctl-fionread,ioctl_fionread,chaos,sabre,DECLINED-IN-MANIFEST,cannot-execute-here: not-in-build
ioctl-fionread,ioctl_fionread,chaos,e9patch,NOT-WIRED,cannot-execute-here: not-in-build
ioctl-fionread,ioctl_fionread,custom,ptrace,DECLINED-IN-MANIFEST,
ioctl-fionread,ioctl_fionread,custom,kvm,DECLINED-IN-MANIFEST,cannot-execute-here: HUNG(no verdict in 60s)
ioctl-fionread,ioctl_fionread,custom,dbi,DECLINED-IN-MANIFEST,cannot-execute-here: not-in-build
ioctl-fionread,ioctl_fionread,custom,liteinst,DECLINED-IN-MANIFEST,cannot-execute-here: runtime .so missing
ioctl-fionread,ioctl_fionread,custom,sabre,DECLINED-IN-MANIFEST,cannot-execute-here: not-in-build
ioctl-fionread,ioctl_fionread,custom,e9patch,NOT-WIRED,cannot-execute-here: not-in-build
kcmp-refusal,kcmp_refusal,verify,ptrace,GATED-OFF(ci=false),EXECUTED ok=3 rc=0
kcmp-refusal,kcmp_refusal,verify,kvm,DECLINED-IN-MANIFEST,cannot-execute-here: HUNG(no verdict in 60s)
kcmp-refusal,kcmp_refusal,verify,dbi,DECLINED-IN-MANIFEST,cannot-execute-here: not-in-build
kcmp-refusal,kcmp_refusal,verify,liteinst,DECLINED-IN-MANIFEST,cannot-execute-here: runtime .so missing
kcmp-refusal,kcmp_refusal,verify,sabre,DECLINED-IN-MANIFEST,cannot-execute-here: not-in-build
kcmp-refusal,kcmp_refusal,verify,e9patch,NOT-WIRED,cannot-execute-here: not-in-build
kcmp-refusal,kcmp_refusal,naked,ptrace,NOT-WIRED,
kcmp-refusal,kcmp_refusal,naked,kvm,NOT-WIRED,cannot-execute-here: HUNG(no verdict in 60s)
kcmp-refusal,kcmp_refusal,naked,dbi,NOT-WIRED,cannot-execute-here: not-in-build
kcmp-refusal,kcmp_refusal,naked,liteinst,NOT-WIRED,cannot-execute-here: runtime .so missing
kcmp-refusal,kcmp_refusal,naked,sabre,NOT-WIRED,cannot-execute-here: not-in-build
kcmp-refusal,kcmp_refusal,naked,e9patch,NOT-WIRED,cannot-execute-here: not-in-build
kcmp-refusal,kcmp_refusal,replay,ptrace,DECLINED-IN-MANIFEST,
kcmp-refusal,kcmp_refusal,replay,kvm,DECLINED-IN-MANIFEST,cannot-execute-here: HUNG(no verdict in 60s)
kcmp-refusal,kcmp_refusal,replay,dbi,DECLINED-IN-MANIFEST,cannot-execute-here: not-in-build
kcmp-refusal,kcmp_refusal,replay,liteinst,DECLINED-IN-MANIFEST,cannot-execute-here: runtime .so missing
kcmp-refusal,kcmp_refusal,replay,sabre,DECLINED-IN-MANIFEST,cannot-execute-here: not-in-build
kcmp-refusal,kcmp_refusal,replay,e9patch,NOT-WIRED,cannot-execute-here: not-in-build
kcmp-refusal,kcmp_refusal,chaos,ptrace,DECLINED-IN-MANIFEST,
kcmp-refusal,kcmp_refusal,chaos,kvm,DECLINED-IN-MANIFEST,cannot-execute-here: HUNG(no verdict in 60s)
kcmp-refusal,kcmp_refusal,chaos,dbi,DECLINED-IN-MANIFEST,cannot-execute-here: not-in-build
kcmp-refusal,kcmp_refusal,chaos,liteinst,DECLINED-IN-MANIFEST,cannot-execute-here: runtime .so missing
kcmp-refusal,kcmp_refusal,chaos,sabre,DECLINED-IN-MANIFEST,cannot-execute-here: not-in-build
kcmp-refusal,kcmp_refusal,chaos,e9patch,NOT-WIRED,cannot-execute-here: not-in-build
kcmp-refusal,kcmp_refusal,custom,ptrace,DECLINED-IN-MANIFEST,
kcmp-refusal,kcmp_refusal,custom,kvm,DECLINED-IN-MANIFEST,cannot-execute-here: HUNG(no verdict in 60s)
kcmp-refusal,kcmp_refusal,custom,dbi,DECLINED-IN-MANIFEST,cannot-execute-here: not-in-build
kcmp-refusal,kcmp_refusal,custom,liteinst,DECLINED-IN-MANIFEST,cannot-execute-here: runtime .so missing
kcmp-refusal,kcmp_refusal,custom,sabre,DECLINED-IN-MANIFEST,cannot-execute-here: not-in-build
kcmp-refusal,kcmp_refusal,custom,e9patch,NOT-WIRED,cannot-execute-here: not-in-build
linkat-flags,linkat_flags,verify,ptrace,GATED-OFF(ci=false),EXECUTED ok=5 rc=0
linkat-flags,linkat_flags,verify,kvm,DECLINED-IN-MANIFEST,cannot-execute-here: HUNG(no verdict in 60s)
linkat-flags,linkat_flags,verify,dbi,DECLINED-IN-MANIFEST,cannot-execute-here: not-in-build
linkat-flags,linkat_flags,verify,liteinst,DECLINED-IN-MANIFEST,cannot-execute-here: runtime .so missing
linkat-flags,linkat_flags,verify,sabre,DECLINED-IN-MANIFEST,cannot-execute-here: not-in-build
linkat-flags,linkat_flags,verify,e9patch,NOT-WIRED,cannot-execute-here: not-in-build
linkat-flags,linkat_flags,naked,ptrace,NOT-WIRED,
linkat-flags,linkat_flags,naked,kvm,NOT-WIRED,cannot-execute-here: HUNG(no verdict in 60s)
linkat-flags,linkat_flags,naked,dbi,NOT-WIRED,cannot-execute-here: not-in-build
linkat-flags,linkat_flags,naked,liteinst,NOT-WIRED,cannot-execute-here: runtime .so missing
linkat-flags,linkat_flags,naked,sabre,NOT-WIRED,cannot-execute-here: not-in-build
linkat-flags,linkat_flags,naked,e9patch,NOT-WIRED,cannot-execute-here: not-in-build
linkat-flags,linkat_flags,replay,ptrace,DECLINED-IN-MANIFEST,
linkat-flags,linkat_flags,replay,kvm,DECLINED-IN-MANIFEST,cannot-execute-here: HUNG(no verdict in 60s)
linkat-flags,linkat_flags,replay,dbi,DECLINED-IN-MANIFEST,cannot-execute-here: not-in-build
linkat-flags,linkat_flags,replay,liteinst,DECLINED-IN-MANIFEST,cannot-execute-here: runtime .so missing
linkat-flags,linkat_flags,replay,sabre,DECLINED-IN-MANIFEST,cannot-execute-here: not-in-build
linkat-flags,linkat_flags,replay,e9patch,NOT-WIRED,cannot-execute-here: not-in-build
linkat-flags,linkat_flags,chaos,ptrace,DECLINED-IN-MANIFEST,
linkat-flags,linkat_flags,chaos,kvm,DECLINED-IN-MANIFEST,cannot-execute-here: HUNG(no verdict in 60s)
linkat-flags,linkat_flags,chaos,dbi,DECLINED-IN-MANIFEST,cannot-execute-here: not-in-build
linkat-flags,linkat_flags,chaos,liteinst,DECLINED-IN-MANIFEST,cannot-execute-here: runtime .so missing
linkat-flags,linkat_flags,chaos,sabre,DECLINED-IN-MANIFEST,cannot-execute-here: not-in-build
linkat-flags,linkat_flags,chaos,e9patch,NOT-WIRED,cannot-execute-here: not-in-build
linkat-flags,linkat_flags,custom,ptrace,DECLINED-IN-MANIFEST,
linkat-flags,linkat_flags,custom,kvm,DECLINED-IN-MANIFEST,cannot-execute-here: HUNG(no verdict in 60s)
linkat-flags,linkat_flags,custom,dbi,DECLINED-IN-MANIFEST,cannot-execute-here: not-in-build
linkat-flags,linkat_flags,custom,liteinst,DECLINED-IN-MANIFEST,cannot-execute-here: runtime .so missing
linkat-flags,linkat_flags,custom,sabre,DECLINED-IN-MANIFEST,cannot-execute-here: not-in-build
linkat-flags,linkat_flags,custom,e9patch,NOT-WIRED,cannot-execute-here: not-in-build
mce-kill-refusal,mce_kill_policy,verify,ptrace,GATED-OFF(ci=false),EXECUTED ok=2 rc=0
mce-kill-refusal,mce_kill_policy,verify,kvm,DECLINED-IN-MANIFEST,cannot-execute-here: HUNG(no verdict in 60s)
mce-kill-refusal,mce_kill_policy,verify,dbi,DECLINED-IN-MANIFEST,cannot-execute-here: not-in-build
mce-kill-refusal,mce_kill_policy,verify,liteinst,DECLINED-IN-MANIFEST,cannot-execute-here: runtime .so missing
mce-kill-refusal,mce_kill_policy,verify,sabre,DECLINED-IN-MANIFEST,cannot-execute-here: not-in-build
mce-kill-refusal,mce_kill_policy,verify,e9patch,NOT-WIRED,cannot-execute-here: not-in-build
mce-kill-refusal,mce_kill_policy,naked,ptrace,NOT-WIRED,
mce-kill-refusal,mce_kill_policy,naked,kvm,NOT-WIRED,cannot-execute-here: HUNG(no verdict in 60s)
mce-kill-refusal,mce_kill_policy,naked,dbi,NOT-WIRED,cannot-execute-here: not-in-build
mce-kill-refusal,mce_kill_policy,naked,liteinst,NOT-WIRED,cannot-execute-here: runtime .so missing
mce-kill-refusal,mce_kill_policy,naked,sabre,NOT-WIRED,cannot-execute-here: not-in-build
mce-kill-refusal,mce_kill_policy,naked,e9patch,NOT-WIRED,cannot-execute-here: not-in-build
mce-kill-refusal,mce_kill_policy,replay,ptrace,DECLINED-IN-MANIFEST,
mce-kill-refusal,mce_kill_policy,replay,kvm,DECLINED-IN-MANIFEST,cannot-execute-here: HUNG(no verdict in 60s)
mce-kill-refusal,mce_kill_policy,replay,dbi,DECLINED-IN-MANIFEST,cannot-execute-here: not-in-build
mce-kill-refusal,mce_kill_policy,replay,liteinst,DECLINED-IN-MANIFEST,cannot-execute-here: runtime .so missing
mce-kill-refusal,mce_kill_policy,replay,sabre,DECLINED-IN-MANIFEST,cannot-execute-here: not-in-build
mce-kill-refusal,mce_kill_policy,replay,e9patch,NOT-WIRED,cannot-execute-here: not-in-build
mce-kill-refusal,mce_kill_policy,chaos,ptrace,DECLINED-IN-MANIFEST,
mce-kill-refusal,mce_kill_policy,chaos,kvm,DECLINED-IN-MANIFEST,cannot-execute-here: HUNG(no verdict in 60s)
mce-kill-refusal,mce_kill_policy,chaos,dbi,DECLINED-IN-MANIFEST,cannot-execute-here: not-in-build
mce-kill-refusal,mce_kill_policy,chaos,liteinst,DECLINED-IN-MANIFEST,cannot-execute-here: runtime .so missing
mce-kill-refusal,mce_kill_policy,chaos,sabre,DECLINED-IN-MANIFEST,cannot-execute-here: not-in-build
mce-kill-refusal,mce_kill_policy,chaos,e9patch,NOT-WIRED,cannot-execute-here: not-in-build
mce-kill-refusal,mce_kill_policy,custom,ptrace,DECLINED-IN-MANIFEST,
mce-kill-refusal,mce_kill_policy,custom,kvm,DECLINED-IN-MANIFEST,cannot-execute-here: HUNG(no verdict in 60s)
mce-kill-refusal,mce_kill_policy,custom,dbi,DECLINED-IN-MANIFEST,cannot-execute-here: not-in-build
mce-kill-refusal,mce_kill_policy,custom,liteinst,DECLINED-IN-MANIFEST,cannot-execute-here: runtime .so missing
mce-kill-refusal,mce_kill_policy,custom,sabre,DECLINED-IN-MANIFEST,cannot-execute-here: not-in-build
mce-kill-refusal,mce_kill_policy,custom,e9patch,NOT-WIRED,cannot-execute-here: not-in-build
memfd-create,memfd_create,verify,ptrace,GATED-OFF(ci=false),EXECUTED ok=5 rc=0
memfd-create,memfd_create,verify,kvm,DECLINED-IN-MANIFEST,cannot-execute-here: HUNG(no verdict in 60s)
memfd-create,memfd_create,verify,dbi,DECLINED-IN-MANIFEST,cannot-execute-here: not-in-build
memfd-create,memfd_create,verify,liteinst,DECLINED-IN-MANIFEST,cannot-execute-here: runtime .so missing
memfd-create,memfd_create,verify,sabre,DECLINED-IN-MANIFEST,cannot-execute-here: not-in-build
memfd-create,memfd_create,verify,e9patch,NOT-WIRED,cannot-execute-here: not-in-build
memfd-create,memfd_create,naked,ptrace,NOT-WIRED,
memfd-create,memfd_create,naked,kvm,NOT-WIRED,cannot-execute-here: HUNG(no verdict in 60s)
memfd-create,memfd_create,naked,dbi,NOT-WIRED,cannot-execute-here: not-in-build
memfd-create,memfd_create,naked,liteinst,NOT-WIRED,cannot-execute-here: runtime .so missing
memfd-create,memfd_create,naked,sabre,NOT-WIRED,cannot-execute-here: not-in-build
memfd-create,memfd_create,naked,e9patch,NOT-WIRED,cannot-execute-here: not-in-build
memfd-create,memfd_create,replay,ptrace,DECLINED-IN-MANIFEST,
memfd-create,memfd_create,replay,kvm,DECLINED-IN-MANIFEST,cannot-execute-here: HUNG(no verdict in 60s)
memfd-create,memfd_create,replay,dbi,DECLINED-IN-MANIFEST,cannot-execute-here: not-in-build
memfd-create,memfd_create,replay,liteinst,DECLINED-IN-MANIFEST,cannot-execute-here: runtime .so missing
memfd-create,memfd_create,replay,sabre,DECLINED-IN-MANIFEST,cannot-execute-here: not-in-build
memfd-create,memfd_create,replay,e9patch,NOT-WIRED,cannot-execute-here: not-in-build
memfd-create,memfd_create,chaos,ptrace,DECLINED-IN-MANIFEST,
memfd-create,memfd_create,chaos,kvm,DECLINED-IN-MANIFEST,cannot-execute-here: HUNG(no verdict in 60s)
memfd-create,memfd_create,chaos,dbi,DECLINED-IN-MANIFEST,cannot-execute-here: not-in-build
memfd-create,memfd_create,chaos,liteinst,DECLINED-IN-MANIFEST,cannot-execute-here: runtime .so missing
memfd-create,memfd_create,chaos,sabre,DECLINED-IN-MANIFEST,cannot-execute-here: not-in-build
memfd-create,memfd_create,chaos,e9patch,NOT-WIRED,cannot-execute-here: not-in-build
memfd-create,memfd_create,custom,ptrace,DECLINED-IN-MANIFEST,
memfd-create,memfd_create,custom,kvm,DECLINED-IN-MANIFEST,cannot-execute-here: HUNG(no verdict in 60s)
memfd-create,memfd_create,custom,dbi,DECLINED-IN-MANIFEST,cannot-execute-here: not-in-build
memfd-create,memfd_create,custom,liteinst,DECLINED-IN-MANIFEST,cannot-execute-here: runtime .so missing
memfd-create,memfd_create,custom,sabre,DECLINED-IN-MANIFEST,cannot-execute-here: not-in-build
memfd-create,memfd_create,custom,e9patch,NOT-WIRED,cannot-execute-here: not-in-build
mempolicy-default,mempolicy_default,verify,ptrace,GATED-OFF(ci=false),EXECUTED ok=4 rc=0
mempolicy-default,mempolicy_default,verify,kvm,DECLINED-IN-MANIFEST,cannot-execute-here: HUNG(no verdict in 60s)
mempolicy-default,mempolicy_default,verify,dbi,DECLINED-IN-MANIFEST,cannot-execute-here: not-in-build
mempolicy-default,mempolicy_default,verify,liteinst,DECLINED-IN-MANIFEST,cannot-execute-here: runtime .so missing
mempolicy-default,mempolicy_default,verify,sabre,DECLINED-IN-MANIFEST,cannot-execute-here: not-in-build
mempolicy-default,mempolicy_default,verify,e9patch,NOT-WIRED,cannot-execute-here: not-in-build
mempolicy-default,mempolicy_default,naked,ptrace,NOT-WIRED,
mempolicy-default,mempolicy_default,naked,kvm,NOT-WIRED,cannot-execute-here: HUNG(no verdict in 60s)
mempolicy-default,mempolicy_default,naked,dbi,NOT-WIRED,cannot-execute-here: not-in-build
mempolicy-default,mempolicy_default,naked,liteinst,NOT-WIRED,cannot-execute-here: runtime .so missing
mempolicy-default,mempolicy_default,naked,sabre,NOT-WIRED,cannot-execute-here: not-in-build
mempolicy-default,mempolicy_default,naked,e9patch,NOT-WIRED,cannot-execute-here: not-in-build
mempolicy-default,mempolicy_default,replay,ptrace,DECLINED-IN-MANIFEST,
mempolicy-default,mempolicy_default,replay,kvm,DECLINED-IN-MANIFEST,cannot-execute-here: HUNG(no verdict in 60s)
mempolicy-default,mempolicy_default,replay,dbi,DECLINED-IN-MANIFEST,cannot-execute-here: not-in-build
mempolicy-default,mempolicy_default,replay,liteinst,DECLINED-IN-MANIFEST,cannot-execute-here: runtime .so missing
mempolicy-default,mempolicy_default,replay,sabre,DECLINED-IN-MANIFEST,cannot-execute-here: not-in-build
mempolicy-default,mempolicy_default,replay,e9patch,NOT-WIRED,cannot-execute-here: not-in-build
mempolicy-default,mempolicy_default,chaos,ptrace,DECLINED-IN-MANIFEST,
mempolicy-default,mempolicy_default,chaos,kvm,DECLINED-IN-MANIFEST,cannot-execute-here: HUNG(no verdict in 60s)
mempolicy-default,mempolicy_default,chaos,dbi,DECLINED-IN-MANIFEST,cannot-execute-here: not-in-build
mempolicy-default,mempolicy_default,chaos,liteinst,DECLINED-IN-MANIFEST,cannot-execute-here: runtime .so missing
mempolicy-default,mempolicy_default,chaos,sabre,DECLINED-IN-MANIFEST,cannot-execute-here: not-in-build
mempolicy-default,mempolicy_default,chaos,e9patch,NOT-WIRED,cannot-execute-here: not-in-build
mempolicy-default,mempolicy_default,custom,ptrace,DECLINED-IN-MANIFEST,
mempolicy-default,mempolicy_default,custom,kvm,DECLINED-IN-MANIFEST,cannot-execute-here: HUNG(no verdict in 60s)
mempolicy-default,mempolicy_default,custom,dbi,DECLINED-IN-MANIFEST,cannot-execute-here: not-in-build
mempolicy-default,mempolicy_default,custom,liteinst,DECLINED-IN-MANIFEST,cannot-execute-here: runtime .so missing
mempolicy-default,mempolicy_default,custom,sabre,DECLINED-IN-MANIFEST,cannot-execute-here: not-in-build
mempolicy-default,mempolicy_default,custom,e9patch,NOT-WIRED,cannot-execute-here: not-in-build
mincore-residency,mincore_residency,verify,ptrace,GATED-OFF(ci=false),EXECUTED ok=6 rc=0
mincore-residency,mincore_residency,verify,kvm,DECLINED-IN-MANIFEST,cannot-execute-here: HUNG(no verdict in 60s)
mincore-residency,mincore_residency,verify,dbi,DECLINED-IN-MANIFEST,cannot-execute-here: not-in-build
mincore-residency,mincore_residency,verify,liteinst,DECLINED-IN-MANIFEST,cannot-execute-here: runtime .so missing
mincore-residency,mincore_residency,verify,sabre,DECLINED-IN-MANIFEST,cannot-execute-here: not-in-build
mincore-residency,mincore_residency,verify,e9patch,NOT-WIRED,cannot-execute-here: not-in-build
mincore-residency,mincore_residency,naked,ptrace,NOT-WIRED,
mincore-residency,mincore_residency,naked,kvm,NOT-WIRED,cannot-execute-here: HUNG(no verdict in 60s)
mincore-residency,mincore_residency,naked,dbi,NOT-WIRED,cannot-execute-here: not-in-build
mincore-residency,mincore_residency,naked,liteinst,NOT-WIRED,cannot-execute-here: runtime .so missing
mincore-residency,mincore_residency,naked,sabre,NOT-WIRED,cannot-execute-here: not-in-build
mincore-residency,mincore_residency,naked,e9patch,NOT-WIRED,cannot-execute-here: not-in-build
mincore-residency,mincore_residency,replay,ptrace,DECLINED-IN-MANIFEST,
mincore-residency,mincore_residency,replay,kvm,DECLINED-IN-MANIFEST,cannot-execute-here: HUNG(no verdict in 60s)
mincore-residency,mincore_residency,replay,dbi,DECLINED-IN-MANIFEST,cannot-execute-here: not-in-build
mincore-residency,mincore_residency,replay,liteinst,DECLINED-IN-MANIFEST,cannot-execute-here: runtime .so missing
mincore-residency,mincore_residency,replay,sabre,DECLINED-IN-MANIFEST,cannot-execute-here: not-in-build
mincore-residency,mincore_residency,replay,e9patch,NOT-WIRED,cannot-execute-here: not-in-build
mincore-residency,mincore_residency,chaos,ptrace,DECLINED-IN-MANIFEST,
mincore-residency,mincore_residency,chaos,kvm,DECLINED-IN-MANIFEST,cannot-execute-here: HUNG(no verdict in 60s)
mincore-residency,mincore_residency,chaos,dbi,DECLINED-IN-MANIFEST,cannot-execute-here: not-in-build
mincore-residency,mincore_residency,chaos,liteinst,DECLINED-IN-MANIFEST,cannot-execute-here: runtime .so missing
mincore-residency,mincore_residency,chaos,sabre,DECLINED-IN-MANIFEST,cannot-execute-here: not-in-build
mincore-residency,mincore_residency,chaos,e9patch,NOT-WIRED,cannot-execute-here: not-in-build
mincore-residency,mincore_residency,custom,ptrace,DECLINED-IN-MANIFEST,
mincore-residency,mincore_residency,custom,kvm,DECLINED-IN-MANIFEST,cannot-execute-here: HUNG(no verdict in 60s)
mincore-residency,mincore_residency,custom,dbi,DECLINED-IN-MANIFEST,cannot-execute-here: not-in-build
mincore-residency,mincore_residency,custom,liteinst,DECLINED-IN-MANIFEST,cannot-execute-here: runtime .so missing
mincore-residency,mincore_residency,custom,sabre,DECLINED-IN-MANIFEST,cannot-execute-here: not-in-build
mincore-residency,mincore_residency,custom,e9patch,NOT-WIRED,cannot-execute-here: not-in-build
mkdir-rmdir,mkdir_rmdir,verify,ptrace,GATED-OFF(ci=false),EXECUTED ok=6 rc=0
mkdir-rmdir,mkdir_rmdir,verify,kvm,DECLINED-IN-MANIFEST,cannot-execute-here: HUNG(no verdict in 60s)
mkdir-rmdir,mkdir_rmdir,verify,dbi,DECLINED-IN-MANIFEST,cannot-execute-here: not-in-build
mkdir-rmdir,mkdir_rmdir,verify,liteinst,DECLINED-IN-MANIFEST,cannot-execute-here: runtime .so missing
mkdir-rmdir,mkdir_rmdir,verify,sabre,DECLINED-IN-MANIFEST,cannot-execute-here: not-in-build
mkdir-rmdir,mkdir_rmdir,verify,e9patch,NOT-WIRED,cannot-execute-here: not-in-build
mkdir-rmdir,mkdir_rmdir,naked,ptrace,NOT-WIRED,
mkdir-rmdir,mkdir_rmdir,naked,kvm,NOT-WIRED,cannot-execute-here: HUNG(no verdict in 60s)
mkdir-rmdir,mkdir_rmdir,naked,dbi,NOT-WIRED,cannot-execute-here: not-in-build
mkdir-rmdir,mkdir_rmdir,naked,liteinst,NOT-WIRED,cannot-execute-here: runtime .so missing
mkdir-rmdir,mkdir_rmdir,naked,sabre,NOT-WIRED,cannot-execute-here: not-in-build
mkdir-rmdir,mkdir_rmdir,naked,e9patch,NOT-WIRED,cannot-execute-here: not-in-build
mkdir-rmdir,mkdir_rmdir,replay,ptrace,DECLINED-IN-MANIFEST,
mkdir-rmdir,mkdir_rmdir,replay,kvm,DECLINED-IN-MANIFEST,cannot-execute-here: HUNG(no verdict in 60s)
mkdir-rmdir,mkdir_rmdir,replay,dbi,DECLINED-IN-MANIFEST,cannot-execute-here: not-in-build
mkdir-rmdir,mkdir_rmdir,replay,liteinst,DECLINED-IN-MANIFEST,cannot-execute-here: runtime .so missing
mkdir-rmdir,mkdir_rmdir,replay,sabre,DECLINED-IN-MANIFEST,cannot-execute-here: not-in-build
mkdir-rmdir,mkdir_rmdir,replay,e9patch,NOT-WIRED,cannot-execute-here: not-in-build
mkdir-rmdir,mkdir_rmdir,chaos,ptrace,DECLINED-IN-MANIFEST,
mkdir-rmdir,mkdir_rmdir,chaos,kvm,DECLINED-IN-MANIFEST,cannot-execute-here: HUNG(no verdict in 60s)
mkdir-rmdir,mkdir_rmdir,chaos,dbi,DECLINED-IN-MANIFEST,cannot-execute-here: not-in-build
mkdir-rmdir,mkdir_rmdir,chaos,liteinst,DECLINED-IN-MANIFEST,cannot-execute-here: runtime .so missing
mkdir-rmdir,mkdir_rmdir,chaos,sabre,DECLINED-IN-MANIFEST,cannot-execute-here: not-in-build
mkdir-rmdir,mkdir_rmdir,chaos,e9patch,NOT-WIRED,cannot-execute-here: not-in-build
mkdir-rmdir,mkdir_rmdir,custom,ptrace,DECLINED-IN-MANIFEST,
mkdir-rmdir,mkdir_rmdir,custom,kvm,DECLINED-IN-MANIFEST,cannot-execute-here: HUNG(no verdict in 60s)
mkdir-rmdir,mkdir_rmdir,custom,dbi,DECLINED-IN-MANIFEST,cannot-execute-here: not-in-build
mkdir-rmdir,mkdir_rmdir,custom,liteinst,DECLINED-IN-MANIFEST,cannot-execute-here: runtime .so missing
mkdir-rmdir,mkdir_rmdir,custom,sabre,DECLINED-IN-MANIFEST,cannot-execute-here: not-in-build
mkdir-rmdir,mkdir_rmdir,custom,e9patch,NOT-WIRED,cannot-execute-here: not-in-build
mknod-special,mknod_special,verify,ptrace,GATED-OFF(ci=false),EXECUTED ok=4 rc=0
mknod-special,mknod_special,verify,kvm,DECLINED-IN-MANIFEST,cannot-execute-here: HUNG(no verdict in 60s)
mknod-special,mknod_special,verify,dbi,DECLINED-IN-MANIFEST,cannot-execute-here: not-in-build
mknod-special,mknod_special,verify,liteinst,DECLINED-IN-MANIFEST,cannot-execute-here: runtime .so missing
mknod-special,mknod_special,verify,sabre,DECLINED-IN-MANIFEST,cannot-execute-here: not-in-build
mknod-special,mknod_special,verify,e9patch,NOT-WIRED,cannot-execute-here: not-in-build
mknod-special,mknod_special,naked,ptrace,NOT-WIRED,
mknod-special,mknod_special,naked,kvm,NOT-WIRED,cannot-execute-here: HUNG(no verdict in 60s)
mknod-special,mknod_special,naked,dbi,NOT-WIRED,cannot-execute-here: not-in-build
mknod-special,mknod_special,naked,liteinst,NOT-WIRED,cannot-execute-here: runtime .so missing
mknod-special,mknod_special,naked,sabre,NOT-WIRED,cannot-execute-here: not-in-build
mknod-special,mknod_special,naked,e9patch,NOT-WIRED,cannot-execute-here: not-in-build
mknod-special,mknod_special,replay,ptrace,DECLINED-IN-MANIFEST,
mknod-special,mknod_special,replay,kvm,DECLINED-IN-MANIFEST,cannot-execute-here: HUNG(no verdict in 60s)
mknod-special,mknod_special,replay,dbi,DECLINED-IN-MANIFEST,cannot-execute-here: not-in-build
mknod-special,mknod_special,replay,liteinst,DECLINED-IN-MANIFEST,cannot-execute-here: runtime .so missing
mknod-special,mknod_special,replay,sabre,DECLINED-IN-MANIFEST,cannot-execute-here: not-in-build
mknod-special,mknod_special,replay,e9patch,NOT-WIRED,cannot-execute-here: not-in-build
mknod-special,mknod_special,chaos,ptrace,DECLINED-IN-MANIFEST,
mknod-special,mknod_special,chaos,kvm,DECLINED-IN-MANIFEST,cannot-execute-here: HUNG(no verdict in 60s)
mknod-special,mknod_special,chaos,dbi,DECLINED-IN-MANIFEST,cannot-execute-here: not-in-build
mknod-special,mknod_special,chaos,liteinst,DECLINED-IN-MANIFEST,cannot-execute-here: runtime .so missing
mknod-special,mknod_special,chaos,sabre,DECLINED-IN-MANIFEST,cannot-execute-here: not-in-build
mknod-special,mknod_special,chaos,e9patch,NOT-WIRED,cannot-execute-here: not-in-build
mknod-special,mknod_special,custom,ptrace,DECLINED-IN-MANIFEST,
mknod-special,mknod_special,custom,kvm,DECLINED-IN-MANIFEST,cannot-execute-here: HUNG(no verdict in 60s)
mknod-special,mknod_special,custom,dbi,DECLINED-IN-MANIFEST,cannot-execute-here: not-in-build
mknod-special,mknod_special,custom,liteinst,DECLINED-IN-MANIFEST,cannot-execute-here: runtime .so missing
mknod-special,mknod_special,custom,sabre,DECLINED-IN-MANIFEST,cannot-execute-here: not-in-build
mknod-special,mknod_special,custom,e9patch,NOT-WIRED,cannot-execute-here: not-in-build
numa-node-identity,numa_node_identity,verify,ptrace,GATED-OFF(ci=false),"ran rc=0, NO ok= count"
numa-node-identity,numa_node_identity,verify,kvm,DECLINED-IN-MANIFEST,cannot-execute-here: HUNG(no verdict in 60s)
numa-node-identity,numa_node_identity,verify,dbi,GATED-OFF(ci=false),cannot-execute-here: not-in-build
numa-node-identity,numa_node_identity,verify,liteinst,DECLINED-IN-MANIFEST,cannot-execute-here: runtime .so missing
numa-node-identity,numa_node_identity,verify,sabre,DECLINED-IN-MANIFEST,cannot-execute-here: not-in-build
numa-node-identity,numa_node_identity,verify,e9patch,NOT-WIRED,cannot-execute-here: not-in-build
numa-node-identity,numa_node_identity,naked,ptrace,NOT-WIRED,
numa-node-identity,numa_node_identity,naked,kvm,NOT-WIRED,cannot-execute-here: HUNG(no verdict in 60s)
numa-node-identity,numa_node_identity,naked,dbi,NOT-WIRED,cannot-execute-here: not-in-build
numa-node-identity,numa_node_identity,naked,liteinst,NOT-WIRED,cannot-execute-here: runtime .so missing
numa-node-identity,numa_node_identity,naked,sabre,NOT-WIRED,cannot-execute-here: not-in-build
numa-node-identity,numa_node_identity,naked,e9patch,NOT-WIRED,cannot-execute-here: not-in-build
numa-node-identity,numa_node_identity,replay,ptrace,DECLINED-IN-MANIFEST,
numa-node-identity,numa_node_identity,replay,kvm,DECLINED-IN-MANIFEST,cannot-execute-here: HUNG(no verdict in 60s)
numa-node-identity,numa_node_identity,replay,dbi,DECLINED-IN-MANIFEST,cannot-execute-here: not-in-build
numa-node-identity,numa_node_identity,replay,liteinst,DECLINED-IN-MANIFEST,cannot-execute-here: runtime .so missing
numa-node-identity,numa_node_identity,replay,sabre,DECLINED-IN-MANIFEST,cannot-execute-here: not-in-build
numa-node-identity,numa_node_identity,replay,e9patch,NOT-WIRED,cannot-execute-here: not-in-build
numa-node-identity,numa_node_identity,chaos,ptrace,DECLINED-IN-MANIFEST,
numa-node-identity,numa_node_identity,chaos,kvm,DECLINED-IN-MANIFEST,cannot-execute-here: HUNG(no verdict in 60s)
numa-node-identity,numa_node_identity,chaos,dbi,DECLINED-IN-MANIFEST,cannot-execute-here: not-in-build
numa-node-identity,numa_node_identity,chaos,liteinst,DECLINED-IN-MANIFEST,cannot-execute-here: runtime .so missing
numa-node-identity,numa_node_identity,chaos,sabre,DECLINED-IN-MANIFEST,cannot-execute-here: not-in-build
numa-node-identity,numa_node_identity,chaos,e9patch,NOT-WIRED,cannot-execute-here: not-in-build
numa-node-identity,numa_node_identity,custom,ptrace,DECLINED-IN-MANIFEST,
numa-node-identity,numa_node_identity,custom,kvm,DECLINED-IN-MANIFEST,cannot-execute-here: HUNG(no verdict in 60s)
numa-node-identity,numa_node_identity,custom,dbi,DECLINED-IN-MANIFEST,cannot-execute-here: not-in-build
numa-node-identity,numa_node_identity,custom,liteinst,DECLINED-IN-MANIFEST,cannot-execute-here: runtime .so missing
numa-node-identity,numa_node_identity,custom,sabre,DECLINED-IN-MANIFEST,cannot-execute-here: not-in-build
numa-node-identity,numa_node_identity,custom,e9patch,NOT-WIRED,cannot-execute-here: not-in-build
name-to-handle-refusal,name_to_handle,verify,ptrace,GATED-OFF(ci=false),EXECUTED ok=3 rc=0
name-to-handle-refusal,name_to_handle,verify,kvm,DECLINED-IN-MANIFEST,cannot-execute-here: HUNG(no verdict in 60s)
name-to-handle-refusal,name_to_handle,verify,dbi,DECLINED-IN-MANIFEST,cannot-execute-here: not-in-build
name-to-handle-refusal,name_to_handle,verify,liteinst,DECLINED-IN-MANIFEST,cannot-execute-here: runtime .so missing
name-to-handle-refusal,name_to_handle,verify,sabre,DECLINED-IN-MANIFEST,cannot-execute-here: not-in-build
name-to-handle-refusal,name_to_handle,verify,e9patch,NOT-WIRED,cannot-execute-here: not-in-build
name-to-handle-refusal,name_to_handle,naked,ptrace,NOT-WIRED,
name-to-handle-refusal,name_to_handle,naked,kvm,NOT-WIRED,cannot-execute-here: HUNG(no verdict in 60s)
name-to-handle-refusal,name_to_handle,naked,dbi,NOT-WIRED,cannot-execute-here: not-in-build
name-to-handle-refusal,name_to_handle,naked,liteinst,NOT-WIRED,cannot-execute-here: runtime .so missing
name-to-handle-refusal,name_to_handle,naked,sabre,NOT-WIRED,cannot-execute-here: not-in-build
name-to-handle-refusal,name_to_handle,naked,e9patch,NOT-WIRED,cannot-execute-here: not-in-build
name-to-handle-refusal,name_to_handle,replay,ptrace,DECLINED-IN-MANIFEST,
name-to-handle-refusal,name_to_handle,replay,kvm,DECLINED-IN-MANIFEST,cannot-execute-here: HUNG(no verdict in 60s)
name-to-handle-refusal,name_to_handle,replay,dbi,DECLINED-IN-MANIFEST,cannot-execute-here: not-in-build
name-to-handle-refusal,name_to_handle,replay,liteinst,DECLINED-IN-MANIFEST,cannot-execute-here: runtime .so missing
name-to-handle-refusal,name_to_handle,replay,sabre,DECLINED-IN-MANIFEST,cannot-execute-here: not-in-build
name-to-handle-refusal,name_to_handle,replay,e9patch,NOT-WIRED,cannot-execute-here: not-in-build
name-to-handle-refusal,name_to_handle,chaos,ptrace,DECLINED-IN-MANIFEST,
name-to-handle-refusal,name_to_handle,chaos,kvm,DECLINED-IN-MANIFEST,cannot-execute-here: HUNG(no verdict in 60s)
name-to-handle-refusal,name_to_handle,chaos,dbi,DECLINED-IN-MANIFEST,cannot-execute-here: not-in-build
name-to-handle-refusal,name_to_handle,chaos,liteinst,DECLINED-IN-MANIFEST,cannot-execute-here: runtime .so missing
name-to-handle-refusal,name_to_handle,chaos,sabre,DECLINED-IN-MANIFEST,cannot-execute-here: not-in-build
name-to-handle-refusal,name_to_handle,chaos,e9patch,NOT-WIRED,cannot-execute-here: not-in-build
name-to-handle-refusal,name_to_handle,custom,ptrace,DECLINED-IN-MANIFEST,
name-to-handle-refusal,name_to_handle,custom,kvm,DECLINED-IN-MANIFEST,cannot-execute-here: HUNG(no verdict in 60s)
name-to-handle-refusal,name_to_handle,custom,dbi,DECLINED-IN-MANIFEST,cannot-execute-here: not-in-build
name-to-handle-refusal,name_to_handle,custom,liteinst,DECLINED-IN-MANIFEST,cannot-execute-here: runtime .so missing
name-to-handle-refusal,name_to_handle,custom,sabre,DECLINED-IN-MANIFEST,cannot-execute-here: not-in-build
name-to-handle-refusal,name_to_handle,custom,e9patch,NOT-WIRED,cannot-execute-here: not-in-build
no-new-privs-refusal,no_new_privs_refusal,verify,ptrace,GATED-OFF(ci=false),EXECUTED ok=3 rc=0
no-new-privs-refusal,no_new_privs_refusal,verify,kvm,DECLINED-IN-MANIFEST,cannot-execute-here: HUNG(no verdict in 60s)
no-new-privs-refusal,no_new_privs_refusal,verify,dbi,DECLINED-IN-MANIFEST,cannot-execute-here: not-in-build
no-new-privs-refusal,no_new_privs_refusal,verify,liteinst,DECLINED-IN-MANIFEST,cannot-execute-here: runtime .so missing
no-new-privs-refusal,no_new_privs_refusal,verify,sabre,DECLINED-IN-MANIFEST,cannot-execute-here: not-in-build
no-new-privs-refusal,no_new_privs_refusal,verify,e9patch,NOT-WIRED,cannot-execute-here: not-in-build
no-new-privs-refusal,no_new_privs_refusal,naked,ptrace,NOT-WIRED,
no-new-privs-refusal,no_new_privs_refusal,naked,kvm,NOT-WIRED,cannot-execute-here: HUNG(no verdict in 60s)
no-new-privs-refusal,no_new_privs_refusal,naked,dbi,NOT-WIRED,cannot-execute-here: not-in-build
no-new-privs-refusal,no_new_privs_refusal,naked,liteinst,NOT-WIRED,cannot-execute-here: runtime .so missing
no-new-privs-refusal,no_new_privs_refusal,naked,sabre,NOT-WIRED,cannot-execute-here: not-in-build
no-new-privs-refusal,no_new_privs_refusal,naked,e9patch,NOT-WIRED,cannot-execute-here: not-in-build
no-new-privs-refusal,no_new_privs_refusal,replay,ptrace,DECLINED-IN-MANIFEST,
no-new-privs-refusal,no_new_privs_refusal,replay,kvm,DECLINED-IN-MANIFEST,cannot-execute-here: HUNG(no verdict in 60s)
no-new-privs-refusal,no_new_privs_refusal,replay,dbi,DECLINED-IN-MANIFEST,cannot-execute-here: not-in-build
no-new-privs-refusal,no_new_privs_refusal,replay,liteinst,DECLINED-IN-MANIFEST,cannot-execute-here: runtime .so missing
no-new-privs-refusal,no_new_privs_refusal,replay,sabre,DECLINED-IN-MANIFEST,cannot-execute-here: not-in-build
no-new-privs-refusal,no_new_privs_refusal,replay,e9patch,NOT-WIRED,cannot-execute-here: not-in-build
no-new-privs-refusal,no_new_privs_refusal,chaos,ptrace,DECLINED-IN-MANIFEST,
no-new-privs-refusal,no_new_privs_refusal,chaos,kvm,DECLINED-IN-MANIFEST,cannot-execute-here: HUNG(no verdict in 60s)
no-new-privs-refusal,no_new_privs_refusal,chaos,dbi,DECLINED-IN-MANIFEST,cannot-execute-here: not-in-build
no-new-privs-refusal,no_new_privs_refusal,chaos,liteinst,DECLINED-IN-MANIFEST,cannot-execute-here: runtime .so missing
no-new-privs-refusal,no_new_privs_refusal,chaos,sabre,DECLINED-IN-MANIFEST,cannot-execute-here: not-in-build
no-new-privs-refusal,no_new_privs_refusal,chaos,e9patch,NOT-WIRED,cannot-execute-here: not-in-build
no-new-privs-refusal,no_new_privs_refusal,custom,ptrace,DECLINED-IN-MANIFEST,
no-new-privs-refusal,no_new_privs_refusal,custom,kvm,DECLINED-IN-MANIFEST,cannot-execute-here: HUNG(no verdict in 60s)
no-new-privs-refusal,no_new_privs_refusal,custom,dbi,DECLINED-IN-MANIFEST,cannot-execute-here: not-in-build
no-new-privs-refusal,no_new_privs_refusal,custom,liteinst,DECLINED-IN-MANIFEST,cannot-execute-here: runtime .so missing
no-new-privs-refusal,no_new_privs_refusal,custom,sabre,DECLINED-IN-MANIFEST,cannot-execute-here: not-in-build
no-new-privs-refusal,no_new_privs_refusal,custom,e9patch,NOT-WIRED,cannot-execute-here: not-in-build
openat2-refusal,openat2_refusal,verify,ptrace,GATED-OFF(ci=false),EXECUTED ok=3 rc=0
openat2-refusal,openat2_refusal,verify,kvm,DECLINED-IN-MANIFEST,cannot-execute-here: HUNG(no verdict in 60s)
openat2-refusal,openat2_refusal,verify,dbi,DECLINED-IN-MANIFEST,cannot-execute-here: not-in-build
openat2-refusal,openat2_refusal,verify,liteinst,DECLINED-IN-MANIFEST,cannot-execute-here: runtime .so missing
openat2-refusal,openat2_refusal,verify,sabre,DECLINED-IN-MANIFEST,cannot-execute-here: not-in-build
openat2-refusal,openat2_refusal,verify,e9patch,NOT-WIRED,cannot-execute-here: not-in-build
openat2-refusal,openat2_refusal,naked,ptrace,NOT-WIRED,
openat2-refusal,openat2_refusal,naked,kvm,NOT-WIRED,cannot-execute-here: HUNG(no verdict in 60s)
openat2-refusal,openat2_refusal,naked,dbi,NOT-WIRED,cannot-execute-here: not-in-build
openat2-refusal,openat2_refusal,naked,liteinst,NOT-WIRED,cannot-execute-here: runtime .so missing
openat2-refusal,openat2_refusal,naked,sabre,NOT-WIRED,cannot-execute-here: not-in-build
openat2-refusal,openat2_refusal,naked,e9patch,NOT-WIRED,cannot-execute-here: not-in-build
openat2-refusal,openat2_refusal,replay,ptrace,DECLINED-IN-MANIFEST,
openat2-refusal,openat2_refusal,replay,kvm,DECLINED-IN-MANIFEST,cannot-execute-here: HUNG(no verdict in 60s)
openat2-refusal,openat2_refusal,replay,dbi,DECLINED-IN-MANIFEST,cannot-execute-here: not-in-build
openat2-refusal,openat2_refusal,replay,liteinst,DECLINED-IN-MANIFEST,cannot-execute-here: runtime .so missing
openat2-refusal,openat2_refusal,replay,sabre,DECLINED-IN-MANIFEST,cannot-execute-here: not-in-build
openat2-refusal,openat2_refusal,replay,e9patch,NOT-WIRED,cannot-execute-here: not-in-build
openat2-refusal,openat2_refusal,chaos,ptrace,DECLINED-IN-MANIFEST,
openat2-refusal,openat2_refusal,chaos,kvm,DECLINED-IN-MANIFEST,cannot-execute-here: HUNG(no verdict in 60s)
openat2-refusal,openat2_refusal,chaos,dbi,DECLINED-IN-MANIFEST,cannot-execute-here: not-in-build
openat2-refusal,openat2_refusal,chaos,liteinst,DECLINED-IN-MANIFEST,cannot-execute-here: runtime .so missing
openat2-refusal,openat2_refusal,chaos,sabre,DECLINED-IN-MANIFEST,cannot-execute-here: not-in-build
openat2-refusal,openat2_refusal,chaos,e9patch,NOT-WIRED,cannot-execute-here: not-in-build
openat2-refusal,openat2_refusal,custom,ptrace,DECLINED-IN-MANIFEST,
openat2-refusal,openat2_refusal,custom,kvm,DECLINED-IN-MANIFEST,cannot-execute-here: HUNG(no verdict in 60s)
openat2-refusal,openat2_refusal,custom,dbi,DECLINED-IN-MANIFEST,cannot-execute-here: not-in-build
openat2-refusal,openat2_refusal,custom,liteinst,DECLINED-IN-MANIFEST,cannot-execute-here: runtime .so missing
openat2-refusal,openat2_refusal,custom,sabre,DECLINED-IN-MANIFEST,cannot-execute-here: not-in-build
openat2-refusal,openat2_refusal,custom,e9patch,NOT-WIRED,cannot-execute-here: not-in-build
path-file-ops,path_file_ops,verify,ptrace,GATED-OFF(ci=false),EXECUTED ok=6 rc=0
path-file-ops,path_file_ops,verify,kvm,DECLINED-IN-MANIFEST,cannot-execute-here: HUNG(no verdict in 60s)
path-file-ops,path_file_ops,verify,dbi,DECLINED-IN-MANIFEST,cannot-execute-here: not-in-build
path-file-ops,path_file_ops,verify,liteinst,DECLINED-IN-MANIFEST,cannot-execute-here: runtime .so missing
path-file-ops,path_file_ops,verify,sabre,DECLINED-IN-MANIFEST,cannot-execute-here: not-in-build
path-file-ops,path_file_ops,verify,e9patch,NOT-WIRED,cannot-execute-here: not-in-build
path-file-ops,path_file_ops,naked,ptrace,NOT-WIRED,
path-file-ops,path_file_ops,naked,kvm,NOT-WIRED,cannot-execute-here: HUNG(no verdict in 60s)
path-file-ops,path_file_ops,naked,dbi,NOT-WIRED,cannot-execute-here: not-in-build
path-file-ops,path_file_ops,naked,liteinst,NOT-WIRED,cannot-execute-here: runtime .so missing
path-file-ops,path_file_ops,naked,sabre,NOT-WIRED,cannot-execute-here: not-in-build
path-file-ops,path_file_ops,naked,e9patch,NOT-WIRED,cannot-execute-here: not-in-build
path-file-ops,path_file_ops,replay,ptrace,DECLINED-IN-MANIFEST,
path-file-ops,path_file_ops,replay,kvm,DECLINED-IN-MANIFEST,cannot-execute-here: HUNG(no verdict in 60s)
path-file-ops,path_file_ops,replay,dbi,DECLINED-IN-MANIFEST,cannot-execute-here: not-in-build
path-file-ops,path_file_ops,replay,liteinst,DECLINED-IN-MANIFEST,cannot-execute-here: runtime .so missing
path-file-ops,path_file_ops,replay,sabre,DECLINED-IN-MANIFEST,cannot-execute-here: not-in-build
path-file-ops,path_file_ops,replay,e9patch,NOT-WIRED,cannot-execute-here: not-in-build
path-file-ops,path_file_ops,chaos,ptrace,DECLINED-IN-MANIFEST,
path-file-ops,path_file_ops,chaos,kvm,DECLINED-IN-MANIFEST,cannot-execute-here: HUNG(no verdict in 60s)
path-file-ops,path_file_ops,chaos,dbi,DECLINED-IN-MANIFEST,cannot-execute-here: not-in-build
path-file-ops,path_file_ops,chaos,liteinst,DECLINED-IN-MANIFEST,cannot-execute-here: runtime .so missing
path-file-ops,path_file_ops,chaos,sabre,DECLINED-IN-MANIFEST,cannot-execute-here: not-in-build
path-file-ops,path_file_ops,chaos,e9patch,NOT-WIRED,cannot-execute-here: not-in-build
path-file-ops,path_file_ops,custom,ptrace,DECLINED-IN-MANIFEST,
path-file-ops,path_file_ops,custom,kvm,DECLINED-IN-MANIFEST,cannot-execute-here: HUNG(no verdict in 60s)
path-file-ops,path_file_ops,custom,dbi,DECLINED-IN-MANIFEST,cannot-execute-here: not-in-build
path-file-ops,path_file_ops,custom,liteinst,DECLINED-IN-MANIFEST,cannot-execute-here: runtime .so missing
path-file-ops,path_file_ops,custom,sabre,DECLINED-IN-MANIFEST,cannot-execute-here: not-in-build
path-file-ops,path_file_ops,custom,e9patch,NOT-WIRED,cannot-execute-here: not-in-build
pid-probe,pid_probe,verify,ptrace,GATED-OFF(ci=false),"ran rc=0, NO ok= count"
pid-probe,pid_probe,verify,kvm,DECLINED-IN-MANIFEST,cannot-execute-here: HUNG(no verdict in 60s)
pid-probe,pid_probe,verify,dbi,DECLINED-IN-MANIFEST,cannot-execute-here: not-in-build
pid-probe,pid_probe,verify,liteinst,GATED-OFF(ci=false),cannot-execute-here: runtime .so missing
pid-probe,pid_probe,verify,sabre,GATED-OFF(ci=false),cannot-execute-here: not-in-build
pid-probe,pid_probe,verify,e9patch,NOT-WIRED,cannot-execute-here: not-in-build
pid-probe,pid_probe,naked,ptrace,NOT-WIRED,
pid-probe,pid_probe,naked,kvm,NOT-WIRED,cannot-execute-here: HUNG(no verdict in 60s)
pid-probe,pid_probe,naked,dbi,NOT-WIRED,cannot-execute-here: not-in-build
pid-probe,pid_probe,naked,liteinst,NOT-WIRED,cannot-execute-here: runtime .so missing
pid-probe,pid_probe,naked,sabre,NOT-WIRED,cannot-execute-here: not-in-build
pid-probe,pid_probe,naked,e9patch,NOT-WIRED,cannot-execute-here: not-in-build
pid-probe,pid_probe,replay,ptrace,DECLINED-IN-MANIFEST,
pid-probe,pid_probe,replay,kvm,DECLINED-IN-MANIFEST,cannot-execute-here: HUNG(no verdict in 60s)
pid-probe,pid_probe,replay,dbi,DECLINED-IN-MANIFEST,cannot-execute-here: not-in-build
pid-probe,pid_probe,replay,liteinst,DECLINED-IN-MANIFEST,cannot-execute-here: runtime .so missing
pid-probe,pid_probe,replay,sabre,DECLINED-IN-MANIFEST,cannot-execute-here: not-in-build
pid-probe,pid_probe,replay,e9patch,NOT-WIRED,cannot-execute-here: not-in-build
pid-probe,pid_probe,chaos,ptrace,DECLINED-IN-MANIFEST,
pid-probe,pid_probe,chaos,kvm,DECLINED-IN-MANIFEST,cannot-execute-here: HUNG(no verdict in 60s)
pid-probe,pid_probe,chaos,dbi,DECLINED-IN-MANIFEST,cannot-execute-here: not-in-build
pid-probe,pid_probe,chaos,liteinst,DECLINED-IN-MANIFEST,cannot-execute-here: runtime .so missing
pid-probe,pid_probe,chaos,sabre,DECLINED-IN-MANIFEST,cannot-execute-here: not-in-build
pid-probe,pid_probe,chaos,e9patch,NOT-WIRED,cannot-execute-here: not-in-build
pid-probe,pid_probe,custom,ptrace,DECLINED-IN-MANIFEST,
pid-probe,pid_probe,custom,kvm,DECLINED-IN-MANIFEST,cannot-execute-here: HUNG(no verdict in 60s)
pid-probe,pid_probe,custom,dbi,DECLINED-IN-MANIFEST,cannot-execute-here: not-in-build
pid-probe,pid_probe,custom,liteinst,DECLINED-IN-MANIFEST,cannot-execute-here: runtime .so missing
pid-probe,pid_probe,custom,sabre,DECLINED-IN-MANIFEST,cannot-execute-here: not-in-build
pid-probe,pid_probe,custom,e9patch,NOT-WIRED,cannot-execute-here: not-in-build
pipe2-flags,pipe2_flags,verify,ptrace,GATED-OFF(ci=false),EXECUTED ok=4 rc=0
pipe2-flags,pipe2_flags,verify,kvm,DECLINED-IN-MANIFEST,cannot-execute-here: HUNG(no verdict in 60s)
pipe2-flags,pipe2_flags,verify,dbi,DECLINED-IN-MANIFEST,cannot-execute-here: not-in-build
pipe2-flags,pipe2_flags,verify,liteinst,DECLINED-IN-MANIFEST,cannot-execute-here: runtime .so missing
pipe2-flags,pipe2_flags,verify,sabre,DECLINED-IN-MANIFEST,cannot-execute-here: not-in-build
pipe2-flags,pipe2_flags,verify,e9patch,NOT-WIRED,cannot-execute-here: not-in-build
pipe2-flags,pipe2_flags,naked,ptrace,NOT-WIRED,
pipe2-flags,pipe2_flags,naked,kvm,NOT-WIRED,cannot-execute-here: HUNG(no verdict in 60s)
pipe2-flags,pipe2_flags,naked,dbi,NOT-WIRED,cannot-execute-here: not-in-build
pipe2-flags,pipe2_flags,naked,liteinst,NOT-WIRED,cannot-execute-here: runtime .so missing
pipe2-flags,pipe2_flags,naked,sabre,NOT-WIRED,cannot-execute-here: not-in-build
pipe2-flags,pipe2_flags,naked,e9patch,NOT-WIRED,cannot-execute-here: not-in-build
pipe2-flags,pipe2_flags,replay,ptrace,DECLINED-IN-MANIFEST,
pipe2-flags,pipe2_flags,replay,kvm,DECLINED-IN-MANIFEST,cannot-execute-here: HUNG(no verdict in 60s)
pipe2-flags,pipe2_flags,replay,dbi,DECLINED-IN-MANIFEST,cannot-execute-here: not-in-build
pipe2-flags,pipe2_flags,replay,liteinst,DECLINED-IN-MANIFEST,cannot-execute-here: runtime .so missing
pipe2-flags,pipe2_flags,replay,sabre,DECLINED-IN-MANIFEST,cannot-execute-here: not-in-build
pipe2-flags,pipe2_flags,replay,e9patch,NOT-WIRED,cannot-execute-here: not-in-build
pipe2-flags,pipe2_flags,chaos,ptrace,DECLINED-IN-MANIFEST,
pipe2-flags,pipe2_flags,chaos,kvm,DECLINED-IN-MANIFEST,cannot-execute-here: HUNG(no verdict in 60s)
pipe2-flags,pipe2_flags,chaos,dbi,DECLINED-IN-MANIFEST,cannot-execute-here: not-in-build
pipe2-flags,pipe2_flags,chaos,liteinst,DECLINED-IN-MANIFEST,cannot-execute-here: runtime .so missing
pipe2-flags,pipe2_flags,chaos,sabre,DECLINED-IN-MANIFEST,cannot-execute-here: not-in-build
pipe2-flags,pipe2_flags,chaos,e9patch,NOT-WIRED,cannot-execute-here: not-in-build
pipe2-flags,pipe2_flags,custom,ptrace,DECLINED-IN-MANIFEST,
pipe2-flags,pipe2_flags,custom,kvm,DECLINED-IN-MANIFEST,cannot-execute-here: HUNG(no verdict in 60s)
pipe2-flags,pipe2_flags,custom,dbi,DECLINED-IN-MANIFEST,cannot-execute-here: not-in-build
pipe2-flags,pipe2_flags,custom,liteinst,DECLINED-IN-MANIFEST,cannot-execute-here: runtime .so missing
pipe2-flags,pipe2_flags,custom,sabre,DECLINED-IN-MANIFEST,cannot-execute-here: not-in-build
pipe2-flags,pipe2_flags,custom,e9patch,NOT-WIRED,cannot-execute-here: not-in-build
prctl-pdeathsig,prctl_pdeathsig,verify,ptrace,GATED-OFF(ci=false),EXECUTED ok=6 rc=0
prctl-pdeathsig,prctl_pdeathsig,verify,kvm,DECLINED-IN-MANIFEST,cannot-execute-here: HUNG(no verdict in 60s)
prctl-pdeathsig,prctl_pdeathsig,verify,dbi,DECLINED-IN-MANIFEST,cannot-execute-here: not-in-build
prctl-pdeathsig,prctl_pdeathsig,verify,liteinst,DECLINED-IN-MANIFEST,cannot-execute-here: runtime .so missing
prctl-pdeathsig,prctl_pdeathsig,verify,sabre,DECLINED-IN-MANIFEST,cannot-execute-here: not-in-build
prctl-pdeathsig,prctl_pdeathsig,verify,e9patch,NOT-WIRED,cannot-execute-here: not-in-build
prctl-pdeathsig,prctl_pdeathsig,naked,ptrace,NOT-WIRED,
prctl-pdeathsig,prctl_pdeathsig,naked,kvm,NOT-WIRED,cannot-execute-here: HUNG(no verdict in 60s)
prctl-pdeathsig,prctl_pdeathsig,naked,dbi,NOT-WIRED,cannot-execute-here: not-in-build
prctl-pdeathsig,prctl_pdeathsig,naked,liteinst,NOT-WIRED,cannot-execute-here: runtime .so missing
prctl-pdeathsig,prctl_pdeathsig,naked,sabre,NOT-WIRED,cannot-execute-here: not-in-build
prctl-pdeathsig,prctl_pdeathsig,naked,e9patch,NOT-WIRED,cannot-execute-here: not-in-build
prctl-pdeathsig,prctl_pdeathsig,replay,ptrace,DECLINED-IN-MANIFEST,
prctl-pdeathsig,prctl_pdeathsig,replay,kvm,DECLINED-IN-MANIFEST,cannot-execute-here: HUNG(no verdict in 60s)
prctl-pdeathsig,prctl_pdeathsig,replay,dbi,DECLINED-IN-MANIFEST,cannot-execute-here: not-in-build
prctl-pdeathsig,prctl_pdeathsig,replay,liteinst,DECLINED-IN-MANIFEST,cannot-execute-here: runtime .so missing
prctl-pdeathsig,prctl_pdeathsig,replay,sabre,DECLINED-IN-MANIFEST,cannot-execute-here: not-in-build
prctl-pdeathsig,prctl_pdeathsig,replay,e9patch,NOT-WIRED,cannot-execute-here: not-in-build
prctl-pdeathsig,prctl_pdeathsig,chaos,ptrace,DECLINED-IN-MANIFEST,
prctl-pdeathsig,prctl_pdeathsig,chaos,kvm,DECLINED-IN-MANIFEST,cannot-execute-here: HUNG(no verdict in 60s)
prctl-pdeathsig,prctl_pdeathsig,chaos,dbi,DECLINED-IN-MANIFEST,cannot-execute-here: not-in-build
prctl-pdeathsig,prctl_pdeathsig,chaos,liteinst,DECLINED-IN-MANIFEST,cannot-execute-here: runtime .so missing
prctl-pdeathsig,prctl_pdeathsig,chaos,sabre,DECLINED-IN-MANIFEST,cannot-execute-here: not-in-build
prctl-pdeathsig,prctl_pdeathsig,chaos,e9patch,NOT-WIRED,cannot-execute-here: not-in-build
prctl-pdeathsig,prctl_pdeathsig,custom,ptrace,DECLINED-IN-MANIFEST,
prctl-pdeathsig,prctl_pdeathsig,custom,kvm,DECLINED-IN-MANIFEST,cannot-execute-here: HUNG(no verdict in 60s)
prctl-pdeathsig,prctl_pdeathsig,custom,dbi,DECLINED-IN-MANIFEST,cannot-execute-here: not-in-build
prctl-pdeathsig,prctl_pdeathsig,custom,liteinst,DECLINED-IN-MANIFEST,cannot-execute-here: runtime .so missing
prctl-pdeathsig,prctl_pdeathsig,custom,sabre,DECLINED-IN-MANIFEST,cannot-execute-here: not-in-build
prctl-pdeathsig,prctl_pdeathsig,custom,e9patch,NOT-WIRED,cannot-execute-here: not-in-build
preadv2-flags,preadv2_flags,verify,ptrace,GATED-OFF(ci=false),EXECUTED ok=6 rc=0
preadv2-flags,preadv2_flags,verify,kvm,DECLINED-IN-MANIFEST,cannot-execute-here: HUNG(no verdict in 60s)
preadv2-flags,preadv2_flags,verify,dbi,DECLINED-IN-MANIFEST,cannot-execute-here: not-in-build
preadv2-flags,preadv2_flags,verify,liteinst,DECLINED-IN-MANIFEST,cannot-execute-here: runtime .so missing
preadv2-flags,preadv2_flags,verify,sabre,DECLINED-IN-MANIFEST,cannot-execute-here: not-in-build
preadv2-flags,preadv2_flags,verify,e9patch,NOT-WIRED,cannot-execute-here: not-in-build
preadv2-flags,preadv2_flags,naked,ptrace,NOT-WIRED,
preadv2-flags,preadv2_flags,naked,kvm,NOT-WIRED,cannot-execute-here: HUNG(no verdict in 60s)
preadv2-flags,preadv2_flags,naked,dbi,NOT-WIRED,cannot-execute-here: not-in-build
preadv2-flags,preadv2_flags,naked,liteinst,NOT-WIRED,cannot-execute-here: runtime .so missing
preadv2-flags,preadv2_flags,naked,sabre,NOT-WIRED,cannot-execute-here: not-in-build
preadv2-flags,preadv2_flags,naked,e9patch,NOT-WIRED,cannot-execute-here: not-in-build
preadv2-flags,preadv2_flags,replay,ptrace,DECLINED-IN-MANIFEST,
preadv2-flags,preadv2_flags,replay,kvm,DECLINED-IN-MANIFEST,cannot-execute-here: HUNG(no verdict in 60s)
preadv2-flags,preadv2_flags,replay,dbi,DECLINED-IN-MANIFEST,cannot-execute-here: not-in-build
preadv2-flags,preadv2_flags,replay,liteinst,DECLINED-IN-MANIFEST,cannot-execute-here: runtime .so missing
preadv2-flags,preadv2_flags,replay,sabre,DECLINED-IN-MANIFEST,cannot-execute-here: not-in-build
preadv2-flags,preadv2_flags,replay,e9patch,NOT-WIRED,cannot-execute-here: not-in-build
preadv2-flags,preadv2_flags,chaos,ptrace,DECLINED-IN-MANIFEST,
preadv2-flags,preadv2_flags,chaos,kvm,DECLINED-IN-MANIFEST,cannot-execute-here: HUNG(no verdict in 60s)
preadv2-flags,preadv2_flags,chaos,dbi,DECLINED-IN-MANIFEST,cannot-execute-here: not-in-build
preadv2-flags,preadv2_flags,chaos,liteinst,DECLINED-IN-MANIFEST,cannot-execute-here: runtime .so missing
preadv2-flags,preadv2_flags,chaos,sabre,DECLINED-IN-MANIFEST,cannot-execute-here: not-in-build
preadv2-flags,preadv2_flags,chaos,e9patch,NOT-WIRED,cannot-execute-here: not-in-build
preadv2-flags,preadv2_flags,custom,ptrace,DECLINED-IN-MANIFEST,
preadv2-flags,preadv2_flags,custom,kvm,DECLINED-IN-MANIFEST,cannot-execute-here: HUNG(no verdict in 60s)
preadv2-flags,preadv2_flags,custom,dbi,DECLINED-IN-MANIFEST,cannot-execute-here: not-in-build
preadv2-flags,preadv2_flags,custom,liteinst,DECLINED-IN-MANIFEST,cannot-execute-here: runtime .so missing
preadv2-flags,preadv2_flags,custom,sabre,DECLINED-IN-MANIFEST,cannot-execute-here: not-in-build
preadv2-flags,preadv2_flags,custom,e9patch,NOT-WIRED,cannot-execute-here: not-in-build
pthread-lifecycle,pthread_lifecycle,verify,ptrace,GATED-OFF(ci=false),"ran rc=0, NO ok= count"
pthread-lifecycle,pthread_lifecycle,verify,kvm,DECLINED-IN-MANIFEST,cannot-execute-here: HUNG(no verdict in 60s)
pthread-lifecycle,pthread_lifecycle,verify,dbi,DECLINED-IN-MANIFEST,cannot-execute-here: not-in-build
pthread-lifecycle,pthread_lifecycle,verify,liteinst,DECLINED-IN-MANIFEST,cannot-execute-here: runtime .so missing
pthread-lifecycle,pthread_lifecycle,verify,sabre,GATED-OFF(ci=false),cannot-execute-here: not-in-build
pthread-lifecycle,pthread_lifecycle,verify,e9patch,NOT-WIRED,cannot-execute-here: not-in-build
pthread-lifecycle,pthread_lifecycle,naked,ptrace,NOT-WIRED,
pthread-lifecycle,pthread_lifecycle,naked,kvm,NOT-WIRED,cannot-execute-here: HUNG(no verdict in 60s)
pthread-lifecycle,pthread_lifecycle,naked,dbi,NOT-WIRED,cannot-execute-here: not-in-build
pthread-lifecycle,pthread_lifecycle,naked,liteinst,NOT-WIRED,cannot-execute-here: runtime .so missing
pthread-lifecycle,pthread_lifecycle,naked,sabre,NOT-WIRED,cannot-execute-here: not-in-build
pthread-lifecycle,pthread_lifecycle,naked,e9patch,NOT-WIRED,cannot-execute-here: not-in-build
pthread-lifecycle,pthread_lifecycle,replay,ptrace,DECLINED-IN-MANIFEST,
pthread-lifecycle,pthread_lifecycle,replay,kvm,DECLINED-IN-MANIFEST,cannot-execute-here: HUNG(no verdict in 60s)
pthread-lifecycle,pthread_lifecycle,replay,dbi,DECLINED-IN-MANIFEST,cannot-execute-here: not-in-build
pthread-lifecycle,pthread_lifecycle,replay,liteinst,DECLINED-IN-MANIFEST,cannot-execute-here: runtime .so missing
pthread-lifecycle,pthread_lifecycle,replay,sabre,DECLINED-IN-MANIFEST,cannot-execute-here: not-in-build
pthread-lifecycle,pthread_lifecycle,replay,e9patch,NOT-WIRED,cannot-execute-here: not-in-build
pthread-lifecycle,pthread_lifecycle,chaos,ptrace,DECLINED-IN-MANIFEST,
pthread-lifecycle,pthread_lifecycle,chaos,kvm,DECLINED-IN-MANIFEST,cannot-execute-here: HUNG(no verdict in 60s)
pthread-lifecycle,pthread_lifecycle,chaos,dbi,DECLINED-IN-MANIFEST,cannot-execute-here: not-in-build
pthread-lifecycle,pthread_lifecycle,chaos,liteinst,DECLINED-IN-MANIFEST,cannot-execute-here: runtime .so missing
pthread-lifecycle,pthread_lifecycle,chaos,sabre,DECLINED-IN-MANIFEST,cannot-execute-here: not-in-build
pthread-lifecycle,pthread_lifecycle,chaos,e9patch,NOT-WIRED,cannot-execute-here: not-in-build
pthread-lifecycle,pthread_lifecycle,custom,ptrace,DECLINED-IN-MANIFEST,
pthread-lifecycle,pthread_lifecycle,custom,kvm,DECLINED-IN-MANIFEST,cannot-execute-here: HUNG(no verdict in 60s)
pthread-lifecycle,pthread_lifecycle,custom,dbi,DECLINED-IN-MANIFEST,cannot-execute-here: not-in-build
pthread-lifecycle,pthread_lifecycle,custom,liteinst,DECLINED-IN-MANIFEST,cannot-execute-here: runtime .so missing
pthread-lifecycle,pthread_lifecycle,custom,sabre,DECLINED-IN-MANIFEST,cannot-execute-here: not-in-build
pthread-lifecycle,pthread_lifecycle,custom,e9patch,NOT-WIRED,cannot-execute-here: not-in-build
readdir-entries,readdir_entries,verify,ptrace,GATED-OFF(ci=false),EXECUTED ok=3 rc=0
readdir-entries,readdir_entries,verify,kvm,DECLINED-IN-MANIFEST,cannot-execute-here: HUNG(no verdict in 60s)
readdir-entries,readdir_entries,verify,dbi,DECLINED-IN-MANIFEST,cannot-execute-here: not-in-build
readdir-entries,readdir_entries,verify,liteinst,DECLINED-IN-MANIFEST,cannot-execute-here: runtime .so missing
readdir-entries,readdir_entries,verify,sabre,DECLINED-IN-MANIFEST,cannot-execute-here: not-in-build
readdir-entries,readdir_entries,verify,e9patch,NOT-WIRED,cannot-execute-here: not-in-build
readdir-entries,readdir_entries,naked,ptrace,NOT-WIRED,
readdir-entries,readdir_entries,naked,kvm,NOT-WIRED,cannot-execute-here: HUNG(no verdict in 60s)
readdir-entries,readdir_entries,naked,dbi,NOT-WIRED,cannot-execute-here: not-in-build
readdir-entries,readdir_entries,naked,liteinst,NOT-WIRED,cannot-execute-here: runtime .so missing
readdir-entries,readdir_entries,naked,sabre,NOT-WIRED,cannot-execute-here: not-in-build
readdir-entries,readdir_entries,naked,e9patch,NOT-WIRED,cannot-execute-here: not-in-build
readdir-entries,readdir_entries,replay,ptrace,DECLINED-IN-MANIFEST,
readdir-entries,readdir_entries,replay,kvm,DECLINED-IN-MANIFEST,cannot-execute-here: HUNG(no verdict in 60s)
readdir-entries,readdir_entries,replay,dbi,DECLINED-IN-MANIFEST,cannot-execute-here: not-in-build
readdir-entries,readdir_entries,replay,liteinst,DECLINED-IN-MANIFEST,cannot-execute-here: runtime .so missing
readdir-entries,readdir_entries,replay,sabre,DECLINED-IN-MANIFEST,cannot-execute-here: not-in-build
readdir-entries,readdir_entries,replay,e9patch,NOT-WIRED,cannot-execute-here: not-in-build
readdir-entries,readdir_entries,chaos,ptrace,DECLINED-IN-MANIFEST,
readdir-entries,readdir_entries,chaos,kvm,DECLINED-IN-MANIFEST,cannot-execute-here: HUNG(no verdict in 60s)
readdir-entries,readdir_entries,chaos,dbi,DECLINED-IN-MANIFEST,cannot-execute-here: not-in-build
readdir-entries,readdir_entries,chaos,liteinst,DECLINED-IN-MANIFEST,cannot-execute-here: runtime .so missing
readdir-entries,readdir_entries,chaos,sabre,DECLINED-IN-MANIFEST,cannot-execute-here: not-in-build
readdir-entries,readdir_entries,chaos,e9patch,NOT-WIRED,cannot-execute-here: not-in-build
readdir-entries,readdir_entries,custom,ptrace,DECLINED-IN-MANIFEST,
readdir-entries,readdir_entries,custom,kvm,DECLINED-IN-MANIFEST,cannot-execute-here: HUNG(no verdict in 60s)
readdir-entries,readdir_entries,custom,dbi,DECLINED-IN-MANIFEST,cannot-execute-here: not-in-build
readdir-entries,readdir_entries,custom,liteinst,DECLINED-IN-MANIFEST,cannot-execute-here: runtime .so missing
readdir-entries,readdir_entries,custom,sabre,DECLINED-IN-MANIFEST,cannot-execute-here: not-in-build
readdir-entries,readdir_entries,custom,e9patch,NOT-WIRED,cannot-execute-here: not-in-build
rename-ops,rename_ops,verify,ptrace,GATED-OFF(ci=false),EXECUTED ok=4 rc=0
rename-ops,rename_ops,verify,kvm,DECLINED-IN-MANIFEST,cannot-execute-here: HUNG(no verdict in 60s)
rename-ops,rename_ops,verify,dbi,DECLINED-IN-MANIFEST,cannot-execute-here: not-in-build
rename-ops,rename_ops,verify,liteinst,DECLINED-IN-MANIFEST,cannot-execute-here: runtime .so missing
rename-ops,rename_ops,verify,sabre,DECLINED-IN-MANIFEST,cannot-execute-here: not-in-build
rename-ops,rename_ops,verify,e9patch,NOT-WIRED,cannot-execute-here: not-in-build
rename-ops,rename_ops,naked,ptrace,NOT-WIRED,
rename-ops,rename_ops,naked,kvm,NOT-WIRED,cannot-execute-here: HUNG(no verdict in 60s)
rename-ops,rename_ops,naked,dbi,NOT-WIRED,cannot-execute-here: not-in-build
rename-ops,rename_ops,naked,liteinst,NOT-WIRED,cannot-execute-here: runtime .so missing
rename-ops,rename_ops,naked,sabre,NOT-WIRED,cannot-execute-here: not-in-build
rename-ops,rename_ops,naked,e9patch,NOT-WIRED,cannot-execute-here: not-in-build
rename-ops,rename_ops,replay,ptrace,DECLINED-IN-MANIFEST,
rename-ops,rename_ops,replay,kvm,DECLINED-IN-MANIFEST,cannot-execute-here: HUNG(no verdict in 60s)
rename-ops,rename_ops,replay,dbi,DECLINED-IN-MANIFEST,cannot-execute-here: not-in-build
rename-ops,rename_ops,replay,liteinst,DECLINED-IN-MANIFEST,cannot-execute-here: runtime .so missing
rename-ops,rename_ops,replay,sabre,DECLINED-IN-MANIFEST,cannot-execute-here: not-in-build
rename-ops,rename_ops,replay,e9patch,NOT-WIRED,cannot-execute-here: not-in-build
rename-ops,rename_ops,chaos,ptrace,DECLINED-IN-MANIFEST,
rename-ops,rename_ops,chaos,kvm,DECLINED-IN-MANIFEST,cannot-execute-here: HUNG(no verdict in 60s)
rename-ops,rename_ops,chaos,dbi,DECLINED-IN-MANIFEST,cannot-execute-here: not-in-build
rename-ops,rename_ops,chaos,liteinst,DECLINED-IN-MANIFEST,cannot-execute-here: runtime .so missing
rename-ops,rename_ops,chaos,sabre,DECLINED-IN-MANIFEST,cannot-execute-here: not-in-build
rename-ops,rename_ops,chaos,e9patch,NOT-WIRED,cannot-execute-here: not-in-build
rename-ops,rename_ops,custom,ptrace,DECLINED-IN-MANIFEST,
rename-ops,rename_ops,custom,kvm,DECLINED-IN-MANIFEST,cannot-execute-here: HUNG(no verdict in 60s)
rename-ops,rename_ops,custom,dbi,DECLINED-IN-MANIFEST,cannot-execute-here: not-in-build
rename-ops,rename_ops,custom,liteinst,DECLINED-IN-MANIFEST,cannot-execute-here: runtime .so missing
rename-ops,rename_ops,custom,sabre,DECLINED-IN-MANIFEST,cannot-execute-here: not-in-build
rename-ops,rename_ops,custom,e9patch,NOT-WIRED,cannot-execute-here: not-in-build
renameat2-flags,renameat2_flags,verify,ptrace,GATED-OFF(ci=false),EXECUTED ok=4 rc=0
renameat2-flags,renameat2_flags,verify,kvm,DECLINED-IN-MANIFEST,cannot-execute-here: HUNG(no verdict in 60s)
renameat2-flags,renameat2_flags,verify,dbi,DECLINED-IN-MANIFEST,cannot-execute-here: not-in-build
renameat2-flags,renameat2_flags,verify,liteinst,DECLINED-IN-MANIFEST,cannot-execute-here: runtime .so missing
renameat2-flags,renameat2_flags,verify,sabre,DECLINED-IN-MANIFEST,cannot-execute-here: not-in-build
renameat2-flags,renameat2_flags,verify,e9patch,NOT-WIRED,cannot-execute-here: not-in-build
renameat2-flags,renameat2_flags,naked,ptrace,NOT-WIRED,
renameat2-flags,renameat2_flags,naked,kvm,NOT-WIRED,cannot-execute-here: HUNG(no verdict in 60s)
renameat2-flags,renameat2_flags,naked,dbi,NOT-WIRED,cannot-execute-here: not-in-build
renameat2-flags,renameat2_flags,naked,liteinst,NOT-WIRED,cannot-execute-here: runtime .so missing
renameat2-flags,renameat2_flags,naked,sabre,NOT-WIRED,cannot-execute-here: not-in-build
renameat2-flags,renameat2_flags,naked,e9patch,NOT-WIRED,cannot-execute-here: not-in-build
renameat2-flags,renameat2_flags,replay,ptrace,DECLINED-IN-MANIFEST,
renameat2-flags,renameat2_flags,replay,kvm,DECLINED-IN-MANIFEST,cannot-execute-here: HUNG(no verdict in 60s)
renameat2-flags,renameat2_flags,replay,dbi,DECLINED-IN-MANIFEST,cannot-execute-here: not-in-build
renameat2-flags,renameat2_flags,replay,liteinst,DECLINED-IN-MANIFEST,cannot-execute-here: runtime .so missing
renameat2-flags,renameat2_flags,replay,sabre,DECLINED-IN-MANIFEST,cannot-execute-here: not-in-build
renameat2-flags,renameat2_flags,replay,e9patch,NOT-WIRED,cannot-execute-here: not-in-build
renameat2-flags,renameat2_flags,chaos,ptrace,DECLINED-IN-MANIFEST,
renameat2-flags,renameat2_flags,chaos,kvm,DECLINED-IN-MANIFEST,cannot-execute-here: HUNG(no verdict in 60s)
renameat2-flags,renameat2_flags,chaos,dbi,DECLINED-IN-MANIFEST,cannot-execute-here: not-in-build
renameat2-flags,renameat2_flags,chaos,liteinst,DECLINED-IN-MANIFEST,cannot-execute-here: runtime .so missing
renameat2-flags,renameat2_flags,chaos,sabre,DECLINED-IN-MANIFEST,cannot-execute-here: not-in-build
renameat2-flags,renameat2_flags,chaos,e9patch,NOT-WIRED,cannot-execute-here: not-in-build
renameat2-flags,renameat2_flags,custom,ptrace,DECLINED-IN-MANIFEST,
renameat2-flags,renameat2_flags,custom,kvm,DECLINED-IN-MANIFEST,cannot-execute-here: HUNG(no verdict in 60s)
renameat2-flags,renameat2_flags,custom,dbi,DECLINED-IN-MANIFEST,cannot-execute-here: not-in-build
renameat2-flags,renameat2_flags,custom,liteinst,DECLINED-IN-MANIFEST,cannot-execute-here: runtime .so missing
renameat2-flags,renameat2_flags,custom,sabre,DECLINED-IN-MANIFEST,cannot-execute-here: not-in-build
renameat2-flags,renameat2_flags,custom,e9patch,NOT-WIRED,cannot-execute-here: not-in-build
robust-list,robust_list,verify,ptrace,GATED-OFF(ci=false),EXECUTED ok=5 rc=0
robust-list,robust_list,verify,kvm,DECLINED-IN-MANIFEST,cannot-execute-here: HUNG(no verdict in 60s)
robust-list,robust_list,verify,dbi,DECLINED-IN-MANIFEST,cannot-execute-here: not-in-build
robust-list,robust_list,verify,liteinst,DECLINED-IN-MANIFEST,cannot-execute-here: runtime .so missing
robust-list,robust_list,verify,sabre,DECLINED-IN-MANIFEST,cannot-execute-here: not-in-build
robust-list,robust_list,verify,e9patch,NOT-WIRED,cannot-execute-here: not-in-build
robust-list,robust_list,naked,ptrace,NOT-WIRED,
robust-list,robust_list,naked,kvm,NOT-WIRED,cannot-execute-here: HUNG(no verdict in 60s)
robust-list,robust_list,naked,dbi,NOT-WIRED,cannot-execute-here: not-in-build
robust-list,robust_list,naked,liteinst,NOT-WIRED,cannot-execute-here: runtime .so missing
robust-list,robust_list,naked,sabre,NOT-WIRED,cannot-execute-here: not-in-build
robust-list,robust_list,naked,e9patch,NOT-WIRED,cannot-execute-here: not-in-build
robust-list,robust_list,replay,ptrace,DECLINED-IN-MANIFEST,
robust-list,robust_list,replay,kvm,DECLINED-IN-MANIFEST,cannot-execute-here: HUNG(no verdict in 60s)
robust-list,robust_list,replay,dbi,DECLINED-IN-MANIFEST,cannot-execute-here: not-in-build
robust-list,robust_list,replay,liteinst,DECLINED-IN-MANIFEST,cannot-execute-here: runtime .so missing
robust-list,robust_list,replay,sabre,DECLINED-IN-MANIFEST,cannot-execute-here: not-in-build
robust-list,robust_list,replay,e9patch,NOT-WIRED,cannot-execute-here: not-in-build
robust-list,robust_list,chaos,ptrace,DECLINED-IN-MANIFEST,
robust-list,robust_list,chaos,kvm,DECLINED-IN-MANIFEST,cannot-execute-here: HUNG(no verdict in 60s)
robust-list,robust_list,chaos,dbi,DECLINED-IN-MANIFEST,cannot-execute-here: not-in-build
robust-list,robust_list,chaos,liteinst,DECLINED-IN-MANIFEST,cannot-execute-here: runtime .so missing
robust-list,robust_list,chaos,sabre,DECLINED-IN-MANIFEST,cannot-execute-here: not-in-build
robust-list,robust_list,chaos,e9patch,NOT-WIRED,cannot-execute-here: not-in-build
robust-list,robust_list,custom,ptrace,DECLINED-IN-MANIFEST,
robust-list,robust_list,custom,kvm,DECLINED-IN-MANIFEST,cannot-execute-here: HUNG(no verdict in 60s)
robust-list,robust_list,custom,dbi,DECLINED-IN-MANIFEST,cannot-execute-here: not-in-build
robust-list,robust_list,custom,liteinst,DECLINED-IN-MANIFEST,cannot-execute-here: runtime .so missing
robust-list,robust_list,custom,sabre,DECLINED-IN-MANIFEST,cannot-execute-here: not-in-build
robust-list,robust_list,custom,e9patch,NOT-WIRED,cannot-execute-here: not-in-build
seccomp-refusal,seccomp_refusal,verify,ptrace,GATED-OFF(ci=false),EXECUTED ok=2 rc=0
seccomp-refusal,seccomp_refusal,verify,kvm,DECLINED-IN-MANIFEST,cannot-execute-here: HUNG(no verdict in 60s)
seccomp-refusal,seccomp_refusal,verify,dbi,DECLINED-IN-MANIFEST,cannot-execute-here: not-in-build
seccomp-refusal,seccomp_refusal,verify,liteinst,DECLINED-IN-MANIFEST,cannot-execute-here: runtime .so missing
seccomp-refusal,seccomp_refusal,verify,sabre,DECLINED-IN-MANIFEST,cannot-execute-here: not-in-build
seccomp-refusal,seccomp_refusal,verify,e9patch,NOT-WIRED,cannot-execute-here: not-in-build
seccomp-refusal,seccomp_refusal,naked,ptrace,NOT-WIRED,
seccomp-refusal,seccomp_refusal,naked,kvm,NOT-WIRED,cannot-execute-here: HUNG(no verdict in 60s)
seccomp-refusal,seccomp_refusal,naked,dbi,NOT-WIRED,cannot-execute-here: not-in-build
seccomp-refusal,seccomp_refusal,naked,liteinst,NOT-WIRED,cannot-execute-here: runtime .so missing
seccomp-refusal,seccomp_refusal,naked,sabre,NOT-WIRED,cannot-execute-here: not-in-build
seccomp-refusal,seccomp_refusal,naked,e9patch,NOT-WIRED,cannot-execute-here: not-in-build
seccomp-refusal,seccomp_refusal,replay,ptrace,DECLINED-IN-MANIFEST,
seccomp-refusal,seccomp_refusal,replay,kvm,DECLINED-IN-MANIFEST,cannot-execute-here: HUNG(no verdict in 60s)
seccomp-refusal,seccomp_refusal,replay,dbi,DECLINED-IN-MANIFEST,cannot-execute-here: not-in-build
seccomp-refusal,seccomp_refusal,replay,liteinst,DECLINED-IN-MANIFEST,cannot-execute-here: runtime .so missing
seccomp-refusal,seccomp_refusal,replay,sabre,DECLINED-IN-MANIFEST,cannot-execute-here: not-in-build
seccomp-refusal,seccomp_refusal,replay,e9patch,NOT-WIRED,cannot-execute-here: not-in-build
seccomp-refusal,seccomp_refusal,chaos,ptrace,DECLINED-IN-MANIFEST,
seccomp-refusal,seccomp_refusal,chaos,kvm,DECLINED-IN-MANIFEST,cannot-execute-here: HUNG(no verdict in 60s)
seccomp-refusal,seccomp_refusal,chaos,dbi,DECLINED-IN-MANIFEST,cannot-execute-here: not-in-build
seccomp-refusal,seccomp_refusal,chaos,liteinst,DECLINED-IN-MANIFEST,cannot-execute-here: runtime .so missing
seccomp-refusal,seccomp_refusal,chaos,sabre,DECLINED-IN-MANIFEST,cannot-execute-here: not-in-build
seccomp-refusal,seccomp_refusal,chaos,e9patch,NOT-WIRED,cannot-execute-here: not-in-build
seccomp-refusal,seccomp_refusal,custom,ptrace,DECLINED-IN-MANIFEST,
seccomp-refusal,seccomp_refusal,custom,kvm,DECLINED-IN-MANIFEST,cannot-execute-here: HUNG(no verdict in 60s)
seccomp-refusal,seccomp_refusal,custom,dbi,DECLINED-IN-MANIFEST,cannot-execute-here: not-in-build
seccomp-refusal,seccomp_refusal,custom,liteinst,DECLINED-IN-MANIFEST,cannot-execute-here: runtime .so missing
seccomp-refusal,seccomp_refusal,custom,sabre,DECLINED-IN-MANIFEST,cannot-execute-here: not-in-build
seccomp-refusal,seccomp_refusal,custom,e9patch,NOT-WIRED,cannot-execute-here: not-in-build
signalfd-create,signalfd_create,verify,ptrace,GATED-OFF(ci=false),EXECUTED ok=6 rc=0
signalfd-create,signalfd_create,verify,kvm,DECLINED-IN-MANIFEST,cannot-execute-here: HUNG(no verdict in 60s)
signalfd-create,signalfd_create,verify,dbi,DECLINED-IN-MANIFEST,cannot-execute-here: not-in-build
signalfd-create,signalfd_create,verify,liteinst,DECLINED-IN-MANIFEST,cannot-execute-here: runtime .so missing
signalfd-create,signalfd_create,verify,sabre,DECLINED-IN-MANIFEST,cannot-execute-here: not-in-build
signalfd-create,signalfd_create,verify,e9patch,NOT-WIRED,cannot-execute-here: not-in-build
signalfd-create,signalfd_create,naked,ptrace,NOT-WIRED,
signalfd-create,signalfd_create,naked,kvm,NOT-WIRED,cannot-execute-here: HUNG(no verdict in 60s)
signalfd-create,signalfd_create,naked,dbi,NOT-WIRED,cannot-execute-here: not-in-build
signalfd-create,signalfd_create,naked,liteinst,NOT-WIRED,cannot-execute-here: runtime .so missing
signalfd-create,signalfd_create,naked,sabre,NOT-WIRED,cannot-execute-here: not-in-build
signalfd-create,signalfd_create,naked,e9patch,NOT-WIRED,cannot-execute-here: not-in-build
signalfd-create,signalfd_create,replay,ptrace,DECLINED-IN-MANIFEST,
signalfd-create,signalfd_create,replay,kvm,DECLINED-IN-MANIFEST,cannot-execute-here: HUNG(no verdict in 60s)
signalfd-create,signalfd_create,replay,dbi,DECLINED-IN-MANIFEST,cannot-execute-here: not-in-build
signalfd-create,signalfd_create,replay,liteinst,DECLINED-IN-MANIFEST,cannot-execute-here: runtime .so missing
signalfd-create,signalfd_create,replay,sabre,DECLINED-IN-MANIFEST,cannot-execute-here: not-in-build
signalfd-create,signalfd_create,replay,e9patch,NOT-WIRED,cannot-execute-here: not-in-build
signalfd-create,signalfd_create,chaos,ptrace,DECLINED-IN-MANIFEST,
signalfd-create,signalfd_create,chaos,kvm,DECLINED-IN-MANIFEST,cannot-execute-here: HUNG(no verdict in 60s)
signalfd-create,signalfd_create,chaos,dbi,DECLINED-IN-MANIFEST,cannot-execute-here: not-in-build
signalfd-create,signalfd_create,chaos,liteinst,DECLINED-IN-MANIFEST,cannot-execute-here: runtime .so missing
signalfd-create,signalfd_create,chaos,sabre,DECLINED-IN-MANIFEST,cannot-execute-here: not-in-build
signalfd-create,signalfd_create,chaos,e9patch,NOT-WIRED,cannot-execute-here: not-in-build
signalfd-create,signalfd_create,custom,ptrace,DECLINED-IN-MANIFEST,
signalfd-create,signalfd_create,custom,kvm,DECLINED-IN-MANIFEST,cannot-execute-here: HUNG(no verdict in 60s)
signalfd-create,signalfd_create,custom,dbi,DECLINED-IN-MANIFEST,cannot-execute-here: not-in-build
signalfd-create,signalfd_create,custom,liteinst,DECLINED-IN-MANIFEST,cannot-execute-here: runtime .so missing
signalfd-create,signalfd_create,custom,sabre,DECLINED-IN-MANIFEST,cannot-execute-here: not-in-build
signalfd-create,signalfd_create,custom,e9patch,NOT-WIRED,cannot-execute-here: not-in-build
statfs-free-determinism,statfs_free_determinism,verify,ptrace,GATED-OFF(ci=false),EXECUTED ok=6 rc=0
statfs-free-determinism,statfs_free_determinism,verify,kvm,DECLINED-IN-MANIFEST,cannot-execute-here: HUNG(no verdict in 60s)
statfs-free-determinism,statfs_free_determinism,verify,dbi,DECLINED-IN-MANIFEST,cannot-execute-here: not-in-build
statfs-free-determinism,statfs_free_determinism,verify,liteinst,DECLINED-IN-MANIFEST,cannot-execute-here: runtime .so missing
statfs-free-determinism,statfs_free_determinism,verify,sabre,DECLINED-IN-MANIFEST,cannot-execute-here: not-in-build
statfs-free-determinism,statfs_free_determinism,verify,e9patch,NOT-WIRED,cannot-execute-here: not-in-build
statfs-free-determinism,statfs_free_determinism,naked,ptrace,NOT-WIRED,
statfs-free-determinism,statfs_free_determinism,naked,kvm,NOT-WIRED,cannot-execute-here: HUNG(no verdict in 60s)
statfs-free-determinism,statfs_free_determinism,naked,dbi,NOT-WIRED,cannot-execute-here: not-in-build
statfs-free-determinism,statfs_free_determinism,naked,liteinst,NOT-WIRED,cannot-execute-here: runtime .so missing
statfs-free-determinism,statfs_free_determinism,naked,sabre,NOT-WIRED,cannot-execute-here: not-in-build
statfs-free-determinism,statfs_free_determinism,naked,e9patch,NOT-WIRED,cannot-execute-here: not-in-build
statfs-free-determinism,statfs_free_determinism,replay,ptrace,DECLINED-IN-MANIFEST,
statfs-free-determinism,statfs_free_determinism,replay,kvm,DECLINED-IN-MANIFEST,cannot-execute-here: HUNG(no verdict in 60s)
statfs-free-determinism,statfs_free_determinism,replay,dbi,DECLINED-IN-MANIFEST,cannot-execute-here: not-in-build
statfs-free-determinism,statfs_free_determinism,replay,liteinst,DECLINED-IN-MANIFEST,cannot-execute-here: runtime .so missing
statfs-free-determinism,statfs_free_determinism,replay,sabre,DECLINED-IN-MANIFEST,cannot-execute-here: not-in-build
statfs-free-determinism,statfs_free_determinism,replay,e9patch,NOT-WIRED,cannot-execute-here: not-in-build
statfs-free-determinism,statfs_free_determinism,chaos,ptrace,DECLINED-IN-MANIFEST,
statfs-free-determinism,statfs_free_determinism,chaos,kvm,DECLINED-IN-MANIFEST,cannot-execute-here: HUNG(no verdict in 60s)
statfs-free-determinism,statfs_free_determinism,chaos,dbi,DECLINED-IN-MANIFEST,cannot-execute-here: not-in-build
statfs-free-determinism,statfs_free_determinism,chaos,liteinst,DECLINED-IN-MANIFEST,cannot-execute-here: runtime .so missing
statfs-free-determinism,statfs_free_determinism,chaos,sabre,DECLINED-IN-MANIFEST,cannot-execute-here: not-in-build
statfs-free-determinism,statfs_free_determinism,chaos,e9patch,NOT-WIRED,cannot-execute-here: not-in-build
statfs-free-determinism,statfs_free_determinism,custom,ptrace,DECLINED-IN-MANIFEST,
statfs-free-determinism,statfs_free_determinism,custom,kvm,DECLINED-IN-MANIFEST,cannot-execute-here: HUNG(no verdict in 60s)
statfs-free-determinism,statfs_free_determinism,custom,dbi,DECLINED-IN-MANIFEST,cannot-execute-here: not-in-build
statfs-free-determinism,statfs_free_determinism,custom,liteinst,DECLINED-IN-MANIFEST,cannot-execute-here: runtime .so missing
statfs-free-determinism,statfs_free_determinism,custom,sabre,DECLINED-IN-MANIFEST,cannot-execute-here: not-in-build
statfs-free-determinism,statfs_free_determinism,custom,e9patch,NOT-WIRED,cannot-execute-here: not-in-build
statx-metadata,statx_metadata,verify,ptrace,GATED-OFF(ci=false),EXECUTED ok=5 rc=0
statx-metadata,statx_metadata,verify,kvm,DECLINED-IN-MANIFEST,cannot-execute-here: HUNG(no verdict in 60s)
statx-metadata,statx_metadata,verify,dbi,DECLINED-IN-MANIFEST,cannot-execute-here: not-in-build
statx-metadata,statx_metadata,verify,liteinst,DECLINED-IN-MANIFEST,cannot-execute-here: runtime .so missing
statx-metadata,statx_metadata,verify,sabre,DECLINED-IN-MANIFEST,cannot-execute-here: not-in-build
statx-metadata,statx_metadata,verify,e9patch,NOT-WIRED,cannot-execute-here: not-in-build
statx-metadata,statx_metadata,naked,ptrace,NOT-WIRED,
statx-metadata,statx_metadata,naked,kvm,NOT-WIRED,cannot-execute-here: HUNG(no verdict in 60s)
statx-metadata,statx_metadata,naked,dbi,NOT-WIRED,cannot-execute-here: not-in-build
statx-metadata,statx_metadata,naked,liteinst,NOT-WIRED,cannot-execute-here: runtime .so missing
statx-metadata,statx_metadata,naked,sabre,NOT-WIRED,cannot-execute-here: not-in-build
statx-metadata,statx_metadata,naked,e9patch,NOT-WIRED,cannot-execute-here: not-in-build
statx-metadata,statx_metadata,replay,ptrace,DECLINED-IN-MANIFEST,
statx-metadata,statx_metadata,replay,kvm,DECLINED-IN-MANIFEST,cannot-execute-here: HUNG(no verdict in 60s)
statx-metadata,statx_metadata,replay,dbi,DECLINED-IN-MANIFEST,cannot-execute-here: not-in-build
statx-metadata,statx_metadata,replay,liteinst,DECLINED-IN-MANIFEST,cannot-execute-here: runtime .so missing
statx-metadata,statx_metadata,replay,sabre,DECLINED-IN-MANIFEST,cannot-execute-here: not-in-build
statx-metadata,statx_metadata,replay,e9patch,NOT-WIRED,cannot-execute-here: not-in-build
statx-metadata,statx_metadata,chaos,ptrace,DECLINED-IN-MANIFEST,
statx-metadata,statx_metadata,chaos,kvm,DECLINED-IN-MANIFEST,cannot-execute-here: HUNG(no verdict in 60s)
statx-metadata,statx_metadata,chaos,dbi,DECLINED-IN-MANIFEST,cannot-execute-here: not-in-build
statx-metadata,statx_metadata,chaos,liteinst,DECLINED-IN-MANIFEST,cannot-execute-here: runtime .so missing
statx-metadata,statx_metadata,chaos,sabre,DECLINED-IN-MANIFEST,cannot-execute-here: not-in-build
statx-metadata,statx_metadata,chaos,e9patch,NOT-WIRED,cannot-execute-here: not-in-build
statx-metadata,statx_metadata,custom,ptrace,DECLINED-IN-MANIFEST,
statx-metadata,statx_metadata,custom,kvm,DECLINED-IN-MANIFEST,cannot-execute-here: HUNG(no verdict in 60s)
statx-metadata,statx_metadata,custom,dbi,DECLINED-IN-MANIFEST,cannot-execute-here: not-in-build
statx-metadata,statx_metadata,custom,liteinst,DECLINED-IN-MANIFEST,cannot-execute-here: runtime .so missing
statx-metadata,statx_metadata,custom,sabre,DECLINED-IN-MANIFEST,cannot-execute-here: not-in-build
statx-metadata,statx_metadata,custom,e9patch,NOT-WIRED,cannot-execute-here: not-in-build
symlink-ops,symlink_ops,verify,ptrace,GATED-OFF(ci=false),EXECUTED ok=6 rc=0
symlink-ops,symlink_ops,verify,kvm,DECLINED-IN-MANIFEST,cannot-execute-here: HUNG(no verdict in 60s)
symlink-ops,symlink_ops,verify,dbi,DECLINED-IN-MANIFEST,cannot-execute-here: not-in-build
symlink-ops,symlink_ops,verify,liteinst,DECLINED-IN-MANIFEST,cannot-execute-here: runtime .so missing
symlink-ops,symlink_ops,verify,sabre,DECLINED-IN-MANIFEST,cannot-execute-here: not-in-build
symlink-ops,symlink_ops,verify,e9patch,NOT-WIRED,cannot-execute-here: not-in-build
symlink-ops,symlink_ops,naked,ptrace,NOT-WIRED,
symlink-ops,symlink_ops,naked,kvm,NOT-WIRED,cannot-execute-here: HUNG(no verdict in 60s)
symlink-ops,symlink_ops,naked,dbi,NOT-WIRED,cannot-execute-here: not-in-build
symlink-ops,symlink_ops,naked,liteinst,NOT-WIRED,cannot-execute-here: runtime .so missing
symlink-ops,symlink_ops,naked,sabre,NOT-WIRED,cannot-execute-here: not-in-build
symlink-ops,symlink_ops,naked,e9patch,NOT-WIRED,cannot-execute-here: not-in-build
symlink-ops,symlink_ops,replay,ptrace,DECLINED-IN-MANIFEST,
symlink-ops,symlink_ops,replay,kvm,DECLINED-IN-MANIFEST,cannot-execute-here: HUNG(no verdict in 60s)
symlink-ops,symlink_ops,replay,dbi,DECLINED-IN-MANIFEST,cannot-execute-here: not-in-build
symlink-ops,symlink_ops,replay,liteinst,DECLINED-IN-MANIFEST,cannot-execute-here: runtime .so missing
symlink-ops,symlink_ops,replay,sabre,DECLINED-IN-MANIFEST,cannot-execute-here: not-in-build
symlink-ops,symlink_ops,replay,e9patch,NOT-WIRED,cannot-execute-here: not-in-build
symlink-ops,symlink_ops,chaos,ptrace,DECLINED-IN-MANIFEST,
symlink-ops,symlink_ops,chaos,kvm,DECLINED-IN-MANIFEST,cannot-execute-here: HUNG(no verdict in 60s)
symlink-ops,symlink_ops,chaos,dbi,DECLINED-IN-MANIFEST,cannot-execute-here: not-in-build
symlink-ops,symlink_ops,chaos,liteinst,DECLINED-IN-MANIFEST,cannot-execute-here: runtime .so missing
symlink-ops,symlink_ops,chaos,sabre,DECLINED-IN-MANIFEST,cannot-execute-here: not-in-build
symlink-ops,symlink_ops,chaos,e9patch,NOT-WIRED,cannot-execute-here: not-in-build
symlink-ops,symlink_ops,custom,ptrace,DECLINED-IN-MANIFEST,
symlink-ops,symlink_ops,custom,kvm,DECLINED-IN-MANIFEST,cannot-execute-here: HUNG(no verdict in 60s)
symlink-ops,symlink_ops,custom,dbi,DECLINED-IN-MANIFEST,cannot-execute-here: not-in-build
symlink-ops,symlink_ops,custom,liteinst,DECLINED-IN-MANIFEST,cannot-execute-here: runtime .so missing
symlink-ops,symlink_ops,custom,sabre,DECLINED-IN-MANIFEST,cannot-execute-here: not-in-build
symlink-ops,symlink_ops,custom,e9patch,NOT-WIRED,cannot-execute-here: not-in-build
sync-file-range,sync_file_range,verify,ptrace,GATED-OFF(ci=false),EXECUTED ok=4 rc=0
sync-file-range,sync_file_range,verify,kvm,DECLINED-IN-MANIFEST,cannot-execute-here: HUNG(no verdict in 60s)
sync-file-range,sync_file_range,verify,dbi,DECLINED-IN-MANIFEST,cannot-execute-here: not-in-build
sync-file-range,sync_file_range,verify,liteinst,DECLINED-IN-MANIFEST,cannot-execute-here: runtime .so missing
sync-file-range,sync_file_range,verify,sabre,DECLINED-IN-MANIFEST,cannot-execute-here: not-in-build
sync-file-range,sync_file_range,verify,e9patch,NOT-WIRED,cannot-execute-here: not-in-build
sync-file-range,sync_file_range,naked,ptrace,NOT-WIRED,
sync-file-range,sync_file_range,naked,kvm,NOT-WIRED,cannot-execute-here: HUNG(no verdict in 60s)
sync-file-range,sync_file_range,naked,dbi,NOT-WIRED,cannot-execute-here: not-in-build
sync-file-range,sync_file_range,naked,liteinst,NOT-WIRED,cannot-execute-here: runtime .so missing
sync-file-range,sync_file_range,naked,sabre,NOT-WIRED,cannot-execute-here: not-in-build
sync-file-range,sync_file_range,naked,e9patch,NOT-WIRED,cannot-execute-here: not-in-build
sync-file-range,sync_file_range,replay,ptrace,DECLINED-IN-MANIFEST,
sync-file-range,sync_file_range,replay,kvm,DECLINED-IN-MANIFEST,cannot-execute-here: HUNG(no verdict in 60s)
sync-file-range,sync_file_range,replay,dbi,DECLINED-IN-MANIFEST,cannot-execute-here: not-in-build
sync-file-range,sync_file_range,replay,liteinst,DECLINED-IN-MANIFEST,cannot-execute-here: runtime .so missing
sync-file-range,sync_file_range,replay,sabre,DECLINED-IN-MANIFEST,cannot-execute-here: not-in-build
sync-file-range,sync_file_range,replay,e9patch,NOT-WIRED,cannot-execute-here: not-in-build
sync-file-range,sync_file_range,chaos,ptrace,DECLINED-IN-MANIFEST,
sync-file-range,sync_file_range,chaos,kvm,DECLINED-IN-MANIFEST,cannot-execute-here: HUNG(no verdict in 60s)
sync-file-range,sync_file_range,chaos,dbi,DECLINED-IN-MANIFEST,cannot-execute-here: not-in-build
sync-file-range,sync_file_range,chaos,liteinst,DECLINED-IN-MANIFEST,cannot-execute-here: runtime .so missing
sync-file-range,sync_file_range,chaos,sabre,DECLINED-IN-MANIFEST,cannot-execute-here: not-in-build
sync-file-range,sync_file_range,chaos,e9patch,NOT-WIRED,cannot-execute-here: not-in-build
sync-file-range,sync_file_range,custom,ptrace,DECLINED-IN-MANIFEST,
sync-file-range,sync_file_range,custom,kvm,DECLINED-IN-MANIFEST,cannot-execute-here: HUNG(no verdict in 60s)
sync-file-range,sync_file_range,custom,dbi,DECLINED-IN-MANIFEST,cannot-execute-here: not-in-build
sync-file-range,sync_file_range,custom,liteinst,DECLINED-IN-MANIFEST,cannot-execute-here: runtime .so missing
sync-file-range,sync_file_range,custom,sabre,DECLINED-IN-MANIFEST,cannot-execute-here: not-in-build
sync-file-range,sync_file_range,custom,e9patch,NOT-WIRED,cannot-execute-here: not-in-build
sysv-ipc-refusal,sysv_ipc_refusal,verify,ptrace,GATED-OFF(ci=false),EXECUTED ok=3 rc=0
sysv-ipc-refusal,sysv_ipc_refusal,verify,kvm,DECLINED-IN-MANIFEST,cannot-execute-here: HUNG(no verdict in 60s)
sysv-ipc-refusal,sysv_ipc_refusal,verify,dbi,DECLINED-IN-MANIFEST,cannot-execute-here: not-in-build
sysv-ipc-refusal,sysv_ipc_refusal,verify,liteinst,DECLINED-IN-MANIFEST,cannot-execute-here: runtime .so missing
sysv-ipc-refusal,sysv_ipc_refusal,verify,sabre,DECLINED-IN-MANIFEST,cannot-execute-here: not-in-build
sysv-ipc-refusal,sysv_ipc_refusal,verify,e9patch,NOT-WIRED,cannot-execute-here: not-in-build
sysv-ipc-refusal,sysv_ipc_refusal,naked,ptrace,NOT-WIRED,
sysv-ipc-refusal,sysv_ipc_refusal,naked,kvm,NOT-WIRED,cannot-execute-here: HUNG(no verdict in 60s)
sysv-ipc-refusal,sysv_ipc_refusal,naked,dbi,NOT-WIRED,cannot-execute-here: not-in-build
sysv-ipc-refusal,sysv_ipc_refusal,naked,liteinst,NOT-WIRED,cannot-execute-here: runtime .so missing
sysv-ipc-refusal,sysv_ipc_refusal,naked,sabre,NOT-WIRED,cannot-execute-here: not-in-build
sysv-ipc-refusal,sysv_ipc_refusal,naked,e9patch,NOT-WIRED,cannot-execute-here: not-in-build
sysv-ipc-refusal,sysv_ipc_refusal,replay,ptrace,DECLINED-IN-MANIFEST,
sysv-ipc-refusal,sysv_ipc_refusal,replay,kvm,DECLINED-IN-MANIFEST,cannot-execute-here: HUNG(no verdict in 60s)
sysv-ipc-refusal,sysv_ipc_refusal,replay,dbi,DECLINED-IN-MANIFEST,cannot-execute-here: not-in-build
sysv-ipc-refusal,sysv_ipc_refusal,replay,liteinst,DECLINED-IN-MANIFEST,cannot-execute-here: runtime .so missing
sysv-ipc-refusal,sysv_ipc_refusal,replay,sabre,DECLINED-IN-MANIFEST,cannot-execute-here: not-in-build
sysv-ipc-refusal,sysv_ipc_refusal,replay,e9patch,NOT-WIRED,cannot-execute-here: not-in-build
sysv-ipc-refusal,sysv_ipc_refusal,chaos,ptrace,DECLINED-IN-MANIFEST,
sysv-ipc-refusal,sysv_ipc_refusal,chaos,kvm,DECLINED-IN-MANIFEST,cannot-execute-here: HUNG(no verdict in 60s)
sysv-ipc-refusal,sysv_ipc_refusal,chaos,dbi,DECLINED-IN-MANIFEST,cannot-execute-here: not-in-build
sysv-ipc-refusal,sysv_ipc_refusal,chaos,liteinst,DECLINED-IN-MANIFEST,cannot-execute-here: runtime .so missing
sysv-ipc-refusal,sysv_ipc_refusal,chaos,sabre,DECLINED-IN-MANIFEST,cannot-execute-here: not-in-build
sysv-ipc-refusal,sysv_ipc_refusal,chaos,e9patch,NOT-WIRED,cannot-execute-here: not-in-build
sysv-ipc-refusal,sysv_ipc_refusal,custom,ptrace,DECLINED-IN-MANIFEST,
sysv-ipc-refusal,sysv_ipc_refusal,custom,kvm,DECLINED-IN-MANIFEST,cannot-execute-here: HUNG(no verdict in 60s)
sysv-ipc-refusal,sysv_ipc_refusal,custom,dbi,DECLINED-IN-MANIFEST,cannot-execute-here: not-in-build
sysv-ipc-refusal,sysv_ipc_refusal,custom,liteinst,DECLINED-IN-MANIFEST,cannot-execute-here: runtime .so missing
sysv-ipc-refusal,sysv_ipc_refusal,custom,sabre,DECLINED-IN-MANIFEST,cannot-execute-here: not-in-build
sysv-ipc-refusal,sysv_ipc_refusal,custom,e9patch,NOT-WIRED,cannot-execute-here: not-in-build
thp-disable,thp_disable,verify,ptrace,GATED-OFF(ci=false),EXECUTED ok=4 rc=0
thp-disable,thp_disable,verify,kvm,DECLINED-IN-MANIFEST,cannot-execute-here: HUNG(no verdict in 60s)
thp-disable,thp_disable,verify,dbi,DECLINED-IN-MANIFEST,cannot-execute-here: not-in-build
thp-disable,thp_disable,verify,liteinst,DECLINED-IN-MANIFEST,cannot-execute-here: runtime .so missing
thp-disable,thp_disable,verify,sabre,DECLINED-IN-MANIFEST,cannot-execute-here: not-in-build
thp-disable,thp_disable,verify,e9patch,NOT-WIRED,cannot-execute-here: not-in-build
thp-disable,thp_disable,naked,ptrace,NOT-WIRED,
thp-disable,thp_disable,naked,kvm,NOT-WIRED,cannot-execute-here: HUNG(no verdict in 60s)
thp-disable,thp_disable,naked,dbi,NOT-WIRED,cannot-execute-here: not-in-build
thp-disable,thp_disable,naked,liteinst,NOT-WIRED,cannot-execute-here: runtime .so missing
thp-disable,thp_disable,naked,sabre,NOT-WIRED,cannot-execute-here: not-in-build
thp-disable,thp_disable,naked,e9patch,NOT-WIRED,cannot-execute-here: not-in-build
thp-disable,thp_disable,replay,ptrace,DECLINED-IN-MANIFEST,
thp-disable,thp_disable,replay,kvm,DECLINED-IN-MANIFEST,cannot-execute-here: HUNG(no verdict in 60s)
thp-disable,thp_disable,replay,dbi,DECLINED-IN-MANIFEST,cannot-execute-here: not-in-build
thp-disable,thp_disable,replay,liteinst,DECLINED-IN-MANIFEST,cannot-execute-here: runtime .so missing
thp-disable,thp_disable,replay,sabre,DECLINED-IN-MANIFEST,cannot-execute-here: not-in-build
thp-disable,thp_disable,replay,e9patch,NOT-WIRED,cannot-execute-here: not-in-build
thp-disable,thp_disable,chaos,ptrace,DECLINED-IN-MANIFEST,
thp-disable,thp_disable,chaos,kvm,DECLINED-IN-MANIFEST,cannot-execute-here: HUNG(no verdict in 60s)
thp-disable,thp_disable,chaos,dbi,DECLINED-IN-MANIFEST,cannot-execute-here: not-in-build
thp-disable,thp_disable,chaos,liteinst,DECLINED-IN-MANIFEST,cannot-execute-here: runtime .so missing
thp-disable,thp_disable,chaos,sabre,DECLINED-IN-MANIFEST,cannot-execute-here: not-in-build
thp-disable,thp_disable,chaos,e9patch,NOT-WIRED,cannot-execute-here: not-in-build
thp-disable,thp_disable,custom,ptrace,DECLINED-IN-MANIFEST,
thp-disable,thp_disable,custom,kvm,DECLINED-IN-MANIFEST,cannot-execute-here: HUNG(no verdict in 60s)
thp-disable,thp_disable,custom,dbi,DECLINED-IN-MANIFEST,cannot-execute-here: not-in-build
thp-disable,thp_disable,custom,liteinst,DECLINED-IN-MANIFEST,cannot-execute-here: runtime .so missing
thp-disable,thp_disable,custom,sabre,DECLINED-IN-MANIFEST,cannot-execute-here: not-in-build
thp-disable,thp_disable,custom,e9patch,NOT-WIRED,cannot-execute-here: not-in-build
umask-mode,umask_mode,verify,ptrace,GATED-OFF(ci=false),EXECUTED ok=5 rc=0
umask-mode,umask_mode,verify,kvm,DECLINED-IN-MANIFEST,cannot-execute-here: HUNG(no verdict in 60s)
umask-mode,umask_mode,verify,dbi,DECLINED-IN-MANIFEST,cannot-execute-here: not-in-build
umask-mode,umask_mode,verify,liteinst,DECLINED-IN-MANIFEST,cannot-execute-here: runtime .so missing
umask-mode,umask_mode,verify,sabre,DECLINED-IN-MANIFEST,cannot-execute-here: not-in-build
umask-mode,umask_mode,verify,e9patch,NOT-WIRED,cannot-execute-here: not-in-build
umask-mode,umask_mode,naked,ptrace,NOT-WIRED,
umask-mode,umask_mode,naked,kvm,NOT-WIRED,cannot-execute-here: HUNG(no verdict in 60s)
umask-mode,umask_mode,naked,dbi,NOT-WIRED,cannot-execute-here: not-in-build
umask-mode,umask_mode,naked,liteinst,NOT-WIRED,cannot-execute-here: runtime .so missing
umask-mode,umask_mode,naked,sabre,NOT-WIRED,cannot-execute-here: not-in-build
umask-mode,umask_mode,naked,e9patch,NOT-WIRED,cannot-execute-here: not-in-build
umask-mode,umask_mode,replay,ptrace,DECLINED-IN-MANIFEST,
umask-mode,umask_mode,replay,kvm,DECLINED-IN-MANIFEST,cannot-execute-here: HUNG(no verdict in 60s)
umask-mode,umask_mode,replay,dbi,DECLINED-IN-MANIFEST,cannot-execute-here: not-in-build
umask-mode,umask_mode,replay,liteinst,DECLINED-IN-MANIFEST,cannot-execute-here: runtime .so missing
umask-mode,umask_mode,replay,sabre,DECLINED-IN-MANIFEST,cannot-execute-here: not-in-build
umask-mode,umask_mode,replay,e9patch,NOT-WIRED,cannot-execute-here: not-in-build
umask-mode,umask_mode,chaos,ptrace,DECLINED-IN-MANIFEST,
umask-mode,umask_mode,chaos,kvm,DECLINED-IN-MANIFEST,cannot-execute-here: HUNG(no verdict in 60s)
umask-mode,umask_mode,chaos,dbi,DECLINED-IN-MANIFEST,cannot-execute-here: not-in-build
umask-mode,umask_mode,chaos,liteinst,DECLINED-IN-MANIFEST,cannot-execute-here: runtime .so missing
umask-mode,umask_mode,chaos,sabre,DECLINED-IN-MANIFEST,cannot-execute-here: not-in-build
umask-mode,umask_mode,chaos,e9patch,NOT-WIRED,cannot-execute-here: not-in-build
umask-mode,umask_mode,custom,ptrace,DECLINED-IN-MANIFEST,
umask-mode,umask_mode,custom,kvm,DECLINED-IN-MANIFEST,cannot-execute-here: HUNG(no verdict in 60s)
umask-mode,umask_mode,custom,dbi,DECLINED-IN-MANIFEST,cannot-execute-here: not-in-build
umask-mode,umask_mode,custom,liteinst,DECLINED-IN-MANIFEST,cannot-execute-here: runtime .so missing
umask-mode,umask_mode,custom,sabre,DECLINED-IN-MANIFEST,cannot-execute-here: not-in-build
umask-mode,umask_mode,custom,e9patch,NOT-WIRED,cannot-execute-here: not-in-build
uname-identity,uname_identity,verify,ptrace,GATED-OFF(ci=false),EXECUTED ok=4 rc=0
uname-identity,uname_identity,verify,kvm,DECLINED-IN-MANIFEST,cannot-execute-here: HUNG(no verdict in 60s)
uname-identity,uname_identity,verify,dbi,DECLINED-IN-MANIFEST,cannot-execute-here: not-in-build
uname-identity,uname_identity,verify,liteinst,DECLINED-IN-MANIFEST,cannot-execute-here: runtime .so missing
uname-identity,uname_identity,verify,sabre,DECLINED-IN-MANIFEST,cannot-execute-here: not-in-build
uname-identity,uname_identity,verify,e9patch,NOT-WIRED,cannot-execute-here: not-in-build
uname-identity,uname_identity,naked,ptrace,NOT-WIRED,
uname-identity,uname_identity,naked,kvm,NOT-WIRED,cannot-execute-here: HUNG(no verdict in 60s)
uname-identity,uname_identity,naked,dbi,NOT-WIRED,cannot-execute-here: not-in-build
uname-identity,uname_identity,naked,liteinst,NOT-WIRED,cannot-execute-here: runtime .so missing
uname-identity,uname_identity,naked,sabre,NOT-WIRED,cannot-execute-here: not-in-build
uname-identity,uname_identity,naked,e9patch,NOT-WIRED,cannot-execute-here: not-in-build
uname-identity,uname_identity,replay,ptrace,DECLINED-IN-MANIFEST,
uname-identity,uname_identity,replay,kvm,DECLINED-IN-MANIFEST,cannot-execute-here: HUNG(no verdict in 60s)
uname-identity,uname_identity,replay,dbi,DECLINED-IN-MANIFEST,cannot-execute-here: not-in-build
uname-identity,uname_identity,replay,liteinst,DECLINED-IN-MANIFEST,cannot-execute-here: runtime .so missing
uname-identity,uname_identity,replay,sabre,DECLINED-IN-MANIFEST,cannot-execute-here: not-in-build
uname-identity,uname_identity,replay,e9patch,NOT-WIRED,cannot-execute-here: not-in-build
uname-identity,uname_identity,chaos,ptrace,DECLINED-IN-MANIFEST,
uname-identity,uname_identity,chaos,kvm,DECLINED-IN-MANIFEST,cannot-execute-here: HUNG(no verdict in 60s)
uname-identity,uname_identity,chaos,dbi,DECLINED-IN-MANIFEST,cannot-execute-here: not-in-build
uname-identity,uname_identity,chaos,liteinst,DECLINED-IN-MANIFEST,cannot-execute-here: runtime .so missing
uname-identity,uname_identity,chaos,sabre,DECLINED-IN-MANIFEST,cannot-execute-here: not-in-build
uname-identity,uname_identity,chaos,e9patch,NOT-WIRED,cannot-execute-here: not-in-build
uname-identity,uname_identity,custom,ptrace,DECLINED-IN-MANIFEST,
uname-identity,uname_identity,custom,kvm,DECLINED-IN-MANIFEST,cannot-execute-here: HUNG(no verdict in 60s)
uname-identity,uname_identity,custom,dbi,DECLINED-IN-MANIFEST,cannot-execute-here: not-in-build
uname-identity,uname_identity,custom,liteinst,DECLINED-IN-MANIFEST,cannot-execute-here: runtime .so missing
uname-identity,uname_identity,custom,sabre,DECLINED-IN-MANIFEST,cannot-execute-here: not-in-build
uname-identity,uname_identity,custom,e9patch,NOT-WIRED,cannot-execute-here: not-in-build
utimensat-determinism,utimensat_determinism,verify,ptrace,GATED-OFF(ci=false),EXECUTED ok=5 rc=0
utimensat-determinism,utimensat_determinism,verify,kvm,DECLINED-IN-MANIFEST,cannot-execute-here: HUNG(no verdict in 60s)
utimensat-determinism,utimensat_determinism,verify,dbi,DECLINED-IN-MANIFEST,cannot-execute-here: not-in-build
utimensat-determinism,utimensat_determinism,verify,liteinst,DECLINED-IN-MANIFEST,cannot-execute-here: runtime .so missing
utimensat-determinism,utimensat_determinism,verify,sabre,DECLINED-IN-MANIFEST,cannot-execute-here: not-in-build
utimensat-determinism,utimensat_determinism,verify,e9patch,NOT-WIRED,cannot-execute-here: not-in-build
utimensat-determinism,utimensat_determinism,naked,ptrace,NOT-WIRED,
utimensat-determinism,utimensat_determinism,naked,kvm,NOT-WIRED,cannot-execute-here: HUNG(no verdict in 60s)
utimensat-determinism,utimensat_determinism,naked,dbi,NOT-WIRED,cannot-execute-here: not-in-build
utimensat-determinism,utimensat_determinism,naked,liteinst,NOT-WIRED,cannot-execute-here: runtime .so missing
utimensat-determinism,utimensat_determinism,naked,sabre,NOT-WIRED,cannot-execute-here: not-in-build
utimensat-determinism,utimensat_determinism,naked,e9patch,NOT-WIRED,cannot-execute-here: not-in-build
utimensat-determinism,utimensat_determinism,replay,ptrace,DECLINED-IN-MANIFEST,
utimensat-determinism,utimensat_determinism,replay,kvm,DECLINED-IN-MANIFEST,cannot-execute-here: HUNG(no verdict in 60s)
utimensat-determinism,utimensat_determinism,replay,dbi,DECLINED-IN-MANIFEST,cannot-execute-here: not-in-build
utimensat-determinism,utimensat_determinism,replay,liteinst,DECLINED-IN-MANIFEST,cannot-execute-here: runtime .so missing
utimensat-determinism,utimensat_determinism,replay,sabre,DECLINED-IN-MANIFEST,cannot-execute-here: not-in-build
utimensat-determinism,utimensat_determinism,replay,e9patch,NOT-WIRED,cannot-execute-here: not-in-build
utimensat-determinism,utimensat_determinism,chaos,ptrace,DECLINED-IN-MANIFEST,
utimensat-determinism,utimensat_determinism,chaos,kvm,DECLINED-IN-MANIFEST,cannot-execute-here: HUNG(no verdict in 60s)
utimensat-determinism,utimensat_determinism,chaos,dbi,DECLINED-IN-MANIFEST,cannot-execute-here: not-in-build
utimensat-determinism,utimensat_determinism,chaos,liteinst,DECLINED-IN-MANIFEST,cannot-execute-here: runtime .so missing
utimensat-determinism,utimensat_determinism,chaos,sabre,DECLINED-IN-MANIFEST,cannot-execute-here: not-in-build
utimensat-determinism,utimensat_determinism,chaos,e9patch,NOT-WIRED,cannot-execute-here: not-in-build
utimensat-determinism,utimensat_determinism,custom,ptrace,DECLINED-IN-MANIFEST,
utimensat-determinism,utimensat_determinism,custom,kvm,DECLINED-IN-MANIFEST,cannot-execute-here: HUNG(no verdict in 60s)
utimensat-determinism,utimensat_determinism,custom,dbi,DECLINED-IN-MANIFEST,cannot-execute-here: not-in-build
utimensat-determinism,utimensat_determinism,custom,liteinst,DECLINED-IN-MANIFEST,cannot-execute-here: runtime .so missing
utimensat-determinism,utimensat_determinism,custom,sabre,DECLINED-IN-MANIFEST,cannot-execute-here: not-in-build
utimensat-determinism,utimensat_determinism,custom,e9patch,NOT-WIRED,cannot-execute-here: not-in-build
socket-options,socket_options,verify,ptrace,GATED-OFF(ci=false),EXECUTED ok=6 rc=0
socket-options,socket_options,verify,kvm,DECLINED-IN-MANIFEST,cannot-execute-here: HUNG(no verdict in 60s)
socket-options,socket_options,verify,dbi,DECLINED-IN-MANIFEST,cannot-execute-here: not-in-build
socket-options,socket_options,verify,liteinst,DECLINED-IN-MANIFEST,cannot-execute-here: runtime .so missing
socket-options,socket_options,verify,sabre,DECLINED-IN-MANIFEST,cannot-execute-here: not-in-build
socket-options,socket_options,verify,e9patch,NOT-WIRED,cannot-execute-here: not-in-build
socket-options,socket_options,naked,ptrace,NOT-WIRED,
socket-options,socket_options,naked,kvm,NOT-WIRED,cannot-execute-here: HUNG(no verdict in 60s)
socket-options,socket_options,naked,dbi,NOT-WIRED,cannot-execute-here: not-in-build
socket-options,socket_options,naked,liteinst,NOT-WIRED,cannot-execute-here: runtime .so missing
socket-options,socket_options,naked,sabre,NOT-WIRED,cannot-execute-here: not-in-build
socket-options,socket_options,naked,e9patch,NOT-WIRED,cannot-execute-here: not-in-build
socket-options,socket_options,replay,ptrace,DECLINED-IN-MANIFEST,
socket-options,socket_options,replay,kvm,DECLINED-IN-MANIFEST,cannot-execute-here: HUNG(no verdict in 60s)
socket-options,socket_options,replay,dbi,DECLINED-IN-MANIFEST,cannot-execute-here: not-in-build
socket-options,socket_options,replay,liteinst,DECLINED-IN-MANIFEST,cannot-execute-here: runtime .so missing
socket-options,socket_options,replay,sabre,DECLINED-IN-MANIFEST,cannot-execute-here: not-in-build
socket-options,socket_options,replay,e9patch,NOT-WIRED,cannot-execute-here: not-in-build
socket-options,socket_options,chaos,ptrace,DECLINED-IN-MANIFEST,
socket-options,socket_options,chaos,kvm,DECLINED-IN-MANIFEST,cannot-execute-here: HUNG(no verdict in 60s)
socket-options,socket_options,chaos,dbi,DECLINED-IN-MANIFEST,cannot-execute-here: not-in-build
socket-options,socket_options,chaos,liteinst,DECLINED-IN-MANIFEST,cannot-execute-here: runtime .so missing
socket-options,socket_options,chaos,sabre,DECLINED-IN-MANIFEST,cannot-execute-here: not-in-build
socket-options,socket_options,chaos,e9patch,NOT-WIRED,cannot-execute-here: not-in-build
socket-options,socket_options,custom,ptrace,DECLINED-IN-MANIFEST,
socket-options,socket_options,custom,kvm,DECLINED-IN-MANIFEST,cannot-execute-here: HUNG(no verdict in 60s)
socket-options,socket_options,custom,dbi,DECLINED-IN-MANIFEST,cannot-execute-here: not-in-build
socket-options,socket_options,custom,liteinst,DECLINED-IN-MANIFEST,cannot-execute-here: runtime .so missing
socket-options,socket_options,custom,sabre,DECLINED-IN-MANIFEST,cannot-execute-here: not-in-build
socket-options,socket_options,custom,e9patch,NOT-WIRED,cannot-execute-here: not-in-build
shutdown-socketpair,shutdown_socketpair,verify,ptrace,GATED-OFF(ci=false),EXECUTED ok=5 rc=0
shutdown-socketpair,shutdown_socketpair,verify,kvm,DECLINED-IN-MANIFEST,cannot-execute-here: HUNG(no verdict in 60s)
shutdown-socketpair,shutdown_socketpair,verify,dbi,DECLINED-IN-MANIFEST,cannot-execute-here: not-in-build
shutdown-socketpair,shutdown_socketpair,verify,liteinst,DECLINED-IN-MANIFEST,cannot-execute-here: runtime .so missing
shutdown-socketpair,shutdown_socketpair,verify,sabre,DECLINED-IN-MANIFEST,cannot-execute-here: not-in-build
shutdown-socketpair,shutdown_socketpair,verify,e9patch,NOT-WIRED,cannot-execute-here: not-in-build
shutdown-socketpair,shutdown_socketpair,naked,ptrace,NOT-WIRED,
shutdown-socketpair,shutdown_socketpair,naked,kvm,NOT-WIRED,cannot-execute-here: HUNG(no verdict in 60s)
shutdown-socketpair,shutdown_socketpair,naked,dbi,NOT-WIRED,cannot-execute-here: not-in-build
shutdown-socketpair,shutdown_socketpair,naked,liteinst,NOT-WIRED,cannot-execute-here: runtime .so missing
shutdown-socketpair,shutdown_socketpair,naked,sabre,NOT-WIRED,cannot-execute-here: not-in-build
shutdown-socketpair,shutdown_socketpair,naked,e9patch,NOT-WIRED,cannot-execute-here: not-in-build
shutdown-socketpair,shutdown_socketpair,replay,ptrace,DECLINED-IN-MANIFEST,
shutdown-socketpair,shutdown_socketpair,replay,kvm,DECLINED-IN-MANIFEST,cannot-execute-here: HUNG(no verdict in 60s)
shutdown-socketpair,shutdown_socketpair,replay,dbi,DECLINED-IN-MANIFEST,cannot-execute-here: not-in-build
shutdown-socketpair,shutdown_socketpair,replay,liteinst,DECLINED-IN-MANIFEST,cannot-execute-here: runtime .so missing
shutdown-socketpair,shutdown_socketpair,replay,sabre,DECLINED-IN-MANIFEST,cannot-execute-here: not-in-build
shutdown-socketpair,shutdown_socketpair,replay,e9patch,NOT-WIRED,cannot-execute-here: not-in-build
shutdown-socketpair,shutdown_socketpair,chaos,ptrace,DECLINED-IN-MANIFEST,
shutdown-socketpair,shutdown_socketpair,chaos,kvm,DECLINED-IN-MANIFEST,cannot-execute-here: HUNG(no verdict in 60s)
shutdown-socketpair,shutdown_socketpair,chaos,dbi,DECLINED-IN-MANIFEST,cannot-execute-here: not-in-build
shutdown-socketpair,shutdown_socketpair,chaos,liteinst,DECLINED-IN-MANIFEST,cannot-execute-here: runtime .so missing
shutdown-socketpair,shutdown_socketpair,chaos,sabre,DECLINED-IN-MANIFEST,cannot-execute-here: not-in-build
shutdown-socketpair,shutdown_socketpair,chaos,e9patch,NOT-WIRED,cannot-execute-here: not-in-build
shutdown-socketpair,shutdown_socketpair,custom,ptrace,DECLINED-IN-MANIFEST,
shutdown-socketpair,shutdown_socketpair,custom,kvm,DECLINED-IN-MANIFEST,cannot-execute-here: HUNG(no verdict in 60s)
shutdown-socketpair,shutdown_socketpair,custom,dbi,DECLINED-IN-MANIFEST,cannot-execute-here: not-in-build
shutdown-socketpair,shutdown_socketpair,custom,liteinst,DECLINED-IN-MANIFEST,cannot-execute-here: runtime .so missing
shutdown-socketpair,shutdown_socketpair,custom,sabre,DECLINED-IN-MANIFEST,cannot-execute-here: not-in-build
shutdown-socketpair,shutdown_socketpair,custom,e9patch,NOT-WIRED,cannot-execute-here: not-in-build
sockname-unnamed,sockname_unnamed,verify,ptrace,GATED-OFF(ci=false),EXECUTED ok=6 rc=0
sockname-unnamed,sockname_unnamed,verify,kvm,DECLINED-IN-MANIFEST,cannot-execute-here: HUNG(no verdict in 60s)
sockname-unnamed,sockname_unnamed,verify,dbi,DECLINED-IN-MANIFEST,cannot-execute-here: not-in-build
sockname-unnamed,sockname_unnamed,verify,liteinst,DECLINED-IN-MANIFEST,cannot-execute-here: runtime .so missing
sockname-unnamed,sockname_unnamed,verify,sabre,DECLINED-IN-MANIFEST,cannot-execute-here: not-in-build
sockname-unnamed,sockname_unnamed,verify,e9patch,NOT-WIRED,cannot-execute-here: not-in-build
sockname-unnamed,sockname_unnamed,naked,ptrace,NOT-WIRED,
sockname-unnamed,sockname_unnamed,naked,kvm,NOT-WIRED,cannot-execute-here: HUNG(no verdict in 60s)
sockname-unnamed,sockname_unnamed,naked,dbi,NOT-WIRED,cannot-execute-here: not-in-build
sockname-unnamed,sockname_unnamed,naked,liteinst,NOT-WIRED,cannot-execute-here: runtime .so missing
sockname-unnamed,sockname_unnamed,naked,sabre,NOT-WIRED,cannot-execute-here: not-in-build
sockname-unnamed,sockname_unnamed,naked,e9patch,NOT-WIRED,cannot-execute-here: not-in-build
sockname-unnamed,sockname_unnamed,replay,ptrace,DECLINED-IN-MANIFEST,
sockname-unnamed,sockname_unnamed,replay,kvm,DECLINED-IN-MANIFEST,cannot-execute-here: HUNG(no verdict in 60s)
sockname-unnamed,sockname_unnamed,replay,dbi,DECLINED-IN-MANIFEST,cannot-execute-here: not-in-build
sockname-unnamed,sockname_unnamed,replay,liteinst,DECLINED-IN-MANIFEST,cannot-execute-here: runtime .so missing
sockname-unnamed,sockname_unnamed,replay,sabre,DECLINED-IN-MANIFEST,cannot-execute-here: not-in-build
sockname-unnamed,sockname_unnamed,replay,e9patch,NOT-WIRED,cannot-execute-here: not-in-build
sockname-unnamed,sockname_unnamed,chaos,ptrace,DECLINED-IN-MANIFEST,
sockname-unnamed,sockname_unnamed,chaos,kvm,DECLINED-IN-MANIFEST,cannot-execute-here: HUNG(no verdict in 60s)
sockname-unnamed,sockname_unnamed,chaos,dbi,DECLINED-IN-MANIFEST,cannot-execute-here: not-in-build
sockname-unnamed,sockname_unnamed,chaos,liteinst,DECLINED-IN-MANIFEST,cannot-execute-here: runtime .so missing
sockname-unnamed,sockname_unnamed,chaos,sabre,DECLINED-IN-MANIFEST,cannot-execute-here: not-in-build
sockname-unnamed,sockname_unnamed,chaos,e9patch,NOT-WIRED,cannot-execute-here: not-in-build
sockname-unnamed,sockname_unnamed,custom,ptrace,DECLINED-IN-MANIFEST,
sockname-unnamed,sockname_unnamed,custom,kvm,DECLINED-IN-MANIFEST,cannot-execute-here: HUNG(no verdict in 60s)
sockname-unnamed,sockname_unnamed,custom,dbi,DECLINED-IN-MANIFEST,cannot-execute-here: not-in-build
sockname-unnamed,sockname_unnamed,custom,liteinst,DECLINED-IN-MANIFEST,cannot-execute-here: runtime .so missing
sockname-unnamed,sockname_unnamed,custom,sabre,DECLINED-IN-MANIFEST,cannot-execute-here: not-in-build
sockname-unnamed,sockname_unnamed,custom,e9patch,NOT-WIRED,cannot-execute-here: not-in-build
bind-getsockname,bind_getsockname,verify,ptrace,GATED-OFF(ci=false),EXECUTED ok=6 rc=0
bind-getsockname,bind_getsockname,verify,kvm,DECLINED-IN-MANIFEST,cannot-execute-here: HUNG(no verdict in 60s)
bind-getsockname,bind_getsockname,verify,dbi,DECLINED-IN-MANIFEST,cannot-execute-here: not-in-build
bind-getsockname,bind_getsockname,verify,liteinst,DECLINED-IN-MANIFEST,cannot-execute-here: runtime .so missing
bind-getsockname,bind_getsockname,verify,sabre,DECLINED-IN-MANIFEST,cannot-execute-here: not-in-build
bind-getsockname,bind_getsockname,verify,e9patch,NOT-WIRED,cannot-execute-here: not-in-build
bind-getsockname,bind_getsockname,naked,ptrace,NOT-WIRED,
bind-getsockname,bind_getsockname,naked,kvm,NOT-WIRED,cannot-execute-here: HUNG(no verdict in 60s)
bind-getsockname,bind_getsockname,naked,dbi,NOT-WIRED,cannot-execute-here: not-in-build
bind-getsockname,bind_getsockname,naked,liteinst,NOT-WIRED,cannot-execute-here: runtime .so missing
bind-getsockname,bind_getsockname,naked,sabre,NOT-WIRED,cannot-execute-here: not-in-build
bind-getsockname,bind_getsockname,naked,e9patch,NOT-WIRED,cannot-execute-here: not-in-build
bind-getsockname,bind_getsockname,replay,ptrace,DECLINED-IN-MANIFEST,
bind-getsockname,bind_getsockname,replay,kvm,DECLINED-IN-MANIFEST,cannot-execute-here: HUNG(no verdict in 60s)
bind-getsockname,bind_getsockname,replay,dbi,DECLINED-IN-MANIFEST,cannot-execute-here: not-in-build
bind-getsockname,bind_getsockname,replay,liteinst,DECLINED-IN-MANIFEST,cannot-execute-here: runtime .so missing
bind-getsockname,bind_getsockname,replay,sabre,DECLINED-IN-MANIFEST,cannot-execute-here: not-in-build
bind-getsockname,bind_getsockname,replay,e9patch,NOT-WIRED,cannot-execute-here: not-in-build
bind-getsockname,bind_getsockname,chaos,ptrace,DECLINED-IN-MANIFEST,
bind-getsockname,bind_getsockname,chaos,kvm,DECLINED-IN-MANIFEST,cannot-execute-here: HUNG(no verdict in 60s)
bind-getsockname,bind_getsockname,chaos,dbi,DECLINED-IN-MANIFEST,cannot-execute-here: not-in-build
bind-getsockname,bind_getsockname,chaos,liteinst,DECLINED-IN-MANIFEST,cannot-execute-here: runtime .so missing
bind-getsockname,bind_getsockname,chaos,sabre,DECLINED-IN-MANIFEST,cannot-execute-here: not-in-build
bind-getsockname,bind_getsockname,chaos,e9patch,NOT-WIRED,cannot-execute-here: not-in-build
bind-getsockname,bind_getsockname,custom,ptrace,DECLINED-IN-MANIFEST,
bind-getsockname,bind_getsockname,custom,kvm,DECLINED-IN-MANIFEST,cannot-execute-here: HUNG(no verdict in 60s)
bind-getsockname,bind_getsockname,custom,dbi,DECLINED-IN-MANIFEST,cannot-execute-here: not-in-build
bind-getsockname,bind_getsockname,custom,liteinst,DECLINED-IN-MANIFEST,cannot-execute-here: runtime .so missing
bind-getsockname,bind_getsockname,custom,sabre,DECLINED-IN-MANIFEST,cannot-execute-here: not-in-build
bind-getsockname,bind_getsockname,custom,e9patch,NOT-WIRED,cannot-execute-here: not-in-build
msync-writeback,msync_writeback,verify,ptrace,GATED-OFF(ci=false),EXECUTED ok=5 rc=0
msync-writeback,msync_writeback,verify,kvm,DECLINED-IN-MANIFEST,cannot-execute-here: HUNG(no verdict in 60s)
msync-writeback,msync_writeback,verify,dbi,DECLINED-IN-MANIFEST,cannot-execute-here: not-in-build
msync-writeback,msync_writeback,verify,liteinst,DECLINED-IN-MANIFEST,cannot-execute-here: runtime .so missing
msync-writeback,msync_writeback,verify,sabre,DECLINED-IN-MANIFEST,cannot-execute-here: not-in-build
msync-writeback,msync_writeback,verify,e9patch,NOT-WIRED,cannot-execute-here: not-in-build
msync-writeback,msync_writeback,naked,ptrace,NOT-WIRED,
msync-writeback,msync_writeback,naked,kvm,NOT-WIRED,cannot-execute-here: HUNG(no verdict in 60s)
msync-writeback,msync_writeback,naked,dbi,NOT-WIRED,cannot-execute-here: not-in-build
msync-writeback,msync_writeback,naked,liteinst,NOT-WIRED,cannot-execute-here: runtime .so missing
msync-writeback,msync_writeback,naked,sabre,NOT-WIRED,cannot-execute-here: not-in-build
msync-writeback,msync_writeback,naked,e9patch,NOT-WIRED,cannot-execute-here: not-in-build
msync-writeback,msync_writeback,replay,ptrace,DECLINED-IN-MANIFEST,
msync-writeback,msync_writeback,replay,kvm,DECLINED-IN-MANIFEST,cannot-execute-here: HUNG(no verdict in 60s)
msync-writeback,msync_writeback,replay,dbi,DECLINED-IN-MANIFEST,cannot-execute-here: not-in-build
msync-writeback,msync_writeback,replay,liteinst,DECLINED-IN-MANIFEST,cannot-execute-here: runtime .so missing
msync-writeback,msync_writeback,replay,sabre,DECLINED-IN-MANIFEST,cannot-execute-here: not-in-build
msync-writeback,msync_writeback,replay,e9patch,NOT-WIRED,cannot-execute-here: not-in-build
msync-writeback,msync_writeback,chaos,ptrace,DECLINED-IN-MANIFEST,
msync-writeback,msync_writeback,chaos,kvm,DECLINED-IN-MANIFEST,cannot-execute-here: HUNG(no verdict in 60s)
msync-writeback,msync_writeback,chaos,dbi,DECLINED-IN-MANIFEST,cannot-execute-here: not-in-build
msync-writeback,msync_writeback,chaos,liteinst,DECLINED-IN-MANIFEST,cannot-execute-here: runtime .so missing
msync-writeback,msync_writeback,chaos,sabre,DECLINED-IN-MANIFEST,cannot-execute-here: not-in-build
msync-writeback,msync_writeback,chaos,e9patch,NOT-WIRED,cannot-execute-here: not-in-build
msync-writeback,msync_writeback,custom,ptrace,DECLINED-IN-MANIFEST,
msync-writeback,msync_writeback,custom,kvm,DECLINED-IN-MANIFEST,cannot-execute-here: HUNG(no verdict in 60s)
msync-writeback,msync_writeback,custom,dbi,DECLINED-IN-MANIFEST,cannot-execute-here: not-in-build
msync-writeback,msync_writeback,custom,liteinst,DECLINED-IN-MANIFEST,cannot-execute-here: runtime .so missing
msync-writeback,msync_writeback,custom,sabre,DECLINED-IN-MANIFEST,cannot-execute-here: not-in-build
msync-writeback,msync_writeback,custom,e9patch,NOT-WIRED,cannot-execute-here: not-in-build
getpriority-identity,getpriority_identity,verify,ptrace,GATED-OFF(ci=false),"ran rc=0, NO ok= count"
getpriority-identity,getpriority_identity,verify,kvm,GATED-OFF(ci=false),cannot-execute-here: HUNG(no verdict in 60s)
getpriority-identity,getpriority_identity,verify,dbi,GATED-OFF(ci=false),cannot-execute-here: not-in-build
getpriority-identity,getpriority_identity,verify,liteinst,DECLINED-IN-MANIFEST,cannot-execute-here: runtime .so missing
getpriority-identity,getpriority_identity,verify,sabre,DECLINED-IN-MANIFEST,cannot-execute-here: not-in-build
getpriority-identity,getpriority_identity,verify,e9patch,NOT-WIRED,cannot-execute-here: not-in-build
getpriority-identity,getpriority_identity,naked,ptrace,NOT-WIRED,
getpriority-identity,getpriority_identity,naked,kvm,NOT-WIRED,cannot-execute-here: HUNG(no verdict in 60s)
getpriority-identity,getpriority_identity,naked,dbi,NOT-WIRED,cannot-execute-here: not-in-build
getpriority-identity,getpriority_identity,naked,liteinst,NOT-WIRED,cannot-execute-here: runtime .so missing
getpriority-identity,getpriority_identity,naked,sabre,NOT-WIRED,cannot-execute-here: not-in-build
getpriority-identity,getpriority_identity,naked,e9patch,NOT-WIRED,cannot-execute-here: not-in-build
getpriority-identity,getpriority_identity,replay,ptrace,DECLINED-IN-MANIFEST,
getpriority-identity,getpriority_identity,replay,kvm,DECLINED-IN-MANIFEST,cannot-execute-here: HUNG(no verdict in 60s)
getpriority-identity,getpriority_identity,replay,dbi,DECLINED-IN-MANIFEST,cannot-execute-here: not-in-build
getpriority-identity,getpriority_identity,replay,liteinst,DECLINED-IN-MANIFEST,cannot-execute-here: runtime .so missing
getpriority-identity,getpriority_identity,replay,sabre,DECLINED-IN-MANIFEST,cannot-execute-here: not-in-build
getpriority-identity,getpriority_identity,replay,e9patch,NOT-WIRED,cannot-execute-here: not-in-build
getpriority-identity,getpriority_identity,chaos,ptrace,DECLINED-IN-MANIFEST,
getpriority-identity,getpriority_identity,chaos,kvm,DECLINED-IN-MANIFEST,cannot-execute-here: HUNG(no verdict in 60s)
getpriority-identity,getpriority_identity,chaos,dbi,DECLINED-IN-MANIFEST,cannot-execute-here: not-in-build
getpriority-identity,getpriority_identity,chaos,liteinst,DECLINED-IN-MANIFEST,cannot-execute-here: runtime .so missing
getpriority-identity,getpriority_identity,chaos,sabre,DECLINED-IN-MANIFEST,cannot-execute-here: not-in-build
getpriority-identity,getpriority_identity,chaos,e9patch,NOT-WIRED,cannot-execute-here: not-in-build
getpriority-identity,getpriority_identity,custom,ptrace,DECLINED-IN-MANIFEST,
getpriority-identity,getpriority_identity,custom,kvm,DECLINED-IN-MANIFEST,cannot-execute-here: HUNG(no verdict in 60s)
getpriority-identity,getpriority_identity,custom,dbi,DECLINED-IN-MANIFEST,cannot-execute-here: not-in-build
getpriority-identity,getpriority_identity,custom,liteinst,DECLINED-IN-MANIFEST,cannot-execute-here: runtime .so missing
getpriority-identity,getpriority_identity,custom,sabre,DECLINED-IN-MANIFEST,cannot-execute-here: not-in-build
getpriority-identity,getpriority_identity,custom,e9patch,NOT-WIRED,cannot-execute-here: not-in-build
sendfile-copy,sendfile_copy,verify,ptrace,GATED-OFF(ci=false),"ran rc=0, NO ok= count"
sendfile-copy,sendfile_copy,verify,kvm,DECLINED-IN-MANIFEST,cannot-execute-here: HUNG(no verdict in 60s)
sendfile-copy,sendfile_copy,verify,dbi,DECLINED-IN-MANIFEST,cannot-execute-here: not-in-build
sendfile-copy,sendfile_copy,verify,liteinst,DECLINED-IN-MANIFEST,cannot-execute-here: runtime .so missing
sendfile-copy,sendfile_copy,verify,sabre,DECLINED-IN-MANIFEST,cannot-execute-here: not-in-build
sendfile-copy,sendfile_copy,verify,e9patch,NOT-WIRED,cannot-execute-here: not-in-build
sendfile-copy,sendfile_copy,naked,ptrace,NOT-WIRED,
sendfile-copy,sendfile_copy,naked,kvm,NOT-WIRED,cannot-execute-here: HUNG(no verdict in 60s)
sendfile-copy,sendfile_copy,naked,dbi,NOT-WIRED,cannot-execute-here: not-in-build
sendfile-copy,sendfile_copy,naked,liteinst,NOT-WIRED,cannot-execute-here: runtime .so missing
sendfile-copy,sendfile_copy,naked,sabre,NOT-WIRED,cannot-execute-here: not-in-build
sendfile-copy,sendfile_copy,naked,e9patch,NOT-WIRED,cannot-execute-here: not-in-build
sendfile-copy,sendfile_copy,replay,ptrace,DECLINED-IN-MANIFEST,
sendfile-copy,sendfile_copy,replay,kvm,DECLINED-IN-MANIFEST,cannot-execute-here: HUNG(no verdict in 60s)
sendfile-copy,sendfile_copy,replay,dbi,DECLINED-IN-MANIFEST,cannot-execute-here: not-in-build
sendfile-copy,sendfile_copy,replay,liteinst,DECLINED-IN-MANIFEST,cannot-execute-here: runtime .so missing
sendfile-copy,sendfile_copy,replay,sabre,DECLINED-IN-MANIFEST,cannot-execute-here: not-in-build
sendfile-copy,sendfile_copy,replay,e9patch,NOT-WIRED,cannot-execute-here: not-in-build
sendfile-copy,sendfile_copy,chaos,ptrace,DECLINED-IN-MANIFEST,
sendfile-copy,sendfile_copy,chaos,kvm,DECLINED-IN-MANIFEST,cannot-execute-here: HUNG(no verdict in 60s)
sendfile-copy,sendfile_copy,chaos,dbi,DECLINED-IN-MANIFEST,cannot-execute-here: not-in-build
sendfile-copy,sendfile_copy,chaos,liteinst,DECLINED-IN-MANIFEST,cannot-execute-here: runtime .so missing
sendfile-copy,sendfile_copy,chaos,sabre,DECLINED-IN-MANIFEST,cannot-execute-here: not-in-build
sendfile-copy,sendfile_copy,chaos,e9patch,NOT-WIRED,cannot-execute-here: not-in-build
sendfile-copy,sendfile_copy,custom,ptrace,DECLINED-IN-MANIFEST,
sendfile-copy,sendfile_copy,custom,kvm,DECLINED-IN-MANIFEST,cannot-execute-here: HUNG(no verdict in 60s)
sendfile-copy,sendfile_copy,custom,dbi,DECLINED-IN-MANIFEST,cannot-execute-here: not-in-build
sendfile-copy,sendfile_copy,custom,liteinst,DECLINED-IN-MANIFEST,cannot-execute-here: runtime .so missing
sendfile-copy,sendfile_copy,custom,sabre,DECLINED-IN-MANIFEST,cannot-execute-here: not-in-build
sendfile-copy,sendfile_copy,custom,e9patch,NOT-WIRED,cannot-execute-here: not-in-build
poll-readiness,poll_readiness,verify,ptrace,GATED-OFF(ci=false),EXECUTED ok=8 rc=0
poll-readiness,poll_readiness,verify,kvm,DECLINED-IN-MANIFEST,cannot-execute-here: HUNG(no verdict in 60s)
poll-readiness,poll_readiness,verify,dbi,DECLINED-IN-MANIFEST,cannot-execute-here: not-in-build
poll-readiness,poll_readiness,verify,liteinst,DECLINED-IN-MANIFEST,cannot-execute-here: runtime .so missing
poll-readiness,poll_readiness,verify,sabre,DECLINED-IN-MANIFEST,cannot-execute-here: not-in-build
poll-readiness,poll_readiness,verify,e9patch,NOT-WIRED,cannot-execute-here: not-in-build
poll-readiness,poll_readiness,naked,ptrace,NOT-WIRED,
poll-readiness,poll_readiness,naked,kvm,NOT-WIRED,cannot-execute-here: HUNG(no verdict in 60s)
poll-readiness,poll_readiness,naked,dbi,NOT-WIRED,cannot-execute-here: not-in-build
poll-readiness,poll_readiness,naked,liteinst,NOT-WIRED,cannot-execute-here: runtime .so missing
poll-readiness,poll_readiness,naked,sabre,NOT-WIRED,cannot-execute-here: not-in-build
poll-readiness,poll_readiness,naked,e9patch,NOT-WIRED,cannot-execute-here: not-in-build
poll-readiness,poll_readiness,replay,ptrace,DECLINED-IN-MANIFEST,
poll-readiness,poll_readiness,replay,kvm,DECLINED-IN-MANIFEST,cannot-execute-here: HUNG(no verdict in 60s)
poll-readiness,poll_readiness,replay,dbi,DECLINED-IN-MANIFEST,cannot-execute-here: not-in-build
poll-readiness,poll_readiness,replay,liteinst,DECLINED-IN-MANIFEST,cannot-execute-here: runtime .so missing
poll-readiness,poll_readiness,replay,sabre,DECLINED-IN-MANIFEST,cannot-execute-here: not-in-build
poll-readiness,poll_readiness,replay,e9patch,NOT-WIRED,cannot-execute-here: not-in-build
poll-readiness,poll_readiness,chaos,ptrace,DECLINED-IN-MANIFEST,
poll-readiness,poll_readiness,chaos,kvm,DECLINED-IN-MANIFEST,cannot-execute-here: HUNG(no verdict in 60s)
poll-readiness,poll_readiness,chaos,dbi,DECLINED-IN-MANIFEST,cannot-execute-here: not-in-build
poll-readiness,poll_readiness,chaos,liteinst,DECLINED-IN-MANIFEST,cannot-execute-here: runtime .so missing
poll-readiness,poll_readiness,chaos,sabre,DECLINED-IN-MANIFEST,cannot-execute-here: not-in-build
poll-readiness,poll_readiness,chaos,e9patch,NOT-WIRED,cannot-execute-here: not-in-build
poll-readiness,poll_readiness,custom,ptrace,DECLINED-IN-MANIFEST,
poll-readiness,poll_readiness,custom,kvm,DECLINED-IN-MANIFEST,cannot-execute-here: HUNG(no verdict in 60s)
poll-readiness,poll_readiness,custom,dbi,DECLINED-IN-MANIFEST,cannot-execute-here: not-in-build
poll-readiness,poll_readiness,custom,liteinst,DECLINED-IN-MANIFEST,cannot-execute-here: runtime .so missing
poll-readiness,poll_readiness,custom,sabre,DECLINED-IN-MANIFEST,cannot-execute-here: not-in-build
poll-readiness,poll_readiness,custom,e9patch,NOT-WIRED,cannot-execute-here: not-in-build
append-pwrite,append_pwrite,verify,ptrace,GATED-OFF(ci=false),TIMEOUT-no-result
append-pwrite,append_pwrite,verify,kvm,DECLINED-IN-MANIFEST,cannot-execute-here: HUNG(no verdict in 60s)
append-pwrite,append_pwrite,verify,dbi,DECLINED-IN-MANIFEST,cannot-execute-here: not-in-build
append-pwrite,append_pwrite,verify,liteinst,DECLINED-IN-MANIFEST,cannot-execute-here: runtime .so missing
append-pwrite,append_pwrite,verify,sabre,DECLINED-IN-MANIFEST,cannot-execute-here: not-in-build
append-pwrite,append_pwrite,verify,e9patch,NOT-WIRED,cannot-execute-here: not-in-build
append-pwrite,append_pwrite,naked,ptrace,NOT-WIRED,
append-pwrite,append_pwrite,naked,kvm,NOT-WIRED,cannot-execute-here: HUNG(no verdict in 60s)
append-pwrite,append_pwrite,naked,dbi,NOT-WIRED,cannot-execute-here: not-in-build
append-pwrite,append_pwrite,naked,liteinst,NOT-WIRED,cannot-execute-here: runtime .so missing
append-pwrite,append_pwrite,naked,sabre,NOT-WIRED,cannot-execute-here: not-in-build
append-pwrite,append_pwrite,naked,e9patch,NOT-WIRED,cannot-execute-here: not-in-build
append-pwrite,append_pwrite,replay,ptrace,DECLINED-IN-MANIFEST,
append-pwrite,append_pwrite,replay,kvm,DECLINED-IN-MANIFEST,cannot-execute-here: HUNG(no verdict in 60s)
append-pwrite,append_pwrite,replay,dbi,DECLINED-IN-MANIFEST,cannot-execute-here: not-in-build
append-pwrite,append_pwrite,replay,liteinst,DECLINED-IN-MANIFEST,cannot-execute-here: runtime .so missing
append-pwrite,append_pwrite,replay,sabre,DECLINED-IN-MANIFEST,cannot-execute-here: not-in-build
append-pwrite,append_pwrite,replay,e9patch,NOT-WIRED,cannot-execute-here: not-in-build
append-pwrite,append_pwrite,chaos,ptrace,DECLINED-IN-MANIFEST,
append-pwrite,append_pwrite,chaos,kvm,DECLINED-IN-MANIFEST,cannot-execute-here: HUNG(no verdict in 60s)
append-pwrite,append_pwrite,chaos,dbi,DECLINED-IN-MANIFEST,cannot-execute-here: not-in-build
append-pwrite,append_pwrite,chaos,liteinst,DECLINED-IN-MANIFEST,cannot-execute-here: runtime .so missing
append-pwrite,append_pwrite,chaos,sabre,DECLINED-IN-MANIFEST,cannot-execute-here: not-in-build
append-pwrite,append_pwrite,chaos,e9patch,NOT-WIRED,cannot-execute-here: not-in-build
append-pwrite,append_pwrite,custom,ptrace,DECLINED-IN-MANIFEST,
append-pwrite,append_pwrite,custom,kvm,DECLINED-IN-MANIFEST,cannot-execute-here: HUNG(no verdict in 60s)
append-pwrite,append_pwrite,custom,dbi,DECLINED-IN-MANIFEST,cannot-execute-here: not-in-build
append-pwrite,append_pwrite,custom,liteinst,DECLINED-IN-MANIFEST,cannot-execute-here: runtime .so missing
append-pwrite,append_pwrite,custom,sabre,DECLINED-IN-MANIFEST,cannot-execute-here: not-in-build
append-pwrite,append_pwrite,custom,e9patch,NOT-WIRED,cannot-execute-here: not-in-build
prctl-identity,prctl_identity,verify,ptrace,GATED-OFF(ci=false),"ran rc=0, NO ok= count"
prctl-identity,prctl_identity,verify,kvm,DECLINED-IN-MANIFEST,cannot-execute-here: HUNG(no verdict in 60s)
prctl-identity,prctl_identity,verify,dbi,GATED-OFF(ci=false),cannot-execute-here: not-in-build
prctl-identity,prctl_identity,verify,liteinst,DECLINED-IN-MANIFEST,cannot-execute-here: runtime .so missing
prctl-identity,prctl_identity,verify,sabre,DECLINED-IN-MANIFEST,cannot-execute-here: not-in-build
prctl-identity,prctl_identity,verify,e9patch,NOT-WIRED,cannot-execute-here: not-in-build
prctl-identity,prctl_identity,naked,ptrace,NOT-WIRED,
prctl-identity,prctl_identity,naked,kvm,NOT-WIRED,cannot-execute-here: HUNG(no verdict in 60s)
prctl-identity,prctl_identity,naked,dbi,NOT-WIRED,cannot-execute-here: not-in-build
prctl-identity,prctl_identity,naked,liteinst,NOT-WIRED,cannot-execute-here: runtime .so missing
prctl-identity,prctl_identity,naked,sabre,NOT-WIRED,cannot-execute-here: not-in-build
prctl-identity,prctl_identity,naked,e9patch,NOT-WIRED,cannot-execute-here: not-in-build
prctl-identity,prctl_identity,replay,ptrace,DECLINED-IN-MANIFEST,
prctl-identity,prctl_identity,replay,kvm,DECLINED-IN-MANIFEST,cannot-execute-here: HUNG(no verdict in 60s)
prctl-identity,prctl_identity,replay,dbi,DECLINED-IN-MANIFEST,cannot-execute-here: not-in-build
prctl-identity,prctl_identity,replay,liteinst,DECLINED-IN-MANIFEST,cannot-execute-here: runtime .so missing
prctl-identity,prctl_identity,replay,sabre,DECLINED-IN-MANIFEST,cannot-execute-here: not-in-build
prctl-identity,prctl_identity,replay,e9patch,NOT-WIRED,cannot-execute-here: not-in-build
prctl-identity,prctl_identity,chaos,ptrace,DECLINED-IN-MANIFEST,
prctl-identity,prctl_identity,chaos,kvm,DECLINED-IN-MANIFEST,cannot-execute-here: HUNG(no verdict in 60s)
prctl-identity,prctl_identity,chaos,dbi,DECLINED-IN-MANIFEST,cannot-execute-here: not-in-build
prctl-identity,prctl_identity,chaos,liteinst,DECLINED-IN-MANIFEST,cannot-execute-here: runtime .so missing
prctl-identity,prctl_identity,chaos,sabre,DECLINED-IN-MANIFEST,cannot-execute-here: not-in-build
prctl-identity,prctl_identity,chaos,e9patch,NOT-WIRED,cannot-execute-here: not-in-build
prctl-identity,prctl_identity,custom,ptrace,DECLINED-IN-MANIFEST,
prctl-identity,prctl_identity,custom,kvm,DECLINED-IN-MANIFEST,cannot-execute-here: HUNG(no verdict in 60s)
prctl-identity,prctl_identity,custom,dbi,DECLINED-IN-MANIFEST,cannot-execute-here: not-in-build
prctl-identity,prctl_identity,custom,liteinst,DECLINED-IN-MANIFEST,cannot-execute-here: runtime .so missing
prctl-identity,prctl_identity,custom,sabre,DECLINED-IN-MANIFEST,cannot-execute-here: not-in-build
prctl-identity,prctl_identity,custom,e9patch,NOT-WIRED,cannot-execute-here: not-in-build
rlimit-identity,rlimit_identity,verify,ptrace,GATED-OFF(ci=false),"ran rc=0, NO ok= count"
rlimit-identity,rlimit_identity,verify,kvm,GATED-OFF(ci=false),cannot-execute-here: HUNG(no verdict in 60s)
rlimit-identity,rlimit_identity,verify,dbi,GATED-OFF(ci=false),cannot-execute-here: not-in-build
rlimit-identity,rlimit_identity,verify,liteinst,DECLINED-IN-MANIFEST,cannot-execute-here: runtime .so missing
rlimit-identity,rlimit_identity,verify,sabre,DECLINED-IN-MANIFEST,cannot-execute-here: not-in-build
rlimit-identity,rlimit_identity,verify,e9patch,NOT-WIRED,cannot-execute-here: not-in-build
rlimit-identity,rlimit_identity,naked,ptrace,NOT-WIRED,
rlimit-identity,rlimit_identity,naked,kvm,NOT-WIRED,cannot-execute-here: HUNG(no verdict in 60s)
rlimit-identity,rlimit_identity,naked,dbi,NOT-WIRED,cannot-execute-here: not-in-build
rlimit-identity,rlimit_identity,naked,liteinst,NOT-WIRED,cannot-execute-here: runtime .so missing
rlimit-identity,rlimit_identity,naked,sabre,NOT-WIRED,cannot-execute-here: not-in-build
rlimit-identity,rlimit_identity,naked,e9patch,NOT-WIRED,cannot-execute-here: not-in-build
rlimit-identity,rlimit_identity,replay,ptrace,DECLINED-IN-MANIFEST,
rlimit-identity,rlimit_identity,replay,kvm,DECLINED-IN-MANIFEST,cannot-execute-here: HUNG(no verdict in 60s)
rlimit-identity,rlimit_identity,replay,dbi,DECLINED-IN-MANIFEST,cannot-execute-here: not-in-build
rlimit-identity,rlimit_identity,replay,liteinst,DECLINED-IN-MANIFEST,cannot-execute-here: runtime .so missing
rlimit-identity,rlimit_identity,replay,sabre,DECLINED-IN-MANIFEST,cannot-execute-here: not-in-build
rlimit-identity,rlimit_identity,replay,e9patch,NOT-WIRED,cannot-execute-here: not-in-build
rlimit-identity,rlimit_identity,chaos,ptrace,DECLINED-IN-MANIFEST,
rlimit-identity,rlimit_identity,chaos,kvm,DECLINED-IN-MANIFEST,cannot-execute-here: HUNG(no verdict in 60s)
rlimit-identity,rlimit_identity,chaos,dbi,DECLINED-IN-MANIFEST,cannot-execute-here: not-in-build
rlimit-identity,rlimit_identity,chaos,liteinst,DECLINED-IN-MANIFEST,cannot-execute-here: runtime .so missing
rlimit-identity,rlimit_identity,chaos,sabre,DECLINED-IN-MANIFEST,cannot-execute-here: not-in-build
rlimit-identity,rlimit_identity,chaos,e9patch,NOT-WIRED,cannot-execute-here: not-in-build
rlimit-identity,rlimit_identity,custom,ptrace,DECLINED-IN-MANIFEST,
rlimit-identity,rlimit_identity,custom,kvm,DECLINED-IN-MANIFEST,cannot-execute-here: HUNG(no verdict in 60s)
rlimit-identity,rlimit_identity,custom,dbi,DECLINED-IN-MANIFEST,cannot-execute-here: not-in-build
rlimit-identity,rlimit_identity,custom,liteinst,DECLINED-IN-MANIFEST,cannot-execute-here: runtime .so missing
rlimit-identity,rlimit_identity,custom,sabre,DECLINED-IN-MANIFEST,cannot-execute-here: not-in-build
rlimit-identity,rlimit_identity,custom,e9patch,NOT-WIRED,cannot-execute-here: not-in-build
pipe-ipc,pipe_ipc,verify,ptrace,GATED-OFF(ci=false),"ran rc=0, NO ok= count"
pipe-ipc,pipe_ipc,verify,kvm,DECLINED-IN-MANIFEST,cannot-execute-here: HUNG(no verdict in 60s)
pipe-ipc,pipe_ipc,verify,dbi,DECLINED-IN-MANIFEST,cannot-execute-here: not-in-build
pipe-ipc,pipe_ipc,verify,liteinst,DECLINED-IN-MANIFEST,cannot-execute-here: runtime .so missing
pipe-ipc,pipe_ipc,verify,sabre,DECLINED-IN-MANIFEST,cannot-execute-here: not-in-build
pipe-ipc,pipe_ipc,verify,e9patch,NOT-WIRED,cannot-execute-here: not-in-build
pipe-ipc,pipe_ipc,naked,ptrace,NOT-WIRED,
pipe-ipc,pipe_ipc,naked,kvm,NOT-WIRED,cannot-execute-here: HUNG(no verdict in 60s)
pipe-ipc,pipe_ipc,naked,dbi,NOT-WIRED,cannot-execute-here: not-in-build
pipe-ipc,pipe_ipc,naked,liteinst,NOT-WIRED,cannot-execute-here: runtime .so missing
pipe-ipc,pipe_ipc,naked,sabre,NOT-WIRED,cannot-execute-here: not-in-build
pipe-ipc,pipe_ipc,naked,e9patch,NOT-WIRED,cannot-execute-here: not-in-build
pipe-ipc,pipe_ipc,replay,ptrace,DECLINED-IN-MANIFEST,
pipe-ipc,pipe_ipc,replay,kvm,DECLINED-IN-MANIFEST,cannot-execute-here: HUNG(no verdict in 60s)
pipe-ipc,pipe_ipc,replay,dbi,DECLINED-IN-MANIFEST,cannot-execute-here: not-in-build
pipe-ipc,pipe_ipc,replay,liteinst,DECLINED-IN-MANIFEST,cannot-execute-here: runtime .so missing
pipe-ipc,pipe_ipc,replay,sabre,DECLINED-IN-MANIFEST,cannot-execute-here: not-in-build
pipe-ipc,pipe_ipc,replay,e9patch,NOT-WIRED,cannot-execute-here: not-in-build
pipe-ipc,pipe_ipc,chaos,ptrace,DECLINED-IN-MANIFEST,
pipe-ipc,pipe_ipc,chaos,kvm,DECLINED-IN-MANIFEST,cannot-execute-here: HUNG(no verdict in 60s)
pipe-ipc,pipe_ipc,chaos,dbi,DECLINED-IN-MANIFEST,cannot-execute-here: not-in-build
pipe-ipc,pipe_ipc,chaos,liteinst,DECLINED-IN-MANIFEST,cannot-execute-here: runtime .so missing
pipe-ipc,pipe_ipc,chaos,sabre,DECLINED-IN-MANIFEST,cannot-execute-here: not-in-build
pipe-ipc,pipe_ipc,chaos,e9patch,NOT-WIRED,cannot-execute-here: not-in-build
pipe-ipc,pipe_ipc,custom,ptrace,DECLINED-IN-MANIFEST,
pipe-ipc,pipe_ipc,custom,kvm,DECLINED-IN-MANIFEST,cannot-execute-here: HUNG(no verdict in 60s)
pipe-ipc,pipe_ipc,custom,dbi,DECLINED-IN-MANIFEST,cannot-execute-here: not-in-build
pipe-ipc,pipe_ipc,custom,liteinst,DECLINED-IN-MANIFEST,cannot-execute-here: runtime .so missing
pipe-ipc,pipe_ipc,custom,sabre,DECLINED-IN-MANIFEST,cannot-execute-here: not-in-build
pipe-ipc,pipe_ipc,custom,e9patch,NOT-WIRED,cannot-execute-here: not-in-build
vectored-io,vectored_io,verify,ptrace,GATED-OFF(ci=false),"ran rc=0, NO ok= count"
vectored-io,vectored_io,verify,kvm,DECLINED-IN-MANIFEST,cannot-execute-here: HUNG(no verdict in 60s)
vectored-io,vectored_io,verify,dbi,DECLINED-IN-MANIFEST,cannot-execute-here: not-in-build
vectored-io,vectored_io,verify,liteinst,DECLINED-IN-MANIFEST,cannot-execute-here: runtime .so missing
vectored-io,vectored_io,verify,sabre,DECLINED-IN-MANIFEST,cannot-execute-here: not-in-build
vectored-io,vectored_io,verify,e9patch,NOT-WIRED,cannot-execute-here: not-in-build
vectored-io,vectored_io,naked,ptrace,NOT-WIRED,
vectored-io,vectored_io,naked,kvm,NOT-WIRED,cannot-execute-here: HUNG(no verdict in 60s)
vectored-io,vectored_io,naked,dbi,NOT-WIRED,cannot-execute-here: not-in-build
vectored-io,vectored_io,naked,liteinst,NOT-WIRED,cannot-execute-here: runtime .so missing
vectored-io,vectored_io,naked,sabre,NOT-WIRED,cannot-execute-here: not-in-build
vectored-io,vectored_io,naked,e9patch,NOT-WIRED,cannot-execute-here: not-in-build
vectored-io,vectored_io,replay,ptrace,DECLINED-IN-MANIFEST,
vectored-io,vectored_io,replay,kvm,DECLINED-IN-MANIFEST,cannot-execute-here: HUNG(no verdict in 60s)
vectored-io,vectored_io,replay,dbi,DECLINED-IN-MANIFEST,cannot-execute-here: not-in-build
vectored-io,vectored_io,replay,liteinst,DECLINED-IN-MANIFEST,cannot-execute-here: runtime .so missing
vectored-io,vectored_io,replay,sabre,DECLINED-IN-MANIFEST,cannot-execute-here: not-in-build
vectored-io,vectored_io,replay,e9patch,NOT-WIRED,cannot-execute-here: not-in-build
vectored-io,vectored_io,chaos,ptrace,DECLINED-IN-MANIFEST,
vectored-io,vectored_io,chaos,kvm,DECLINED-IN-MANIFEST,cannot-execute-here: HUNG(no verdict in 60s)
vectored-io,vectored_io,chaos,dbi,DECLINED-IN-MANIFEST,cannot-execute-here: not-in-build
vectored-io,vectored_io,chaos,liteinst,DECLINED-IN-MANIFEST,cannot-execute-here: runtime .so missing
vectored-io,vectored_io,chaos,sabre,DECLINED-IN-MANIFEST,cannot-execute-here: not-in-build
vectored-io,vectored_io,chaos,e9patch,NOT-WIRED,cannot-execute-here: not-in-build
vectored-io,vectored_io,custom,ptrace,DECLINED-IN-MANIFEST,
vectored-io,vectored_io,custom,kvm,DECLINED-IN-MANIFEST,cannot-execute-here: HUNG(no verdict in 60s)
vectored-io,vectored_io,custom,dbi,DECLINED-IN-MANIFEST,cannot-execute-here: not-in-build
vectored-io,vectored_io,custom,liteinst,DECLINED-IN-MANIFEST,cannot-execute-here: runtime .so missing
vectored-io,vectored_io,custom,sabre,DECLINED-IN-MANIFEST,cannot-execute-here: not-in-build
vectored-io,vectored_io,custom,e9patch,NOT-WIRED,cannot-execute-here: not-in-build
eventfd-semantics,eventfd_probe,verify,ptrace,GATED-OFF(ci=false),"ran rc=0, NO ok= count"
eventfd-semantics,eventfd_probe,verify,kvm,DECLINED-IN-MANIFEST,cannot-execute-here: HUNG(no verdict in 60s)
eventfd-semantics,eventfd_probe,verify,dbi,DECLINED-IN-MANIFEST,cannot-execute-here: not-in-build
eventfd-semantics,eventfd_probe,verify,liteinst,DECLINED-IN-MANIFEST,cannot-execute-here: runtime .so missing
eventfd-semantics,eventfd_probe,verify,sabre,DECLINED-IN-MANIFEST,cannot-execute-here: not-in-build
eventfd-semantics,eventfd_probe,verify,e9patch,NOT-WIRED,cannot-execute-here: not-in-build
eventfd-semantics,eventfd_probe,naked,ptrace,NOT-WIRED,
eventfd-semantics,eventfd_probe,naked,kvm,NOT-WIRED,cannot-execute-here: HUNG(no verdict in 60s)
eventfd-semantics,eventfd_probe,naked,dbi,NOT-WIRED,cannot-execute-here: not-in-build
eventfd-semantics,eventfd_probe,naked,liteinst,NOT-WIRED,cannot-execute-here: runtime .so missing
eventfd-semantics,eventfd_probe,naked,sabre,NOT-WIRED,cannot-execute-here: not-in-build
eventfd-semantics,eventfd_probe,naked,e9patch,NOT-WIRED,cannot-execute-here: not-in-build
eventfd-semantics,eventfd_probe,replay,ptrace,DECLINED-IN-MANIFEST,
eventfd-semantics,eventfd_probe,replay,kvm,DECLINED-IN-MANIFEST,cannot-execute-here: HUNG(no verdict in 60s)
eventfd-semantics,eventfd_probe,replay,dbi,DECLINED-IN-MANIFEST,cannot-execute-here: not-in-build
eventfd-semantics,eventfd_probe,replay,liteinst,DECLINED-IN-MANIFEST,cannot-execute-here: runtime .so missing
eventfd-semantics,eventfd_probe,replay,sabre,DECLINED-IN-MANIFEST,cannot-execute-here: not-in-build
eventfd-semantics,eventfd_probe,replay,e9patch,NOT-WIRED,cannot-execute-here: not-in-build
eventfd-semantics,eventfd_probe,chaos,ptrace,DECLINED-IN-MANIFEST,
eventfd-semantics,eventfd_probe,chaos,kvm,DECLINED-IN-MANIFEST,cannot-execute-here: HUNG(no verdict in 60s)
eventfd-semantics,eventfd_probe,chaos,dbi,DECLINED-IN-MANIFEST,cannot-execute-here: not-in-build
eventfd-semantics,eventfd_probe,chaos,liteinst,DECLINED-IN-MANIFEST,cannot-execute-here: runtime .so missing
eventfd-semantics,eventfd_probe,chaos,sabre,DECLINED-IN-MANIFEST,cannot-execute-here: not-in-build
eventfd-semantics,eventfd_probe,chaos,e9patch,NOT-WIRED,cannot-execute-here: not-in-build
eventfd-semantics,eventfd_probe,custom,ptrace,DECLINED-IN-MANIFEST,
eventfd-semantics,eventfd_probe,custom,kvm,DECLINED-IN-MANIFEST,cannot-execute-here: HUNG(no verdict in 60s)
eventfd-semantics,eventfd_probe,custom,dbi,DECLINED-IN-MANIFEST,cannot-execute-here: not-in-build
eventfd-semantics,eventfd_probe,custom,liteinst,DECLINED-IN-MANIFEST,cannot-execute-here: runtime .so missing
eventfd-semantics,eventfd_probe,custom,sabre,DECLINED-IN-MANIFEST,cannot-execute-here: not-in-build
eventfd-semantics,eventfd_probe,custom,e9patch,NOT-WIRED,cannot-execute-here: not-in-build
ftruncate-sparse,ftruncate_sparse,verify,ptrace,GATED-OFF(ci=false),EXECUTED ok=6 rc=0
ftruncate-sparse,ftruncate_sparse,verify,kvm,DECLINED-IN-MANIFEST,cannot-execute-here: HUNG(no verdict in 60s)
ftruncate-sparse,ftruncate_sparse,verify,dbi,DECLINED-IN-MANIFEST,cannot-execute-here: not-in-build
ftruncate-sparse,ftruncate_sparse,verify,liteinst,DECLINED-IN-MANIFEST,cannot-execute-here: runtime .so missing
ftruncate-sparse,ftruncate_sparse,verify,sabre,DECLINED-IN-MANIFEST,cannot-execute-here: not-in-build
ftruncate-sparse,ftruncate_sparse,verify,e9patch,NOT-WIRED,cannot-execute-here: not-in-build
ftruncate-sparse,ftruncate_sparse,naked,ptrace,NOT-WIRED,
ftruncate-sparse,ftruncate_sparse,naked,kvm,NOT-WIRED,cannot-execute-here: HUNG(no verdict in 60s)
ftruncate-sparse,ftruncate_sparse,naked,dbi,NOT-WIRED,cannot-execute-here: not-in-build
ftruncate-sparse,ftruncate_sparse,naked,liteinst,NOT-WIRED,cannot-execute-here: runtime .so missing
ftruncate-sparse,ftruncate_sparse,naked,sabre,NOT-WIRED,cannot-execute-here: not-in-build
ftruncate-sparse,ftruncate_sparse,naked,e9patch,NOT-WIRED,cannot-execute-here: not-in-build
ftruncate-sparse,ftruncate_sparse,replay,ptrace,DECLINED-IN-MANIFEST,
ftruncate-sparse,ftruncate_sparse,replay,kvm,DECLINED-IN-MANIFEST,cannot-execute-here: HUNG(no verdict in 60s)
ftruncate-sparse,ftruncate_sparse,replay,dbi,DECLINED-IN-MANIFEST,cannot-execute-here: not-in-build
ftruncate-sparse,ftruncate_sparse,replay,liteinst,DECLINED-IN-MANIFEST,cannot-execute-here: runtime .so missing
ftruncate-sparse,ftruncate_sparse,replay,sabre,DECLINED-IN-MANIFEST,cannot-execute-here: not-in-build
ftruncate-sparse,ftruncate_sparse,replay,e9patch,NOT-WIRED,cannot-execute-here: not-in-build
ftruncate-sparse,ftruncate_sparse,chaos,ptrace,DECLINED-IN-MANIFEST,
ftruncate-sparse,ftruncate_sparse,chaos,kvm,DECLINED-IN-MANIFEST,cannot-execute-here: HUNG(no verdict in 60s)
ftruncate-sparse,ftruncate_sparse,chaos,dbi,DECLINED-IN-MANIFEST,cannot-execute-here: not-in-build
ftruncate-sparse,ftruncate_sparse,chaos,liteinst,DECLINED-IN-MANIFEST,cannot-execute-here: runtime .so missing
ftruncate-sparse,ftruncate_sparse,chaos,sabre,DECLINED-IN-MANIFEST,cannot-execute-here: not-in-build
ftruncate-sparse,ftruncate_sparse,chaos,e9patch,NOT-WIRED,cannot-execute-here: not-in-build
ftruncate-sparse,ftruncate_sparse,custom,ptrace,DECLINED-IN-MANIFEST,
ftruncate-sparse,ftruncate_sparse,custom,kvm,DECLINED-IN-MANIFEST,cannot-execute-here: HUNG(no verdict in 60s)
ftruncate-sparse,ftruncate_sparse,custom,dbi,DECLINED-IN-MANIFEST,cannot-execute-here: not-in-build
ftruncate-sparse,ftruncate_sparse,custom,liteinst,DECLINED-IN-MANIFEST,cannot-execute-here: runtime .so missing
ftruncate-sparse,ftruncate_sparse,custom,sabre,DECLINED-IN-MANIFEST,cannot-execute-here: not-in-build
ftruncate-sparse,ftruncate_sparse,custom,e9patch,NOT-WIRED,cannot-execute-here: not-in-build
vectored-file-io,vectored_file_io,verify,ptrace,GATED-OFF(ci=false),EXECUTED ok=6 rc=0
vectored-file-io,vectored_file_io,verify,kvm,DECLINED-IN-MANIFEST,cannot-execute-here: HUNG(no verdict in 60s)
vectored-file-io,vectored_file_io,verify,dbi,DECLINED-IN-MANIFEST,cannot-execute-here: not-in-build
vectored-file-io,vectored_file_io,verify,liteinst,DECLINED-IN-MANIFEST,cannot-execute-here: runtime .so missing
vectored-file-io,vectored_file_io,verify,sabre,DECLINED-IN-MANIFEST,cannot-execute-here: not-in-build
vectored-file-io,vectored_file_io,verify,e9patch,NOT-WIRED,cannot-execute-here: not-in-build
vectored-file-io,vectored_file_io,naked,ptrace,NOT-WIRED,
vectored-file-io,vectored_file_io,naked,kvm,NOT-WIRED,cannot-execute-here: HUNG(no verdict in 60s)
vectored-file-io,vectored_file_io,naked,dbi,NOT-WIRED,cannot-execute-here: not-in-build
vectored-file-io,vectored_file_io,naked,liteinst,NOT-WIRED,cannot-execute-here: runtime .so missing
vectored-file-io,vectored_file_io,naked,sabre,NOT-WIRED,cannot-execute-here: not-in-build
vectored-file-io,vectored_file_io,naked,e9patch,NOT-WIRED,cannot-execute-here: not-in-build
vectored-file-io,vectored_file_io,replay,ptrace,DECLINED-IN-MANIFEST,
vectored-file-io,vectored_file_io,replay,kvm,DECLINED-IN-MANIFEST,cannot-execute-here: HUNG(no verdict in 60s)
vectored-file-io,vectored_file_io,replay,dbi,DECLINED-IN-MANIFEST,cannot-execute-here: not-in-build
vectored-file-io,vectored_file_io,replay,liteinst,DECLINED-IN-MANIFEST,cannot-execute-here: runtime .so missing
vectored-file-io,vectored_file_io,replay,sabre,DECLINED-IN-MANIFEST,cannot-execute-here: not-in-build
vectored-file-io,vectored_file_io,replay,e9patch,NOT-WIRED,cannot-execute-here: not-in-build
vectored-file-io,vectored_file_io,chaos,ptrace,DECLINED-IN-MANIFEST,
vectored-file-io,vectored_file_io,chaos,kvm,DECLINED-IN-MANIFEST,cannot-execute-here: HUNG(no verdict in 60s)
vectored-file-io,vectored_file_io,chaos,dbi,DECLINED-IN-MANIFEST,cannot-execute-here: not-in-build
vectored-file-io,vectored_file_io,chaos,liteinst,DECLINED-IN-MANIFEST,cannot-execute-here: runtime .so missing
vectored-file-io,vectored_file_io,chaos,sabre,DECLINED-IN-MANIFEST,cannot-execute-here: not-in-build
vectored-file-io,vectored_file_io,chaos,e9patch,NOT-WIRED,cannot-execute-here: not-in-build
vectored-file-io,vectored_file_io,custom,ptrace,DECLINED-IN-MANIFEST,
vectored-file-io,vectored_file_io,custom,kvm,DECLINED-IN-MANIFEST,cannot-execute-here: HUNG(no verdict in 60s)
vectored-file-io,vectored_file_io,custom,dbi,DECLINED-IN-MANIFEST,cannot-execute-here: not-in-build
vectored-file-io,vectored_file_io,custom,liteinst,DECLINED-IN-MANIFEST,cannot-execute-here: runtime .so missing
vectored-file-io,vectored_file_io,custom,sabre,DECLINED-IN-MANIFEST,cannot-execute-here: not-in-build
vectored-file-io,vectored_file_io,custom,e9patch,NOT-WIRED,cannot-execute-here: not-in-build
openat-flags,openat_flags,verify,ptrace,GATED-OFF(ci=false),EXECUTED ok=6 rc=0
openat-flags,openat_flags,verify,kvm,DECLINED-IN-MANIFEST,cannot-execute-here: HUNG(no verdict in 60s)
openat-flags,openat_flags,verify,dbi,DECLINED-IN-MANIFEST,cannot-execute-here: not-in-build
openat-flags,openat_flags,verify,liteinst,DECLINED-IN-MANIFEST,cannot-execute-here: runtime .so missing
openat-flags,openat_flags,verify,sabre,DECLINED-IN-MANIFEST,cannot-execute-here: not-in-build
openat-flags,openat_flags,verify,e9patch,NOT-WIRED,cannot-execute-here: not-in-build
openat-flags,openat_flags,naked,ptrace,NOT-WIRED,
openat-flags,openat_flags,naked,kvm,NOT-WIRED,cannot-execute-here: HUNG(no verdict in 60s)
openat-flags,openat_flags,naked,dbi,NOT-WIRED,cannot-execute-here: not-in-build
openat-flags,openat_flags,naked,liteinst,NOT-WIRED,cannot-execute-here: runtime .so missing
openat-flags,openat_flags,naked,sabre,NOT-WIRED,cannot-execute-here: not-in-build
openat-flags,openat_flags,naked,e9patch,NOT-WIRED,cannot-execute-here: not-in-build
openat-flags,openat_flags,replay,ptrace,DECLINED-IN-MANIFEST,
openat-flags,openat_flags,replay,kvm,DECLINED-IN-MANIFEST,cannot-execute-here: HUNG(no verdict in 60s)
openat-flags,openat_flags,replay,dbi,DECLINED-IN-MANIFEST,cannot-execute-here: not-in-build
openat-flags,openat_flags,replay,liteinst,DECLINED-IN-MANIFEST,cannot-execute-here: runtime .so missing
openat-flags,openat_flags,replay,sabre,DECLINED-IN-MANIFEST,cannot-execute-here: not-in-build
openat-flags,openat_flags,replay,e9patch,NOT-WIRED,cannot-execute-here: not-in-build
openat-flags,openat_flags,chaos,ptrace,DECLINED-IN-MANIFEST,
openat-flags,openat_flags,chaos,kvm,DECLINED-IN-MANIFEST,cannot-execute-here: HUNG(no verdict in 60s)
openat-flags,openat_flags,chaos,dbi,DECLINED-IN-MANIFEST,cannot-execute-here: not-in-build
openat-flags,openat_flags,chaos,liteinst,DECLINED-IN-MANIFEST,cannot-execute-here: runtime .so missing
openat-flags,openat_flags,chaos,sabre,DECLINED-IN-MANIFEST,cannot-execute-here: not-in-build
openat-flags,openat_flags,chaos,e9patch,NOT-WIRED,cannot-execute-here: not-in-build
openat-flags,openat_flags,custom,ptrace,DECLINED-IN-MANIFEST,
openat-flags,openat_flags,custom,kvm,DECLINED-IN-MANIFEST,cannot-execute-here: HUNG(no verdict in 60s)
openat-flags,openat_flags,custom,dbi,DECLINED-IN-MANIFEST,cannot-execute-here: not-in-build
openat-flags,openat_flags,custom,liteinst,DECLINED-IN-MANIFEST,cannot-execute-here: runtime .so missing
openat-flags,openat_flags,custom,sabre,DECLINED-IN-MANIFEST,cannot-execute-here: not-in-build
openat-flags,openat_flags,custom,e9patch,NOT-WIRED,cannot-execute-here: not-in-build
fchmodat2-flags,fchmodat2_flags,verify,ptrace,GATED-OFF(ci=false),EXECUTED ok=5 rc=0
fchmodat2-flags,fchmodat2_flags,verify,kvm,DECLINED-IN-MANIFEST,cannot-execute-here: HUNG(no verdict in 60s)
fchmodat2-flags,fchmodat2_flags,verify,dbi,DECLINED-IN-MANIFEST,cannot-execute-here: not-in-build
fchmodat2-flags,fchmodat2_flags,verify,liteinst,DECLINED-IN-MANIFEST,cannot-execute-here: runtime .so missing
fchmodat2-flags,fchmodat2_flags,verify,sabre,DECLINED-IN-MANIFEST,cannot-execute-here: not-in-build
fchmodat2-flags,fchmodat2_flags,verify,e9patch,NOT-WIRED,cannot-execute-here: not-in-build
fchmodat2-flags,fchmodat2_flags,naked,ptrace,NOT-WIRED,
fchmodat2-flags,fchmodat2_flags,naked,kvm,NOT-WIRED,cannot-execute-here: HUNG(no verdict in 60s)
fchmodat2-flags,fchmodat2_flags,naked,dbi,NOT-WIRED,cannot-execute-here: not-in-build
fchmodat2-flags,fchmodat2_flags,naked,liteinst,NOT-WIRED,cannot-execute-here: runtime .so missing
fchmodat2-flags,fchmodat2_flags,naked,sabre,NOT-WIRED,cannot-execute-here: not-in-build
fchmodat2-flags,fchmodat2_flags,naked,e9patch,NOT-WIRED,cannot-execute-here: not-in-build
fchmodat2-flags,fchmodat2_flags,replay,ptrace,DECLINED-IN-MANIFEST,
fchmodat2-flags,fchmodat2_flags,replay,kvm,DECLINED-IN-MANIFEST,cannot-execute-here: HUNG(no verdict in 60s)
fchmodat2-flags,fchmodat2_flags,replay,dbi,DECLINED-IN-MANIFEST,cannot-execute-here: not-in-build
fchmodat2-flags,fchmodat2_flags,replay,liteinst,DECLINED-IN-MANIFEST,cannot-execute-here: runtime .so missing
fchmodat2-flags,fchmodat2_flags,replay,sabre,DECLINED-IN-MANIFEST,cannot-execute-here: not-in-build
fchmodat2-flags,fchmodat2_flags,replay,e9patch,NOT-WIRED,cannot-execute-here: not-in-build
fchmodat2-flags,fchmodat2_flags,chaos,ptrace,DECLINED-IN-MANIFEST,
fchmodat2-flags,fchmodat2_flags,chaos,kvm,DECLINED-IN-MANIFEST,cannot-execute-here: HUNG(no verdict in 60s)
fchmodat2-flags,fchmodat2_flags,chaos,dbi,DECLINED-IN-MANIFEST,cannot-execute-here: not-in-build
fchmodat2-flags,fchmodat2_flags,chaos,liteinst,DECLINED-IN-MANIFEST,cannot-execute-here: runtime .so missing
fchmodat2-flags,fchmodat2_flags,chaos,sabre,DECLINED-IN-MANIFEST,cannot-execute-here: not-in-build
fchmodat2-flags,fchmodat2_flags,chaos,e9patch,NOT-WIRED,cannot-execute-here: not-in-build
fchmodat2-flags,fchmodat2_flags,custom,ptrace,DECLINED-IN-MANIFEST,
fchmodat2-flags,fchmodat2_flags,custom,kvm,DECLINED-IN-MANIFEST,cannot-execute-here: HUNG(no verdict in 60s)
fchmodat2-flags,fchmodat2_flags,custom,dbi,DECLINED-IN-MANIFEST,cannot-execute-here: not-in-build
fchmodat2-flags,fchmodat2_flags,custom,liteinst,DECLINED-IN-MANIFEST,cannot-execute-here: runtime .so missing
fchmodat2-flags,fchmodat2_flags,custom,sabre,DECLINED-IN-MANIFEST,cannot-execute-here: not-in-build
fchmodat2-flags,fchmodat2_flags,custom,e9patch,NOT-WIRED,cannot-execute-here: not-in-build
socketpair-flags,socketpair_flags,verify,ptrace,GATED-OFF(ci=false),EXECUTED ok=7 rc=0
socketpair-flags,socketpair_flags,verify,kvm,DECLINED-IN-MANIFEST,cannot-execute-here: HUNG(no verdict in 60s)
socketpair-flags,socketpair_flags,verify,dbi,DECLINED-IN-MANIFEST,cannot-execute-here: not-in-build
socketpair-flags,socketpair_flags,verify,liteinst,DECLINED-IN-MANIFEST,cannot-execute-here: runtime .so missing
socketpair-flags,socketpair_flags,verify,sabre,DECLINED-IN-MANIFEST,cannot-execute-here: not-in-build
socketpair-flags,socketpair_flags,verify,e9patch,NOT-WIRED,cannot-execute-here: not-in-build
socketpair-flags,socketpair_flags,naked,ptrace,NOT-WIRED,
socketpair-flags,socketpair_flags,naked,kvm,NOT-WIRED,cannot-execute-here: HUNG(no verdict in 60s)
socketpair-flags,socketpair_flags,naked,dbi,NOT-WIRED,cannot-execute-here: not-in-build
socketpair-flags,socketpair_flags,naked,liteinst,NOT-WIRED,cannot-execute-here: runtime .so missing
socketpair-flags,socketpair_flags,naked,sabre,NOT-WIRED,cannot-execute-here: not-in-build
socketpair-flags,socketpair_flags,naked,e9patch,NOT-WIRED,cannot-execute-here: not-in-build
socketpair-flags,socketpair_flags,replay,ptrace,DECLINED-IN-MANIFEST,
socketpair-flags,socketpair_flags,replay,kvm,DECLINED-IN-MANIFEST,cannot-execute-here: HUNG(no verdict in 60s)
socketpair-flags,socketpair_flags,replay,dbi,DECLINED-IN-MANIFEST,cannot-execute-here: not-in-build
socketpair-flags,socketpair_flags,replay,liteinst,DECLINED-IN-MANIFEST,cannot-execute-here: runtime .so missing
socketpair-flags,socketpair_flags,replay,sabre,DECLINED-IN-MANIFEST,cannot-execute-here: not-in-build
socketpair-flags,socketpair_flags,replay,e9patch,NOT-WIRED,cannot-execute-here: not-in-build
socketpair-flags,socketpair_flags,chaos,ptrace,DECLINED-IN-MANIFEST,
socketpair-flags,socketpair_flags,chaos,kvm,DECLINED-IN-MANIFEST,cannot-execute-here: HUNG(no verdict in 60s)
socketpair-flags,socketpair_flags,chaos,dbi,DECLINED-IN-MANIFEST,cannot-execute-here: not-in-build
socketpair-flags,socketpair_flags,chaos,liteinst,DECLINED-IN-MANIFEST,cannot-execute-here: runtime .so missing
socketpair-flags,socketpair_flags,chaos,sabre,DECLINED-IN-MANIFEST,cannot-execute-here: not-in-build
socketpair-flags,socketpair_flags,chaos,e9patch,NOT-WIRED,cannot-execute-here: not-in-build
socketpair-flags,socketpair_flags,custom,ptrace,DECLINED-IN-MANIFEST,
socketpair-flags,socketpair_flags,custom,kvm,DECLINED-IN-MANIFEST,cannot-execute-here: HUNG(no verdict in 60s)
socketpair-flags,socketpair_flags,custom,dbi,DECLINED-IN-MANIFEST,cannot-execute-here: not-in-build
socketpair-flags,socketpair_flags,custom,liteinst,DECLINED-IN-MANIFEST,cannot-execute-here: runtime .so missing
socketpair-flags,socketpair_flags,custom,sabre,DECLINED-IN-MANIFEST,cannot-execute-here: not-in-build
socketpair-flags,socketpair_flags,custom,e9patch,NOT-WIRED,cannot-execute-here: not-in-build
pidfd-open-self,pidfd_open_self,verify,ptrace,GATED-OFF(ci=false),EXECUTED ok=6 rc=0
pidfd-open-self,pidfd_open_self,verify,kvm,GATED-OFF(ci=false),cannot-execute-here: HUNG(no verdict in 60s)
pidfd-open-self,pidfd_open_self,verify,dbi,GATED-OFF(ci=false),cannot-execute-here: not-in-build
pidfd-open-self,pidfd_open_self,verify,liteinst,DECLINED-IN-MANIFEST,cannot-execute-here: runtime .so missing
pidfd-open-self,pidfd_open_self,verify,sabre,DECLINED-IN-MANIFEST,cannot-execute-here: not-in-build
pidfd-open-self,pidfd_open_self,verify,e9patch,NOT-WIRED,cannot-execute-here: not-in-build
pidfd-open-self,pidfd_open_self,naked,ptrace,NOT-WIRED,
pidfd-open-self,pidfd_open_self,naked,kvm,NOT-WIRED,cannot-execute-here: HUNG(no verdict in 60s)
pidfd-open-self,pidfd_open_self,naked,dbi,NOT-WIRED,cannot-execute-here: not-in-build
pidfd-open-self,pidfd_open_self,naked,liteinst,NOT-WIRED,cannot-execute-here: runtime .so missing
pidfd-open-self,pidfd_open_self,naked,sabre,NOT-WIRED,cannot-execute-here: not-in-build
pidfd-open-self,pidfd_open_self,naked,e9patch,NOT-WIRED,cannot-execute-here: not-in-build
pidfd-open-self,pidfd_open_self,replay,ptrace,DECLINED-IN-MANIFEST,
pidfd-open-self,pidfd_open_self,replay,kvm,DECLINED-IN-MANIFEST,cannot-execute-here: HUNG(no verdict in 60s)
pidfd-open-self,pidfd_open_self,replay,dbi,DECLINED-IN-MANIFEST,cannot-execute-here: not-in-build
pidfd-open-self,pidfd_open_self,replay,liteinst,DECLINED-IN-MANIFEST,cannot-execute-here: runtime .so missing
pidfd-open-self,pidfd_open_self,replay,sabre,DECLINED-IN-MANIFEST,cannot-execute-here: not-in-build
pidfd-open-self,pidfd_open_self,replay,e9patch,NOT-WIRED,cannot-execute-here: not-in-build
pidfd-open-self,pidfd_open_self,chaos,ptrace,DECLINED-IN-MANIFEST,
pidfd-open-self,pidfd_open_self,chaos,kvm,DECLINED-IN-MANIFEST,cannot-execute-here: HUNG(no verdict in 60s)
pidfd-open-self,pidfd_open_self,chaos,dbi,DECLINED-IN-MANIFEST,cannot-execute-here: not-in-build
pidfd-open-self,pidfd_open_self,chaos,liteinst,DECLINED-IN-MANIFEST,cannot-execute-here: runtime .so missing
pidfd-open-self,pidfd_open_self,chaos,sabre,DECLINED-IN-MANIFEST,cannot-execute-here: not-in-build
pidfd-open-self,pidfd_open_self,chaos,e9patch,NOT-WIRED,cannot-execute-here: not-in-build
pidfd-open-self,pidfd_open_self,custom,ptrace,DECLINED-IN-MANIFEST,
pidfd-open-self,pidfd_open_self,custom,kvm,DECLINED-IN-MANIFEST,cannot-execute-here: HUNG(no verdict in 60s)
pidfd-open-self,pidfd_open_self,custom,dbi,DECLINED-IN-MANIFEST,cannot-execute-here: not-in-build
pidfd-open-self,pidfd_open_self,custom,liteinst,DECLINED-IN-MANIFEST,cannot-execute-here: runtime .so missing
pidfd-open-self,pidfd_open_self,custom,sabre,DECLINED-IN-MANIFEST,cannot-execute-here: not-in-build
pidfd-open-self,pidfd_open_self,custom,e9patch,NOT-WIRED,cannot-execute-here: not-in-build
cpu-virtualization,cpu_virtualization,verify,ptrace,GATED-OFF(ci=false),"ran rc=0, NO ok= count"
cpu-virtualization,cpu_virtualization,verify,kvm,GATED-OFF(ci=false),cannot-execute-here: HUNG(no verdict in 60s)
cpu-virtualization,cpu_virtualization,verify,dbi,GATED-OFF(ci=false),cannot-execute-here: not-in-build
cpu-virtualization,cpu_virtualization,verify,liteinst,DECLINED-IN-MANIFEST,cannot-execute-here: runtime .so missing
cpu-virtualization,cpu_virtualization,verify,sabre,DECLINED-IN-MANIFEST,cannot-execute-here: not-in-build
cpu-virtualization,cpu_virtualization,verify,e9patch,NOT-WIRED,cannot-execute-here: not-in-build
cpu-virtualization,cpu_virtualization,naked,ptrace,NOT-WIRED,
cpu-virtualization,cpu_virtualization,naked,kvm,NOT-WIRED,cannot-execute-here: HUNG(no verdict in 60s)
cpu-virtualization,cpu_virtualization,naked,dbi,NOT-WIRED,cannot-execute-here: not-in-build
cpu-virtualization,cpu_virtualization,naked,liteinst,NOT-WIRED,cannot-execute-here: runtime .so missing
cpu-virtualization,cpu_virtualization,naked,sabre,NOT-WIRED,cannot-execute-here: not-in-build
cpu-virtualization,cpu_virtualization,naked,e9patch,NOT-WIRED,cannot-execute-here: not-in-build
cpu-virtualization,cpu_virtualization,replay,ptrace,DECLINED-IN-MANIFEST,
cpu-virtualization,cpu_virtualization,replay,kvm,DECLINED-IN-MANIFEST,cannot-execute-here: HUNG(no verdict in 60s)
cpu-virtualization,cpu_virtualization,replay,dbi,DECLINED-IN-MANIFEST,cannot-execute-here: not-in-build
cpu-virtualization,cpu_virtualization,replay,liteinst,DECLINED-IN-MANIFEST,cannot-execute-here: runtime .so missing
cpu-virtualization,cpu_virtualization,replay,sabre,DECLINED-IN-MANIFEST,cannot-execute-here: not-in-build
cpu-virtualization,cpu_virtualization,replay,e9patch,NOT-WIRED,cannot-execute-here: not-in-build
cpu-virtualization,cpu_virtualization,chaos,ptrace,DECLINED-IN-MANIFEST,
cpu-virtualization,cpu_virtualization,chaos,kvm,DECLINED-IN-MANIFEST,cannot-execute-here: HUNG(no verdict in 60s)
cpu-virtualization,cpu_virtualization,chaos,dbi,DECLINED-IN-MANIFEST,cannot-execute-here: not-in-build
cpu-virtualization,cpu_virtualization,chaos,liteinst,DECLINED-IN-MANIFEST,cannot-execute-here: runtime .so missing
cpu-virtualization,cpu_virtualization,chaos,sabre,DECLINED-IN-MANIFEST,cannot-execute-here: not-in-build
cpu-virtualization,cpu_virtualization,chaos,e9patch,NOT-WIRED,cannot-execute-here: not-in-build
cpu-virtualization,cpu_virtualization,custom,ptrace,DECLINED-IN-MANIFEST,
cpu-virtualization,cpu_virtualization,custom,kvm,DECLINED-IN-MANIFEST,cannot-execute-here: HUNG(no verdict in 60s)
cpu-virtualization,cpu_virtualization,custom,dbi,DECLINED-IN-MANIFEST,cannot-execute-here: not-in-build
cpu-virtualization,cpu_virtualization,custom,liteinst,DECLINED-IN-MANIFEST,cannot-execute-here: runtime .so missing
cpu-virtualization,cpu_virtualization,custom,sabre,DECLINED-IN-MANIFEST,cannot-execute-here: not-in-build
cpu-virtualization,cpu_virtualization,custom,e9patch,NOT-WIRED,cannot-execute-here: not-in-build
getcpu-identity,getcpu_identity,verify,ptrace,GATED-OFF(ci=false),"ran rc=0, NO ok= count"
getcpu-identity,getcpu_identity,verify,kvm,GATED-OFF(ci=false),cannot-execute-here: HUNG(no verdict in 60s)
getcpu-identity,getcpu_identity,verify,dbi,GATED-OFF(ci=false),cannot-execute-here: not-in-build
getcpu-identity,getcpu_identity,verify,liteinst,DECLINED-IN-MANIFEST,cannot-execute-here: runtime .so missing
getcpu-identity,getcpu_identity,verify,sabre,DECLINED-IN-MANIFEST,cannot-execute-here: not-in-build
getcpu-identity,getcpu_identity,verify,e9patch,NOT-WIRED,cannot-execute-here: not-in-build
getcpu-identity,getcpu_identity,naked,ptrace,NOT-WIRED,
getcpu-identity,getcpu_identity,naked,kvm,NOT-WIRED,cannot-execute-here: HUNG(no verdict in 60s)
getcpu-identity,getcpu_identity,naked,dbi,NOT-WIRED,cannot-execute-here: not-in-build
getcpu-identity,getcpu_identity,naked,liteinst,NOT-WIRED,cannot-execute-here: runtime .so missing
getcpu-identity,getcpu_identity,naked,sabre,NOT-WIRED,cannot-execute-here: not-in-build
getcpu-identity,getcpu_identity,naked,e9patch,NOT-WIRED,cannot-execute-here: not-in-build
getcpu-identity,getcpu_identity,replay,ptrace,DECLINED-IN-MANIFEST,
getcpu-identity,getcpu_identity,replay,kvm,DECLINED-IN-MANIFEST,cannot-execute-here: HUNG(no verdict in 60s)
getcpu-identity,getcpu_identity,replay,dbi,DECLINED-IN-MANIFEST,cannot-execute-here: not-in-build
getcpu-identity,getcpu_identity,replay,liteinst,DECLINED-IN-MANIFEST,cannot-execute-here: runtime .so missing
getcpu-identity,getcpu_identity,replay,sabre,DECLINED-IN-MANIFEST,cannot-execute-here: not-in-build
getcpu-identity,getcpu_identity,replay,e9patch,NOT-WIRED,cannot-execute-here: not-in-build
getcpu-identity,getcpu_identity,chaos,ptrace,DECLINED-IN-MANIFEST,
getcpu-identity,getcpu_identity,chaos,kvm,DECLINED-IN-MANIFEST,cannot-execute-here: HUNG(no verdict in 60s)
getcpu-identity,getcpu_identity,chaos,dbi,DECLINED-IN-MANIFEST,cannot-execute-here: not-in-build
getcpu-identity,getcpu_identity,chaos,liteinst,DECLINED-IN-MANIFEST,cannot-execute-here: runtime .so missing
getcpu-identity,getcpu_identity,chaos,sabre,DECLINED-IN-MANIFEST,cannot-execute-here: not-in-build
getcpu-identity,getcpu_identity,chaos,e9patch,NOT-WIRED,cannot-execute-here: not-in-build
getcpu-identity,getcpu_identity,custom,ptrace,DECLINED-IN-MANIFEST,
getcpu-identity,getcpu_identity,custom,kvm,DECLINED-IN-MANIFEST,cannot-execute-here: HUNG(no verdict in 60s)
getcpu-identity,getcpu_identity,custom,dbi,DECLINED-IN-MANIFEST,cannot-execute-here: not-in-build
getcpu-identity,getcpu_identity,custom,liteinst,DECLINED-IN-MANIFEST,cannot-execute-here: runtime .so missing
getcpu-identity,getcpu_identity,custom,sabre,DECLINED-IN-MANIFEST,cannot-execute-here: not-in-build
getcpu-identity,getcpu_identity,custom,e9patch,NOT-WIRED,cannot-execute-here: not-in-build
sched-getaffinity-identity,sched_getaffinity_identity,verify,ptrace,GATED-OFF(ci=false),"ran rc=0, NO ok= count"
sched-getaffinity-identity,sched_getaffinity_identity,verify,kvm,GATED-OFF(ci=false),cannot-execute-here: HUNG(no verdict in 60s)
sched-getaffinity-identity,sched_getaffinity_identity,verify,dbi,GATED-OFF(ci=false),cannot-execute-here: not-in-build
sched-getaffinity-identity,sched_getaffinity_identity,verify,liteinst,DECLINED-IN-MANIFEST,cannot-execute-here: runtime .so missing
sched-getaffinity-identity,sched_getaffinity_identity,verify,sabre,DECLINED-IN-MANIFEST,cannot-execute-here: not-in-build
sched-getaffinity-identity,sched_getaffinity_identity,verify,e9patch,NOT-WIRED,cannot-execute-here: not-in-build
sched-getaffinity-identity,sched_getaffinity_identity,naked,ptrace,NOT-WIRED,
sched-getaffinity-identity,sched_getaffinity_identity,naked,kvm,NOT-WIRED,cannot-execute-here: HUNG(no verdict in 60s)
sched-getaffinity-identity,sched_getaffinity_identity,naked,dbi,NOT-WIRED,cannot-execute-here: not-in-build
sched-getaffinity-identity,sched_getaffinity_identity,naked,liteinst,NOT-WIRED,cannot-execute-here: runtime .so missing
sched-getaffinity-identity,sched_getaffinity_identity,naked,sabre,NOT-WIRED,cannot-execute-here: not-in-build
sched-getaffinity-identity,sched_getaffinity_identity,naked,e9patch,NOT-WIRED,cannot-execute-here: not-in-build
sched-getaffinity-identity,sched_getaffinity_identity,replay,ptrace,DECLINED-IN-MANIFEST,
sched-getaffinity-identity,sched_getaffinity_identity,replay,kvm,DECLINED-IN-MANIFEST,cannot-execute-here: HUNG(no verdict in 60s)
sched-getaffinity-identity,sched_getaffinity_identity,replay,dbi,DECLINED-IN-MANIFEST,cannot-execute-here: not-in-build
sched-getaffinity-identity,sched_getaffinity_identity,replay,liteinst,DECLINED-IN-MANIFEST,cannot-execute-here: runtime .so missing
sched-getaffinity-identity,sched_getaffinity_identity,replay,sabre,DECLINED-IN-MANIFEST,cannot-execute-here: not-in-build
sched-getaffinity-identity,sched_getaffinity_identity,replay,e9patch,NOT-WIRED,cannot-execute-here: not-in-build
sched-getaffinity-identity,sched_getaffinity_identity,chaos,ptrace,DECLINED-IN-MANIFEST,
sched-getaffinity-identity,sched_getaffinity_identity,chaos,kvm,DECLINED-IN-MANIFEST,cannot-execute-here: HUNG(no verdict in 60s)
sched-getaffinity-identity,sched_getaffinity_identity,chaos,dbi,DECLINED-IN-MANIFEST,cannot-execute-here: not-in-build
sched-getaffinity-identity,sched_getaffinity_identity,chaos,liteinst,DECLINED-IN-MANIFEST,cannot-execute-here: runtime .so missing
sched-getaffinity-identity,sched_getaffinity_identity,chaos,sabre,DECLINED-IN-MANIFEST,cannot-execute-here: not-in-build
sched-getaffinity-identity,sched_getaffinity_identity,chaos,e9patch,NOT-WIRED,cannot-execute-here: not-in-build
sched-getaffinity-identity,sched_getaffinity_identity,custom,ptrace,DECLINED-IN-MANIFEST,
sched-getaffinity-identity,sched_getaffinity_identity,custom,kvm,DECLINED-IN-MANIFEST,cannot-execute-here: HUNG(no verdict in 60s)
sched-getaffinity-identity,sched_getaffinity_identity,custom,dbi,DECLINED-IN-MANIFEST,cannot-execute-here: not-in-build
sched-getaffinity-identity,sched_getaffinity_identity,custom,liteinst,DECLINED-IN-MANIFEST,cannot-execute-here: runtime .so missing
sched-getaffinity-identity,sched_getaffinity_identity,custom,sabre,DECLINED-IN-MANIFEST,cannot-execute-here: not-in-build
sched-getaffinity-identity,sched_getaffinity_identity,custom,e9patch,NOT-WIRED,cannot-execute-here: not-in-build
fd-duplication,fd_duplication,verify,ptrace,GATED-OFF(ci=false),EXECUTED ok=11 rc=0
fd-duplication,fd_duplication,verify,kvm,GATED-OFF(ci=false),cannot-execute-here: HUNG(no verdict in 60s)
fd-duplication,fd_duplication,verify,dbi,GATED-OFF(ci=false),cannot-execute-here: not-in-build
fd-duplication,fd_duplication,verify,liteinst,DECLINED-IN-MANIFEST,cannot-execute-here: runtime .so missing
fd-duplication,fd_duplication,verify,sabre,DECLINED-IN-MANIFEST,cannot-execute-here: not-in-build
fd-duplication,fd_duplication,verify,e9patch,NOT-WIRED,cannot-execute-here: not-in-build
fd-duplication,fd_duplication,naked,ptrace,NOT-WIRED,
fd-duplication,fd_duplication,naked,kvm,NOT-WIRED,cannot-execute-here: HUNG(no verdict in 60s)
fd-duplication,fd_duplication,naked,dbi,NOT-WIRED,cannot-execute-here: not-in-build
fd-duplication,fd_duplication,naked,liteinst,NOT-WIRED,cannot-execute-here: runtime .so missing
fd-duplication,fd_duplication,naked,sabre,NOT-WIRED,cannot-execute-here: not-in-build
fd-duplication,fd_duplication,naked,e9patch,NOT-WIRED,cannot-execute-here: not-in-build
fd-duplication,fd_duplication,replay,ptrace,DECLINED-IN-MANIFEST,
fd-duplication,fd_duplication,replay,kvm,DECLINED-IN-MANIFEST,cannot-execute-here: HUNG(no verdict in 60s)
fd-duplication,fd_duplication,replay,dbi,DECLINED-IN-MANIFEST,cannot-execute-here: not-in-build
fd-duplication,fd_duplication,replay,liteinst,DECLINED-IN-MANIFEST,cannot-execute-here: runtime .so missing
fd-duplication,fd_duplication,replay,sabre,DECLINED-IN-MANIFEST,cannot-execute-here: not-in-build
fd-duplication,fd_duplication,replay,e9patch,NOT-WIRED,cannot-execute-here: not-in-build
fd-duplication,fd_duplication,chaos,ptrace,DECLINED-IN-MANIFEST,
fd-duplication,fd_duplication,chaos,kvm,DECLINED-IN-MANIFEST,cannot-execute-here: HUNG(no verdict in 60s)
fd-duplication,fd_duplication,chaos,dbi,DECLINED-IN-MANIFEST,cannot-execute-here: not-in-build
fd-duplication,fd_duplication,chaos,liteinst,DECLINED-IN-MANIFEST,cannot-execute-here: runtime .so missing
fd-duplication,fd_duplication,chaos,sabre,DECLINED-IN-MANIFEST,cannot-execute-here: not-in-build
fd-duplication,fd_duplication,chaos,e9patch,NOT-WIRED,cannot-execute-here: not-in-build
fd-duplication,fd_duplication,custom,ptrace,DECLINED-IN-MANIFEST,
fd-duplication,fd_duplication,custom,kvm,DECLINED-IN-MANIFEST,cannot-execute-here: HUNG(no verdict in 60s)
fd-duplication,fd_duplication,custom,dbi,DECLINED-IN-MANIFEST,cannot-execute-here: not-in-build
fd-duplication,fd_duplication,custom,liteinst,DECLINED-IN-MANIFEST,cannot-execute-here: runtime .so missing
fd-duplication,fd_duplication,custom,sabre,DECLINED-IN-MANIFEST,cannot-execute-here: not-in-build
fd-duplication,fd_duplication,custom,e9patch,NOT-WIRED,cannot-execute-here: not-in-build
dup-shared-offset,dup_shared_offset,verify,ptrace,GATED-OFF(ci=false),EXECUTED ok=6 rc=0
dup-shared-offset,dup_shared_offset,verify,kvm,GATED-OFF(ci=false),cannot-execute-here: HUNG(no verdict in 60s)
dup-shared-offset,dup_shared_offset,verify,dbi,GATED-OFF(ci=false),cannot-execute-here: not-in-build
dup-shared-offset,dup_shared_offset,verify,liteinst,DECLINED-IN-MANIFEST,cannot-execute-here: runtime .so missing
dup-shared-offset,dup_shared_offset,verify,sabre,DECLINED-IN-MANIFEST,cannot-execute-here: not-in-build
dup-shared-offset,dup_shared_offset,verify,e9patch,NOT-WIRED,cannot-execute-here: not-in-build
dup-shared-offset,dup_shared_offset,naked,ptrace,NOT-WIRED,
dup-shared-offset,dup_shared_offset,naked,kvm,NOT-WIRED,cannot-execute-here: HUNG(no verdict in 60s)
dup-shared-offset,dup_shared_offset,naked,dbi,NOT-WIRED,cannot-execute-here: not-in-build
dup-shared-offset,dup_shared_offset,naked,liteinst,NOT-WIRED,cannot-execute-here: runtime .so missing
dup-shared-offset,dup_shared_offset,naked,sabre,NOT-WIRED,cannot-execute-here: not-in-build
dup-shared-offset,dup_shared_offset,naked,e9patch,NOT-WIRED,cannot-execute-here: not-in-build
dup-shared-offset,dup_shared_offset,replay,ptrace,DECLINED-IN-MANIFEST,
dup-shared-offset,dup_shared_offset,replay,kvm,DECLINED-IN-MANIFEST,cannot-execute-here: HUNG(no verdict in 60s)
dup-shared-offset,dup_shared_offset,replay,dbi,DECLINED-IN-MANIFEST,cannot-execute-here: not-in-build
dup-shared-offset,dup_shared_offset,replay,liteinst,DECLINED-IN-MANIFEST,cannot-execute-here: runtime .so missing
dup-shared-offset,dup_shared_offset,replay,sabre,DECLINED-IN-MANIFEST,cannot-execute-here: not-in-build
dup-shared-offset,dup_shared_offset,replay,e9patch,NOT-WIRED,cannot-execute-here: not-in-build
dup-shared-offset,dup_shared_offset,chaos,ptrace,DECLINED-IN-MANIFEST,
dup-shared-offset,dup_shared_offset,chaos,kvm,DECLINED-IN-MANIFEST,cannot-execute-here: HUNG(no verdict in 60s)
dup-shared-offset,dup_shared_offset,chaos,dbi,DECLINED-IN-MANIFEST,cannot-execute-here: not-in-build
dup-shared-offset,dup_shared_offset,chaos,liteinst,DECLINED-IN-MANIFEST,cannot-execute-here: runtime .so missing
dup-shared-offset,dup_shared_offset,chaos,sabre,DECLINED-IN-MANIFEST,cannot-execute-here: not-in-build
dup-shared-offset,dup_shared_offset,chaos,e9patch,NOT-WIRED,cannot-execute-here: not-in-build
dup-shared-offset,dup_shared_offset,custom,ptrace,DECLINED-IN-MANIFEST,
dup-shared-offset,dup_shared_offset,custom,kvm,DECLINED-IN-MANIFEST,cannot-execute-here: HUNG(no verdict in 60s)
dup-shared-offset,dup_shared_offset,custom,dbi,DECLINED-IN-MANIFEST,cannot-execute-here: not-in-build
dup-shared-offset,dup_shared_offset,custom,liteinst,DECLINED-IN-MANIFEST,cannot-execute-here: runtime .so missing
dup-shared-offset,dup_shared_offset,custom,sabre,DECLINED-IN-MANIFEST,cannot-execute-here: not-in-build
dup-shared-offset,dup_shared_offset,custom,e9patch,NOT-WIRED,cannot-execute-here: not-in-build
lseek-positioning,lseek_positioning,verify,ptrace,GATED-OFF(ci=false),EXECUTED ok=11 rc=0
lseek-positioning,lseek_positioning,verify,kvm,GATED-OFF(ci=false),cannot-execute-here: HUNG(no verdict in 60s)
lseek-positioning,lseek_positioning,verify,dbi,GATED-OFF(ci=false),cannot-execute-here: not-in-build
lseek-positioning,lseek_positioning,verify,liteinst,DECLINED-IN-MANIFEST,cannot-execute-here: runtime .so missing
lseek-positioning,lseek_positioning,verify,sabre,DECLINED-IN-MANIFEST,cannot-execute-here: not-in-build
lseek-positioning,lseek_positioning,verify,e9patch,NOT-WIRED,cannot-execute-here: not-in-build
lseek-positioning,lseek_positioning,naked,ptrace,NOT-WIRED,
lseek-positioning,lseek_positioning,naked,kvm,NOT-WIRED,cannot-execute-here: HUNG(no verdict in 60s)
lseek-positioning,lseek_positioning,naked,dbi,NOT-WIRED,cannot-execute-here: not-in-build
lseek-positioning,lseek_positioning,naked,liteinst,NOT-WIRED,cannot-execute-here: runtime .so missing
lseek-positioning,lseek_positioning,naked,sabre,NOT-WIRED,cannot-execute-here: not-in-build
lseek-positioning,lseek_positioning,naked,e9patch,NOT-WIRED,cannot-execute-here: not-in-build
lseek-positioning,lseek_positioning,replay,ptrace,DECLINED-IN-MANIFEST,
lseek-positioning,lseek_positioning,replay,kvm,DECLINED-IN-MANIFEST,cannot-execute-here: HUNG(no verdict in 60s)
lseek-positioning,lseek_positioning,replay,dbi,DECLINED-IN-MANIFEST,cannot-execute-here: not-in-build
lseek-positioning,lseek_positioning,replay,liteinst,DECLINED-IN-MANIFEST,cannot-execute-here: runtime .so missing
lseek-positioning,lseek_positioning,replay,sabre,DECLINED-IN-MANIFEST,cannot-execute-here: not-in-build
lseek-positioning,lseek_positioning,replay,e9patch,NOT-WIRED,cannot-execute-here: not-in-build
lseek-positioning,lseek_positioning,chaos,ptrace,DECLINED-IN-MANIFEST,
lseek-positioning,lseek_positioning,chaos,kvm,DECLINED-IN-MANIFEST,cannot-execute-here: HUNG(no verdict in 60s)
lseek-positioning,lseek_positioning,chaos,dbi,DECLINED-IN-MANIFEST,cannot-execute-here: not-in-build
lseek-positioning,lseek_positioning,chaos,liteinst,DECLINED-IN-MANIFEST,cannot-execute-here: runtime .so missing
lseek-positioning,lseek_positioning,chaos,sabre,DECLINED-IN-MANIFEST,cannot-execute-here: not-in-build
lseek-positioning,lseek_positioning,chaos,e9patch,NOT-WIRED,cannot-execute-here: not-in-build
lseek-positioning,lseek_positioning,custom,ptrace,DECLINED-IN-MANIFEST,
lseek-positioning,lseek_positioning,custom,kvm,DECLINED-IN-MANIFEST,cannot-execute-here: HUNG(no verdict in 60s)
lseek-positioning,lseek_positioning,custom,dbi,DECLINED-IN-MANIFEST,cannot-execute-here: not-in-build
lseek-positioning,lseek_positioning,custom,liteinst,DECLINED-IN-MANIFEST,cannot-execute-here: runtime .so missing
lseek-positioning,lseek_positioning,custom,sabre,DECLINED-IN-MANIFEST,cannot-execute-here: not-in-build
lseek-positioning,lseek_positioning,custom,e9patch,NOT-WIRED,cannot-execute-here: not-in-build
pipe-capacity,pipe_capacity,verify,ptrace,GATED-OFF(ci=false),EXECUTED ok=5 rc=0
pipe-capacity,pipe_capacity,verify,kvm,DECLINED-IN-MANIFEST,cannot-execute-here: HUNG(no verdict in 60s)
pipe-capacity,pipe_capacity,verify,dbi,DECLINED-IN-MANIFEST,cannot-execute-here: not-in-build
pipe-capacity,pipe_capacity,verify,liteinst,DECLINED-IN-MANIFEST,cannot-execute-here: runtime .so missing
pipe-capacity,pipe_capacity,verify,sabre,DECLINED-IN-MANIFEST,cannot-execute-here: not-in-build
pipe-capacity,pipe_capacity,verify,e9patch,NOT-WIRED,cannot-execute-here: not-in-build
pipe-capacity,pipe_capacity,naked,ptrace,NOT-WIRED,
pipe-capacity,pipe_capacity,naked,kvm,NOT-WIRED,cannot-execute-here: HUNG(no verdict in 60s)
pipe-capacity,pipe_capacity,naked,dbi,NOT-WIRED,cannot-execute-here: not-in-build
pipe-capacity,pipe_capacity,naked,liteinst,NOT-WIRED,cannot-execute-here: runtime .so missing
pipe-capacity,pipe_capacity,naked,sabre,NOT-WIRED,cannot-execute-here: not-in-build
pipe-capacity,pipe_capacity,naked,e9patch,NOT-WIRED,cannot-execute-here: not-in-build
pipe-capacity,pipe_capacity,replay,ptrace,DECLINED-IN-MANIFEST,
pipe-capacity,pipe_capacity,replay,kvm,DECLINED-IN-MANIFEST,cannot-execute-here: HUNG(no verdict in 60s)
pipe-capacity,pipe_capacity,replay,dbi,DECLINED-IN-MANIFEST,cannot-execute-here: not-in-build
pipe-capacity,pipe_capacity,replay,liteinst,DECLINED-IN-MANIFEST,cannot-execute-here: runtime .so missing
pipe-capacity,pipe_capacity,replay,sabre,DECLINED-IN-MANIFEST,cannot-execute-here: not-in-build
pipe-capacity,pipe_capacity,replay,e9patch,NOT-WIRED,cannot-execute-here: not-in-build
pipe-capacity,pipe_capacity,chaos,ptrace,DECLINED-IN-MANIFEST,
pipe-capacity,pipe_capacity,chaos,kvm,DECLINED-IN-MANIFEST,cannot-execute-here: HUNG(no verdict in 60s)
pipe-capacity,pipe_capacity,chaos,dbi,DECLINED-IN-MANIFEST,cannot-execute-here: not-in-build
pipe-capacity,pipe_capacity,chaos,liteinst,DECLINED-IN-MANIFEST,cannot-execute-here: runtime .so missing
pipe-capacity,pipe_capacity,chaos,sabre,DECLINED-IN-MANIFEST,cannot-execute-here: not-in-build
pipe-capacity,pipe_capacity,chaos,e9patch,NOT-WIRED,cannot-execute-here: not-in-build
pipe-capacity,pipe_capacity,custom,ptrace,DECLINED-IN-MANIFEST,
pipe-capacity,pipe_capacity,custom,kvm,DECLINED-IN-MANIFEST,cannot-execute-here: HUNG(no verdict in 60s)
pipe-capacity,pipe_capacity,custom,dbi,DECLINED-IN-MANIFEST,cannot-execute-here: not-in-build
pipe-capacity,pipe_capacity,custom,liteinst,DECLINED-IN-MANIFEST,cannot-execute-here: runtime .so missing
pipe-capacity,pipe_capacity,custom,sabre,DECLINED-IN-MANIFEST,cannot-execute-here: not-in-build
pipe-capacity,pipe_capacity,custom,e9patch,NOT-WIRED,cannot-execute-here: not-in-build
record-lock,record_lock,verify,ptrace,GATED-OFF(ci=false),EXECUTED ok=6 rc=0
record-lock,record_lock,verify,kvm,DECLINED-IN-MANIFEST,cannot-execute-here: HUNG(no verdict in 60s)
record-lock,record_lock,verify,dbi,DECLINED-IN-MANIFEST,cannot-execute-here: not-in-build
record-lock,record_lock,verify,liteinst,DECLINED-IN-MANIFEST,cannot-execute-here: runtime .so missing
record-lock,record_lock,verify,sabre,DECLINED-IN-MANIFEST,cannot-execute-here: not-in-build
record-lock,record_lock,verify,e9patch,NOT-WIRED,cannot-execute-here: not-in-build
record-lock,record_lock,naked,ptrace,NOT-WIRED,
record-lock,record_lock,naked,kvm,NOT-WIRED,cannot-execute-here: HUNG(no verdict in 60s)
record-lock,record_lock,naked,dbi,NOT-WIRED,cannot-execute-here: not-in-build
record-lock,record_lock,naked,liteinst,NOT-WIRED,cannot-execute-here: runtime .so missing
record-lock,record_lock,naked,sabre,NOT-WIRED,cannot-execute-here: not-in-build
record-lock,record_lock,naked,e9patch,NOT-WIRED,cannot-execute-here: not-in-build
record-lock,record_lock,replay,ptrace,DECLINED-IN-MANIFEST,
record-lock,record_lock,replay,kvm,DECLINED-IN-MANIFEST,cannot-execute-here: HUNG(no verdict in 60s)
record-lock,record_lock,replay,dbi,DECLINED-IN-MANIFEST,cannot-execute-here: not-in-build
record-lock,record_lock,replay,liteinst,DECLINED-IN-MANIFEST,cannot-execute-here: runtime .so missing
record-lock,record_lock,replay,sabre,DECLINED-IN-MANIFEST,cannot-execute-here: not-in-build
record-lock,record_lock,replay,e9patch,NOT-WIRED,cannot-execute-here: not-in-build
record-lock,record_lock,chaos,ptrace,DECLINED-IN-MANIFEST,
record-lock,record_lock,chaos,kvm,DECLINED-IN-MANIFEST,cannot-execute-here: HUNG(no verdict in 60s)
record-lock,record_lock,chaos,dbi,DECLINED-IN-MANIFEST,cannot-execute-here: not-in-build
record-lock,record_lock,chaos,liteinst,DECLINED-IN-MANIFEST,cannot-execute-here: runtime .so missing
record-lock,record_lock,chaos,sabre,DECLINED-IN-MANIFEST,cannot-execute-here: not-in-build
record-lock,record_lock,chaos,e9patch,NOT-WIRED,cannot-execute-here: not-in-build
record-lock,record_lock,custom,ptrace,DECLINED-IN-MANIFEST,
record-lock,record_lock,custom,kvm,DECLINED-IN-MANIFEST,cannot-execute-here: HUNG(no verdict in 60s)
record-lock,record_lock,custom,dbi,DECLINED-IN-MANIFEST,cannot-execute-here: not-in-build
record-lock,record_lock,custom,liteinst,DECLINED-IN-MANIFEST,cannot-execute-here: runtime .so missing
record-lock,record_lock,custom,sabre,DECLINED-IN-MANIFEST,cannot-execute-here: not-in-build
record-lock,record_lock,custom,e9patch,NOT-WIRED,cannot-execute-here: not-in-build
cwd-roundtrip,cwd_roundtrip,verify,ptrace,GATED-OFF(ci=false),EXECUTED ok=6 rc=0
cwd-roundtrip,cwd_roundtrip,verify,kvm,DECLINED-IN-MANIFEST,cannot-execute-here: HUNG(no verdict in 60s)
cwd-roundtrip,cwd_roundtrip,verify,dbi,DECLINED-IN-MANIFEST,cannot-execute-here: not-in-build
cwd-roundtrip,cwd_roundtrip,verify,liteinst,DECLINED-IN-MANIFEST,cannot-execute-here: runtime .so missing
cwd-roundtrip,cwd_roundtrip,verify,sabre,DECLINED-IN-MANIFEST,cannot-execute-here: not-in-build
cwd-roundtrip,cwd_roundtrip,verify,e9patch,NOT-WIRED,cannot-execute-here: not-in-build
cwd-roundtrip,cwd_roundtrip,naked,ptrace,NOT-WIRED,
cwd-roundtrip,cwd_roundtrip,naked,kvm,NOT-WIRED,cannot-execute-here: HUNG(no verdict in 60s)
cwd-roundtrip,cwd_roundtrip,naked,dbi,NOT-WIRED,cannot-execute-here: not-in-build
cwd-roundtrip,cwd_roundtrip,naked,liteinst,NOT-WIRED,cannot-execute-here: runtime .so missing
cwd-roundtrip,cwd_roundtrip,naked,sabre,NOT-WIRED,cannot-execute-here: not-in-build
cwd-roundtrip,cwd_roundtrip,naked,e9patch,NOT-WIRED,cannot-execute-here: not-in-build
cwd-roundtrip,cwd_roundtrip,replay,ptrace,DECLINED-IN-MANIFEST,
cwd-roundtrip,cwd_roundtrip,replay,kvm,DECLINED-IN-MANIFEST,cannot-execute-here: HUNG(no verdict in 60s)
cwd-roundtrip,cwd_roundtrip,replay,dbi,DECLINED-IN-MANIFEST,cannot-execute-here: not-in-build
cwd-roundtrip,cwd_roundtrip,replay,liteinst,DECLINED-IN-MANIFEST,cannot-execute-here: runtime .so missing
cwd-roundtrip,cwd_roundtrip,replay,sabre,DECLINED-IN-MANIFEST,cannot-execute-here: not-in-build
cwd-roundtrip,cwd_roundtrip,replay,e9patch,NOT-WIRED,cannot-execute-here: not-in-build
cwd-roundtrip,cwd_roundtrip,chaos,ptrace,DECLINED-IN-MANIFEST,
cwd-roundtrip,cwd_roundtrip,chaos,kvm,DECLINED-IN-MANIFEST,cannot-execute-here: HUNG(no verdict in 60s)
cwd-roundtrip,cwd_roundtrip,chaos,dbi,DECLINED-IN-MANIFEST,cannot-execute-here: not-in-build
cwd-roundtrip,cwd_roundtrip,chaos,liteinst,DECLINED-IN-MANIFEST,cannot-execute-here: runtime .so missing
cwd-roundtrip,cwd_roundtrip,chaos,sabre,DECLINED-IN-MANIFEST,cannot-execute-here: not-in-build
cwd-roundtrip,cwd_roundtrip,chaos,e9patch,NOT-WIRED,cannot-execute-here: not-in-build
cwd-roundtrip,cwd_roundtrip,custom,ptrace,DECLINED-IN-MANIFEST,
cwd-roundtrip,cwd_roundtrip,custom,kvm,DECLINED-IN-MANIFEST,cannot-execute-here: HUNG(no verdict in 60s)
cwd-roundtrip,cwd_roundtrip,custom,dbi,DECLINED-IN-MANIFEST,cannot-execute-here: not-in-build
cwd-roundtrip,cwd_roundtrip,custom,liteinst,DECLINED-IN-MANIFEST,cannot-execute-here: runtime .so missing
cwd-roundtrip,cwd_roundtrip,custom,sabre,DECLINED-IN-MANIFEST,cannot-execute-here: not-in-build
cwd-roundtrip,cwd_roundtrip,custom,e9patch,NOT-WIRED,cannot-execute-here: not-in-build
o-tmpfile-anon,o_tmpfile_anon,verify,ptrace,GATED-OFF(ci=false),EXECUTED ok=6 rc=0
o-tmpfile-anon,o_tmpfile_anon,verify,kvm,DECLINED-IN-MANIFEST,cannot-execute-here: HUNG(no verdict in 60s)
o-tmpfile-anon,o_tmpfile_anon,verify,dbi,DECLINED-IN-MANIFEST,cannot-execute-here: not-in-build
o-tmpfile-anon,o_tmpfile_anon,verify,liteinst,DECLINED-IN-MANIFEST,cannot-execute-here: runtime .so missing
o-tmpfile-anon,o_tmpfile_anon,verify,sabre,DECLINED-IN-MANIFEST,cannot-execute-here: not-in-build
o-tmpfile-anon,o_tmpfile_anon,verify,e9patch,NOT-WIRED,cannot-execute-here: not-in-build
o-tmpfile-anon,o_tmpfile_anon,naked,ptrace,NOT-WIRED,
o-tmpfile-anon,o_tmpfile_anon,naked,kvm,NOT-WIRED,cannot-execute-here: HUNG(no verdict in 60s)
o-tmpfile-anon,o_tmpfile_anon,naked,dbi,NOT-WIRED,cannot-execute-here: not-in-build
o-tmpfile-anon,o_tmpfile_anon,naked,liteinst,NOT-WIRED,cannot-execute-here: runtime .so missing
o-tmpfile-anon,o_tmpfile_anon,naked,sabre,NOT-WIRED,cannot-execute-here: not-in-build
o-tmpfile-anon,o_tmpfile_anon,naked,e9patch,NOT-WIRED,cannot-execute-here: not-in-build
o-tmpfile-anon,o_tmpfile_anon,replay,ptrace,DECLINED-IN-MANIFEST,
o-tmpfile-anon,o_tmpfile_anon,replay,kvm,DECLINED-IN-MANIFEST,cannot-execute-here: HUNG(no verdict in 60s)
o-tmpfile-anon,o_tmpfile_anon,replay,dbi,DECLINED-IN-MANIFEST,cannot-execute-here: not-in-build
o-tmpfile-anon,o_tmpfile_anon,replay,liteinst,DECLINED-IN-MANIFEST,cannot-execute-here: runtime .so missing
o-tmpfile-anon,o_tmpfile_anon,replay,sabre,DECLINED-IN-MANIFEST,cannot-execute-here: not-in-build
o-tmpfile-anon,o_tmpfile_anon,replay,e9patch,NOT-WIRED,cannot-execute-here: not-in-build
o-tmpfile-anon,o_tmpfile_anon,chaos,ptrace,DECLINED-IN-MANIFEST,
o-tmpfile-anon,o_tmpfile_anon,chaos,kvm,DECLINED-IN-MANIFEST,cannot-execute-here: HUNG(no verdict in 60s)
o-tmpfile-anon,o_tmpfile_anon,chaos,dbi,DECLINED-IN-MANIFEST,cannot-execute-here: not-in-build
o-tmpfile-anon,o_tmpfile_anon,chaos,liteinst,DECLINED-IN-MANIFEST,cannot-execute-here: runtime .so missing
o-tmpfile-anon,o_tmpfile_anon,chaos,sabre,DECLINED-IN-MANIFEST,cannot-execute-here: not-in-build
o-tmpfile-anon,o_tmpfile_anon,chaos,e9patch,NOT-WIRED,cannot-execute-here: not-in-build
o-tmpfile-anon,o_tmpfile_anon,custom,ptrace,DECLINED-IN-MANIFEST,
o-tmpfile-anon,o_tmpfile_anon,custom,kvm,DECLINED-IN-MANIFEST,cannot-execute-here: HUNG(no verdict in 60s)
o-tmpfile-anon,o_tmpfile_anon,custom,dbi,DECLINED-IN-MANIFEST,cannot-execute-here: not-in-build
o-tmpfile-anon,o_tmpfile_anon,custom,liteinst,DECLINED-IN-MANIFEST,cannot-execute-here: runtime .so missing
o-tmpfile-anon,o_tmpfile_anon,custom,sabre,DECLINED-IN-MANIFEST,cannot-execute-here: not-in-build
o-tmpfile-anon,o_tmpfile_anon,custom,e9patch,NOT-WIRED,cannot-execute-here: not-in-build
fcntl-owner,fcntl_owner,verify,ptrace,GATED-OFF(ci=false),EXECUTED ok=6 rc=0
fcntl-owner,fcntl_owner,verify,kvm,DECLINED-IN-MANIFEST,cannot-execute-here: HUNG(no verdict in 60s)
fcntl-owner,fcntl_owner,verify,dbi,DECLINED-IN-MANIFEST,cannot-execute-here: not-in-build
fcntl-owner,fcntl_owner,verify,liteinst,DECLINED-IN-MANIFEST,cannot-execute-here: runtime .so missing
fcntl-owner,fcntl_owner,verify,sabre,DECLINED-IN-MANIFEST,cannot-execute-here: not-in-build
fcntl-owner,fcntl_owner,verify,e9patch,NOT-WIRED,cannot-execute-here: not-in-build
fcntl-owner,fcntl_owner,naked,ptrace,NOT-WIRED,
fcntl-owner,fcntl_owner,naked,kvm,NOT-WIRED,cannot-execute-here: HUNG(no verdict in 60s)
fcntl-owner,fcntl_owner,naked,dbi,NOT-WIRED,cannot-execute-here: not-in-build
fcntl-owner,fcntl_owner,naked,liteinst,NOT-WIRED,cannot-execute-here: runtime .so missing
fcntl-owner,fcntl_owner,naked,sabre,NOT-WIRED,cannot-execute-here: not-in-build
fcntl-owner,fcntl_owner,naked,e9patch,NOT-WIRED,cannot-execute-here: not-in-build
fcntl-owner,fcntl_owner,replay,ptrace,DECLINED-IN-MANIFEST,
fcntl-owner,fcntl_owner,replay,kvm,DECLINED-IN-MANIFEST,cannot-execute-here: HUNG(no verdict in 60s)
fcntl-owner,fcntl_owner,replay,dbi,DECLINED-IN-MANIFEST,cannot-execute-here: not-in-build
fcntl-owner,fcntl_owner,replay,liteinst,DECLINED-IN-MANIFEST,cannot-execute-here: runtime .so missing
fcntl-owner,fcntl_owner,replay,sabre,DECLINED-IN-MANIFEST,cannot-execute-here: not-in-build
fcntl-owner,fcntl_owner,replay,e9patch,NOT-WIRED,cannot-execute-here: not-in-build
fcntl-owner,fcntl_owner,chaos,ptrace,DECLINED-IN-MANIFEST,
fcntl-owner,fcntl_owner,chaos,kvm,DECLINED-IN-MANIFEST,cannot-execute-here: HUNG(no verdict in 60s)
fcntl-owner,fcntl_owner,chaos,dbi,DECLINED-IN-MANIFEST,cannot-execute-here: not-in-build
fcntl-owner,fcntl_owner,chaos,liteinst,DECLINED-IN-MANIFEST,cannot-execute-here: runtime .so missing
fcntl-owner,fcntl_owner,chaos,sabre,DECLINED-IN-MANIFEST,cannot-execute-here: not-in-build
fcntl-owner,fcntl_owner,chaos,e9patch,NOT-WIRED,cannot-execute-here: not-in-build
fcntl-owner,fcntl_owner,custom,ptrace,DECLINED-IN-MANIFEST,
fcntl-owner,fcntl_owner,custom,kvm,DECLINED-IN-MANIFEST,cannot-execute-here: HUNG(no verdict in 60s)
fcntl-owner,fcntl_owner,custom,dbi,DECLINED-IN-MANIFEST,cannot-execute-here: not-in-build
fcntl-owner,fcntl_owner,custom,liteinst,DECLINED-IN-MANIFEST,cannot-execute-here: runtime .so missing
fcntl-owner,fcntl_owner,custom,sabre,DECLINED-IN-MANIFEST,cannot-execute-here: not-in-build
fcntl-owner,fcntl_owner,custom,e9patch,NOT-WIRED,cannot-execute-here: not-in-build
membarrier-query,membarrier_query,verify,ptrace,GATED-OFF(ci=false),EXECUTED ok=2 rc=0
membarrier-query,membarrier_query,verify,kvm,DECLINED-IN-MANIFEST,cannot-execute-here: HUNG(no verdict in 60s)
membarrier-query,membarrier_query,verify,dbi,DECLINED-IN-MANIFEST,cannot-execute-here: not-in-build
membarrier-query,membarrier_query,verify,liteinst,DECLINED-IN-MANIFEST,cannot-execute-here: runtime .so missing
membarrier-query,membarrier_query,verify,sabre,DECLINED-IN-MANIFEST,cannot-execute-here: not-in-build
membarrier-query,membarrier_query,verify,e9patch,NOT-WIRED,cannot-execute-here: not-in-build
membarrier-query,membarrier_query,naked,ptrace,NOT-WIRED,
membarrier-query,membarrier_query,naked,kvm,NOT-WIRED,cannot-execute-here: HUNG(no verdict in 60s)
membarrier-query,membarrier_query,naked,dbi,NOT-WIRED,cannot-execute-here: not-in-build
membarrier-query,membarrier_query,naked,liteinst,NOT-WIRED,cannot-execute-here: runtime .so missing
membarrier-query,membarrier_query,naked,sabre,NOT-WIRED,cannot-execute-here: not-in-build
membarrier-query,membarrier_query,naked,e9patch,NOT-WIRED,cannot-execute-here: not-in-build
membarrier-query,membarrier_query,replay,ptrace,DECLINED-IN-MANIFEST,
membarrier-query,membarrier_query,replay,kvm,DECLINED-IN-MANIFEST,cannot-execute-here: HUNG(no verdict in 60s)
membarrier-query,membarrier_query,replay,dbi,DECLINED-IN-MANIFEST,cannot-execute-here: not-in-build
membarrier-query,membarrier_query,replay,liteinst,DECLINED-IN-MANIFEST,cannot-execute-here: runtime .so missing
membarrier-query,membarrier_query,replay,sabre,DECLINED-IN-MANIFEST,cannot-execute-here: not-in-build
membarrier-query,membarrier_query,replay,e9patch,NOT-WIRED,cannot-execute-here: not-in-build
membarrier-query,membarrier_query,chaos,ptrace,DECLINED-IN-MANIFEST,
membarrier-query,membarrier_query,chaos,kvm,DECLINED-IN-MANIFEST,cannot-execute-here: HUNG(no verdict in 60s)
membarrier-query,membarrier_query,chaos,dbi,DECLINED-IN-MANIFEST,cannot-execute-here: not-in-build
membarrier-query,membarrier_query,chaos,liteinst,DECLINED-IN-MANIFEST,cannot-execute-here: runtime .so missing
membarrier-query,membarrier_query,chaos,sabre,DECLINED-IN-MANIFEST,cannot-execute-here: not-in-build
membarrier-query,membarrier_query,chaos,e9patch,NOT-WIRED,cannot-execute-here: not-in-build
membarrier-query,membarrier_query,custom,ptrace,DECLINED-IN-MANIFEST,
membarrier-query,membarrier_query,custom,kvm,DECLINED-IN-MANIFEST,cannot-execute-here: HUNG(no verdict in 60s)
membarrier-query,membarrier_query,custom,dbi,DECLINED-IN-MANIFEST,cannot-execute-here: not-in-build
membarrier-query,membarrier_query,custom,liteinst,DECLINED-IN-MANIFEST,cannot-execute-here: runtime .so missing
membarrier-query,membarrier_query,custom,sabre,DECLINED-IN-MANIFEST,cannot-execute-here: not-in-build
membarrier-query,membarrier_query,custom,e9patch,NOT-WIRED,cannot-execute-here: not-in-build
