hermit_sha,reverie_sha,dirty,lane,bucket,test_id,test_mode,backend,cell_state,outcome,determinism_result,determinism_contract,stdout_parity_result,parity_contract,observed_tier,bitwise_axis
1fadc03779f2a246a9b5af5d4a93533511c837df,dd3c178ea9553004d7bf4c494e1b7fd80e7b6ae6,false,portable,applications,applications/example-timed-progress-bar,verify,dbi,expansion,pass,pass,stripped-verify-l2,pass,stdout-sha256,TIER-1-AT-BEST,CONTRACT-UNAVAILABLE
1fadc03779f2a246a9b5af5d4a93533511c837df,dd3c178ea9553004d7bf4c494e1b7fd80e7b6ae6,false,portable,applications,applications/timed-progress-bar,verify,dbi,expansion,diverge,fail,stripped-verify-l2,NO-RESULT-UNMEASURED,stdout-sha256,NO-RESULT-UNMEASURED,CONTRACT-UNAVAILABLE
1fadc03779f2a246a9b5af5d4a93533511c837df,dd3c178ea9553004d7bf4c494e1b7fd80e7b6ae6,false,privileged,backend-parity-c,backend-parity-c/cpuid-probe,verify,dbi,expansion,pass,pass,stripped-verify-l2,pass,stdout-sha256,TIER-1-AT-BEST,CONTRACT-UNAVAILABLE
1fadc03779f2a246a9b5af5d4a93533511c837df,dd3c178ea9553004d7bf4c494e1b7fd80e7b6ae6,false,portable,backend-parity-c,backend-parity-c/pid-probe,verify,dbi,expansion,pass,pass,stripped-verify-l2,pass,stdout-sha256,TIER-1-AT-BEST,CONTRACT-UNAVAILABLE
1fadc03779f2a246a9b5af5d4a93533511c837df,dd3c178ea9553004d7bf4c494e1b7fd80e7b6ae6,false,portable,backend-parity-c,backend-parity-c/pthread-lifecycle,verify,dbi,expansion,pass,pass,stripped-verify-l2,pass,stdout-sha256,TIER-1-AT-BEST,CONTRACT-UNAVAILABLE
1fadc03779f2a246a9b5af5d4a93533511c837df,dd3c178ea9553004d7bf4c494e1b7fd80e7b6ae6,false,portable,bin-c,bin-c/posix-timer-test,verify,dbi,expansion,pass,pass,stripped-verify-l2,pass,stdout-sha256,TIER-1-AT-BEST,CONTRACT-UNAVAILABLE
1fadc03779f2a246a9b5af5d4a93533511c837df,dd3c178ea9553004d7bf4c494e1b7fd80e7b6ae6,false,portable,bin-c,bin-c/robust-futex-test,verify,dbi,expansion,timeout,fail,stripped-verify-l2,NO-RESULT-UNMEASURED,stdout-sha256,NO-RESULT-UNMEASURED,CONTRACT-UNAVAILABLE
1fadc03779f2a246a9b5af5d4a93533511c837df,dd3c178ea9553004d7bf4c494e1b7fd80e7b6ae6,false,portable,c-programs,c-programs/acct-refusal-probe,verify,dbi,expansion,pass,pass,stripped-verify-l2,pass,stdout-sha256,TIER-1-AT-BEST,CONTRACT-UNAVAILABLE
1fadc03779f2a246a9b5af5d4a93533511c837df,dd3c178ea9553004d7bf4c494e1b7fd80e7b6ae6,false,portable,c-programs,c-programs/add-key-enosys,verify,dbi,expansion,pass,pass,stripped-verify-l2,pass,stdout-sha256,TIER-1-AT-BEST,CONTRACT-UNAVAILABLE
1fadc03779f2a246a9b5af5d4a93533511c837df,dd3c178ea9553004d7bf4c494e1b7fd80e7b6ae6,false,portable,c-programs,c-programs/adjtimex-deterministic,verify,dbi,expansion,pass,pass,stripped-verify-l2,pass,stdout-sha256,TIER-1-AT-BEST,CONTRACT-UNAVAILABLE
1fadc03779f2a246a9b5af5d4a93533511c837df,dd3c178ea9553004d7bf4c494e1b7fd80e7b6ae6,false,portable,c-programs,c-programs/arch-prctl-determinism,verify,dbi,expansion,diverge,fail,stripped-verify-l2,fail,stdout-sha256,TIER-0-FAIL,CONTRACT-UNAVAILABLE
1fadc03779f2a246a9b5af5d4a93533511c837df,dd3c178ea9553004d7bf4c494e1b7fd80e7b6ae6,false,portable,c-programs,c-programs/bpf-enosys,verify,dbi,expansion,pass,pass,stripped-verify-l2,pass,stdout-sha256,TIER-1-AT-BEST,CONTRACT-UNAVAILABLE
1fadc03779f2a246a9b5af5d4a93533511c837df,dd3c178ea9553004d7bf4c494e1b7fd80e7b6ae6,false,portable,c-programs,c-programs/cachestat-enosys,verify,dbi,expansion,pass,pass,stripped-verify-l2,pass,stdout-sha256,TIER-1-AT-BEST,CONTRACT-UNAVAILABLE
1fadc03779f2a246a9b5af5d4a93533511c837df,dd3c178ea9553004d7bf4c494e1b7fd80e7b6ae6,false,portable,c-programs,c-programs/clock-adjtime-deterministic,verify,dbi,expansion,pass,pass,stripped-verify-l2,pass,stdout-sha256,TIER-1-AT-BEST,CONTRACT-UNAVAILABLE
1fadc03779f2a246a9b5af5d4a93533511c837df,dd3c178ea9553004d7bf4c494e1b7fd80e7b6ae6,false,portable,c-programs,c-programs/clone,verify,dbi,expansion,pass,pass,stripped-verify-l2,pass,stdout-sha256,TIER-1-AT-BEST,CONTRACT-UNAVAILABLE
1fadc03779f2a246a9b5af5d4a93533511c837df,dd3c178ea9553004d7bf4c494e1b7fd80e7b6ae6,false,portable,c-programs,c-programs/copy-file-range-refusal-probe,verify,dbi,expansion,pass,pass,stripped-verify-l2,pass,stdout-sha256,TIER-1-AT-BEST,CONTRACT-UNAVAILABLE
1fadc03779f2a246a9b5af5d4a93533511c837df,dd3c178ea9553004d7bf4c494e1b7fd80e7b6ae6,false,portable,c-programs,c-programs/dbi-copied-tiocgpgrp,verify,dbi,expansion,pass,pass,stripped-verify-l2,pass,stdout-sha256,TIER-1-AT-BEST,CONTRACT-UNAVAILABLE
1fadc03779f2a246a9b5af5d4a93533511c837df,dd3c178ea9553004d7bf4c494e1b7fd80e7b6ae6,false,portable,c-programs,c-programs/dbi-exec-failure,verify,dbi,expansion,pass,pass,stripped-verify-l2,pass,stdout-sha256,TIER-1-AT-BEST,CONTRACT-UNAVAILABLE
1fadc03779f2a246a9b5af5d4a93533511c837df,dd3c178ea9553004d7bf4c494e1b7fd80e7b6ae6,false,portable,c-programs,c-programs/dbi-execveat-unsupported,verify,dbi,expansion,pass,pass,stripped-verify-l2,fail,stdout-sha256,TIER-0-FAIL,CONTRACT-UNAVAILABLE
1fadc03779f2a246a9b5af5d4a93533511c837df,dd3c178ea9553004d7bf4c494e1b7fd80e7b6ae6,false,portable,c-programs,c-programs/dbi-mmap-exec,verify,dbi,expansion,pass,pass,stripped-verify-l2,pass,stdout-sha256,TIER-1-AT-BEST,CONTRACT-UNAVAILABLE
1fadc03779f2a246a9b5af5d4a93533511c837df,dd3c178ea9553004d7bf4c494e1b7fd80e7b6ae6,false,portable,c-programs,c-programs/dbi-pid-virtualization,verify,dbi,expansion,pass,pass,stripped-verify-l2,NO-RESULT-UNMEASURED,stdout-sha256,NO-RESULT-UNMEASURED,CONTRACT-UNAVAILABLE
1fadc03779f2a246a9b5af5d4a93533511c837df,dd3c178ea9553004d7bf4c494e1b7fd80e7b6ae6,false,portable,c-programs,c-programs/dbi-prlimit-self,verify,dbi,expansion,pass,pass,stripped-verify-l2,pass,stdout-sha256,TIER-1-AT-BEST,CONTRACT-UNAVAILABLE
1fadc03779f2a246a9b5af5d4a93533511c837df,dd3c178ea9553004d7bf4c494e1b7fd80e7b6ae6,false,portable,c-programs,c-programs/dbi-self-sigqueue,verify,dbi,expansion,pass,pass,stripped-verify-l2,pass,stdout-sha256,TIER-1-AT-BEST,CONTRACT-UNAVAILABLE
1fadc03779f2a246a9b5af5d4a93533511c837df,dd3c178ea9553004d7bf4c494e1b7fd80e7b6ae6,false,portable,c-programs,c-programs/dbi-unsupported-syscall,verify,dbi,expansion,diverge,fail,stripped-verify-l2,fail,stdout-sha256,TIER-0-FAIL,CONTRACT-UNAVAILABLE
1fadc03779f2a246a9b5af5d4a93533511c837df,dd3c178ea9553004d7bf4c494e1b7fd80e7b6ae6,false,portable,c-programs,c-programs/dbi-wait-lifecycle,verify,dbi,expansion,pass,pass,stripped-verify-l2,NO-RESULT-UNMEASURED,stdout-sha256,NO-RESULT-UNMEASURED,CONTRACT-UNAVAILABLE
1fadc03779f2a246a9b5af5d4a93533511c837df,dd3c178ea9553004d7bf4c494e1b7fd80e7b6ae6,false,portable,c-programs,c-programs/epoll-determinism,verify,dbi,expansion,diverge,fail,stripped-verify-l2,NO-RESULT-UNMEASURED,stdout-sha256,NO-RESULT-UNMEASURED,CONTRACT-UNAVAILABLE
1fadc03779f2a246a9b5af5d4a93533511c837df,dd3c178ea9553004d7bf4c494e1b7fd80e7b6ae6,false,portable,c-programs,c-programs/fp-reduction-nondeterminism,verify,dbi,expansion,timeout,fail,stripped-verify-l2,fail,stdout-sha256,TIER-0-FAIL,CONTRACT-UNAVAILABLE
1fadc03779f2a246a9b5af5d4a93533511c837df,dd3c178ea9553004d7bf4c494e1b7fd80e7b6ae6,false,portable,c-programs,c-programs/futex-requeue-enosys,verify,dbi,expansion,pass,pass,stripped-verify-l2,pass,stdout-sha256,TIER-1-AT-BEST,CONTRACT-UNAVAILABLE
1fadc03779f2a246a9b5af5d4a93533511c837df,dd3c178ea9553004d7bf4c494e1b7fd80e7b6ae6,false,portable,c-programs,c-programs/futex-waitv-enosys,verify,dbi,expansion,pass,pass,stripped-verify-l2,pass,stdout-sha256,TIER-1-AT-BEST,CONTRACT-UNAVAILABLE
1fadc03779f2a246a9b5af5d4a93533511c837df,dd3c178ea9553004d7bf4c494e1b7fd80e7b6ae6,false,portable,c-programs,c-programs/futex-wake-enosys,verify,dbi,expansion,pass,pass,stripped-verify-l2,pass,stdout-sha256,TIER-1-AT-BEST,CONTRACT-UNAVAILABLE
1fadc03779f2a246a9b5af5d4a93533511c837df,dd3c178ea9553004d7bf4c494e1b7fd80e7b6ae6,false,portable,c-programs,c-programs/get-robust-list-child,verify,dbi,expansion,diverge,fail,stripped-verify-l2,fail,stdout-sha256,TIER-0-FAIL,CONTRACT-UNAVAILABLE
1fadc03779f2a246a9b5af5d4a93533511c837df,dd3c178ea9553004d7bf4c494e1b7fd80e7b6ae6,false,portable,c-programs,c-programs/get-robust-list-self,verify,dbi,expansion,pass,pass,stripped-verify-l2,pass,stdout-sha256,TIER-1-AT-BEST,CONTRACT-UNAVAILABLE
1fadc03779f2a246a9b5af5d4a93533511c837df,dd3c178ea9553004d7bf4c494e1b7fd80e7b6ae6,false,portable,c-programs,c-programs/get-robust-list-thread,verify,dbi,expansion,pass,pass,stripped-verify-l2,pass,stdout-sha256,TIER-1-AT-BEST,CONTRACT-UNAVAILABLE
1fadc03779f2a246a9b5af5d4a93533511c837df,dd3c178ea9553004d7bf4c494e1b7fd80e7b6ae6,false,portable,c-programs,c-programs/getcpu,verify,dbi,expansion,pass,pass,stripped-verify-l2,pass,stdout-sha256,TIER-1-AT-BEST,CONTRACT-UNAVAILABLE
1fadc03779f2a246a9b5af5d4a93533511c837df,dd3c178ea9553004d7bf4c494e1b7fd80e7b6ae6,false,portable,c-programs,c-programs/getitimer-determinism-probe,verify,dbi,expansion,pass,pass,stripped-verify-l2,pass,stdout-sha256,TIER-1-AT-BEST,CONTRACT-UNAVAILABLE
1fadc03779f2a246a9b5af5d4a93533511c837df,dd3c178ea9553004d7bf4c494e1b7fd80e7b6ae6,false,portable,c-programs,c-programs/getsockopt-null,verify,dbi,expansion,pass,pass,stripped-verify-l2,pass,stdout-sha256,TIER-1-AT-BEST,CONTRACT-UNAVAILABLE
1fadc03779f2a246a9b5af5d4a93533511c837df,dd3c178ea9553004d7bf4c494e1b7fd80e7b6ae6,false,portable,c-programs,c-programs/hello-alarm,verify,dbi,expansion,pass,pass,stripped-verify-l2,pass,stdout-sha256,TIER-1-AT-BEST,CONTRACT-UNAVAILABLE
1fadc03779f2a246a9b5af5d4a93533511c837df,dd3c178ea9553004d7bf4c494e1b7fd80e7b6ae6,false,portable,c-programs,c-programs/hello-nostdlib,verify,dbi,expansion,pass,pass,stripped-verify-l2,pass,stdout-sha256,TIER-1-AT-BEST,CONTRACT-UNAVAILABLE
1fadc03779f2a246a9b5af5d4a93533511c837df,dd3c178ea9553004d7bf4c494e1b7fd80e7b6ae6,false,portable,c-programs,c-programs/hello-signals,verify,dbi,expansion,pass,pass,stripped-verify-l2,pass,stdout-sha256,TIER-1-AT-BEST,CONTRACT-UNAVAILABLE
1fadc03779f2a246a9b5af5d4a93533511c837df,dd3c178ea9553004d7bf4c494e1b7fd80e7b6ae6,false,portable,c-programs,c-programs/io-uring-fallback,verify,dbi,expansion,pass,pass,stripped-verify-l2,pass,stdout-sha256,TIER-1-AT-BEST,CONTRACT-UNAVAILABLE
1fadc03779f2a246a9b5af5d4a93533511c837df,dd3c178ea9553004d7bf4c494e1b7fd80e7b6ae6,false,portable,c-programs,c-programs/io-uring-ring-determinism,verify,dbi,expansion,pass,pass,stripped-verify-l2,pass,stdout-sha256,TIER-1-AT-BEST,CONTRACT-UNAVAILABLE
1fadc03779f2a246a9b5af5d4a93533511c837df,dd3c178ea9553004d7bf4c494e1b7fd80e7b6ae6,false,portable,c-programs,c-programs/ioctl-fioclex,verify,dbi,expansion,pass,pass,stripped-verify-l2,pass,stdout-sha256,TIER-1-AT-BEST,CONTRACT-UNAVAILABLE
1fadc03779f2a246a9b5af5d4a93533511c837df,dd3c178ea9553004d7bf4c494e1b7fd80e7b6ae6,false,portable,c-programs,c-programs/ioctl-siocethtool,verify,dbi,expansion,pass,pass,stripped-verify-l2,pass,stdout-sha256,TIER-1-AT-BEST,CONTRACT-UNAVAILABLE
1fadc03779f2a246a9b5af5d4a93533511c837df,dd3c178ea9553004d7bf4c494e1b7fd80e7b6ae6,false,portable,c-programs,c-programs/ipc-determinism,verify,dbi,expansion,diverge,fail,stripped-verify-l2,NO-RESULT-UNMEASURED,stdout-sha256,NO-RESULT-UNMEASURED,CONTRACT-UNAVAILABLE
1fadc03779f2a246a9b5af5d4a93533511c837df,dd3c178ea9553004d7bf4c494e1b7fd80e7b6ae6,false,portable,c-programs,c-programs/just-spin,verify,dbi,expansion,pass,pass,stripped-verify-l2,pass,stdout-sha256,TIER-1-AT-BEST,CONTRACT-UNAVAILABLE
1fadc03779f2a246a9b5af5d4a93533511c837df,dd3c178ea9553004d7bf4c494e1b7fd80e7b6ae6,false,portable,c-programs,c-programs/kcmp-eperm,verify,dbi,expansion,pass,pass,stripped-verify-l2,pass,stdout-sha256,TIER-1-AT-BEST,CONTRACT-UNAVAILABLE
1fadc03779f2a246a9b5af5d4a93533511c837df,dd3c178ea9553004d7bf4c494e1b7fd80e7b6ae6,false,portable,c-programs,c-programs/keyctl-enosys,verify,dbi,expansion,pass,pass,stripped-verify-l2,pass,stdout-sha256,TIER-1-AT-BEST,CONTRACT-UNAVAILABLE
1fadc03779f2a246a9b5af5d4a93533511c837df,dd3c178ea9553004d7bf4c494e1b7fd80e7b6ae6,false,portable,c-programs,c-programs/keyctl-passthrough,verify,dbi,expansion,pass,pass,stripped-verify-l2,pass,stdout-sha256,TIER-1-AT-BEST,CONTRACT-UNAVAILABLE
1fadc03779f2a246a9b5af5d4a93533511c837df,dd3c178ea9553004d7bf4c494e1b7fd80e7b6ae6,false,portable,c-programs,c-programs/listmount-enosys,verify,dbi,expansion,pass,pass,stripped-verify-l2,pass,stdout-sha256,TIER-1-AT-BEST,CONTRACT-UNAVAILABLE
1fadc03779f2a246a9b5af5d4a93533511c837df,dd3c178ea9553004d7bf4c494e1b7fd80e7b6ae6,false,portable,c-programs,c-programs/liteinst-advanced,verify,dbi,expansion,diverge,fail,stripped-verify-l2,NO-RESULT-UNMEASURED,stdout-sha256,NO-RESULT-UNMEASURED,CONTRACT-UNAVAILABLE
1fadc03779f2a246a9b5af5d4a93533511c837df,dd3c178ea9553004d7bf4c494e1b7fd80e7b6ae6,false,portable,c-programs,c-programs/lsm-get-self-attr-enosys,verify,dbi,expansion,pass,pass,stripped-verify-l2,pass,stdout-sha256,TIER-1-AT-BEST,CONTRACT-UNAVAILABLE
1fadc03779f2a246a9b5af5d4a93533511c837df,dd3c178ea9553004d7bf4c494e1b7fd80e7b6ae6,false,portable,c-programs,c-programs/lsm-list-modules-enosys,verify,dbi,expansion,pass,pass,stripped-verify-l2,pass,stdout-sha256,TIER-1-AT-BEST,CONTRACT-UNAVAILABLE
1fadc03779f2a246a9b5af5d4a93533511c837df,dd3c178ea9553004d7bf4c494e1b7fd80e7b6ae6,false,portable,c-programs,c-programs/lsm-set-self-attr-enosys,verify,dbi,expansion,pass,pass,stripped-verify-l2,pass,stdout-sha256,TIER-1-AT-BEST,CONTRACT-UNAVAILABLE
1fadc03779f2a246a9b5af5d4a93533511c837df,dd3c178ea9553004d7bf4c494e1b7fd80e7b6ae6,false,portable,c-programs,c-programs/madvise-determinism,verify,dbi,expansion,pass,pass,stripped-verify-l2,pass,stdout-sha256,TIER-1-AT-BEST,CONTRACT-UNAVAILABLE
1fadc03779f2a246a9b5af5d4a93533511c837df,dd3c178ea9553004d7bf4c494e1b7fd80e7b6ae6,false,portable,c-programs,c-programs/map-shadow-stack-enosys,verify,dbi,expansion,pass,pass,stripped-verify-l2,pass,stdout-sha256,TIER-1-AT-BEST,CONTRACT-UNAVAILABLE
1fadc03779f2a246a9b5af5d4a93533511c837df,dd3c178ea9553004d7bf4c494e1b7fd80e7b6ae6,false,portable,c-programs,c-programs/memfd-secret-enosys,verify,dbi,expansion,pass,pass,stripped-verify-l2,pass,stdout-sha256,TIER-1-AT-BEST,CONTRACT-UNAVAILABLE
1fadc03779f2a246a9b5af5d4a93533511c837df,dd3c178ea9553004d7bf4c494e1b7fd80e7b6ae6,false,portable,c-programs,c-programs/meminfo-available-deterministic,verify,dbi,expansion,pass,pass,stripped-verify-l2,pass,stdout-sha256,TIER-1-AT-BEST,CONTRACT-UNAVAILABLE
1fadc03779f2a246a9b5af5d4a93533511c837df,dd3c178ea9553004d7bf4c494e1b7fd80e7b6ae6,false,portable,c-programs,c-programs/meminfo-cached-deterministic,verify,dbi,expansion,pass,pass,stripped-verify-l2,pass,stdout-sha256,TIER-1-AT-BEST,CONTRACT-UNAVAILABLE
1fadc03779f2a246a9b5af5d4a93533511c837df,dd3c178ea9553004d7bf4c494e1b7fd80e7b6ae6,false,portable,c-programs,c-programs/meminfo-free-deterministic,verify,dbi,expansion,pass,pass,stripped-verify-l2,pass,stdout-sha256,TIER-1-AT-BEST,CONTRACT-UNAVAILABLE
1fadc03779f2a246a9b5af5d4a93533511c837df,dd3c178ea9553004d7bf4c494e1b7fd80e7b6ae6,false,portable,c-programs,c-programs/memorypress,verify,dbi,expansion,pass,pass,stripped-verify-l2,pass,stdout-sha256,TIER-1-AT-BEST,CONTRACT-UNAVAILABLE
1fadc03779f2a246a9b5af5d4a93533511c837df,dd3c178ea9553004d7bf4c494e1b7fd80e7b6ae6,false,portable,c-programs,c-programs/mmap-determinism,verify,dbi,expansion,diverge,fail,stripped-verify-l2,NO-RESULT-UNMEASURED,stdout-sha256,NO-RESULT-UNMEASURED,CONTRACT-UNAVAILABLE
1fadc03779f2a246a9b5af5d4a93533511c837df,dd3c178ea9553004d7bf4c494e1b7fd80e7b6ae6,false,portable,c-programs,c-programs/mmap-stress-determinism,verify,dbi,expansion,pass,pass,stripped-verify-l2,pass,stdout-sha256,TIER-1-AT-BEST,CONTRACT-UNAVAILABLE
1fadc03779f2a246a9b5af5d4a93533511c837df,dd3c178ea9553004d7bf4c494e1b7fd80e7b6ae6,false,portable,c-programs,c-programs/name-to-handle-at-eopnotsupp,verify,dbi,expansion,pass,pass,stripped-verify-l2,pass,stdout-sha256,TIER-1-AT-BEST,CONTRACT-UNAVAILABLE
1fadc03779f2a246a9b5af5d4a93533511c837df,dd3c178ea9553004d7bf4c494e1b7fd80e7b6ae6,false,portable,c-programs,c-programs/name-to-handle-directory-eopnotsupp,verify,dbi,expansion,pass,pass,stripped-verify-l2,pass,stdout-sha256,TIER-1-AT-BEST,CONTRACT-UNAVAILABLE
1fadc03779f2a246a9b5af5d4a93533511c837df,dd3c178ea9553004d7bf4c494e1b7fd80e7b6ae6,false,portable,c-programs,c-programs/name-to-handle-empty-path-eopnotsupp,verify,dbi,expansion,pass,pass,stripped-verify-l2,pass,stdout-sha256,TIER-1-AT-BEST,CONTRACT-UNAVAILABLE
1fadc03779f2a246a9b5af5d4a93533511c837df,dd3c178ea9553004d7bf4c494e1b7fd80e7b6ae6,false,portable,c-programs,c-programs/name-to-handle-regular-eopnotsupp,verify,dbi,expansion,pass,pass,stripped-verify-l2,pass,stdout-sha256,TIER-1-AT-BEST,CONTRACT-UNAVAILABLE
1fadc03779f2a246a9b5af5d4a93533511c837df,dd3c178ea9553004d7bf4c494e1b7fd80e7b6ae6,false,portable,c-programs,c-programs/nanosleep-par,verify,dbi,expansion,pass,pass,stripped-verify-l2,pass,stdout-sha256,TIER-1-AT-BEST,CONTRACT-UNAVAILABLE
1fadc03779f2a246a9b5af5d4a93533511c837df,dd3c178ea9553004d7bf4c494e1b7fd80e7b6ae6,false,portable,c-programs,c-programs/nanosleep-threads-nocrash,verify,dbi,expansion,pass,pass,stripped-verify-l2,pass,stdout-sha256,TIER-1-AT-BEST,CONTRACT-UNAVAILABLE
1fadc03779f2a246a9b5af5d4a93533511c837df,dd3c178ea9553004d7bf4c494e1b7fd80e7b6ae6,false,portable,c-programs,c-programs/nanosleep-threads-simple,verify,dbi,expansion,diverge,fail,stripped-verify-l2,NO-RESULT-UNMEASURED,stdout-sha256,NO-RESULT-UNMEASURED,CONTRACT-UNAVAILABLE
1fadc03779f2a246a9b5af5d4a93533511c837df,dd3c178ea9553004d7bf4c494e1b7fd80e7b6ae6,false,portable,c-programs,c-programs/netlink-autobind-generic,verify,dbi,expansion,pass,pass,stripped-verify-l2,pass,stdout-sha256,TIER-1-AT-BEST,CONTRACT-UNAVAILABLE
1fadc03779f2a246a9b5af5d4a93533511c837df,dd3c178ea9553004d7bf4c494e1b7fd80e7b6ae6,false,portable,c-programs,c-programs/netlink-autobind-route,verify,dbi,expansion,pass,pass,stripped-verify-l2,pass,stdout-sha256,TIER-1-AT-BEST,CONTRACT-UNAVAILABLE
1fadc03779f2a246a9b5af5d4a93533511c837df,dd3c178ea9553004d7bf4c494e1b7fd80e7b6ae6,false,portable,c-programs,c-programs/netlink-autobind-usersock,verify,dbi,expansion,pass,pass,stripped-verify-l2,pass,stdout-sha256,TIER-1-AT-BEST,CONTRACT-UNAVAILABLE
1fadc03779f2a246a9b5af5d4a93533511c837df,dd3c178ea9553004d7bf4c494e1b7fd80e7b6ae6,false,portable,c-programs,c-programs/netns-cookie-tcp4,verify,dbi,expansion,pass,pass,stripped-verify-l2,pass,stdout-sha256,TIER-1-AT-BEST,CONTRACT-UNAVAILABLE
1fadc03779f2a246a9b5af5d4a93533511c837df,dd3c178ea9553004d7bf4c494e1b7fd80e7b6ae6,false,portable,c-programs,c-programs/netns-cookie-tcp6,verify,dbi,expansion,pass,pass,stripped-verify-l2,pass,stdout-sha256,TIER-1-AT-BEST,CONTRACT-UNAVAILABLE
1fadc03779f2a246a9b5af5d4a93533511c837df,dd3c178ea9553004d7bf4c494e1b7fd80e7b6ae6,false,portable,c-programs,c-programs/netns-cookie-udp4,verify,dbi,expansion,pass,pass,stripped-verify-l2,pass,stdout-sha256,TIER-1-AT-BEST,CONTRACT-UNAVAILABLE
1fadc03779f2a246a9b5af5d4a93533511c837df,dd3c178ea9553004d7bf4c494e1b7fd80e7b6ae6,false,portable,c-programs,c-programs/perf-event-hardware-enosys,verify,dbi,expansion,pass,pass,stripped-verify-l2,pass,stdout-sha256,TIER-1-AT-BEST,CONTRACT-UNAVAILABLE
1fadc03779f2a246a9b5af5d4a93533511c837df,dd3c178ea9553004d7bf4c494e1b7fd80e7b6ae6,false,portable,c-programs,c-programs/perf-event-open-enosys,verify,dbi,expansion,pass,pass,stripped-verify-l2,pass,stdout-sha256,TIER-1-AT-BEST,CONTRACT-UNAVAILABLE
1fadc03779f2a246a9b5af5d4a93533511c837df,dd3c178ea9553004d7bf4c494e1b7fd80e7b6ae6,false,portable,c-programs,c-programs/perf-event-software-enosys,verify,dbi,expansion,pass,pass,stripped-verify-l2,pass,stdout-sha256,TIER-1-AT-BEST,CONTRACT-UNAVAILABLE
1fadc03779f2a246a9b5af5d4a93533511c837df,dd3c178ea9553004d7bf4c494e1b7fd80e7b6ae6,false,portable,c-programs,c-programs/perf-event-watchpoint-enosys,verify,dbi,expansion,pass,pass,stripped-verify-l2,pass,stdout-sha256,TIER-1-AT-BEST,CONTRACT-UNAVAILABLE
1fadc03779f2a246a9b5af5d4a93533511c837df,dd3c178ea9553004d7bf4c494e1b7fd80e7b6ae6,false,portable,c-programs,c-programs/periodic-setitimer-delivery,verify,dbi,expansion,pass,pass,stripped-verify-l2,pass,stdout-sha256,TIER-1-AT-BEST,CONTRACT-UNAVAILABLE
1fadc03779f2a246a9b5af5d4a93533511c837df,dd3c178ea9553004d7bf4c494e1b7fd80e7b6ae6,false,portable,c-programs,c-programs/pidfd-open-self,verify,dbi,expansion,pass,pass,stripped-verify-l2,pass,stdout-sha256,TIER-1-AT-BEST,CONTRACT-UNAVAILABLE
1fadc03779f2a246a9b5af5d4a93533511c837df,dd3c178ea9553004d7bf4c494e1b7fd80e7b6ae6,false,portable,c-programs,c-programs/pidfd-poll-self,verify,dbi,expansion,pass,pass,stripped-verify-l2,pass,stdout-sha256,TIER-1-AT-BEST,CONTRACT-UNAVAILABLE
1fadc03779f2a246a9b5af5d4a93533511c837df,dd3c178ea9553004d7bf4c494e1b7fd80e7b6ae6,false,portable,c-programs,c-programs/pidfd-waitid-child,verify,dbi,expansion,diverge,fail,stripped-verify-l2,fail,stdout-sha256,TIER-0-FAIL,CONTRACT-UNAVAILABLE
1fadc03779f2a246a9b5af5d4a93533511c837df,dd3c178ea9553004d7bf4c494e1b7fd80e7b6ae6,false,portable,c-programs,c-programs/ppoll-readv,verify,dbi,expansion,pass,pass,stripped-verify-l2,pass,stdout-sha256,TIER-1-AT-BEST,CONTRACT-UNAVAILABLE
1fadc03779f2a246a9b5af5d4a93533511c837df,dd3c178ea9553004d7bf4c494e1b7fd80e7b6ae6,false,portable,c-programs,c-programs/ppoll-simulation,verify,dbi,expansion,pass,pass,stripped-verify-l2,pass,stdout-sha256,TIER-1-AT-BEST,CONTRACT-UNAVAILABLE
1fadc03779f2a246a9b5af5d4a93533511c837df,dd3c178ea9553004d7bf4c494e1b7fd80e7b6ae6,false,portable,c-programs,c-programs/prctl-dumpable,verify,dbi,expansion,pass,pass,stripped-verify-l2,pass,stdout-sha256,TIER-1-AT-BEST,CONTRACT-UNAVAILABLE
1fadc03779f2a246a9b5af5d4a93533511c837df,dd3c178ea9553004d7bf4c494e1b7fd80e7b6ae6,false,portable,c-programs,c-programs/pread64-nostdlib,verify,dbi,expansion,pass,pass,stripped-verify-l2,pass,stdout-sha256,TIER-1-AT-BEST,CONTRACT-UNAVAILABLE
1fadc03779f2a246a9b5af5d4a93533511c837df,dd3c178ea9553004d7bf4c494e1b7fd80e7b6ae6,false,portable,c-programs,c-programs/print-memaddrs,verify,dbi,expansion,pass,pass,stripped-verify-l2,fail,stdout-sha256,TIER-0-FAIL,CONTRACT-UNAVAILABLE
1fadc03779f2a246a9b5af5d4a93533511c837df,dd3c178ea9553004d7bf4c494e1b7fd80e7b6ae6,false,portable,c-programs,c-programs/printf-with-threads,verify,dbi,expansion,pass,pass,stripped-verify-l2,pass,stdout-sha256,TIER-1-AT-BEST,CONTRACT-UNAVAILABLE
1fadc03779f2a246a9b5af5d4a93533511c837df,dd3c178ea9553004d7bf4c494e1b7fd80e7b6ae6,false,portable,c-programs,c-programs/proc-fd-link-aliases,verify,dbi,expansion,pass,pass,stripped-verify-l2,pass,stdout-sha256,TIER-1-AT-BEST,CONTRACT-UNAVAILABLE
1fadc03779f2a246a9b5af5d4a93533511c837df,dd3c178ea9553004d7bf4c494e1b7fd80e7b6ae6,false,portable,c-programs,c-programs/proc-fdinfo,verify,dbi,expansion,pass,pass,stripped-verify-l2,pass,stdout-sha256,TIER-1-AT-BEST,CONTRACT-UNAVAILABLE
1fadc03779f2a246a9b5af5d4a93533511c837df,dd3c178ea9553004d7bf4c494e1b7fd80e7b6ae6,false,portable,c-programs,c-programs/proc-locks,verify,dbi,expansion,diverge,fail,stripped-verify-l2,fail,stdout-sha256,TIER-0-FAIL,CONTRACT-UNAVAILABLE
1fadc03779f2a246a9b5af5d4a93533511c837df,dd3c178ea9553004d7bf4c494e1b7fd80e7b6ae6,false,portable,c-programs,c-programs/process-mrelease-enosys,verify,dbi,expansion,pass,pass,stripped-verify-l2,pass,stdout-sha256,TIER-1-AT-BEST,CONTRACT-UNAVAILABLE
1fadc03779f2a246a9b5af5d4a93533511c837df,dd3c178ea9553004d7bf4c494e1b7fd80e7b6ae6,false,portable,c-programs,c-programs/process-vm-readv-refusal-probe,verify,dbi,expansion,pass,pass,stripped-verify-l2,pass,stdout-sha256,TIER-1-AT-BEST,CONTRACT-UNAVAILABLE
1fadc03779f2a246a9b5af5d4a93533511c837df,dd3c178ea9553004d7bf4c494e1b7fd80e7b6ae6,false,portable,c-programs,c-programs/process-vm-writev-refusal-probe,verify,dbi,expansion,pass,pass,stripped-verify-l2,pass,stdout-sha256,TIER-1-AT-BEST,CONTRACT-UNAVAILABLE
1fadc03779f2a246a9b5af5d4a93533511c837df,dd3c178ea9553004d7bf4c494e1b7fd80e7b6ae6,false,portable,c-programs,c-programs/procfs-positioned-probe,verify,dbi,expansion,pass,pass,stripped-verify-l2,pass,stdout-sha256,TIER-1-AT-BEST,CONTRACT-UNAVAILABLE
1fadc03779f2a246a9b5af5d4a93533511c837df,dd3c178ea9553004d7bf4c494e1b7fd80e7b6ae6,false,portable,c-programs,c-programs/prodcons-determinism,verify,dbi,expansion,pass,pass,stripped-verify-l2,pass,stdout-sha256,TIER-1-AT-BEST,CONTRACT-UNAVAILABLE
1fadc03779f2a246a9b5af5d4a93533511c837df,dd3c178ea9553004d7bf4c494e1b7fd80e7b6ae6,false,portable,c-programs,c-programs/pselect6-simulation,verify,dbi,expansion,diverge,fail,stripped-verify-l2,fail,stdout-sha256,TIER-0-FAIL,CONTRACT-UNAVAILABLE
1fadc03779f2a246a9b5af5d4a93533511c837df,dd3c178ea9553004d7bf4c494e1b7fd80e7b6ae6,false,portable,c-programs,c-programs/ptrace-attach-eperm,verify,dbi,expansion,diverge,fail,stripped-verify-l2,fail,stdout-sha256,TIER-0-FAIL,CONTRACT-UNAVAILABLE
1fadc03779f2a246a9b5af5d4a93533511c837df,dd3c178ea9553004d7bf4c494e1b7fd80e7b6ae6,false,portable,c-programs,c-programs/ptrace-eperm,verify,dbi,expansion,pass,pass,stripped-verify-l2,pass,stdout-sha256,TIER-1-AT-BEST,CONTRACT-UNAVAILABLE
1fadc03779f2a246a9b5af5d4a93533511c837df,dd3c178ea9553004d7bf4c494e1b7fd80e7b6ae6,false,portable,c-programs,c-programs/ptrace-seize-eperm,verify,dbi,expansion,diverge,fail,stripped-verify-l2,fail,stdout-sha256,TIER-0-FAIL,CONTRACT-UNAVAILABLE
1fadc03779f2a246a9b5af5d4a93533511c837df,dd3c178ea9553004d7bf4c494e1b7fd80e7b6ae6,false,portable,c-programs,c-programs/ptrace-traceme-eperm,verify,dbi,expansion,pass,pass,stripped-verify-l2,pass,stdout-sha256,TIER-1-AT-BEST,CONTRACT-UNAVAILABLE
1fadc03779f2a246a9b5af5d4a93533511c837df,dd3c178ea9553004d7bf4c494e1b7fd80e7b6ae6,false,portable,c-programs,c-programs/pty-nr-count,verify,dbi,expansion,pass,pass,stripped-verify-l2,pass,stdout-sha256,TIER-1-AT-BEST,CONTRACT-UNAVAILABLE
1fadc03779f2a246a9b5af5d4a93533511c837df,dd3c178ea9553004d7bf4c494e1b7fd80e7b6ae6,false,portable,c-programs,c-programs/racewrite-nostdlib,verify,dbi,expansion,pass,pass,stripped-verify-l2,pass,stdout-sha256,TIER-1-AT-BEST,CONTRACT-UNAVAILABLE
1fadc03779f2a246a9b5af5d4a93533511c837df,dd3c178ea9553004d7bf4c494e1b7fd80e7b6ae6,false,portable,c-programs,c-programs/random-sources,verify,dbi,expansion,pass,pass,stripped-verify-l2,fail,stdout-sha256,TIER-0-FAIL,CONTRACT-UNAVAILABLE
1fadc03779f2a246a9b5af5d4a93533511c837df,dd3c178ea9553004d7bf4c494e1b7fd80e7b6ae6,false,portable,c-programs,c-programs/rcx-canonicalization,verify,dbi,expansion,pass,pass,stripped-verify-l2,pass,stdout-sha256,TIER-1-AT-BEST,CONTRACT-UNAVAILABLE
1fadc03779f2a246a9b5af5d4a93533511c837df,dd3c178ea9553004d7bf4c494e1b7fd80e7b6ae6,false,portable,c-programs,c-programs/record-replay-fd-close,verify,dbi,expansion,pass,pass,stripped-verify-l2,pass,stdout-sha256,TIER-1-AT-BEST,CONTRACT-UNAVAILABLE
1fadc03779f2a246a9b5af5d4a93533511c837df,dd3c178ea9553004d7bf4c494e1b7fd80e7b6ae6,false,portable,c-programs,c-programs/record-replay-file-state,verify,dbi,expansion,pass,pass,stripped-verify-l2,pass,stdout-sha256,TIER-1-AT-BEST,CONTRACT-UNAVAILABLE
1fadc03779f2a246a9b5af5d4a93533511c837df,dd3c178ea9553004d7bf4c494e1b7fd80e7b6ae6,false,portable,c-programs,c-programs/record-replay-lseek-seek-cur,verify,dbi,expansion,diverge,fail,stripped-verify-l2,NO-RESULT-UNMEASURED,stdout-sha256,NO-RESULT-UNMEASURED,CONTRACT-UNAVAILABLE
1fadc03779f2a246a9b5af5d4a93533511c837df,dd3c178ea9553004d7bf4c494e1b7fd80e7b6ae6,false,portable,c-programs,c-programs/record-replay-setsockopt,verify,dbi,expansion,pass,pass,stripped-verify-l2,pass,stdout-sha256,TIER-1-AT-BEST,CONTRACT-UNAVAILABLE
1fadc03779f2a246a9b5af5d4a93533511c837df,dd3c178ea9553004d7bf4c494e1b7fd80e7b6ae6,false,portable,c-programs,c-programs/recvmsg-scm-rights-mmap,verify,dbi,expansion,pass,pass,stripped-verify-l2,pass,stdout-sha256,TIER-1-AT-BEST,CONTRACT-UNAVAILABLE
1fadc03779f2a246a9b5af5d4a93533511c837df,dd3c178ea9553004d7bf4c494e1b7fd80e7b6ae6,false,portable,c-programs,c-programs/remap-file-pages-anonymous-enosys,verify,dbi,expansion,pass,pass,stripped-verify-l2,pass,stdout-sha256,TIER-1-AT-BEST,CONTRACT-UNAVAILABLE
1fadc03779f2a246a9b5af5d4a93533511c837df,dd3c178ea9553004d7bf4c494e1b7fd80e7b6ae6,false,portable,c-programs,c-programs/remap-file-pages-memfd-enosys,verify,dbi,expansion,pass,pass,stripped-verify-l2,pass,stdout-sha256,TIER-1-AT-BEST,CONTRACT-UNAVAILABLE
1fadc03779f2a246a9b5af5d4a93533511c837df,dd3c178ea9553004d7bf4c494e1b7fd80e7b6ae6,false,portable,c-programs,c-programs/remap-file-pages-tmpfile-enosys,verify,dbi,expansion,pass,pass,stripped-verify-l2,pass,stdout-sha256,TIER-1-AT-BEST,CONTRACT-UNAVAILABLE
1fadc03779f2a246a9b5af5d4a93533511c837df,dd3c178ea9553004d7bf4c494e1b7fd80e7b6ae6,false,portable,c-programs,c-programs/request-key-enosys,verify,dbi,expansion,pass,pass,stripped-verify-l2,pass,stdout-sha256,TIER-1-AT-BEST,CONTRACT-UNAVAILABLE
1fadc03779f2a246a9b5af5d4a93533511c837df,dd3c178ea9553004d7bf4c494e1b7fd80e7b6ae6,false,portable,c-programs,c-programs/resource-determinism,verify,dbi,expansion,diverge,fail,stripped-verify-l2,fail,stdout-sha256,TIER-0-FAIL,CONTRACT-UNAVAILABLE
1fadc03779f2a246a9b5af5d4a93533511c837df,dd3c178ea9553004d7bf4c494e1b7fd80e7b6ae6,false,portable,c-programs,c-programs/sched-setattr-batch,verify,dbi,expansion,pass,pass,stripped-verify-l2,pass,stdout-sha256,TIER-1-AT-BEST,CONTRACT-UNAVAILABLE
1fadc03779f2a246a9b5af5d4a93533511c837df,dd3c178ea9553004d7bf4c494e1b7fd80e7b6ae6,false,portable,c-programs,c-programs/sched-setattr-idle,verify,dbi,expansion,pass,pass,stripped-verify-l2,pass,stdout-sha256,TIER-1-AT-BEST,CONTRACT-UNAVAILABLE
1fadc03779f2a246a9b5af5d4a93533511c837df,dd3c178ea9553004d7bf4c494e1b7fd80e7b6ae6,false,portable,c-programs,c-programs/sched-setattr-other,verify,dbi,expansion,pass,pass,stripped-verify-l2,pass,stdout-sha256,TIER-1-AT-BEST,CONTRACT-UNAVAILABLE
1fadc03779f2a246a9b5af5d4a93533511c837df,dd3c178ea9553004d7bf4c494e1b7fd80e7b6ae6,false,portable,c-programs,c-programs/sched-yield-progress,verify,dbi,expansion,pass,pass,stripped-verify-l2,pass,stdout-sha256,TIER-1-AT-BEST,CONTRACT-UNAVAILABLE
1fadc03779f2a246a9b5af5d4a93533511c837df,dd3c178ea9553004d7bf4c494e1b7fd80e7b6ae6,false,portable,c-programs,c-programs/scheduler-policy-queries,verify,dbi,expansion,pass,pass,stripped-verify-l2,pass,stdout-sha256,TIER-1-AT-BEST,CONTRACT-UNAVAILABLE
1fadc03779f2a246a9b5af5d4a93533511c837df,dd3c178ea9553004d7bf4c494e1b7fd80e7b6ae6,false,portable,c-programs,c-programs/setitimer-determinism,verify,dbi,expansion,pass,pass,stripped-verify-l2,fail,stdout-sha256,TIER-0-FAIL,CONTRACT-UNAVAILABLE
1fadc03779f2a246a9b5af5d4a93533511c837df,dd3c178ea9553004d7bf4c494e1b7fd80e7b6ae6,false,portable,c-programs,c-programs/sigmask-preemption,verify,dbi,expansion,pass,pass,stripped-verify-l2,pass,stdout-sha256,TIER-1-AT-BEST,CONTRACT-UNAVAILABLE
1fadc03779f2a246a9b5af5d4a93533511c837df,dd3c178ea9553004d7bf4c494e1b7fd80e7b6ae6,false,portable,c-programs,c-programs/signal-determinism,verify,dbi,expansion,diverge,fail,stripped-verify-l2,NO-RESULT-UNMEASURED,stdout-sha256,NO-RESULT-UNMEASURED,CONTRACT-UNAVAILABLE
1fadc03779f2a246a9b5af5d4a93533511c837df,dd3c178ea9553004d7bf4c494e1b7fd80e7b6ae6,false,portable,c-programs,c-programs/sigpipe-siginfo,verify,dbi,expansion,diverge,fail,stripped-verify-l2,fail,stdout-sha256,TIER-0-FAIL,CONTRACT-UNAVAILABLE
1fadc03779f2a246a9b5af5d4a93533511c837df,dd3c178ea9553004d7bf4c494e1b7fd80e7b6ae6,false,portable,c-programs,c-programs/sigtimedwait-no-timeout,verify,dbi,expansion,timeout,fail,stripped-verify-l2,fail,stdout-sha256,TIER-0-FAIL,CONTRACT-UNAVAILABLE
1fadc03779f2a246a9b5af5d4a93533511c837df,dd3c178ea9553004d7bf4c494e1b7fd80e7b6ae6,false,portable,c-programs,c-programs/sigtimedwait-timeout-0s,verify,dbi,expansion,pass,pass,stripped-verify-l2,pass,stdout-sha256,TIER-1-AT-BEST,CONTRACT-UNAVAILABLE
1fadc03779f2a246a9b5af5d4a93533511c837df,dd3c178ea9553004d7bf4c494e1b7fd80e7b6ae6,false,portable,c-programs,c-programs/sigtimedwait-timeout-1s,verify,dbi,expansion,pass,pass,stripped-verify-l2,pass,stdout-sha256,TIER-1-AT-BEST,CONTRACT-UNAVAILABLE
1fadc03779f2a246a9b5af5d4a93533511c837df,dd3c178ea9553004d7bf4c494e1b7fd80e7b6ae6,false,portable,c-programs,c-programs/so-incoming-cpu-tcp4,verify,dbi,expansion,diverge,fail,stripped-verify-l2,pass,stdout-sha256,TIER-1-AT-BEST,CONTRACT-UNAVAILABLE
1fadc03779f2a246a9b5af5d4a93533511c837df,dd3c178ea9553004d7bf4c494e1b7fd80e7b6ae6,false,portable,c-programs,c-programs/so-incoming-cpu-tcp6,verify,dbi,expansion,diverge,fail,stripped-verify-l2,pass,stdout-sha256,TIER-1-AT-BEST,CONTRACT-UNAVAILABLE
1fadc03779f2a246a9b5af5d4a93533511c837df,dd3c178ea9553004d7bf4c494e1b7fd80e7b6ae6,false,portable,c-programs,c-programs/so-incoming-cpu-udp4,verify,dbi,expansion,pass,pass,stripped-verify-l2,pass,stdout-sha256,TIER-1-AT-BEST,CONTRACT-UNAVAILABLE
1fadc03779f2a246a9b5af5d4a93533511c837df,dd3c178ea9553004d7bf4c494e1b7fd80e7b6ae6,false,portable,c-programs,c-programs/socket-cookie-tcp,verify,dbi,expansion,pass,pass,stripped-verify-l2,pass,stdout-sha256,TIER-1-AT-BEST,CONTRACT-UNAVAILABLE
1fadc03779f2a246a9b5af5d4a93533511c837df,dd3c178ea9553004d7bf4c494e1b7fd80e7b6ae6,false,portable,c-programs,c-programs/socket-cookie-udp,verify,dbi,expansion,pass,pass,stripped-verify-l2,pass,stdout-sha256,TIER-1-AT-BEST,CONTRACT-UNAVAILABLE
1fadc03779f2a246a9b5af5d4a93533511c837df,dd3c178ea9553004d7bf4c494e1b7fd80e7b6ae6,false,portable,c-programs,c-programs/socket-cookie-unix,verify,dbi,expansion,pass,pass,stripped-verify-l2,pass,stdout-sha256,TIER-1-AT-BEST,CONTRACT-UNAVAILABLE
1fadc03779f2a246a9b5af5d4a93533511c837df,dd3c178ea9553004d7bf4c494e1b7fd80e7b6ae6,false,portable,c-programs,c-programs/socket-ioctl-timestamp,verify,dbi,expansion,diverge,fail,stripped-verify-l2,NO-RESULT-UNMEASURED,stdout-sha256,NO-RESULT-UNMEASURED,CONTRACT-UNAVAILABLE
1fadc03779f2a246a9b5af5d4a93533511c837df,dd3c178ea9553004d7bf4c494e1b7fd80e7b6ae6,false,portable,c-programs,c-programs/socket-timestamp-edge-cases,verify,dbi,expansion,pass,pass,stripped-verify-l2,pass,stdout-sha256,TIER-1-AT-BEST,CONTRACT-UNAVAILABLE
1fadc03779f2a246a9b5af5d4a93533511c837df,dd3c178ea9553004d7bf4c494e1b7fd80e7b6ae6,false,portable,c-programs,c-programs/socket-timestamp-timespec,verify,dbi,expansion,pass,pass,stripped-verify-l2,pass,stdout-sha256,TIER-1-AT-BEST,CONTRACT-UNAVAILABLE
1fadc03779f2a246a9b5af5d4a93533511c837df,dd3c178ea9553004d7bf4c494e1b7fd80e7b6ae6,false,portable,c-programs,c-programs/socket-timestamp-timeval,verify,dbi,expansion,pass,pass,stripped-verify-l2,pass,stdout-sha256,TIER-1-AT-BEST,CONTRACT-UNAVAILABLE
1fadc03779f2a246a9b5af5d4a93533511c837df,dd3c178ea9553004d7bf4c494e1b7fd80e7b6ae6,false,portable,c-programs,c-programs/splice-enosys,verify,dbi,expansion,pass,pass,stripped-verify-l2,pass,stdout-sha256,TIER-1-AT-BEST,CONTRACT-UNAVAILABLE
1fadc03779f2a246a9b5af5d4a93533511c837df,dd3c178ea9553004d7bf4c494e1b7fd80e7b6ae6,false,portable,c-programs,c-programs/statmount-enosys,verify,dbi,expansion,pass,pass,stripped-verify-l2,pass,stdout-sha256,TIER-1-AT-BEST,CONTRACT-UNAVAILABLE
1fadc03779f2a246a9b5af5d4a93533511c837df,dd3c178ea9553004d7bf4c494e1b7fd80e7b6ae6,false,portable,c-programs,c-programs/syscall-file-io,verify,dbi,expansion,pass,pass,stripped-verify-l2,pass,stdout-sha256,TIER-1-AT-BEST,CONTRACT-UNAVAILABLE
1fadc03779f2a246a9b5af5d4a93533511c837df,dd3c178ea9553004d7bf4c494e1b7fd80e7b6ae6,false,portable,c-programs,c-programs/syscall-file-metadata,verify,dbi,expansion,pass,pass,stripped-verify-l2,pass,stdout-sha256,TIER-1-AT-BEST,CONTRACT-UNAVAILABLE
1fadc03779f2a246a9b5af5d4a93533511c837df,dd3c178ea9553004d7bf4c494e1b7fd80e7b6ae6,false,portable,c-programs,c-programs/syscall-quick-wins,verify,dbi,expansion,pass,pass,stripped-verify-l2,fail,stdout-sha256,TIER-0-FAIL,CONTRACT-UNAVAILABLE
1fadc03779f2a246a9b5af5d4a93533511c837df,dd3c178ea9553004d7bf4c494e1b7fd80e7b6ae6,false,portable,c-programs,c-programs/sysfs-enosys,verify,dbi,expansion,pass,pass,stripped-verify-l2,pass,stdout-sha256,TIER-1-AT-BEST,CONTRACT-UNAVAILABLE
1fadc03779f2a246a9b5af5d4a93533511c837df,dd3c178ea9553004d7bf4c494e1b7fd80e7b6ae6,false,portable,c-programs,c-programs/sysinfo,verify,dbi,expansion,pass,pass,stripped-verify-l2,fail,stdout-sha256,TIER-0-FAIL,CONTRACT-UNAVAILABLE
1fadc03779f2a246a9b5af5d4a93533511c837df,dd3c178ea9553004d7bf4c494e1b7fd80e7b6ae6,false,portable,c-programs,c-programs/sysinfo-uptime,verify,dbi,expansion,pass,pass,stripped-verify-l2,fail,stdout-sha256,TIER-0-FAIL,CONTRACT-UNAVAILABLE
1fadc03779f2a246a9b5af5d4a93533511c837df,dd3c178ea9553004d7bf4c494e1b7fd80e7b6ae6,false,portable,c-programs,c-programs/syslog-deterministic,verify,dbi,expansion,pass,pass,stripped-verify-l2,pass,stdout-sha256,TIER-1-AT-BEST,CONTRACT-UNAVAILABLE
1fadc03779f2a246a9b5af5d4a93533511c837df,dd3c178ea9553004d7bf4c494e1b7fd80e7b6ae6,false,portable,c-programs,c-programs/sysv-sem-enosys,verify,dbi,expansion,pass,pass,stripped-verify-l2,pass,stdout-sha256,TIER-1-AT-BEST,CONTRACT-UNAVAILABLE
1fadc03779f2a246a9b5af5d4a93533511c837df,dd3c178ea9553004d7bf4c494e1b7fd80e7b6ae6,false,portable,c-programs,c-programs/sysv-shm-enosys,verify,dbi,expansion,pass,pass,stripped-verify-l2,pass,stdout-sha256,TIER-1-AT-BEST,CONTRACT-UNAVAILABLE
1fadc03779f2a246a9b5af5d4a93533511c837df,dd3c178ea9553004d7bf4c494e1b7fd80e7b6ae6,false,portable,c-programs,c-programs/tcp-info-accept4,verify,dbi,expansion,diverge,fail,stripped-verify-l2,fail,stdout-sha256,TIER-0-FAIL,CONTRACT-UNAVAILABLE
1fadc03779f2a246a9b5af5d4a93533511c837df,dd3c178ea9553004d7bf4c494e1b7fd80e7b6ae6,false,portable,c-programs,c-programs/tcp-info-accept6,verify,dbi,expansion,diverge,fail,stripped-verify-l2,fail,stdout-sha256,TIER-0-FAIL,CONTRACT-UNAVAILABLE
1fadc03779f2a246a9b5af5d4a93533511c837df,dd3c178ea9553004d7bf4c494e1b7fd80e7b6ae6,false,portable,c-programs,c-programs/tcp-info-client4,verify,dbi,expansion,diverge,fail,stripped-verify-l2,fail,stdout-sha256,TIER-0-FAIL,CONTRACT-UNAVAILABLE
1fadc03779f2a246a9b5af5d4a93533511c837df,dd3c178ea9553004d7bf4c494e1b7fd80e7b6ae6,false,portable,c-programs,c-programs/tee-enosys,verify,dbi,expansion,pass,pass,stripped-verify-l2,pass,stdout-sha256,TIER-1-AT-BEST,CONTRACT-UNAVAILABLE
1fadc03779f2a246a9b5af5d4a93533511c837df,dd3c178ea9553004d7bf4c494e1b7fd80e7b6ae6,false,portable,c-programs,c-programs/thread-self-procfs-handoff,verify,dbi,expansion,pass,pass,stripped-verify-l2,pass,stdout-sha256,TIER-1-AT-BEST,CONTRACT-UNAVAILABLE
1fadc03779f2a246a9b5af5d4a93533511c837df,dd3c178ea9553004d7bf4c494e1b7fd80e7b6ae6,false,portable,c-programs,c-programs/thread-sync-determinism,verify,dbi,expansion,diverge,fail,stripped-verify-l2,NO-RESULT-UNMEASURED,stdout-sha256,NO-RESULT-UNMEASURED,CONTRACT-UNAVAILABLE
1fadc03779f2a246a9b5af5d4a93533511c837df,dd3c178ea9553004d7bf4c494e1b7fd80e7b6ae6,false,portable,c-programs,c-programs/threadexhaustion,verify,dbi,expansion,pass,pass,stripped-verify-l2,pass,stdout-sha256,TIER-1-AT-BEST,CONTRACT-UNAVAILABLE
1fadc03779f2a246a9b5af5d4a93533511c837df,dd3c178ea9553004d7bf4c494e1b7fd80e7b6ae6,false,portable,c-programs,c-programs/timer-create-determinism,verify,dbi,expansion,pass,pass,stripped-verify-l2,pass,stdout-sha256,TIER-1-AT-BEST,CONTRACT-UNAVAILABLE
1fadc03779f2a246a9b5af5d4a93533511c837df,dd3c178ea9553004d7bf4c494e1b7fd80e7b6ae6,false,portable,c-programs,c-programs/uname,verify,dbi,expansion,pass,pass,stripped-verify-l2,pass,stdout-sha256,TIER-1-AT-BEST,CONTRACT-UNAVAILABLE
1fadc03779f2a246a9b5af5d4a93533511c837df,dd3c178ea9553004d7bf4c494e1b7fd80e7b6ae6,false,portable,c-programs,c-programs/unix-autobind-dgram,verify,dbi,expansion,pass,pass,stripped-verify-l2,pass,stdout-sha256,TIER-1-AT-BEST,CONTRACT-UNAVAILABLE
1fadc03779f2a246a9b5af5d4a93533511c837df,dd3c178ea9553004d7bf4c494e1b7fd80e7b6ae6,false,portable,c-programs,c-programs/unix-autobind-seqpacket,verify,dbi,expansion,pass,pass,stripped-verify-l2,pass,stdout-sha256,TIER-1-AT-BEST,CONTRACT-UNAVAILABLE
1fadc03779f2a246a9b5af5d4a93533511c837df,dd3c178ea9553004d7bf4c494e1b7fd80e7b6ae6,false,portable,c-programs,c-programs/unix-autobind-stream,verify,dbi,expansion,pass,pass,stripped-verify-l2,pass,stdout-sha256,TIER-1-AT-BEST,CONTRACT-UNAVAILABLE
1fadc03779f2a246a9b5af5d4a93533511c837df,dd3c178ea9553004d7bf4c494e1b7fd80e7b6ae6,false,portable,c-programs,c-programs/ustat-enosys,verify,dbi,expansion,pass,pass,stripped-verify-l2,pass,stdout-sha256,TIER-1-AT-BEST,CONTRACT-UNAVAILABLE
1fadc03779f2a246a9b5af5d4a93533511c837df,dd3c178ea9553004d7bf4c494e1b7fd80e7b6ae6,false,portable,c-programs,c-programs/vforkexec,verify,dbi,expansion,pass,pass,stripped-verify-l2,fail,stdout-sha256,TIER-0-FAIL,CONTRACT-UNAVAILABLE
1fadc03779f2a246a9b5af5d4a93533511c837df,dd3c178ea9553004d7bf4c494e1b7fd80e7b6ae6,false,portable,c-programs,c-programs/vmsplice-enosys,verify,dbi,expansion,pass,pass,stripped-verify-l2,pass,stdout-sha256,TIER-1-AT-BEST,CONTRACT-UNAVAILABLE
1fadc03779f2a246a9b5af5d4a93533511c837df,dd3c178ea9553004d7bf4c494e1b7fd80e7b6ae6,false,portable,c-programs,c-programs/wait-on-child,verify,dbi,expansion,pass,pass,stripped-verify-l2,fail,stdout-sha256,TIER-0-FAIL,CONTRACT-UNAVAILABLE
1fadc03779f2a246a9b5af5d4a93533511c837df,dd3c178ea9553004d7bf4c494e1b7fd80e7b6ae6,false,portable,c-programs,c-programs/writev-determinism,verify,dbi,expansion,timeout,fail,stripped-verify-l2,fail,stdout-sha256,TIER-0-FAIL,CONTRACT-UNAVAILABLE
1fadc03779f2a246a9b5af5d4a93533511c837df,dd3c178ea9553004d7bf4c494e1b7fd80e7b6ae6,false,portable,chaos-c,chaos-c/lock-granularity,verify,dbi,expansion,pass,pass,stripped-verify-l2,pass,stdout-sha256,TIER-1-AT-BEST,CONTRACT-UNAVAILABLE
1fadc03779f2a246a9b5af5d4a93533511c837df,dd3c178ea9553004d7bf4c494e1b7fd80e7b6ae6,false,portable,data-handling,data-handling/archive-roundtrip,verify,dbi,expansion,diverge,fail,stripped-verify-l2,NO-RESULT-UNMEASURED,stdout-sha256,NO-RESULT-UNMEASURED,CONTRACT-UNAVAILABLE
1fadc03779f2a246a9b5af5d4a93533511c837df,dd3c178ea9553004d7bf4c494e1b7fd80e7b6ae6,false,portable,data-handling,data-handling/shell-pipeline,verify,dbi,expansion,diverge,fail,stripped-verify-l2,NO-RESULT-UNMEASURED,stdout-sha256,NO-RESULT-UNMEASURED,CONTRACT-UNAVAILABLE
1fadc03779f2a246a9b5af5d4a93533511c837df,dd3c178ea9553004d7bf4c494e1b7fd80e7b6ae6,false,portable,debugger-c,debugger-c/debuggee,verify,dbi,expansion,pass,pass,stripped-verify-l2,pass,stdout-sha256,TIER-1-AT-BEST,CONTRACT-UNAVAILABLE
1fadc03779f2a246a9b5af5d4a93533511c837df,dd3c178ea9553004d7bf4c494e1b7fd80e7b6ae6,false,portable,determinism-stress,determinism-stress/example-race,verify,dbi,expansion,diverge,fail,stripped-verify-l2,fail,stdout-sha256,TIER-0-FAIL,CONTRACT-UNAVAILABLE
1fadc03779f2a246a9b5af5d4a93533511c837df,dd3c178ea9553004d7bf4c494e1b7fd80e7b6ae6,false,portable,determinism-stress,determinism-stress/order-violation,verify,dbi,expansion,pass,pass,stripped-verify-l2,pass,stdout-sha256,TIER-1-AT-BEST,CONTRACT-UNAVAILABLE
1fadc03779f2a246a9b5af5d4a93533511c837df,dd3c178ea9553004d7bf4c494e1b7fd80e7b6ae6,false,portable,determinism-stress,determinism-stress/process-chains,verify,dbi,expansion,diverge,fail,stripped-verify-l2,NO-RESULT-UNMEASURED,stdout-sha256,NO-RESULT-UNMEASURED,CONTRACT-UNAVAILABLE
1fadc03779f2a246a9b5af5d4a93533511c837df,dd3c178ea9553004d7bf4c494e1b7fd80e7b6ae6,false,portable,determinism-stress,determinism-stress/thread-contention,verify,dbi,expansion,diverge,fail,stripped-verify-l2,NO-RESULT-UNMEASURED,stdout-sha256,NO-RESULT-UNMEASURED,CONTRACT-UNAVAILABLE
1fadc03779f2a246a9b5af5d4a93533511c837df,dd3c178ea9553004d7bf4c494e1b7fd80e7b6ae6,false,portable,determinism-stress,determinism-stress/thread-output,verify,dbi,expansion,diverge,fail,stripped-verify-l2,fail,stdout-sha256,TIER-0-FAIL,CONTRACT-UNAVAILABLE
1fadc03779f2a246a9b5af5d4a93533511c837df,dd3c178ea9553004d7bf4c494e1b7fd80e7b6ae6,false,portable,determinism-stress-c,determinism-stress-c/fork-tree,verify,dbi,expansion,pass,pass,stripped-verify-l2,pass,stdout-sha256,TIER-1-AT-BEST,CONTRACT-UNAVAILABLE
1fadc03779f2a246a9b5af5d4a93533511c837df,dd3c178ea9553004d7bf4c494e1b7fd80e7b6ae6,false,portable,determinism-stress-c,determinism-stress-c/lock-free,verify,dbi,expansion,pass,pass,stripped-verify-l2,pass,stdout-sha256,TIER-1-AT-BEST,CONTRACT-UNAVAILABLE
1fadc03779f2a246a9b5af5d4a93533511c837df,dd3c178ea9553004d7bf4c494e1b7fd80e7b6ae6,false,portable,determinism-stress-c,determinism-stress-c/mmap-fork-shared,verify,dbi,expansion,timeout,fail,stripped-verify-l2,fail,stdout-sha256,TIER-0-FAIL,CONTRACT-UNAVAILABLE
1fadc03779f2a246a9b5af5d4a93533511c837df,dd3c178ea9553004d7bf4c494e1b7fd80e7b6ae6,false,portable,determinism-stress-c,determinism-stress-c/pid-tid,verify,dbi,expansion,pass,pass,stripped-verify-l2,fail,stdout-sha256,TIER-0-FAIL,CONTRACT-UNAVAILABLE
1fadc03779f2a246a9b5af5d4a93533511c837df,dd3c178ea9553004d7bf4c494e1b7fd80e7b6ae6,false,portable,determinism-stress-c,determinism-stress-c/pipe-chain,verify,dbi,expansion,diverge,fail,stripped-verify-l2,fail,stdout-sha256,TIER-0-FAIL,CONTRACT-UNAVAILABLE
1fadc03779f2a246a9b5af5d4a93533511c837df,dd3c178ea9553004d7bf4c494e1b7fd80e7b6ae6,false,portable,determinism-stress-c,determinism-stress-c/pipe-prefill,verify,dbi,expansion,pass,pass,stripped-verify-l2,pass,stdout-sha256,TIER-1-AT-BEST,CONTRACT-UNAVAILABLE
1fadc03779f2a246a9b5af5d4a93533511c837df,dd3c178ea9553004d7bf4c494e1b7fd80e7b6ae6,false,portable,determinism-stress-c,determinism-stress-c/producer-consumer,verify,dbi,expansion,pass,pass,stripped-verify-l2,pass,stdout-sha256,TIER-1-AT-BEST,CONTRACT-UNAVAILABLE
1fadc03779f2a246a9b5af5d4a93533511c837df,dd3c178ea9553004d7bf4c494e1b7fd80e7b6ae6,false,portable,determinism-stress-c,determinism-stress-c/signal-order,verify,dbi,expansion,pass,pass,stripped-verify-l2,pass,stdout-sha256,TIER-1-AT-BEST,CONTRACT-UNAVAILABLE
1fadc03779f2a246a9b5af5d4a93533511c837df,dd3c178ea9553004d7bf4c494e1b7fd80e7b6ae6,false,portable,determinism-stress-c,determinism-stress-c/thread-contention,verify,dbi,expansion,diverge,fail,stripped-verify-l2,NO-RESULT-UNMEASURED,stdout-sha256,NO-RESULT-UNMEASURED,CONTRACT-UNAVAILABLE
1fadc03779f2a246a9b5af5d4a93533511c837df,dd3c178ea9553004d7bf4c494e1b7fd80e7b6ae6,false,portable,determinism-stress-c,determinism-stress-c/thread-stress,verify,dbi,expansion,pass,pass,stripped-verify-l2,pass,stdout-sha256,TIER-1-AT-BEST,CONTRACT-UNAVAILABLE
1fadc03779f2a246a9b5af5d4a93533511c837df,dd3c178ea9553004d7bf4c494e1b7fd80e7b6ae6,false,portable,language-runtimes,language-runtimes/bash-loop-pipe-time,verify,dbi,expansion,timeout,fail,stripped-verify-l2,fail,stdout-sha256,TIER-0-FAIL,CONTRACT-UNAVAILABLE
1fadc03779f2a246a9b5af5d4a93533511c837df,dd3c178ea9553004d7bf4c494e1b7fd80e7b6ae6,false,portable,language-runtimes,language-runtimes/example-python-random,verify,dbi,expansion,pass,pass,stripped-verify-l2,pass,stdout-sha256,TIER-1-AT-BEST,CONTRACT-UNAVAILABLE
1fadc03779f2a246a9b5af5d4a93533511c837df,dd3c178ea9553004d7bf4c494e1b7fd80e7b6ae6,false,portable,language-runtimes,language-runtimes/gawk-random,verify,dbi,expansion,pass,pass,stripped-verify-l2,pass,stdout-sha256,TIER-1-AT-BEST,CONTRACT-UNAVAILABLE
1fadc03779f2a246a9b5af5d4a93533511c837df,dd3c178ea9553004d7bf4c494e1b7fd80e7b6ae6,false,portable,language-runtimes,language-runtimes/perl-io-subprocess-time,verify,dbi,expansion,diverge,fail,stripped-verify-l2,fail,stdout-sha256,TIER-0-FAIL,CONTRACT-UNAVAILABLE
1fadc03779f2a246a9b5af5d4a93533511c837df,dd3c178ea9553004d7bf4c494e1b7fd80e7b6ae6,false,portable,language-runtimes,language-runtimes/python-hash-determinism,verify,dbi,expansion,pass,pass,stripped-verify-l2,fail,stdout-sha256,TIER-0-FAIL,CONTRACT-UNAVAILABLE
1fadc03779f2a246a9b5af5d4a93533511c837df,dd3c178ea9553004d7bf4c494e1b7fd80e7b6ae6,false,portable,language-runtimes,language-runtimes/python-io-subprocess-time,verify,dbi,expansion,timeout,fail,stripped-verify-l2,fail,stdout-sha256,TIER-0-FAIL,CONTRACT-UNAVAILABLE
1fadc03779f2a246a9b5af5d4a93533511c837df,dd3c178ea9553004d7bf4c494e1b7fd80e7b6ae6,false,portable,language-runtimes,language-runtimes/python-random,verify,dbi,expansion,pass,pass,stripped-verify-l2,fail,stdout-sha256,TIER-0-FAIL,CONTRACT-UNAVAILABLE
1fadc03779f2a246a9b5af5d4a93533511c837df,dd3c178ea9553004d7bf4c494e1b7fd80e7b6ae6,false,portable,shared-futex-c,shared-futex-c/qemu-exec-init,verify,dbi,expansion,diverge,fail,stripped-verify-l2,NO-RESULT-UNMEASURED,stdout-sha256,NO-RESULT-UNMEASURED,CONTRACT-UNAVAILABLE
1fadc03779f2a246a9b5af5d4a93533511c837df,dd3c178ea9553004d7bf4c494e1b7fd80e7b6ae6,false,portable,shared-futex-c,shared-futex-c/qemu-hello,verify,dbi,expansion,diverge,fail,stripped-verify-l2,NO-RESULT-UNMEASURED,stdout-sha256,NO-RESULT-UNMEASURED,CONTRACT-UNAVAILABLE
1fadc03779f2a246a9b5af5d4a93533511c837df,dd3c178ea9553004d7bf4c494e1b7fd80e7b6ae6,false,portable,shared-futex-c,shared-futex-c/qemu-init,verify,dbi,expansion,diverge,fail,stripped-verify-l2,NO-RESULT-UNMEASURED,stdout-sha256,NO-RESULT-UNMEASURED,CONTRACT-UNAVAILABLE
1fadc03779f2a246a9b5af5d4a93533511c837df,dd3c178ea9553004d7bf4c494e1b7fd80e7b6ae6,false,portable,shared-futex-c,shared-futex-c/qemu-net-init,verify,dbi,expansion,diverge,fail,stripped-verify-l2,NO-RESULT-UNMEASURED,stdout-sha256,NO-RESULT-UNMEASURED,CONTRACT-UNAVAILABLE
1fadc03779f2a246a9b5af5d4a93533511c837df,dd3c178ea9553004d7bf4c494e1b7fd80e7b6ae6,false,portable,system-utils,system-utils/clock-determinism,verify,dbi,expansion,pass,pass,stripped-verify-l2,pass,stdout-sha256,TIER-1-AT-BEST,CONTRACT-UNAVAILABLE
1fadc03779f2a246a9b5af5d4a93533511c837df,dd3c178ea9553004d7bf4c494e1b7fd80e7b6ae6,false,portable,system-utils,system-utils/date-nanoseconds,verify,dbi,expansion,timeout,fail,stripped-verify-l2,fail,stdout-sha256,TIER-0-FAIL,CONTRACT-UNAVAILABLE
1fadc03779f2a246a9b5af5d4a93533511c837df,dd3c178ea9553004d7bf4c494e1b7fd80e7b6ae6,false,portable,system-utils,system-utils/example-date,verify,dbi,expansion,pass,pass,stripped-verify-l2,fail,stdout-sha256,TIER-0-FAIL,CONTRACT-UNAVAILABLE
1fadc03779f2a246a9b5af5d4a93533511c837df,dd3c178ea9553004d7bf4c494e1b7fd80e7b6ae6,false,portable,system-utils,system-utils/example-devrand,verify,dbi,expansion,pass,pass,stripped-verify-l2,pass,stdout-sha256,TIER-1-AT-BEST,CONTRACT-UNAVAILABLE
1fadc03779f2a246a9b5af5d4a93533511c837df,dd3c178ea9553004d7bf4c494e1b7fd80e7b6ae6,false,portable,system-utils,system-utils/openssl-passwd,verify,dbi,expansion,pass,pass,stripped-verify-l2,fail,stdout-sha256,TIER-0-FAIL,CONTRACT-UNAVAILABLE
1fadc03779f2a246a9b5af5d4a93533511c837df,dd3c178ea9553004d7bf4c494e1b7fd80e7b6ae6,false,portable,system-utils,system-utils/proc-uptime,verify,dbi,expansion,pass,pass,stripped-verify-l2,fail,stdout-sha256,TIER-0-FAIL,CONTRACT-UNAVAILABLE
1fadc03779f2a246a9b5af5d4a93533511c837df,dd3c178ea9553004d7bf4c494e1b7fd80e7b6ae6,false,portable,system-utils,system-utils/random-device,verify,dbi,expansion,pass,pass,stripped-verify-l2,pass,stdout-sha256,TIER-1-AT-BEST,CONTRACT-UNAVAILABLE
1fadc03779f2a246a9b5af5d4a93533511c837df,dd3c178ea9553004d7bf4c494e1b7fd80e7b6ae6,false,portable,system-utils,system-utils/record-getpid,verify,dbi,expansion,pass,pass,stripped-verify-l2,pass,stdout-sha256,TIER-1-AT-BEST,CONTRACT-UNAVAILABLE
1fadc03779f2a246a9b5af5d4a93533511c837df,dd3c178ea9553004d7bf4c494e1b7fd80e7b6ae6,false,portable,util-c,util-c/pmu-skid,verify,dbi,expansion,diverge,fail,stripped-verify-l2,NO-RESULT-UNMEASURED,stdout-sha256,NO-RESULT-UNMEASURED,CONTRACT-UNAVAILABLE
1fadc03779f2a246a9b5af5d4a93533511c837df,dd3c178ea9553004d7bf4c494e1b7fd80e7b6ae6,false,portable,applications,applications/example-timed-progress-bar,verify,e9patch,expansion,pass,pass,stripped-verify-l2,pass,stdout-sha256,TIER-1-AT-BEST,CONTRACT-UNAVAILABLE
1fadc03779f2a246a9b5af5d4a93533511c837df,dd3c178ea9553004d7bf4c494e1b7fd80e7b6ae6,false,portable,applications,applications/timed-progress-bar,verify,e9patch,expansion,diverge,fail,stripped-verify-l2,NO-RESULT-UNMEASURED,stdout-sha256,NO-RESULT-UNMEASURED,CONTRACT-UNAVAILABLE
1fadc03779f2a246a9b5af5d4a93533511c837df,dd3c178ea9553004d7bf4c494e1b7fd80e7b6ae6,false,privileged,backend-parity-c,backend-parity-c/cpuid-probe,verify,e9patch,expansion,pass,pass,stripped-verify-l2,pass,stdout-sha256,TIER-1-AT-BEST,CONTRACT-UNAVAILABLE
1fadc03779f2a246a9b5af5d4a93533511c837df,dd3c178ea9553004d7bf4c494e1b7fd80e7b6ae6,false,portable,backend-parity-c,backend-parity-c/pid-probe,verify,e9patch,expansion,pass,pass,stripped-verify-l2,pass,stdout-sha256,TIER-1-AT-BEST,CONTRACT-UNAVAILABLE
1fadc03779f2a246a9b5af5d4a93533511c837df,dd3c178ea9553004d7bf4c494e1b7fd80e7b6ae6,false,portable,backend-parity-c,backend-parity-c/pthread-lifecycle,verify,e9patch,expansion,pass,pass,stripped-verify-l2,pass,stdout-sha256,TIER-1-AT-BEST,CONTRACT-UNAVAILABLE
1fadc03779f2a246a9b5af5d4a93533511c837df,dd3c178ea9553004d7bf4c494e1b7fd80e7b6ae6,false,portable,bin-c,bin-c/posix-timer-test,verify,e9patch,expansion,pass,pass,stripped-verify-l2,pass,stdout-sha256,TIER-1-AT-BEST,CONTRACT-UNAVAILABLE
1fadc03779f2a246a9b5af5d4a93533511c837df,dd3c178ea9553004d7bf4c494e1b7fd80e7b6ae6,false,portable,bin-c,bin-c/robust-futex-test,verify,e9patch,expansion,timeout,fail,stripped-verify-l2,NO-RESULT-UNMEASURED,stdout-sha256,NO-RESULT-UNMEASURED,CONTRACT-UNAVAILABLE
1fadc03779f2a246a9b5af5d4a93533511c837df,dd3c178ea9553004d7bf4c494e1b7fd80e7b6ae6,false,portable,c-programs,c-programs/acct-refusal-probe,verify,e9patch,expansion,pass,pass,stripped-verify-l2,pass,stdout-sha256,TIER-1-AT-BEST,CONTRACT-UNAVAILABLE
1fadc03779f2a246a9b5af5d4a93533511c837df,dd3c178ea9553004d7bf4c494e1b7fd80e7b6ae6,false,portable,c-programs,c-programs/add-key-enosys,verify,e9patch,expansion,pass,pass,stripped-verify-l2,pass,stdout-sha256,TIER-1-AT-BEST,CONTRACT-UNAVAILABLE
1fadc03779f2a246a9b5af5d4a93533511c837df,dd3c178ea9553004d7bf4c494e1b7fd80e7b6ae6,false,portable,c-programs,c-programs/adjtimex-deterministic,verify,e9patch,expansion,pass,pass,stripped-verify-l2,pass,stdout-sha256,TIER-1-AT-BEST,CONTRACT-UNAVAILABLE
1fadc03779f2a246a9b5af5d4a93533511c837df,dd3c178ea9553004d7bf4c494e1b7fd80e7b6ae6,false,portable,c-programs,c-programs/arch-prctl-determinism,verify,e9patch,expansion,pass,pass,stripped-verify-l2,pass,stdout-sha256,TIER-1-AT-BEST,CONTRACT-UNAVAILABLE
1fadc03779f2a246a9b5af5d4a93533511c837df,dd3c178ea9553004d7bf4c494e1b7fd80e7b6ae6,false,portable,c-programs,c-programs/bpf-enosys,verify,e9patch,expansion,pass,pass,stripped-verify-l2,pass,stdout-sha256,TIER-1-AT-BEST,CONTRACT-UNAVAILABLE
1fadc03779f2a246a9b5af5d4a93533511c837df,dd3c178ea9553004d7bf4c494e1b7fd80e7b6ae6,false,portable,c-programs,c-programs/cachestat-enosys,verify,e9patch,expansion,pass,pass,stripped-verify-l2,pass,stdout-sha256,TIER-1-AT-BEST,CONTRACT-UNAVAILABLE
1fadc03779f2a246a9b5af5d4a93533511c837df,dd3c178ea9553004d7bf4c494e1b7fd80e7b6ae6,false,portable,c-programs,c-programs/clock-adjtime-deterministic,verify,e9patch,expansion,pass,pass,stripped-verify-l2,pass,stdout-sha256,TIER-1-AT-BEST,CONTRACT-UNAVAILABLE
1fadc03779f2a246a9b5af5d4a93533511c837df,dd3c178ea9553004d7bf4c494e1b7fd80e7b6ae6,false,portable,c-programs,c-programs/clone,verify,e9patch,expansion,pass,pass,stripped-verify-l2,pass,stdout-sha256,TIER-1-AT-BEST,CONTRACT-UNAVAILABLE
1fadc03779f2a246a9b5af5d4a93533511c837df,dd3c178ea9553004d7bf4c494e1b7fd80e7b6ae6,false,portable,c-programs,c-programs/copy-file-range-refusal-probe,verify,e9patch,expansion,pass,pass,stripped-verify-l2,pass,stdout-sha256,TIER-1-AT-BEST,CONTRACT-UNAVAILABLE
1fadc03779f2a246a9b5af5d4a93533511c837df,dd3c178ea9553004d7bf4c494e1b7fd80e7b6ae6,false,portable,c-programs,c-programs/dbi-copied-tiocgpgrp,verify,e9patch,expansion,pass,pass,stripped-verify-l2,pass,stdout-sha256,TIER-1-AT-BEST,CONTRACT-UNAVAILABLE
1fadc03779f2a246a9b5af5d4a93533511c837df,dd3c178ea9553004d7bf4c494e1b7fd80e7b6ae6,false,portable,c-programs,c-programs/dbi-exec-failure,verify,e9patch,expansion,pass,pass,stripped-verify-l2,pass,stdout-sha256,TIER-1-AT-BEST,CONTRACT-UNAVAILABLE
1fadc03779f2a246a9b5af5d4a93533511c837df,dd3c178ea9553004d7bf4c494e1b7fd80e7b6ae6,false,portable,c-programs,c-programs/dbi-execveat-unsupported,verify,e9patch,expansion,pass,pass,stripped-verify-l2,pass,stdout-sha256,TIER-1-AT-BEST,CONTRACT-UNAVAILABLE
1fadc03779f2a246a9b5af5d4a93533511c837df,dd3c178ea9553004d7bf4c494e1b7fd80e7b6ae6,false,portable,c-programs,c-programs/dbi-mmap-exec,verify,e9patch,expansion,pass,pass,stripped-verify-l2,pass,stdout-sha256,TIER-1-AT-BEST,CONTRACT-UNAVAILABLE
1fadc03779f2a246a9b5af5d4a93533511c837df,dd3c178ea9553004d7bf4c494e1b7fd80e7b6ae6,false,portable,c-programs,c-programs/dbi-pid-virtualization,verify,e9patch,expansion,timeout,fail,stripped-verify-l2,NO-RESULT-UNMEASURED,stdout-sha256,NO-RESULT-UNMEASURED,CONTRACT-UNAVAILABLE
1fadc03779f2a246a9b5af5d4a93533511c837df,dd3c178ea9553004d7bf4c494e1b7fd80e7b6ae6,false,portable,c-programs,c-programs/dbi-prlimit-self,verify,e9patch,expansion,pass,pass,stripped-verify-l2,pass,stdout-sha256,TIER-1-AT-BEST,CONTRACT-UNAVAILABLE
1fadc03779f2a246a9b5af5d4a93533511c837df,dd3c178ea9553004d7bf4c494e1b7fd80e7b6ae6,false,portable,c-programs,c-programs/dbi-self-sigqueue,verify,e9patch,expansion,pass,pass,stripped-verify-l2,pass,stdout-sha256,TIER-1-AT-BEST,CONTRACT-UNAVAILABLE
1fadc03779f2a246a9b5af5d4a93533511c837df,dd3c178ea9553004d7bf4c494e1b7fd80e7b6ae6,false,portable,c-programs,c-programs/dbi-unsupported-syscall,verify,e9patch,expansion,pass,pass,stripped-verify-l2,pass,stdout-sha256,TIER-1-AT-BEST,CONTRACT-UNAVAILABLE
1fadc03779f2a246a9b5af5d4a93533511c837df,dd3c178ea9553004d7bf4c494e1b7fd80e7b6ae6,false,portable,c-programs,c-programs/dbi-wait-lifecycle,verify,e9patch,expansion,diverge,fail,stripped-verify-l2,NO-RESULT-UNMEASURED,stdout-sha256,NO-RESULT-UNMEASURED,CONTRACT-UNAVAILABLE
1fadc03779f2a246a9b5af5d4a93533511c837df,dd3c178ea9553004d7bf4c494e1b7fd80e7b6ae6,false,portable,c-programs,c-programs/epoll-determinism,verify,e9patch,expansion,diverge,fail,stripped-verify-l2,NO-RESULT-UNMEASURED,stdout-sha256,NO-RESULT-UNMEASURED,CONTRACT-UNAVAILABLE
1fadc03779f2a246a9b5af5d4a93533511c837df,dd3c178ea9553004d7bf4c494e1b7fd80e7b6ae6,false,portable,c-programs,c-programs/fp-reduction-nondeterminism,verify,e9patch,expansion,pass,pass,stripped-verify-l2,pass,stdout-sha256,TIER-1-AT-BEST,CONTRACT-UNAVAILABLE
1fadc03779f2a246a9b5af5d4a93533511c837df,dd3c178ea9553004d7bf4c494e1b7fd80e7b6ae6,false,portable,c-programs,c-programs/futex-requeue-enosys,verify,e9patch,expansion,pass,pass,stripped-verify-l2,pass,stdout-sha256,TIER-1-AT-BEST,CONTRACT-UNAVAILABLE
1fadc03779f2a246a9b5af5d4a93533511c837df,dd3c178ea9553004d7bf4c494e1b7fd80e7b6ae6,false,portable,c-programs,c-programs/futex-waitv-enosys,verify,e9patch,expansion,pass,pass,stripped-verify-l2,pass,stdout-sha256,TIER-1-AT-BEST,CONTRACT-UNAVAILABLE
1fadc03779f2a246a9b5af5d4a93533511c837df,dd3c178ea9553004d7bf4c494e1b7fd80e7b6ae6,false,portable,c-programs,c-programs/futex-wake-enosys,verify,e9patch,expansion,pass,pass,stripped-verify-l2,pass,stdout-sha256,TIER-1-AT-BEST,CONTRACT-UNAVAILABLE
1fadc03779f2a246a9b5af5d4a93533511c837df,dd3c178ea9553004d7bf4c494e1b7fd80e7b6ae6,false,portable,c-programs,c-programs/get-robust-list-child,verify,e9patch,expansion,pass,pass,stripped-verify-l2,pass,stdout-sha256,TIER-1-AT-BEST,CONTRACT-UNAVAILABLE
1fadc03779f2a246a9b5af5d4a93533511c837df,dd3c178ea9553004d7bf4c494e1b7fd80e7b6ae6,false,portable,c-programs,c-programs/get-robust-list-self,verify,e9patch,expansion,pass,pass,stripped-verify-l2,pass,stdout-sha256,TIER-1-AT-BEST,CONTRACT-UNAVAILABLE
1fadc03779f2a246a9b5af5d4a93533511c837df,dd3c178ea9553004d7bf4c494e1b7fd80e7b6ae6,false,portable,c-programs,c-programs/get-robust-list-thread,verify,e9patch,expansion,pass,pass,stripped-verify-l2,pass,stdout-sha256,TIER-1-AT-BEST,CONTRACT-UNAVAILABLE
1fadc03779f2a246a9b5af5d4a93533511c837df,dd3c178ea9553004d7bf4c494e1b7fd80e7b6ae6,false,portable,c-programs,c-programs/getcpu,verify,e9patch,expansion,pass,pass,stripped-verify-l2,pass,stdout-sha256,TIER-1-AT-BEST,CONTRACT-UNAVAILABLE
1fadc03779f2a246a9b5af5d4a93533511c837df,dd3c178ea9553004d7bf4c494e1b7fd80e7b6ae6,false,portable,c-programs,c-programs/getitimer-determinism-probe,verify,e9patch,expansion,pass,pass,stripped-verify-l2,pass,stdout-sha256,TIER-1-AT-BEST,CONTRACT-UNAVAILABLE
1fadc03779f2a246a9b5af5d4a93533511c837df,dd3c178ea9553004d7bf4c494e1b7fd80e7b6ae6,false,portable,c-programs,c-programs/getsockopt-null,verify,e9patch,expansion,pass,pass,stripped-verify-l2,pass,stdout-sha256,TIER-1-AT-BEST,CONTRACT-UNAVAILABLE
1fadc03779f2a246a9b5af5d4a93533511c837df,dd3c178ea9553004d7bf4c494e1b7fd80e7b6ae6,false,portable,c-programs,c-programs/hello-alarm,verify,e9patch,expansion,pass,pass,stripped-verify-l2,pass,stdout-sha256,TIER-1-AT-BEST,CONTRACT-UNAVAILABLE
1fadc03779f2a246a9b5af5d4a93533511c837df,dd3c178ea9553004d7bf4c494e1b7fd80e7b6ae6,false,portable,c-programs,c-programs/hello-nostdlib,verify,e9patch,expansion,pass,pass,stripped-verify-l2,pass,stdout-sha256,TIER-1-AT-BEST,CONTRACT-UNAVAILABLE
1fadc03779f2a246a9b5af5d4a93533511c837df,dd3c178ea9553004d7bf4c494e1b7fd80e7b6ae6,false,portable,c-programs,c-programs/hello-signals,verify,e9patch,expansion,pass,pass,stripped-verify-l2,pass,stdout-sha256,TIER-1-AT-BEST,CONTRACT-UNAVAILABLE
1fadc03779f2a246a9b5af5d4a93533511c837df,dd3c178ea9553004d7bf4c494e1b7fd80e7b6ae6,false,portable,c-programs,c-programs/io-uring-fallback,verify,e9patch,expansion,pass,pass,stripped-verify-l2,pass,stdout-sha256,TIER-1-AT-BEST,CONTRACT-UNAVAILABLE
1fadc03779f2a246a9b5af5d4a93533511c837df,dd3c178ea9553004d7bf4c494e1b7fd80e7b6ae6,false,portable,c-programs,c-programs/io-uring-ring-determinism,verify,e9patch,expansion,pass,pass,stripped-verify-l2,pass,stdout-sha256,TIER-1-AT-BEST,CONTRACT-UNAVAILABLE
1fadc03779f2a246a9b5af5d4a93533511c837df,dd3c178ea9553004d7bf4c494e1b7fd80e7b6ae6,false,portable,c-programs,c-programs/ioctl-fioclex,verify,e9patch,expansion,pass,pass,stripped-verify-l2,pass,stdout-sha256,TIER-1-AT-BEST,CONTRACT-UNAVAILABLE
1fadc03779f2a246a9b5af5d4a93533511c837df,dd3c178ea9553004d7bf4c494e1b7fd80e7b6ae6,false,portable,c-programs,c-programs/ioctl-siocethtool,verify,e9patch,expansion,pass,pass,stripped-verify-l2,pass,stdout-sha256,TIER-1-AT-BEST,CONTRACT-UNAVAILABLE
1fadc03779f2a246a9b5af5d4a93533511c837df,dd3c178ea9553004d7bf4c494e1b7fd80e7b6ae6,false,portable,c-programs,c-programs/ipc-determinism,verify,e9patch,expansion,diverge,fail,stripped-verify-l2,NO-RESULT-UNMEASURED,stdout-sha256,NO-RESULT-UNMEASURED,CONTRACT-UNAVAILABLE
1fadc03779f2a246a9b5af5d4a93533511c837df,dd3c178ea9553004d7bf4c494e1b7fd80e7b6ae6,false,portable,c-programs,c-programs/just-spin,verify,e9patch,expansion,pass,pass,stripped-verify-l2,pass,stdout-sha256,TIER-1-AT-BEST,CONTRACT-UNAVAILABLE
1fadc03779f2a246a9b5af5d4a93533511c837df,dd3c178ea9553004d7bf4c494e1b7fd80e7b6ae6,false,portable,c-programs,c-programs/kcmp-eperm,verify,e9patch,expansion,pass,pass,stripped-verify-l2,pass,stdout-sha256,TIER-1-AT-BEST,CONTRACT-UNAVAILABLE
1fadc03779f2a246a9b5af5d4a93533511c837df,dd3c178ea9553004d7bf4c494e1b7fd80e7b6ae6,false,portable,c-programs,c-programs/keyctl-enosys,verify,e9patch,expansion,pass,pass,stripped-verify-l2,pass,stdout-sha256,TIER-1-AT-BEST,CONTRACT-UNAVAILABLE
1fadc03779f2a246a9b5af5d4a93533511c837df,dd3c178ea9553004d7bf4c494e1b7fd80e7b6ae6,false,portable,c-programs,c-programs/keyctl-passthrough,verify,e9patch,expansion,pass,pass,stripped-verify-l2,pass,stdout-sha256,TIER-1-AT-BEST,CONTRACT-UNAVAILABLE
1fadc03779f2a246a9b5af5d4a93533511c837df,dd3c178ea9553004d7bf4c494e1b7fd80e7b6ae6,false,portable,c-programs,c-programs/listmount-enosys,verify,e9patch,expansion,pass,pass,stripped-verify-l2,pass,stdout-sha256,TIER-1-AT-BEST,CONTRACT-UNAVAILABLE
1fadc03779f2a246a9b5af5d4a93533511c837df,dd3c178ea9553004d7bf4c494e1b7fd80e7b6ae6,false,portable,c-programs,c-programs/liteinst-advanced,verify,e9patch,expansion,diverge,fail,stripped-verify-l2,NO-RESULT-UNMEASURED,stdout-sha256,NO-RESULT-UNMEASURED,CONTRACT-UNAVAILABLE
1fadc03779f2a246a9b5af5d4a93533511c837df,dd3c178ea9553004d7bf4c494e1b7fd80e7b6ae6,false,portable,c-programs,c-programs/lsm-get-self-attr-enosys,verify,e9patch,expansion,pass,pass,stripped-verify-l2,pass,stdout-sha256,TIER-1-AT-BEST,CONTRACT-UNAVAILABLE
1fadc03779f2a246a9b5af5d4a93533511c837df,dd3c178ea9553004d7bf4c494e1b7fd80e7b6ae6,false,portable,c-programs,c-programs/lsm-list-modules-enosys,verify,e9patch,expansion,pass,pass,stripped-verify-l2,pass,stdout-sha256,TIER-1-AT-BEST,CONTRACT-UNAVAILABLE
1fadc03779f2a246a9b5af5d4a93533511c837df,dd3c178ea9553004d7bf4c494e1b7fd80e7b6ae6,false,portable,c-programs,c-programs/lsm-set-self-attr-enosys,verify,e9patch,expansion,pass,pass,stripped-verify-l2,pass,stdout-sha256,TIER-1-AT-BEST,CONTRACT-UNAVAILABLE
1fadc03779f2a246a9b5af5d4a93533511c837df,dd3c178ea9553004d7bf4c494e1b7fd80e7b6ae6,false,portable,c-programs,c-programs/madvise-determinism,verify,e9patch,expansion,pass,pass,stripped-verify-l2,pass,stdout-sha256,TIER-1-AT-BEST,CONTRACT-UNAVAILABLE
1fadc03779f2a246a9b5af5d4a93533511c837df,dd3c178ea9553004d7bf4c494e1b7fd80e7b6ae6,false,portable,c-programs,c-programs/map-shadow-stack-enosys,verify,e9patch,expansion,pass,pass,stripped-verify-l2,pass,stdout-sha256,TIER-1-AT-BEST,CONTRACT-UNAVAILABLE
1fadc03779f2a246a9b5af5d4a93533511c837df,dd3c178ea9553004d7bf4c494e1b7fd80e7b6ae6,false,portable,c-programs,c-programs/memfd-secret-enosys,verify,e9patch,expansion,pass,pass,stripped-verify-l2,pass,stdout-sha256,TIER-1-AT-BEST,CONTRACT-UNAVAILABLE
1fadc03779f2a246a9b5af5d4a93533511c837df,dd3c178ea9553004d7bf4c494e1b7fd80e7b6ae6,false,portable,c-programs,c-programs/meminfo-available-deterministic,verify,e9patch,expansion,pass,pass,stripped-verify-l2,pass,stdout-sha256,TIER-1-AT-BEST,CONTRACT-UNAVAILABLE
1fadc03779f2a246a9b5af5d4a93533511c837df,dd3c178ea9553004d7bf4c494e1b7fd80e7b6ae6,false,portable,c-programs,c-programs/meminfo-cached-deterministic,verify,e9patch,expansion,pass,pass,stripped-verify-l2,pass,stdout-sha256,TIER-1-AT-BEST,CONTRACT-UNAVAILABLE
1fadc03779f2a246a9b5af5d4a93533511c837df,dd3c178ea9553004d7bf4c494e1b7fd80e7b6ae6,false,portable,c-programs,c-programs/meminfo-free-deterministic,verify,e9patch,expansion,pass,pass,stripped-verify-l2,pass,stdout-sha256,TIER-1-AT-BEST,CONTRACT-UNAVAILABLE
1fadc03779f2a246a9b5af5d4a93533511c837df,dd3c178ea9553004d7bf4c494e1b7fd80e7b6ae6,false,portable,c-programs,c-programs/memorypress,verify,e9patch,expansion,pass,pass,stripped-verify-l2,pass,stdout-sha256,TIER-1-AT-BEST,CONTRACT-UNAVAILABLE
1fadc03779f2a246a9b5af5d4a93533511c837df,dd3c178ea9553004d7bf4c494e1b7fd80e7b6ae6,false,portable,c-programs,c-programs/mmap-determinism,verify,e9patch,expansion,diverge,fail,stripped-verify-l2,NO-RESULT-UNMEASURED,stdout-sha256,NO-RESULT-UNMEASURED,CONTRACT-UNAVAILABLE
1fadc03779f2a246a9b5af5d4a93533511c837df,dd3c178ea9553004d7bf4c494e1b7fd80e7b6ae6,false,portable,c-programs,c-programs/mmap-stress-determinism,verify,e9patch,expansion,pass,pass,stripped-verify-l2,pass,stdout-sha256,TIER-1-AT-BEST,CONTRACT-UNAVAILABLE
1fadc03779f2a246a9b5af5d4a93533511c837df,dd3c178ea9553004d7bf4c494e1b7fd80e7b6ae6,false,portable,c-programs,c-programs/name-to-handle-at-eopnotsupp,verify,e9patch,expansion,pass,pass,stripped-verify-l2,pass,stdout-sha256,TIER-1-AT-BEST,CONTRACT-UNAVAILABLE
1fadc03779f2a246a9b5af5d4a93533511c837df,dd3c178ea9553004d7bf4c494e1b7fd80e7b6ae6,false,portable,c-programs,c-programs/name-to-handle-directory-eopnotsupp,verify,e9patch,expansion,pass,pass,stripped-verify-l2,pass,stdout-sha256,TIER-1-AT-BEST,CONTRACT-UNAVAILABLE
1fadc03779f2a246a9b5af5d4a93533511c837df,dd3c178ea9553004d7bf4c494e1b7fd80e7b6ae6,false,portable,c-programs,c-programs/name-to-handle-empty-path-eopnotsupp,verify,e9patch,expansion,pass,pass,stripped-verify-l2,pass,stdout-sha256,TIER-1-AT-BEST,CONTRACT-UNAVAILABLE
1fadc03779f2a246a9b5af5d4a93533511c837df,dd3c178ea9553004d7bf4c494e1b7fd80e7b6ae6,false,portable,c-programs,c-programs/name-to-handle-regular-eopnotsupp,verify,e9patch,expansion,pass,pass,stripped-verify-l2,pass,stdout-sha256,TIER-1-AT-BEST,CONTRACT-UNAVAILABLE
1fadc03779f2a246a9b5af5d4a93533511c837df,dd3c178ea9553004d7bf4c494e1b7fd80e7b6ae6,false,portable,c-programs,c-programs/nanosleep-par,verify,e9patch,expansion,pass,pass,stripped-verify-l2,pass,stdout-sha256,TIER-1-AT-BEST,CONTRACT-UNAVAILABLE
1fadc03779f2a246a9b5af5d4a93533511c837df,dd3c178ea9553004d7bf4c494e1b7fd80e7b6ae6,false,portable,c-programs,c-programs/nanosleep-threads-nocrash,verify,e9patch,expansion,pass,pass,stripped-verify-l2,pass,stdout-sha256,TIER-1-AT-BEST,CONTRACT-UNAVAILABLE
1fadc03779f2a246a9b5af5d4a93533511c837df,dd3c178ea9553004d7bf4c494e1b7fd80e7b6ae6,false,portable,c-programs,c-programs/nanosleep-threads-simple,verify,e9patch,expansion,diverge,fail,stripped-verify-l2,NO-RESULT-UNMEASURED,stdout-sha256,NO-RESULT-UNMEASURED,CONTRACT-UNAVAILABLE
1fadc03779f2a246a9b5af5d4a93533511c837df,dd3c178ea9553004d7bf4c494e1b7fd80e7b6ae6,false,portable,c-programs,c-programs/netlink-autobind-generic,verify,e9patch,expansion,pass,pass,stripped-verify-l2,pass,stdout-sha256,TIER-1-AT-BEST,CONTRACT-UNAVAILABLE
1fadc03779f2a246a9b5af5d4a93533511c837df,dd3c178ea9553004d7bf4c494e1b7fd80e7b6ae6,false,portable,c-programs,c-programs/netlink-autobind-route,verify,e9patch,expansion,pass,pass,stripped-verify-l2,pass,stdout-sha256,TIER-1-AT-BEST,CONTRACT-UNAVAILABLE
1fadc03779f2a246a9b5af5d4a93533511c837df,dd3c178ea9553004d7bf4c494e1b7fd80e7b6ae6,false,portable,c-programs,c-programs/netlink-autobind-usersock,verify,e9patch,expansion,pass,pass,stripped-verify-l2,pass,stdout-sha256,TIER-1-AT-BEST,CONTRACT-UNAVAILABLE
1fadc03779f2a246a9b5af5d4a93533511c837df,dd3c178ea9553004d7bf4c494e1b7fd80e7b6ae6,false,portable,c-programs,c-programs/netns-cookie-tcp4,verify,e9patch,expansion,pass,pass,stripped-verify-l2,pass,stdout-sha256,TIER-1-AT-BEST,CONTRACT-UNAVAILABLE
1fadc03779f2a246a9b5af5d4a93533511c837df,dd3c178ea9553004d7bf4c494e1b7fd80e7b6ae6,false,portable,c-programs,c-programs/netns-cookie-tcp6,verify,e9patch,expansion,pass,pass,stripped-verify-l2,pass,stdout-sha256,TIER-1-AT-BEST,CONTRACT-UNAVAILABLE
1fadc03779f2a246a9b5af5d4a93533511c837df,dd3c178ea9553004d7bf4c494e1b7fd80e7b6ae6,false,portable,c-programs,c-programs/netns-cookie-udp4,verify,e9patch,expansion,pass,pass,stripped-verify-l2,pass,stdout-sha256,TIER-1-AT-BEST,CONTRACT-UNAVAILABLE
1fadc03779f2a246a9b5af5d4a93533511c837df,dd3c178ea9553004d7bf4c494e1b7fd80e7b6ae6,false,portable,c-programs,c-programs/perf-event-hardware-enosys,verify,e9patch,expansion,pass,pass,stripped-verify-l2,pass,stdout-sha256,TIER-1-AT-BEST,CONTRACT-UNAVAILABLE
1fadc03779f2a246a9b5af5d4a93533511c837df,dd3c178ea9553004d7bf4c494e1b7fd80e7b6ae6,false,portable,c-programs,c-programs/perf-event-open-enosys,verify,e9patch,expansion,pass,pass,stripped-verify-l2,pass,stdout-sha256,TIER-1-AT-BEST,CONTRACT-UNAVAILABLE
1fadc03779f2a246a9b5af5d4a93533511c837df,dd3c178ea9553004d7bf4c494e1b7fd80e7b6ae6,false,portable,c-programs,c-programs/perf-event-software-enosys,verify,e9patch,expansion,pass,pass,stripped-verify-l2,pass,stdout-sha256,TIER-1-AT-BEST,CONTRACT-UNAVAILABLE
1fadc03779f2a246a9b5af5d4a93533511c837df,dd3c178ea9553004d7bf4c494e1b7fd80e7b6ae6,false,portable,c-programs,c-programs/perf-event-watchpoint-enosys,verify,e9patch,expansion,pass,pass,stripped-verify-l2,pass,stdout-sha256,TIER-1-AT-BEST,CONTRACT-UNAVAILABLE
1fadc03779f2a246a9b5af5d4a93533511c837df,dd3c178ea9553004d7bf4c494e1b7fd80e7b6ae6,false,portable,c-programs,c-programs/periodic-setitimer-delivery,verify,e9patch,expansion,pass,pass,stripped-verify-l2,pass,stdout-sha256,TIER-1-AT-BEST,CONTRACT-UNAVAILABLE
1fadc03779f2a246a9b5af5d4a93533511c837df,dd3c178ea9553004d7bf4c494e1b7fd80e7b6ae6,false,portable,c-programs,c-programs/pidfd-open-self,verify,e9patch,expansion,pass,pass,stripped-verify-l2,pass,stdout-sha256,TIER-1-AT-BEST,CONTRACT-UNAVAILABLE
1fadc03779f2a246a9b5af5d4a93533511c837df,dd3c178ea9553004d7bf4c494e1b7fd80e7b6ae6,false,portable,c-programs,c-programs/pidfd-poll-self,verify,e9patch,expansion,pass,pass,stripped-verify-l2,pass,stdout-sha256,TIER-1-AT-BEST,CONTRACT-UNAVAILABLE
1fadc03779f2a246a9b5af5d4a93533511c837df,dd3c178ea9553004d7bf4c494e1b7fd80e7b6ae6,false,portable,c-programs,c-programs/pidfd-waitid-child,verify,e9patch,expansion,pass,pass,stripped-verify-l2,pass,stdout-sha256,TIER-1-AT-BEST,CONTRACT-UNAVAILABLE
1fadc03779f2a246a9b5af5d4a93533511c837df,dd3c178ea9553004d7bf4c494e1b7fd80e7b6ae6,false,portable,c-programs,c-programs/ppoll-readv,verify,e9patch,expansion,pass,pass,stripped-verify-l2,pass,stdout-sha256,TIER-1-AT-BEST,CONTRACT-UNAVAILABLE
1fadc03779f2a246a9b5af5d4a93533511c837df,dd3c178ea9553004d7bf4c494e1b7fd80e7b6ae6,false,portable,c-programs,c-programs/ppoll-simulation,verify,e9patch,expansion,pass,pass,stripped-verify-l2,pass,stdout-sha256,TIER-1-AT-BEST,CONTRACT-UNAVAILABLE
1fadc03779f2a246a9b5af5d4a93533511c837df,dd3c178ea9553004d7bf4c494e1b7fd80e7b6ae6,false,portable,c-programs,c-programs/prctl-dumpable,verify,e9patch,expansion,pass,pass,stripped-verify-l2,pass,stdout-sha256,TIER-1-AT-BEST,CONTRACT-UNAVAILABLE
1fadc03779f2a246a9b5af5d4a93533511c837df,dd3c178ea9553004d7bf4c494e1b7fd80e7b6ae6,false,portable,c-programs,c-programs/pread64-nostdlib,verify,e9patch,expansion,pass,pass,stripped-verify-l2,pass,stdout-sha256,TIER-1-AT-BEST,CONTRACT-UNAVAILABLE
1fadc03779f2a246a9b5af5d4a93533511c837df,dd3c178ea9553004d7bf4c494e1b7fd80e7b6ae6,false,portable,c-programs,c-programs/print-memaddrs,verify,e9patch,expansion,pass,pass,stripped-verify-l2,pass,stdout-sha256,TIER-1-AT-BEST,CONTRACT-UNAVAILABLE
1fadc03779f2a246a9b5af5d4a93533511c837df,dd3c178ea9553004d7bf4c494e1b7fd80e7b6ae6,false,portable,c-programs,c-programs/printf-with-threads,verify,e9patch,expansion,pass,pass,stripped-verify-l2,pass,stdout-sha256,TIER-1-AT-BEST,CONTRACT-UNAVAILABLE
1fadc03779f2a246a9b5af5d4a93533511c837df,dd3c178ea9553004d7bf4c494e1b7fd80e7b6ae6,false,portable,c-programs,c-programs/proc-fd-link-aliases,verify,e9patch,expansion,pass,pass,stripped-verify-l2,pass,stdout-sha256,TIER-1-AT-BEST,CONTRACT-UNAVAILABLE
1fadc03779f2a246a9b5af5d4a93533511c837df,dd3c178ea9553004d7bf4c494e1b7fd80e7b6ae6,false,portable,c-programs,c-programs/proc-fdinfo,verify,e9patch,expansion,pass,pass,stripped-verify-l2,pass,stdout-sha256,TIER-1-AT-BEST,CONTRACT-UNAVAILABLE
1fadc03779f2a246a9b5af5d4a93533511c837df,dd3c178ea9553004d7bf4c494e1b7fd80e7b6ae6,false,portable,c-programs,c-programs/proc-locks,verify,e9patch,expansion,pass,pass,stripped-verify-l2,pass,stdout-sha256,TIER-1-AT-BEST,CONTRACT-UNAVAILABLE
1fadc03779f2a246a9b5af5d4a93533511c837df,dd3c178ea9553004d7bf4c494e1b7fd80e7b6ae6,false,portable,c-programs,c-programs/process-mrelease-enosys,verify,e9patch,expansion,pass,pass,stripped-verify-l2,pass,stdout-sha256,TIER-1-AT-BEST,CONTRACT-UNAVAILABLE
1fadc03779f2a246a9b5af5d4a93533511c837df,dd3c178ea9553004d7bf4c494e1b7fd80e7b6ae6,false,portable,c-programs,c-programs/process-vm-readv-refusal-probe,verify,e9patch,expansion,pass,pass,stripped-verify-l2,pass,stdout-sha256,TIER-1-AT-BEST,CONTRACT-UNAVAILABLE
1fadc03779f2a246a9b5af5d4a93533511c837df,dd3c178ea9553004d7bf4c494e1b7fd80e7b6ae6,false,portable,c-programs,c-programs/process-vm-writev-refusal-probe,verify,e9patch,expansion,pass,pass,stripped-verify-l2,pass,stdout-sha256,TIER-1-AT-BEST,CONTRACT-UNAVAILABLE
1fadc03779f2a246a9b5af5d4a93533511c837df,dd3c178ea9553004d7bf4c494e1b7fd80e7b6ae6,false,portable,c-programs,c-programs/procfs-positioned-probe,verify,e9patch,expansion,pass,pass,stripped-verify-l2,pass,stdout-sha256,TIER-1-AT-BEST,CONTRACT-UNAVAILABLE
1fadc03779f2a246a9b5af5d4a93533511c837df,dd3c178ea9553004d7bf4c494e1b7fd80e7b6ae6,false,portable,c-programs,c-programs/prodcons-determinism,verify,e9patch,expansion,pass,pass,stripped-verify-l2,pass,stdout-sha256,TIER-1-AT-BEST,CONTRACT-UNAVAILABLE
1fadc03779f2a246a9b5af5d4a93533511c837df,dd3c178ea9553004d7bf4c494e1b7fd80e7b6ae6,false,portable,c-programs,c-programs/pselect6-simulation,verify,e9patch,expansion,pass,pass,stripped-verify-l2,pass,stdout-sha256,TIER-1-AT-BEST,CONTRACT-UNAVAILABLE
1fadc03779f2a246a9b5af5d4a93533511c837df,dd3c178ea9553004d7bf4c494e1b7fd80e7b6ae6,false,portable,c-programs,c-programs/ptrace-attach-eperm,verify,e9patch,expansion,pass,pass,stripped-verify-l2,pass,stdout-sha256,TIER-1-AT-BEST,CONTRACT-UNAVAILABLE
1fadc03779f2a246a9b5af5d4a93533511c837df,dd3c178ea9553004d7bf4c494e1b7fd80e7b6ae6,false,portable,c-programs,c-programs/ptrace-eperm,verify,e9patch,expansion,pass,pass,stripped-verify-l2,pass,stdout-sha256,TIER-1-AT-BEST,CONTRACT-UNAVAILABLE
1fadc03779f2a246a9b5af5d4a93533511c837df,dd3c178ea9553004d7bf4c494e1b7fd80e7b6ae6,false,portable,c-programs,c-programs/ptrace-seize-eperm,verify,e9patch,expansion,pass,pass,stripped-verify-l2,pass,stdout-sha256,TIER-1-AT-BEST,CONTRACT-UNAVAILABLE
1fadc03779f2a246a9b5af5d4a93533511c837df,dd3c178ea9553004d7bf4c494e1b7fd80e7b6ae6,false,portable,c-programs,c-programs/ptrace-traceme-eperm,verify,e9patch,expansion,pass,pass,stripped-verify-l2,pass,stdout-sha256,TIER-1-AT-BEST,CONTRACT-UNAVAILABLE
1fadc03779f2a246a9b5af5d4a93533511c837df,dd3c178ea9553004d7bf4c494e1b7fd80e7b6ae6,false,portable,c-programs,c-programs/pty-nr-count,verify,e9patch,expansion,pass,pass,stripped-verify-l2,pass,stdout-sha256,TIER-1-AT-BEST,CONTRACT-UNAVAILABLE
1fadc03779f2a246a9b5af5d4a93533511c837df,dd3c178ea9553004d7bf4c494e1b7fd80e7b6ae6,false,portable,c-programs,c-programs/racewrite-nostdlib,verify,e9patch,expansion,pass,pass,stripped-verify-l2,pass,stdout-sha256,TIER-1-AT-BEST,CONTRACT-UNAVAILABLE
1fadc03779f2a246a9b5af5d4a93533511c837df,dd3c178ea9553004d7bf4c494e1b7fd80e7b6ae6,false,portable,c-programs,c-programs/random-sources,verify,e9patch,expansion,pass,pass,stripped-verify-l2,pass,stdout-sha256,TIER-1-AT-BEST,CONTRACT-UNAVAILABLE
1fadc03779f2a246a9b5af5d4a93533511c837df,dd3c178ea9553004d7bf4c494e1b7fd80e7b6ae6,false,portable,c-programs,c-programs/rcx-canonicalization,verify,e9patch,expansion,diverge,fail,stripped-verify-l2,fail,stdout-sha256,TIER-0-FAIL,CONTRACT-UNAVAILABLE
1fadc03779f2a246a9b5af5d4a93533511c837df,dd3c178ea9553004d7bf4c494e1b7fd80e7b6ae6,false,portable,c-programs,c-programs/record-replay-fd-close,verify,e9patch,expansion,pass,pass,stripped-verify-l2,pass,stdout-sha256,TIER-1-AT-BEST,CONTRACT-UNAVAILABLE
1fadc03779f2a246a9b5af5d4a93533511c837df,dd3c178ea9553004d7bf4c494e1b7fd80e7b6ae6,false,portable,c-programs,c-programs/record-replay-file-state,verify,e9patch,expansion,pass,pass,stripped-verify-l2,pass,stdout-sha256,TIER-1-AT-BEST,CONTRACT-UNAVAILABLE
1fadc03779f2a246a9b5af5d4a93533511c837df,dd3c178ea9553004d7bf4c494e1b7fd80e7b6ae6,false,portable,c-programs,c-programs/record-replay-lseek-seek-cur,verify,e9patch,expansion,diverge,fail,stripped-verify-l2,NO-RESULT-UNMEASURED,stdout-sha256,NO-RESULT-UNMEASURED,CONTRACT-UNAVAILABLE
1fadc03779f2a246a9b5af5d4a93533511c837df,dd3c178ea9553004d7bf4c494e1b7fd80e7b6ae6,false,portable,c-programs,c-programs/record-replay-setsockopt,verify,e9patch,expansion,pass,pass,stripped-verify-l2,pass,stdout-sha256,TIER-1-AT-BEST,CONTRACT-UNAVAILABLE
1fadc03779f2a246a9b5af5d4a93533511c837df,dd3c178ea9553004d7bf4c494e1b7fd80e7b6ae6,false,portable,c-programs,c-programs/recvmsg-scm-rights-mmap,verify,e9patch,expansion,pass,pass,stripped-verify-l2,pass,stdout-sha256,TIER-1-AT-BEST,CONTRACT-UNAVAILABLE
1fadc03779f2a246a9b5af5d4a93533511c837df,dd3c178ea9553004d7bf4c494e1b7fd80e7b6ae6,false,portable,c-programs,c-programs/remap-file-pages-anonymous-enosys,verify,e9patch,expansion,pass,pass,stripped-verify-l2,pass,stdout-sha256,TIER-1-AT-BEST,CONTRACT-UNAVAILABLE
1fadc03779f2a246a9b5af5d4a93533511c837df,dd3c178ea9553004d7bf4c494e1b7fd80e7b6ae6,false,portable,c-programs,c-programs/remap-file-pages-memfd-enosys,verify,e9patch,expansion,pass,pass,stripped-verify-l2,pass,stdout-sha256,TIER-1-AT-BEST,CONTRACT-UNAVAILABLE
1fadc03779f2a246a9b5af5d4a93533511c837df,dd3c178ea9553004d7bf4c494e1b7fd80e7b6ae6,false,portable,c-programs,c-programs/remap-file-pages-tmpfile-enosys,verify,e9patch,expansion,pass,pass,stripped-verify-l2,pass,stdout-sha256,TIER-1-AT-BEST,CONTRACT-UNAVAILABLE
1fadc03779f2a246a9b5af5d4a93533511c837df,dd3c178ea9553004d7bf4c494e1b7fd80e7b6ae6,false,portable,c-programs,c-programs/request-key-enosys,verify,e9patch,expansion,pass,pass,stripped-verify-l2,pass,stdout-sha256,TIER-1-AT-BEST,CONTRACT-UNAVAILABLE
1fadc03779f2a246a9b5af5d4a93533511c837df,dd3c178ea9553004d7bf4c494e1b7fd80e7b6ae6,false,portable,c-programs,c-programs/resource-determinism,verify,e9patch,expansion,pass,pass,stripped-verify-l2,pass,stdout-sha256,TIER-1-AT-BEST,CONTRACT-UNAVAILABLE
1fadc03779f2a246a9b5af5d4a93533511c837df,dd3c178ea9553004d7bf4c494e1b7fd80e7b6ae6,false,portable,c-programs,c-programs/sched-setattr-batch,verify,e9patch,expansion,pass,pass,stripped-verify-l2,pass,stdout-sha256,TIER-1-AT-BEST,CONTRACT-UNAVAILABLE
1fadc03779f2a246a9b5af5d4a93533511c837df,dd3c178ea9553004d7bf4c494e1b7fd80e7b6ae6,false,portable,c-programs,c-programs/sched-setattr-idle,verify,e9patch,expansion,pass,pass,stripped-verify-l2,pass,stdout-sha256,TIER-1-AT-BEST,CONTRACT-UNAVAILABLE
1fadc03779f2a246a9b5af5d4a93533511c837df,dd3c178ea9553004d7bf4c494e1b7fd80e7b6ae6,false,portable,c-programs,c-programs/sched-setattr-other,verify,e9patch,expansion,pass,pass,stripped-verify-l2,pass,stdout-sha256,TIER-1-AT-BEST,CONTRACT-UNAVAILABLE
1fadc03779f2a246a9b5af5d4a93533511c837df,dd3c178ea9553004d7bf4c494e1b7fd80e7b6ae6,false,portable,c-programs,c-programs/sched-yield-progress,verify,e9patch,expansion,pass,pass,stripped-verify-l2,pass,stdout-sha256,TIER-1-AT-BEST,CONTRACT-UNAVAILABLE
1fadc03779f2a246a9b5af5d4a93533511c837df,dd3c178ea9553004d7bf4c494e1b7fd80e7b6ae6,false,portable,c-programs,c-programs/scheduler-policy-queries,verify,e9patch,expansion,pass,pass,stripped-verify-l2,pass,stdout-sha256,TIER-1-AT-BEST,CONTRACT-UNAVAILABLE
1fadc03779f2a246a9b5af5d4a93533511c837df,dd3c178ea9553004d7bf4c494e1b7fd80e7b6ae6,false,portable,c-programs,c-programs/setitimer-determinism,verify,e9patch,expansion,pass,pass,stripped-verify-l2,pass,stdout-sha256,TIER-1-AT-BEST,CONTRACT-UNAVAILABLE
1fadc03779f2a246a9b5af5d4a93533511c837df,dd3c178ea9553004d7bf4c494e1b7fd80e7b6ae6,false,portable,c-programs,c-programs/sigmask-preemption,verify,e9patch,expansion,pass,pass,stripped-verify-l2,pass,stdout-sha256,TIER-1-AT-BEST,CONTRACT-UNAVAILABLE
1fadc03779f2a246a9b5af5d4a93533511c837df,dd3c178ea9553004d7bf4c494e1b7fd80e7b6ae6,false,portable,c-programs,c-programs/signal-determinism,verify,e9patch,expansion,diverge,fail,stripped-verify-l2,NO-RESULT-UNMEASURED,stdout-sha256,NO-RESULT-UNMEASURED,CONTRACT-UNAVAILABLE
1fadc03779f2a246a9b5af5d4a93533511c837df,dd3c178ea9553004d7bf4c494e1b7fd80e7b6ae6,false,portable,c-programs,c-programs/sigpipe-siginfo,verify,e9patch,expansion,pass,pass,stripped-verify-l2,pass,stdout-sha256,TIER-1-AT-BEST,CONTRACT-UNAVAILABLE
1fadc03779f2a246a9b5af5d4a93533511c837df,dd3c178ea9553004d7bf4c494e1b7fd80e7b6ae6,false,portable,c-programs,c-programs/sigtimedwait-no-timeout,verify,e9patch,expansion,pass,pass,stripped-verify-l2,pass,stdout-sha256,TIER-1-AT-BEST,CONTRACT-UNAVAILABLE
1fadc03779f2a246a9b5af5d4a93533511c837df,dd3c178ea9553004d7bf4c494e1b7fd80e7b6ae6,false,portable,c-programs,c-programs/sigtimedwait-timeout-0s,verify,e9patch,expansion,pass,pass,stripped-verify-l2,pass,stdout-sha256,TIER-1-AT-BEST,CONTRACT-UNAVAILABLE
1fadc03779f2a246a9b5af5d4a93533511c837df,dd3c178ea9553004d7bf4c494e1b7fd80e7b6ae6,false,portable,c-programs,c-programs/sigtimedwait-timeout-1s,verify,e9patch,expansion,pass,pass,stripped-verify-l2,pass,stdout-sha256,TIER-1-AT-BEST,CONTRACT-UNAVAILABLE
1fadc03779f2a246a9b5af5d4a93533511c837df,dd3c178ea9553004d7bf4c494e1b7fd80e7b6ae6,false,portable,c-programs,c-programs/so-incoming-cpu-tcp4,verify,e9patch,expansion,pass,pass,stripped-verify-l2,pass,stdout-sha256,TIER-1-AT-BEST,CONTRACT-UNAVAILABLE
1fadc03779f2a246a9b5af5d4a93533511c837df,dd3c178ea9553004d7bf4c494e1b7fd80e7b6ae6,false,portable,c-programs,c-programs/so-incoming-cpu-tcp6,verify,e9patch,expansion,pass,pass,stripped-verify-l2,pass,stdout-sha256,TIER-1-AT-BEST,CONTRACT-UNAVAILABLE
1fadc03779f2a246a9b5af5d4a93533511c837df,dd3c178ea9553004d7bf4c494e1b7fd80e7b6ae6,false,portable,c-programs,c-programs/so-incoming-cpu-udp4,verify,e9patch,expansion,pass,pass,stripped-verify-l2,pass,stdout-sha256,TIER-1-AT-BEST,CONTRACT-UNAVAILABLE
1fadc03779f2a246a9b5af5d4a93533511c837df,dd3c178ea9553004d7bf4c494e1b7fd80e7b6ae6,false,portable,c-programs,c-programs/socket-cookie-tcp,verify,e9patch,expansion,pass,pass,stripped-verify-l2,pass,stdout-sha256,TIER-1-AT-BEST,CONTRACT-UNAVAILABLE
1fadc03779f2a246a9b5af5d4a93533511c837df,dd3c178ea9553004d7bf4c494e1b7fd80e7b6ae6,false,portable,c-programs,c-programs/socket-cookie-udp,verify,e9patch,expansion,pass,pass,stripped-verify-l2,pass,stdout-sha256,TIER-1-AT-BEST,CONTRACT-UNAVAILABLE
1fadc03779f2a246a9b5af5d4a93533511c837df,dd3c178ea9553004d7bf4c494e1b7fd80e7b6ae6,false,portable,c-programs,c-programs/socket-cookie-unix,verify,e9patch,expansion,pass,pass,stripped-verify-l2,pass,stdout-sha256,TIER-1-AT-BEST,CONTRACT-UNAVAILABLE
1fadc03779f2a246a9b5af5d4a93533511c837df,dd3c178ea9553004d7bf4c494e1b7fd80e7b6ae6,false,portable,c-programs,c-programs/socket-ioctl-timestamp,verify,e9patch,expansion,diverge,fail,stripped-verify-l2,NO-RESULT-UNMEASURED,stdout-sha256,NO-RESULT-UNMEASURED,CONTRACT-UNAVAILABLE
1fadc03779f2a246a9b5af5d4a93533511c837df,dd3c178ea9553004d7bf4c494e1b7fd80e7b6ae6,false,portable,c-programs,c-programs/socket-timestamp-edge-cases,verify,e9patch,expansion,pass,pass,stripped-verify-l2,pass,stdout-sha256,TIER-1-AT-BEST,CONTRACT-UNAVAILABLE
1fadc03779f2a246a9b5af5d4a93533511c837df,dd3c178ea9553004d7bf4c494e1b7fd80e7b6ae6,false,portable,c-programs,c-programs/socket-timestamp-timespec,verify,e9patch,expansion,pass,pass,stripped-verify-l2,pass,stdout-sha256,TIER-1-AT-BEST,CONTRACT-UNAVAILABLE
1fadc03779f2a246a9b5af5d4a93533511c837df,dd3c178ea9553004d7bf4c494e1b7fd80e7b6ae6,false,portable,c-programs,c-programs/socket-timestamp-timeval,verify,e9patch,expansion,pass,pass,stripped-verify-l2,pass,stdout-sha256,TIER-1-AT-BEST,CONTRACT-UNAVAILABLE
1fadc03779f2a246a9b5af5d4a93533511c837df,dd3c178ea9553004d7bf4c494e1b7fd80e7b6ae6,false,portable,c-programs,c-programs/splice-enosys,verify,e9patch,expansion,pass,pass,stripped-verify-l2,pass,stdout-sha256,TIER-1-AT-BEST,CONTRACT-UNAVAILABLE
1fadc03779f2a246a9b5af5d4a93533511c837df,dd3c178ea9553004d7bf4c494e1b7fd80e7b6ae6,false,portable,c-programs,c-programs/statmount-enosys,verify,e9patch,expansion,pass,pass,stripped-verify-l2,pass,stdout-sha256,TIER-1-AT-BEST,CONTRACT-UNAVAILABLE
1fadc03779f2a246a9b5af5d4a93533511c837df,dd3c178ea9553004d7bf4c494e1b7fd80e7b6ae6,false,portable,c-programs,c-programs/syscall-file-io,verify,e9patch,expansion,pass,pass,stripped-verify-l2,pass,stdout-sha256,TIER-1-AT-BEST,CONTRACT-UNAVAILABLE
1fadc03779f2a246a9b5af5d4a93533511c837df,dd3c178ea9553004d7bf4c494e1b7fd80e7b6ae6,false,portable,c-programs,c-programs/syscall-file-metadata,verify,e9patch,expansion,pass,pass,stripped-verify-l2,pass,stdout-sha256,TIER-1-AT-BEST,CONTRACT-UNAVAILABLE
1fadc03779f2a246a9b5af5d4a93533511c837df,dd3c178ea9553004d7bf4c494e1b7fd80e7b6ae6,false,portable,c-programs,c-programs/syscall-quick-wins,verify,e9patch,expansion,pass,pass,stripped-verify-l2,pass,stdout-sha256,TIER-1-AT-BEST,CONTRACT-UNAVAILABLE
1fadc03779f2a246a9b5af5d4a93533511c837df,dd3c178ea9553004d7bf4c494e1b7fd80e7b6ae6,false,portable,c-programs,c-programs/sysfs-enosys,verify,e9patch,expansion,pass,pass,stripped-verify-l2,pass,stdout-sha256,TIER-1-AT-BEST,CONTRACT-UNAVAILABLE
1fadc03779f2a246a9b5af5d4a93533511c837df,dd3c178ea9553004d7bf4c494e1b7fd80e7b6ae6,false,portable,c-programs,c-programs/sysinfo,verify,e9patch,expansion,pass,pass,stripped-verify-l2,pass,stdout-sha256,TIER-1-AT-BEST,CONTRACT-UNAVAILABLE
1fadc03779f2a246a9b5af5d4a93533511c837df,dd3c178ea9553004d7bf4c494e1b7fd80e7b6ae6,false,portable,c-programs,c-programs/sysinfo-uptime,verify,e9patch,expansion,pass,pass,stripped-verify-l2,pass,stdout-sha256,TIER-1-AT-BEST,CONTRACT-UNAVAILABLE
1fadc03779f2a246a9b5af5d4a93533511c837df,dd3c178ea9553004d7bf4c494e1b7fd80e7b6ae6,false,portable,c-programs,c-programs/syslog-deterministic,verify,e9patch,expansion,pass,pass,stripped-verify-l2,pass,stdout-sha256,TIER-1-AT-BEST,CONTRACT-UNAVAILABLE
1fadc03779f2a246a9b5af5d4a93533511c837df,dd3c178ea9553004d7bf4c494e1b7fd80e7b6ae6,false,portable,c-programs,c-programs/sysv-sem-enosys,verify,e9patch,expansion,pass,pass,stripped-verify-l2,pass,stdout-sha256,TIER-1-AT-BEST,CONTRACT-UNAVAILABLE
1fadc03779f2a246a9b5af5d4a93533511c837df,dd3c178ea9553004d7bf4c494e1b7fd80e7b6ae6,false,portable,c-programs,c-programs/sysv-shm-enosys,verify,e9patch,expansion,pass,pass,stripped-verify-l2,pass,stdout-sha256,TIER-1-AT-BEST,CONTRACT-UNAVAILABLE
1fadc03779f2a246a9b5af5d4a93533511c837df,dd3c178ea9553004d7bf4c494e1b7fd80e7b6ae6,false,portable,c-programs,c-programs/tcp-info-accept4,verify,e9patch,expansion,pass,pass,stripped-verify-l2,pass,stdout-sha256,TIER-1-AT-BEST,CONTRACT-UNAVAILABLE
1fadc03779f2a246a9b5af5d4a93533511c837df,dd3c178ea9553004d7bf4c494e1b7fd80e7b6ae6,false,portable,c-programs,c-programs/tcp-info-accept6,verify,e9patch,expansion,pass,pass,stripped-verify-l2,pass,stdout-sha256,TIER-1-AT-BEST,CONTRACT-UNAVAILABLE
1fadc03779f2a246a9b5af5d4a93533511c837df,dd3c178ea9553004d7bf4c494e1b7fd80e7b6ae6,false,portable,c-programs,c-programs/tcp-info-client4,verify,e9patch,expansion,pass,pass,stripped-verify-l2,pass,stdout-sha256,TIER-1-AT-BEST,CONTRACT-UNAVAILABLE
1fadc03779f2a246a9b5af5d4a93533511c837df,dd3c178ea9553004d7bf4c494e1b7fd80e7b6ae6,false,portable,c-programs,c-programs/tee-enosys,verify,e9patch,expansion,pass,pass,stripped-verify-l2,pass,stdout-sha256,TIER-1-AT-BEST,CONTRACT-UNAVAILABLE
1fadc03779f2a246a9b5af5d4a93533511c837df,dd3c178ea9553004d7bf4c494e1b7fd80e7b6ae6,false,portable,c-programs,c-programs/thread-self-procfs-handoff,verify,e9patch,expansion,pass,pass,stripped-verify-l2,pass,stdout-sha256,TIER-1-AT-BEST,CONTRACT-UNAVAILABLE
1fadc03779f2a246a9b5af5d4a93533511c837df,dd3c178ea9553004d7bf4c494e1b7fd80e7b6ae6,false,portable,c-programs,c-programs/thread-sync-determinism,verify,e9patch,expansion,diverge,fail,stripped-verify-l2,NO-RESULT-UNMEASURED,stdout-sha256,NO-RESULT-UNMEASURED,CONTRACT-UNAVAILABLE
1fadc03779f2a246a9b5af5d4a93533511c837df,dd3c178ea9553004d7bf4c494e1b7fd80e7b6ae6,false,portable,c-programs,c-programs/threadexhaustion,verify,e9patch,expansion,pass,pass,stripped-verify-l2,pass,stdout-sha256,TIER-1-AT-BEST,CONTRACT-UNAVAILABLE
1fadc03779f2a246a9b5af5d4a93533511c837df,dd3c178ea9553004d7bf4c494e1b7fd80e7b6ae6,false,portable,c-programs,c-programs/timer-create-determinism,verify,e9patch,expansion,pass,pass,stripped-verify-l2,pass,stdout-sha256,TIER-1-AT-BEST,CONTRACT-UNAVAILABLE
1fadc03779f2a246a9b5af5d4a93533511c837df,dd3c178ea9553004d7bf4c494e1b7fd80e7b6ae6,false,portable,c-programs,c-programs/uname,verify,e9patch,expansion,pass,pass,stripped-verify-l2,pass,stdout-sha256,TIER-1-AT-BEST,CONTRACT-UNAVAILABLE
1fadc03779f2a246a9b5af5d4a93533511c837df,dd3c178ea9553004d7bf4c494e1b7fd80e7b6ae6,false,portable,c-programs,c-programs/unix-autobind-dgram,verify,e9patch,expansion,pass,pass,stripped-verify-l2,pass,stdout-sha256,TIER-1-AT-BEST,CONTRACT-UNAVAILABLE
1fadc03779f2a246a9b5af5d4a93533511c837df,dd3c178ea9553004d7bf4c494e1b7fd80e7b6ae6,false,portable,c-programs,c-programs/unix-autobind-seqpacket,verify,e9patch,expansion,pass,pass,stripped-verify-l2,pass,stdout-sha256,TIER-1-AT-BEST,CONTRACT-UNAVAILABLE
1fadc03779f2a246a9b5af5d4a93533511c837df,dd3c178ea9553004d7bf4c494e1b7fd80e7b6ae6,false,portable,c-programs,c-programs/unix-autobind-stream,verify,e9patch,expansion,pass,pass,stripped-verify-l2,pass,stdout-sha256,TIER-1-AT-BEST,CONTRACT-UNAVAILABLE
1fadc03779f2a246a9b5af5d4a93533511c837df,dd3c178ea9553004d7bf4c494e1b7fd80e7b6ae6,false,portable,c-programs,c-programs/ustat-enosys,verify,e9patch,expansion,pass,pass,stripped-verify-l2,pass,stdout-sha256,TIER-1-AT-BEST,CONTRACT-UNAVAILABLE
1fadc03779f2a246a9b5af5d4a93533511c837df,dd3c178ea9553004d7bf4c494e1b7fd80e7b6ae6,false,portable,c-programs,c-programs/vforkexec,verify,e9patch,expansion,pass,pass,stripped-verify-l2,pass,stdout-sha256,TIER-1-AT-BEST,CONTRACT-UNAVAILABLE
1fadc03779f2a246a9b5af5d4a93533511c837df,dd3c178ea9553004d7bf4c494e1b7fd80e7b6ae6,false,portable,c-programs,c-programs/vmsplice-enosys,verify,e9patch,expansion,pass,pass,stripped-verify-l2,pass,stdout-sha256,TIER-1-AT-BEST,CONTRACT-UNAVAILABLE
1fadc03779f2a246a9b5af5d4a93533511c837df,dd3c178ea9553004d7bf4c494e1b7fd80e7b6ae6,false,portable,c-programs,c-programs/wait-on-child,verify,e9patch,expansion,pass,pass,stripped-verify-l2,pass,stdout-sha256,TIER-1-AT-BEST,CONTRACT-UNAVAILABLE
1fadc03779f2a246a9b5af5d4a93533511c837df,dd3c178ea9553004d7bf4c494e1b7fd80e7b6ae6,false,portable,c-programs,c-programs/writev-determinism,verify,e9patch,expansion,pass,pass,stripped-verify-l2,pass,stdout-sha256,TIER-1-AT-BEST,CONTRACT-UNAVAILABLE
1fadc03779f2a246a9b5af5d4a93533511c837df,dd3c178ea9553004d7bf4c494e1b7fd80e7b6ae6,false,portable,chaos-c,chaos-c/lock-granularity,verify,e9patch,expansion,pass,pass,stripped-verify-l2,pass,stdout-sha256,TIER-1-AT-BEST,CONTRACT-UNAVAILABLE
1fadc03779f2a246a9b5af5d4a93533511c837df,dd3c178ea9553004d7bf4c494e1b7fd80e7b6ae6,false,portable,data-handling,data-handling/archive-roundtrip,verify,e9patch,expansion,diverge,fail,stripped-verify-l2,NO-RESULT-UNMEASURED,stdout-sha256,NO-RESULT-UNMEASURED,CONTRACT-UNAVAILABLE
1fadc03779f2a246a9b5af5d4a93533511c837df,dd3c178ea9553004d7bf4c494e1b7fd80e7b6ae6,false,portable,data-handling,data-handling/shell-pipeline,verify,e9patch,expansion,diverge,fail,stripped-verify-l2,NO-RESULT-UNMEASURED,stdout-sha256,NO-RESULT-UNMEASURED,CONTRACT-UNAVAILABLE
1fadc03779f2a246a9b5af5d4a93533511c837df,dd3c178ea9553004d7bf4c494e1b7fd80e7b6ae6,false,portable,debugger-c,debugger-c/debuggee,verify,e9patch,expansion,pass,pass,stripped-verify-l2,pass,stdout-sha256,TIER-1-AT-BEST,CONTRACT-UNAVAILABLE
1fadc03779f2a246a9b5af5d4a93533511c837df,dd3c178ea9553004d7bf4c494e1b7fd80e7b6ae6,false,portable,determinism-stress,determinism-stress/example-race,verify,e9patch,expansion,pass,pass,stripped-verify-l2,pass,stdout-sha256,TIER-1-AT-BEST,CONTRACT-UNAVAILABLE
1fadc03779f2a246a9b5af5d4a93533511c837df,dd3c178ea9553004d7bf4c494e1b7fd80e7b6ae6,false,portable,determinism-stress,determinism-stress/order-violation,verify,e9patch,expansion,pass,pass,stripped-verify-l2,pass,stdout-sha256,TIER-1-AT-BEST,CONTRACT-UNAVAILABLE
1fadc03779f2a246a9b5af5d4a93533511c837df,dd3c178ea9553004d7bf4c494e1b7fd80e7b6ae6,false,portable,determinism-stress,determinism-stress/process-chains,verify,e9patch,expansion,diverge,fail,stripped-verify-l2,NO-RESULT-UNMEASURED,stdout-sha256,NO-RESULT-UNMEASURED,CONTRACT-UNAVAILABLE
1fadc03779f2a246a9b5af5d4a93533511c837df,dd3c178ea9553004d7bf4c494e1b7fd80e7b6ae6,false,portable,determinism-stress,determinism-stress/thread-contention,verify,e9patch,expansion,diverge,fail,stripped-verify-l2,NO-RESULT-UNMEASURED,stdout-sha256,NO-RESULT-UNMEASURED,CONTRACT-UNAVAILABLE
1fadc03779f2a246a9b5af5d4a93533511c837df,dd3c178ea9553004d7bf4c494e1b7fd80e7b6ae6,false,portable,determinism-stress,determinism-stress/thread-output,verify,e9patch,expansion,pass,pass,stripped-verify-l2,pass,stdout-sha256,TIER-1-AT-BEST,CONTRACT-UNAVAILABLE
1fadc03779f2a246a9b5af5d4a93533511c837df,dd3c178ea9553004d7bf4c494e1b7fd80e7b6ae6,false,portable,determinism-stress-c,determinism-stress-c/fork-tree,verify,e9patch,expansion,pass,pass,stripped-verify-l2,pass,stdout-sha256,TIER-1-AT-BEST,CONTRACT-UNAVAILABLE
1fadc03779f2a246a9b5af5d4a93533511c837df,dd3c178ea9553004d7bf4c494e1b7fd80e7b6ae6,false,portable,determinism-stress-c,determinism-stress-c/lock-free,verify,e9patch,expansion,pass,pass,stripped-verify-l2,pass,stdout-sha256,TIER-1-AT-BEST,CONTRACT-UNAVAILABLE
1fadc03779f2a246a9b5af5d4a93533511c837df,dd3c178ea9553004d7bf4c494e1b7fd80e7b6ae6,false,portable,determinism-stress-c,determinism-stress-c/mmap-fork-shared,verify,e9patch,expansion,pass,pass,stripped-verify-l2,pass,stdout-sha256,TIER-1-AT-BEST,CONTRACT-UNAVAILABLE
1fadc03779f2a246a9b5af5d4a93533511c837df,dd3c178ea9553004d7bf4c494e1b7fd80e7b6ae6,false,portable,determinism-stress-c,determinism-stress-c/pid-tid,verify,e9patch,expansion,pass,pass,stripped-verify-l2,pass,stdout-sha256,TIER-1-AT-BEST,CONTRACT-UNAVAILABLE
1fadc03779f2a246a9b5af5d4a93533511c837df,dd3c178ea9553004d7bf4c494e1b7fd80e7b6ae6,false,portable,determinism-stress-c,determinism-stress-c/pipe-chain,verify,e9patch,expansion,pass,pass,stripped-verify-l2,pass,stdout-sha256,TIER-1-AT-BEST,CONTRACT-UNAVAILABLE
1fadc03779f2a246a9b5af5d4a93533511c837df,dd3c178ea9553004d7bf4c494e1b7fd80e7b6ae6,false,portable,determinism-stress-c,determinism-stress-c/pipe-prefill,verify,e9patch,expansion,pass,pass,stripped-verify-l2,pass,stdout-sha256,TIER-1-AT-BEST,CONTRACT-UNAVAILABLE
1fadc03779f2a246a9b5af5d4a93533511c837df,dd3c178ea9553004d7bf4c494e1b7fd80e7b6ae6,false,portable,determinism-stress-c,determinism-stress-c/producer-consumer,verify,e9patch,expansion,pass,pass,stripped-verify-l2,pass,stdout-sha256,TIER-1-AT-BEST,CONTRACT-UNAVAILABLE
1fadc03779f2a246a9b5af5d4a93533511c837df,dd3c178ea9553004d7bf4c494e1b7fd80e7b6ae6,false,portable,determinism-stress-c,determinism-stress-c/signal-order,verify,e9patch,expansion,pass,pass,stripped-verify-l2,pass,stdout-sha256,TIER-1-AT-BEST,CONTRACT-UNAVAILABLE
1fadc03779f2a246a9b5af5d4a93533511c837df,dd3c178ea9553004d7bf4c494e1b7fd80e7b6ae6,false,portable,determinism-stress-c,determinism-stress-c/thread-contention,verify,e9patch,expansion,diverge,fail,stripped-verify-l2,NO-RESULT-UNMEASURED,stdout-sha256,NO-RESULT-UNMEASURED,CONTRACT-UNAVAILABLE
1fadc03779f2a246a9b5af5d4a93533511c837df,dd3c178ea9553004d7bf4c494e1b7fd80e7b6ae6,false,portable,determinism-stress-c,determinism-stress-c/thread-stress,verify,e9patch,expansion,pass,pass,stripped-verify-l2,pass,stdout-sha256,TIER-1-AT-BEST,CONTRACT-UNAVAILABLE
1fadc03779f2a246a9b5af5d4a93533511c837df,dd3c178ea9553004d7bf4c494e1b7fd80e7b6ae6,false,portable,language-runtimes,language-runtimes/bash-loop-pipe-time,verify,e9patch,expansion,pass,pass,stripped-verify-l2,pass,stdout-sha256,TIER-1-AT-BEST,CONTRACT-UNAVAILABLE
1fadc03779f2a246a9b5af5d4a93533511c837df,dd3c178ea9553004d7bf4c494e1b7fd80e7b6ae6,false,portable,language-runtimes,language-runtimes/example-python-random,verify,e9patch,expansion,pass,pass,stripped-verify-l2,pass,stdout-sha256,TIER-1-AT-BEST,CONTRACT-UNAVAILABLE
1fadc03779f2a246a9b5af5d4a93533511c837df,dd3c178ea9553004d7bf4c494e1b7fd80e7b6ae6,false,portable,language-runtimes,language-runtimes/gawk-random,verify,e9patch,expansion,pass,pass,stripped-verify-l2,pass,stdout-sha256,TIER-1-AT-BEST,CONTRACT-UNAVAILABLE
1fadc03779f2a246a9b5af5d4a93533511c837df,dd3c178ea9553004d7bf4c494e1b7fd80e7b6ae6,false,portable,language-runtimes,language-runtimes/perl-io-subprocess-time,verify,e9patch,expansion,pass,pass,stripped-verify-l2,pass,stdout-sha256,TIER-1-AT-BEST,CONTRACT-UNAVAILABLE
1fadc03779f2a246a9b5af5d4a93533511c837df,dd3c178ea9553004d7bf4c494e1b7fd80e7b6ae6,false,portable,language-runtimes,language-runtimes/python-hash-determinism,verify,e9patch,expansion,pass,pass,stripped-verify-l2,pass,stdout-sha256,TIER-1-AT-BEST,CONTRACT-UNAVAILABLE
1fadc03779f2a246a9b5af5d4a93533511c837df,dd3c178ea9553004d7bf4c494e1b7fd80e7b6ae6,false,portable,language-runtimes,language-runtimes/python-io-subprocess-time,verify,e9patch,expansion,pass,pass,stripped-verify-l2,pass,stdout-sha256,TIER-1-AT-BEST,CONTRACT-UNAVAILABLE
1fadc03779f2a246a9b5af5d4a93533511c837df,dd3c178ea9553004d7bf4c494e1b7fd80e7b6ae6,false,portable,language-runtimes,language-runtimes/python-random,verify,e9patch,expansion,pass,pass,stripped-verify-l2,pass,stdout-sha256,TIER-1-AT-BEST,CONTRACT-UNAVAILABLE
1fadc03779f2a246a9b5af5d4a93533511c837df,dd3c178ea9553004d7bf4c494e1b7fd80e7b6ae6,false,portable,shared-futex-c,shared-futex-c/qemu-exec-init,verify,e9patch,expansion,diverge,fail,stripped-verify-l2,NO-RESULT-UNMEASURED,stdout-sha256,NO-RESULT-UNMEASURED,CONTRACT-UNAVAILABLE
1fadc03779f2a246a9b5af5d4a93533511c837df,dd3c178ea9553004d7bf4c494e1b7fd80e7b6ae6,false,portable,shared-futex-c,shared-futex-c/qemu-hello,verify,e9patch,expansion,diverge,fail,stripped-verify-l2,NO-RESULT-UNMEASURED,stdout-sha256,NO-RESULT-UNMEASURED,CONTRACT-UNAVAILABLE
1fadc03779f2a246a9b5af5d4a93533511c837df,dd3c178ea9553004d7bf4c494e1b7fd80e7b6ae6,false,portable,shared-futex-c,shared-futex-c/qemu-init,verify,e9patch,expansion,diverge,fail,stripped-verify-l2,NO-RESULT-UNMEASURED,stdout-sha256,NO-RESULT-UNMEASURED,CONTRACT-UNAVAILABLE
1fadc03779f2a246a9b5af5d4a93533511c837df,dd3c178ea9553004d7bf4c494e1b7fd80e7b6ae6,false,portable,shared-futex-c,shared-futex-c/qemu-net-init,verify,e9patch,expansion,diverge,fail,stripped-verify-l2,NO-RESULT-UNMEASURED,stdout-sha256,NO-RESULT-UNMEASURED,CONTRACT-UNAVAILABLE
1fadc03779f2a246a9b5af5d4a93533511c837df,dd3c178ea9553004d7bf4c494e1b7fd80e7b6ae6,false,portable,system-utils,system-utils/clock-determinism,verify,e9patch,expansion,pass,pass,stripped-verify-l2,pass,stdout-sha256,TIER-1-AT-BEST,CONTRACT-UNAVAILABLE
1fadc03779f2a246a9b5af5d4a93533511c837df,dd3c178ea9553004d7bf4c494e1b7fd80e7b6ae6,false,portable,system-utils,system-utils/date-nanoseconds,verify,e9patch,expansion,pass,pass,stripped-verify-l2,pass,stdout-sha256,TIER-1-AT-BEST,CONTRACT-UNAVAILABLE
1fadc03779f2a246a9b5af5d4a93533511c837df,dd3c178ea9553004d7bf4c494e1b7fd80e7b6ae6,false,portable,system-utils,system-utils/example-date,verify,e9patch,expansion,pass,pass,stripped-verify-l2,pass,stdout-sha256,TIER-1-AT-BEST,CONTRACT-UNAVAILABLE
1fadc03779f2a246a9b5af5d4a93533511c837df,dd3c178ea9553004d7bf4c494e1b7fd80e7b6ae6,false,portable,system-utils,system-utils/example-devrand,verify,e9patch,expansion,pass,pass,stripped-verify-l2,pass,stdout-sha256,TIER-1-AT-BEST,CONTRACT-UNAVAILABLE
1fadc03779f2a246a9b5af5d4a93533511c837df,dd3c178ea9553004d7bf4c494e1b7fd80e7b6ae6,false,portable,system-utils,system-utils/openssl-passwd,verify,e9patch,expansion,pass,pass,stripped-verify-l2,pass,stdout-sha256,TIER-1-AT-BEST,CONTRACT-UNAVAILABLE
1fadc03779f2a246a9b5af5d4a93533511c837df,dd3c178ea9553004d7bf4c494e1b7fd80e7b6ae6,false,portable,system-utils,system-utils/proc-uptime,verify,e9patch,expansion,pass,pass,stripped-verify-l2,pass,stdout-sha256,TIER-1-AT-BEST,CONTRACT-UNAVAILABLE
1fadc03779f2a246a9b5af5d4a93533511c837df,dd3c178ea9553004d7bf4c494e1b7fd80e7b6ae6,false,portable,system-utils,system-utils/random-device,verify,e9patch,expansion,pass,pass,stripped-verify-l2,pass,stdout-sha256,TIER-1-AT-BEST,CONTRACT-UNAVAILABLE
1fadc03779f2a246a9b5af5d4a93533511c837df,dd3c178ea9553004d7bf4c494e1b7fd80e7b6ae6,false,portable,system-utils,system-utils/record-getpid,verify,e9patch,expansion,pass,pass,stripped-verify-l2,pass,stdout-sha256,TIER-1-AT-BEST,CONTRACT-UNAVAILABLE
1fadc03779f2a246a9b5af5d4a93533511c837df,dd3c178ea9553004d7bf4c494e1b7fd80e7b6ae6,false,portable,util-c,util-c/pmu-skid,verify,e9patch,expansion,diverge,fail,stripped-verify-l2,NO-RESULT-UNMEASURED,stdout-sha256,NO-RESULT-UNMEASURED,CONTRACT-UNAVAILABLE
1fadc03779f2a246a9b5af5d4a93533511c837df,dd3c178ea9553004d7bf4c494e1b7fd80e7b6ae6,false,portable,applications,applications/example-timed-progress-bar,verify,liteinst,expansion,pass,pass,stripped-verify-l2,pass,stdout-sha256,TIER-1-AT-BEST,CONTRACT-UNAVAILABLE
1fadc03779f2a246a9b5af5d4a93533511c837df,dd3c178ea9553004d7bf4c494e1b7fd80e7b6ae6,false,portable,applications,applications/timed-progress-bar,verify,liteinst,expansion,diverge,fail,stripped-verify-l2,NO-RESULT-UNMEASURED,stdout-sha256,NO-RESULT-UNMEASURED,CONTRACT-UNAVAILABLE
1fadc03779f2a246a9b5af5d4a93533511c837df,dd3c178ea9553004d7bf4c494e1b7fd80e7b6ae6,false,privileged,backend-parity-c,backend-parity-c/cpuid-probe,verify,liteinst,expansion,pass,pass,stripped-verify-l2,pass,stdout-sha256,TIER-1-AT-BEST,CONTRACT-UNAVAILABLE
1fadc03779f2a246a9b5af5d4a93533511c837df,dd3c178ea9553004d7bf4c494e1b7fd80e7b6ae6,false,portable,backend-parity-c,backend-parity-c/pid-probe,verify,liteinst,expansion,pass,pass,stripped-verify-l2,pass,stdout-sha256,TIER-1-AT-BEST,CONTRACT-UNAVAILABLE
1fadc03779f2a246a9b5af5d4a93533511c837df,dd3c178ea9553004d7bf4c494e1b7fd80e7b6ae6,false,portable,backend-parity-c,backend-parity-c/pthread-lifecycle,verify,liteinst,expansion,diverge,fail,stripped-verify-l2,fail,stdout-sha256,TIER-0-FAIL,CONTRACT-UNAVAILABLE
1fadc03779f2a246a9b5af5d4a93533511c837df,dd3c178ea9553004d7bf4c494e1b7fd80e7b6ae6,false,portable,bin-c,bin-c/posix-timer-test,verify,liteinst,expansion,pass,pass,stripped-verify-l2,pass,stdout-sha256,TIER-1-AT-BEST,CONTRACT-UNAVAILABLE
1fadc03779f2a246a9b5af5d4a93533511c837df,dd3c178ea9553004d7bf4c494e1b7fd80e7b6ae6,false,portable,bin-c,bin-c/robust-futex-test,verify,liteinst,expansion,diverge,fail,stripped-verify-l2,NO-RESULT-UNMEASURED,stdout-sha256,NO-RESULT-UNMEASURED,CONTRACT-UNAVAILABLE
1fadc03779f2a246a9b5af5d4a93533511c837df,dd3c178ea9553004d7bf4c494e1b7fd80e7b6ae6,false,portable,c-programs,c-programs/acct-refusal-probe,verify,liteinst,expansion,pass,pass,stripped-verify-l2,pass,stdout-sha256,TIER-1-AT-BEST,CONTRACT-UNAVAILABLE
1fadc03779f2a246a9b5af5d4a93533511c837df,dd3c178ea9553004d7bf4c494e1b7fd80e7b6ae6,false,portable,c-programs,c-programs/add-key-enosys,verify,liteinst,expansion,pass,pass,stripped-verify-l2,pass,stdout-sha256,TIER-1-AT-BEST,CONTRACT-UNAVAILABLE
1fadc03779f2a246a9b5af5d4a93533511c837df,dd3c178ea9553004d7bf4c494e1b7fd80e7b6ae6,false,portable,c-programs,c-programs/adjtimex-deterministic,verify,liteinst,expansion,pass,pass,stripped-verify-l2,pass,stdout-sha256,TIER-1-AT-BEST,CONTRACT-UNAVAILABLE
1fadc03779f2a246a9b5af5d4a93533511c837df,dd3c178ea9553004d7bf4c494e1b7fd80e7b6ae6,false,portable,c-programs,c-programs/arch-prctl-determinism,verify,liteinst,expansion,diverge,fail,stripped-verify-l2,fail,stdout-sha256,TIER-0-FAIL,CONTRACT-UNAVAILABLE
1fadc03779f2a246a9b5af5d4a93533511c837df,dd3c178ea9553004d7bf4c494e1b7fd80e7b6ae6,false,portable,c-programs,c-programs/bpf-enosys,verify,liteinst,expansion,pass,pass,stripped-verify-l2,pass,stdout-sha256,TIER-1-AT-BEST,CONTRACT-UNAVAILABLE
1fadc03779f2a246a9b5af5d4a93533511c837df,dd3c178ea9553004d7bf4c494e1b7fd80e7b6ae6,false,portable,c-programs,c-programs/cachestat-enosys,verify,liteinst,expansion,pass,pass,stripped-verify-l2,pass,stdout-sha256,TIER-1-AT-BEST,CONTRACT-UNAVAILABLE
1fadc03779f2a246a9b5af5d4a93533511c837df,dd3c178ea9553004d7bf4c494e1b7fd80e7b6ae6,false,portable,c-programs,c-programs/clock-adjtime-deterministic,verify,liteinst,expansion,pass,pass,stripped-verify-l2,pass,stdout-sha256,TIER-1-AT-BEST,CONTRACT-UNAVAILABLE
1fadc03779f2a246a9b5af5d4a93533511c837df,dd3c178ea9553004d7bf4c494e1b7fd80e7b6ae6,false,portable,c-programs,c-programs/clone,verify,liteinst,expansion,diverge,fail,stripped-verify-l2,fail,stdout-sha256,TIER-0-FAIL,CONTRACT-UNAVAILABLE
1fadc03779f2a246a9b5af5d4a93533511c837df,dd3c178ea9553004d7bf4c494e1b7fd80e7b6ae6,false,portable,c-programs,c-programs/copy-file-range-refusal-probe,verify,liteinst,expansion,pass,pass,stripped-verify-l2,pass,stdout-sha256,TIER-1-AT-BEST,CONTRACT-UNAVAILABLE
1fadc03779f2a246a9b5af5d4a93533511c837df,dd3c178ea9553004d7bf4c494e1b7fd80e7b6ae6,false,portable,c-programs,c-programs/dbi-copied-tiocgpgrp,verify,liteinst,expansion,diverge,fail,stripped-verify-l2,fail,stdout-sha256,TIER-0-FAIL,CONTRACT-UNAVAILABLE
1fadc03779f2a246a9b5af5d4a93533511c837df,dd3c178ea9553004d7bf4c494e1b7fd80e7b6ae6,false,portable,c-programs,c-programs/dbi-exec-failure,verify,liteinst,expansion,pass,pass,stripped-verify-l2,pass,stdout-sha256,TIER-1-AT-BEST,CONTRACT-UNAVAILABLE
1fadc03779f2a246a9b5af5d4a93533511c837df,dd3c178ea9553004d7bf4c494e1b7fd80e7b6ae6,false,portable,c-programs,c-programs/dbi-execveat-unsupported,verify,liteinst,expansion,diverge,fail,stripped-verify-l2,fail,stdout-sha256,TIER-0-FAIL,CONTRACT-UNAVAILABLE
1fadc03779f2a246a9b5af5d4a93533511c837df,dd3c178ea9553004d7bf4c494e1b7fd80e7b6ae6,false,portable,c-programs,c-programs/dbi-mmap-exec,verify,liteinst,expansion,pass,pass,stripped-verify-l2,pass,stdout-sha256,TIER-1-AT-BEST,CONTRACT-UNAVAILABLE
1fadc03779f2a246a9b5af5d4a93533511c837df,dd3c178ea9553004d7bf4c494e1b7fd80e7b6ae6,false,portable,c-programs,c-programs/dbi-pid-virtualization,verify,liteinst,expansion,diverge,fail,stripped-verify-l2,NO-RESULT-UNMEASURED,stdout-sha256,NO-RESULT-UNMEASURED,CONTRACT-UNAVAILABLE
1fadc03779f2a246a9b5af5d4a93533511c837df,dd3c178ea9553004d7bf4c494e1b7fd80e7b6ae6,false,portable,c-programs,c-programs/dbi-prlimit-self,verify,liteinst,expansion,pass,pass,stripped-verify-l2,pass,stdout-sha256,TIER-1-AT-BEST,CONTRACT-UNAVAILABLE
1fadc03779f2a246a9b5af5d4a93533511c837df,dd3c178ea9553004d7bf4c494e1b7fd80e7b6ae6,false,portable,c-programs,c-programs/dbi-self-sigqueue,verify,liteinst,expansion,pass,pass,stripped-verify-l2,pass,stdout-sha256,TIER-1-AT-BEST,CONTRACT-UNAVAILABLE
1fadc03779f2a246a9b5af5d4a93533511c837df,dd3c178ea9553004d7bf4c494e1b7fd80e7b6ae6,false,portable,c-programs,c-programs/dbi-unsupported-syscall,verify,liteinst,expansion,pass,pass,stripped-verify-l2,pass,stdout-sha256,TIER-1-AT-BEST,CONTRACT-UNAVAILABLE
1fadc03779f2a246a9b5af5d4a93533511c837df,dd3c178ea9553004d7bf4c494e1b7fd80e7b6ae6,false,portable,c-programs,c-programs/dbi-wait-lifecycle,verify,liteinst,expansion,diverge,fail,stripped-verify-l2,NO-RESULT-UNMEASURED,stdout-sha256,NO-RESULT-UNMEASURED,CONTRACT-UNAVAILABLE
1fadc03779f2a246a9b5af5d4a93533511c837df,dd3c178ea9553004d7bf4c494e1b7fd80e7b6ae6,false,portable,c-programs,c-programs/epoll-determinism,verify,liteinst,expansion,diverge,fail,stripped-verify-l2,NO-RESULT-UNMEASURED,stdout-sha256,NO-RESULT-UNMEASURED,CONTRACT-UNAVAILABLE
1fadc03779f2a246a9b5af5d4a93533511c837df,dd3c178ea9553004d7bf4c494e1b7fd80e7b6ae6,false,portable,c-programs,c-programs/fp-reduction-nondeterminism,verify,liteinst,expansion,diverge,fail,stripped-verify-l2,fail,stdout-sha256,TIER-0-FAIL,CONTRACT-UNAVAILABLE
1fadc03779f2a246a9b5af5d4a93533511c837df,dd3c178ea9553004d7bf4c494e1b7fd80e7b6ae6,false,portable,c-programs,c-programs/futex-requeue-enosys,verify,liteinst,expansion,pass,pass,stripped-verify-l2,pass,stdout-sha256,TIER-1-AT-BEST,CONTRACT-UNAVAILABLE
1fadc03779f2a246a9b5af5d4a93533511c837df,dd3c178ea9553004d7bf4c494e1b7fd80e7b6ae6,false,portable,c-programs,c-programs/futex-waitv-enosys,verify,liteinst,expansion,pass,pass,stripped-verify-l2,pass,stdout-sha256,TIER-1-AT-BEST,CONTRACT-UNAVAILABLE
1fadc03779f2a246a9b5af5d4a93533511c837df,dd3c178ea9553004d7bf4c494e1b7fd80e7b6ae6,false,portable,c-programs,c-programs/futex-wake-enosys,verify,liteinst,expansion,pass,pass,stripped-verify-l2,pass,stdout-sha256,TIER-1-AT-BEST,CONTRACT-UNAVAILABLE
1fadc03779f2a246a9b5af5d4a93533511c837df,dd3c178ea9553004d7bf4c494e1b7fd80e7b6ae6,false,portable,c-programs,c-programs/get-robust-list-child,verify,liteinst,expansion,diverge,fail,stripped-verify-l2,fail,stdout-sha256,TIER-0-FAIL,CONTRACT-UNAVAILABLE
1fadc03779f2a246a9b5af5d4a93533511c837df,dd3c178ea9553004d7bf4c494e1b7fd80e7b6ae6,false,portable,c-programs,c-programs/get-robust-list-self,verify,liteinst,expansion,pass,pass,stripped-verify-l2,pass,stdout-sha256,TIER-1-AT-BEST,CONTRACT-UNAVAILABLE
1fadc03779f2a246a9b5af5d4a93533511c837df,dd3c178ea9553004d7bf4c494e1b7fd80e7b6ae6,false,portable,c-programs,c-programs/get-robust-list-thread,verify,liteinst,expansion,diverge,fail,stripped-verify-l2,fail,stdout-sha256,TIER-0-FAIL,CONTRACT-UNAVAILABLE
1fadc03779f2a246a9b5af5d4a93533511c837df,dd3c178ea9553004d7bf4c494e1b7fd80e7b6ae6,false,portable,c-programs,c-programs/getcpu,verify,liteinst,expansion,pass,pass,stripped-verify-l2,pass,stdout-sha256,TIER-1-AT-BEST,CONTRACT-UNAVAILABLE
1fadc03779f2a246a9b5af5d4a93533511c837df,dd3c178ea9553004d7bf4c494e1b7fd80e7b6ae6,false,portable,c-programs,c-programs/getitimer-determinism-probe,verify,liteinst,expansion,pass,pass,stripped-verify-l2,pass,stdout-sha256,TIER-1-AT-BEST,CONTRACT-UNAVAILABLE
1fadc03779f2a246a9b5af5d4a93533511c837df,dd3c178ea9553004d7bf4c494e1b7fd80e7b6ae6,false,portable,c-programs,c-programs/getsockopt-null,verify,liteinst,expansion,pass,pass,stripped-verify-l2,pass,stdout-sha256,TIER-1-AT-BEST,CONTRACT-UNAVAILABLE
1fadc03779f2a246a9b5af5d4a93533511c837df,dd3c178ea9553004d7bf4c494e1b7fd80e7b6ae6,false,portable,c-programs,c-programs/hello-alarm,verify,liteinst,expansion,pass,pass,stripped-verify-l2,pass,stdout-sha256,TIER-1-AT-BEST,CONTRACT-UNAVAILABLE
1fadc03779f2a246a9b5af5d4a93533511c837df,dd3c178ea9553004d7bf4c494e1b7fd80e7b6ae6,false,portable,c-programs,c-programs/hello-nostdlib,verify,liteinst,expansion,diverge,fail,stripped-verify-l2,fail,stdout-sha256,TIER-0-FAIL,CONTRACT-UNAVAILABLE
1fadc03779f2a246a9b5af5d4a93533511c837df,dd3c178ea9553004d7bf4c494e1b7fd80e7b6ae6,false,portable,c-programs,c-programs/hello-signals,verify,liteinst,expansion,pass,pass,stripped-verify-l2,pass,stdout-sha256,TIER-1-AT-BEST,CONTRACT-UNAVAILABLE
1fadc03779f2a246a9b5af5d4a93533511c837df,dd3c178ea9553004d7bf4c494e1b7fd80e7b6ae6,false,portable,c-programs,c-programs/io-uring-fallback,verify,liteinst,expansion,pass,pass,stripped-verify-l2,pass,stdout-sha256,TIER-1-AT-BEST,CONTRACT-UNAVAILABLE
1fadc03779f2a246a9b5af5d4a93533511c837df,dd3c178ea9553004d7bf4c494e1b7fd80e7b6ae6,false,portable,c-programs,c-programs/io-uring-ring-determinism,verify,liteinst,expansion,pass,pass,stripped-verify-l2,pass,stdout-sha256,TIER-1-AT-BEST,CONTRACT-UNAVAILABLE
1fadc03779f2a246a9b5af5d4a93533511c837df,dd3c178ea9553004d7bf4c494e1b7fd80e7b6ae6,false,portable,c-programs,c-programs/ioctl-fioclex,verify,liteinst,expansion,pass,pass,stripped-verify-l2,pass,stdout-sha256,TIER-1-AT-BEST,CONTRACT-UNAVAILABLE
1fadc03779f2a246a9b5af5d4a93533511c837df,dd3c178ea9553004d7bf4c494e1b7fd80e7b6ae6,false,portable,c-programs,c-programs/ioctl-siocethtool,verify,liteinst,expansion,pass,pass,stripped-verify-l2,pass,stdout-sha256,TIER-1-AT-BEST,CONTRACT-UNAVAILABLE
1fadc03779f2a246a9b5af5d4a93533511c837df,dd3c178ea9553004d7bf4c494e1b7fd80e7b6ae6,false,portable,c-programs,c-programs/ipc-determinism,verify,liteinst,expansion,diverge,fail,stripped-verify-l2,NO-RESULT-UNMEASURED,stdout-sha256,NO-RESULT-UNMEASURED,CONTRACT-UNAVAILABLE
1fadc03779f2a246a9b5af5d4a93533511c837df,dd3c178ea9553004d7bf4c494e1b7fd80e7b6ae6,false,portable,c-programs,c-programs/just-spin,verify,liteinst,expansion,diverge,fail,stripped-verify-l2,fail,stdout-sha256,TIER-0-FAIL,CONTRACT-UNAVAILABLE
1fadc03779f2a246a9b5af5d4a93533511c837df,dd3c178ea9553004d7bf4c494e1b7fd80e7b6ae6,false,portable,c-programs,c-programs/kcmp-eperm,verify,liteinst,expansion,pass,pass,stripped-verify-l2,pass,stdout-sha256,TIER-1-AT-BEST,CONTRACT-UNAVAILABLE
1fadc03779f2a246a9b5af5d4a93533511c837df,dd3c178ea9553004d7bf4c494e1b7fd80e7b6ae6,false,portable,c-programs,c-programs/keyctl-enosys,verify,liteinst,expansion,pass,pass,stripped-verify-l2,pass,stdout-sha256,TIER-1-AT-BEST,CONTRACT-UNAVAILABLE
1fadc03779f2a246a9b5af5d4a93533511c837df,dd3c178ea9553004d7bf4c494e1b7fd80e7b6ae6,false,portable,c-programs,c-programs/keyctl-passthrough,verify,liteinst,expansion,pass,pass,stripped-verify-l2,pass,stdout-sha256,TIER-1-AT-BEST,CONTRACT-UNAVAILABLE
1fadc03779f2a246a9b5af5d4a93533511c837df,dd3c178ea9553004d7bf4c494e1b7fd80e7b6ae6,false,portable,c-programs,c-programs/listmount-enosys,verify,liteinst,expansion,pass,pass,stripped-verify-l2,pass,stdout-sha256,TIER-1-AT-BEST,CONTRACT-UNAVAILABLE
1fadc03779f2a246a9b5af5d4a93533511c837df,dd3c178ea9553004d7bf4c494e1b7fd80e7b6ae6,false,portable,c-programs,c-programs/liteinst-advanced,verify,liteinst,expansion,diverge,fail,stripped-verify-l2,NO-RESULT-UNMEASURED,stdout-sha256,NO-RESULT-UNMEASURED,CONTRACT-UNAVAILABLE
1fadc03779f2a246a9b5af5d4a93533511c837df,dd3c178ea9553004d7bf4c494e1b7fd80e7b6ae6,false,portable,c-programs,c-programs/lsm-get-self-attr-enosys,verify,liteinst,expansion,pass,pass,stripped-verify-l2,pass,stdout-sha256,TIER-1-AT-BEST,CONTRACT-UNAVAILABLE
1fadc03779f2a246a9b5af5d4a93533511c837df,dd3c178ea9553004d7bf4c494e1b7fd80e7b6ae6,false,portable,c-programs,c-programs/lsm-list-modules-enosys,verify,liteinst,expansion,pass,pass,stripped-verify-l2,pass,stdout-sha256,TIER-1-AT-BEST,CONTRACT-UNAVAILABLE
1fadc03779f2a246a9b5af5d4a93533511c837df,dd3c178ea9553004d7bf4c494e1b7fd80e7b6ae6,false,portable,c-programs,c-programs/lsm-set-self-attr-enosys,verify,liteinst,expansion,pass,pass,stripped-verify-l2,pass,stdout-sha256,TIER-1-AT-BEST,CONTRACT-UNAVAILABLE
1fadc03779f2a246a9b5af5d4a93533511c837df,dd3c178ea9553004d7bf4c494e1b7fd80e7b6ae6,false,portable,c-programs,c-programs/madvise-determinism,verify,liteinst,expansion,pass,pass,stripped-verify-l2,pass,stdout-sha256,TIER-1-AT-BEST,CONTRACT-UNAVAILABLE
1fadc03779f2a246a9b5af5d4a93533511c837df,dd3c178ea9553004d7bf4c494e1b7fd80e7b6ae6,false,portable,c-programs,c-programs/map-shadow-stack-enosys,verify,liteinst,expansion,pass,pass,stripped-verify-l2,pass,stdout-sha256,TIER-1-AT-BEST,CONTRACT-UNAVAILABLE
1fadc03779f2a246a9b5af5d4a93533511c837df,dd3c178ea9553004d7bf4c494e1b7fd80e7b6ae6,false,portable,c-programs,c-programs/memfd-secret-enosys,verify,liteinst,expansion,pass,pass,stripped-verify-l2,pass,stdout-sha256,TIER-1-AT-BEST,CONTRACT-UNAVAILABLE
1fadc03779f2a246a9b5af5d4a93533511c837df,dd3c178ea9553004d7bf4c494e1b7fd80e7b6ae6,false,portable,c-programs,c-programs/meminfo-available-deterministic,verify,liteinst,expansion,pass,pass,stripped-verify-l2,pass,stdout-sha256,TIER-1-AT-BEST,CONTRACT-UNAVAILABLE
1fadc03779f2a246a9b5af5d4a93533511c837df,dd3c178ea9553004d7bf4c494e1b7fd80e7b6ae6,false,portable,c-programs,c-programs/meminfo-cached-deterministic,verify,liteinst,expansion,pass,pass,stripped-verify-l2,pass,stdout-sha256,TIER-1-AT-BEST,CONTRACT-UNAVAILABLE
1fadc03779f2a246a9b5af5d4a93533511c837df,dd3c178ea9553004d7bf4c494e1b7fd80e7b6ae6,false,portable,c-programs,c-programs/meminfo-free-deterministic,verify,liteinst,expansion,pass,pass,stripped-verify-l2,pass,stdout-sha256,TIER-1-AT-BEST,CONTRACT-UNAVAILABLE
1fadc03779f2a246a9b5af5d4a93533511c837df,dd3c178ea9553004d7bf4c494e1b7fd80e7b6ae6,false,portable,c-programs,c-programs/memorypress,verify,liteinst,expansion,pass,pass,stripped-verify-l2,pass,stdout-sha256,TIER-1-AT-BEST,CONTRACT-UNAVAILABLE
1fadc03779f2a246a9b5af5d4a93533511c837df,dd3c178ea9553004d7bf4c494e1b7fd80e7b6ae6,false,portable,c-programs,c-programs/mmap-determinism,verify,liteinst,expansion,diverge,fail,stripped-verify-l2,NO-RESULT-UNMEASURED,stdout-sha256,NO-RESULT-UNMEASURED,CONTRACT-UNAVAILABLE
1fadc03779f2a246a9b5af5d4a93533511c837df,dd3c178ea9553004d7bf4c494e1b7fd80e7b6ae6,false,portable,c-programs,c-programs/mmap-stress-determinism,verify,liteinst,expansion,pass,pass,stripped-verify-l2,pass,stdout-sha256,TIER-1-AT-BEST,CONTRACT-UNAVAILABLE
1fadc03779f2a246a9b5af5d4a93533511c837df,dd3c178ea9553004d7bf4c494e1b7fd80e7b6ae6,false,portable,c-programs,c-programs/name-to-handle-at-eopnotsupp,verify,liteinst,expansion,pass,pass,stripped-verify-l2,pass,stdout-sha256,TIER-1-AT-BEST,CONTRACT-UNAVAILABLE
1fadc03779f2a246a9b5af5d4a93533511c837df,dd3c178ea9553004d7bf4c494e1b7fd80e7b6ae6,false,portable,c-programs,c-programs/name-to-handle-directory-eopnotsupp,verify,liteinst,expansion,pass,pass,stripped-verify-l2,pass,stdout-sha256,TIER-1-AT-BEST,CONTRACT-UNAVAILABLE
1fadc03779f2a246a9b5af5d4a93533511c837df,dd3c178ea9553004d7bf4c494e1b7fd80e7b6ae6,false,portable,c-programs,c-programs/name-to-handle-empty-path-eopnotsupp,verify,liteinst,expansion,pass,pass,stripped-verify-l2,pass,stdout-sha256,TIER-1-AT-BEST,CONTRACT-UNAVAILABLE
1fadc03779f2a246a9b5af5d4a93533511c837df,dd3c178ea9553004d7bf4c494e1b7fd80e7b6ae6,false,portable,c-programs,c-programs/name-to-handle-regular-eopnotsupp,verify,liteinst,expansion,pass,pass,stripped-verify-l2,pass,stdout-sha256,TIER-1-AT-BEST,CONTRACT-UNAVAILABLE
1fadc03779f2a246a9b5af5d4a93533511c837df,dd3c178ea9553004d7bf4c494e1b7fd80e7b6ae6,false,portable,c-programs,c-programs/nanosleep-par,verify,liteinst,expansion,diverge,fail,stripped-verify-l2,fail,stdout-sha256,TIER-0-FAIL,CONTRACT-UNAVAILABLE
1fadc03779f2a246a9b5af5d4a93533511c837df,dd3c178ea9553004d7bf4c494e1b7fd80e7b6ae6,false,portable,c-programs,c-programs/nanosleep-threads-nocrash,verify,liteinst,expansion,diverge,fail,stripped-verify-l2,fail,stdout-sha256,TIER-0-FAIL,CONTRACT-UNAVAILABLE
1fadc03779f2a246a9b5af5d4a93533511c837df,dd3c178ea9553004d7bf4c494e1b7fd80e7b6ae6,false,portable,c-programs,c-programs/nanosleep-threads-simple,verify,liteinst,expansion,diverge,fail,stripped-verify-l2,NO-RESULT-UNMEASURED,stdout-sha256,NO-RESULT-UNMEASURED,CONTRACT-UNAVAILABLE
1fadc03779f2a246a9b5af5d4a93533511c837df,dd3c178ea9553004d7bf4c494e1b7fd80e7b6ae6,false,portable,c-programs,c-programs/netlink-autobind-generic,verify,liteinst,expansion,pass,pass,stripped-verify-l2,pass,stdout-sha256,TIER-1-AT-BEST,CONTRACT-UNAVAILABLE
1fadc03779f2a246a9b5af5d4a93533511c837df,dd3c178ea9553004d7bf4c494e1b7fd80e7b6ae6,false,portable,c-programs,c-programs/netlink-autobind-route,verify,liteinst,expansion,pass,pass,stripped-verify-l2,pass,stdout-sha256,TIER-1-AT-BEST,CONTRACT-UNAVAILABLE
1fadc03779f2a246a9b5af5d4a93533511c837df,dd3c178ea9553004d7bf4c494e1b7fd80e7b6ae6,false,portable,c-programs,c-programs/netlink-autobind-usersock,verify,liteinst,expansion,pass,pass,stripped-verify-l2,pass,stdout-sha256,TIER-1-AT-BEST,CONTRACT-UNAVAILABLE
1fadc03779f2a246a9b5af5d4a93533511c837df,dd3c178ea9553004d7bf4c494e1b7fd80e7b6ae6,false,portable,c-programs,c-programs/netns-cookie-tcp4,verify,liteinst,expansion,pass,pass,stripped-verify-l2,pass,stdout-sha256,TIER-1-AT-BEST,CONTRACT-UNAVAILABLE
1fadc03779f2a246a9b5af5d4a93533511c837df,dd3c178ea9553004d7bf4c494e1b7fd80e7b6ae6,false,portable,c-programs,c-programs/netns-cookie-tcp6,verify,liteinst,expansion,pass,pass,stripped-verify-l2,pass,stdout-sha256,TIER-1-AT-BEST,CONTRACT-UNAVAILABLE
1fadc03779f2a246a9b5af5d4a93533511c837df,dd3c178ea9553004d7bf4c494e1b7fd80e7b6ae6,false,portable,c-programs,c-programs/netns-cookie-udp4,verify,liteinst,expansion,pass,pass,stripped-verify-l2,pass,stdout-sha256,TIER-1-AT-BEST,CONTRACT-UNAVAILABLE
1fadc03779f2a246a9b5af5d4a93533511c837df,dd3c178ea9553004d7bf4c494e1b7fd80e7b6ae6,false,portable,c-programs,c-programs/perf-event-hardware-enosys,verify,liteinst,expansion,pass,pass,stripped-verify-l2,pass,stdout-sha256,TIER-1-AT-BEST,CONTRACT-UNAVAILABLE
1fadc03779f2a246a9b5af5d4a93533511c837df,dd3c178ea9553004d7bf4c494e1b7fd80e7b6ae6,false,portable,c-programs,c-programs/perf-event-open-enosys,verify,liteinst,expansion,pass,pass,stripped-verify-l2,pass,stdout-sha256,TIER-1-AT-BEST,CONTRACT-UNAVAILABLE
1fadc03779f2a246a9b5af5d4a93533511c837df,dd3c178ea9553004d7bf4c494e1b7fd80e7b6ae6,false,portable,c-programs,c-programs/perf-event-software-enosys,verify,liteinst,expansion,pass,pass,stripped-verify-l2,pass,stdout-sha256,TIER-1-AT-BEST,CONTRACT-UNAVAILABLE
1fadc03779f2a246a9b5af5d4a93533511c837df,dd3c178ea9553004d7bf4c494e1b7fd80e7b6ae6,false,portable,c-programs,c-programs/perf-event-watchpoint-enosys,verify,liteinst,expansion,pass,pass,stripped-verify-l2,pass,stdout-sha256,TIER-1-AT-BEST,CONTRACT-UNAVAILABLE
1fadc03779f2a246a9b5af5d4a93533511c837df,dd3c178ea9553004d7bf4c494e1b7fd80e7b6ae6,false,portable,c-programs,c-programs/periodic-setitimer-delivery,verify,liteinst,expansion,pass,pass,stripped-verify-l2,pass,stdout-sha256,TIER-1-AT-BEST,CONTRACT-UNAVAILABLE
1fadc03779f2a246a9b5af5d4a93533511c837df,dd3c178ea9553004d7bf4c494e1b7fd80e7b6ae6,false,portable,c-programs,c-programs/pidfd-open-self,verify,liteinst,expansion,pass,pass,stripped-verify-l2,pass,stdout-sha256,TIER-1-AT-BEST,CONTRACT-UNAVAILABLE
1fadc03779f2a246a9b5af5d4a93533511c837df,dd3c178ea9553004d7bf4c494e1b7fd80e7b6ae6,false,portable,c-programs,c-programs/pidfd-poll-self,verify,liteinst,expansion,pass,pass,stripped-verify-l2,pass,stdout-sha256,TIER-1-AT-BEST,CONTRACT-UNAVAILABLE
1fadc03779f2a246a9b5af5d4a93533511c837df,dd3c178ea9553004d7bf4c494e1b7fd80e7b6ae6,false,portable,c-programs,c-programs/pidfd-waitid-child,verify,liteinst,expansion,diverge,fail,stripped-verify-l2,fail,stdout-sha256,TIER-0-FAIL,CONTRACT-UNAVAILABLE
1fadc03779f2a246a9b5af5d4a93533511c837df,dd3c178ea9553004d7bf4c494e1b7fd80e7b6ae6,false,portable,c-programs,c-programs/ppoll-readv,verify,liteinst,expansion,pass,pass,stripped-verify-l2,pass,stdout-sha256,TIER-1-AT-BEST,CONTRACT-UNAVAILABLE
1fadc03779f2a246a9b5af5d4a93533511c837df,dd3c178ea9553004d7bf4c494e1b7fd80e7b6ae6,false,portable,c-programs,c-programs/ppoll-simulation,verify,liteinst,expansion,diverge,fail,stripped-verify-l2,fail,stdout-sha256,TIER-0-FAIL,CONTRACT-UNAVAILABLE
1fadc03779f2a246a9b5af5d4a93533511c837df,dd3c178ea9553004d7bf4c494e1b7fd80e7b6ae6,false,portable,c-programs,c-programs/prctl-dumpable,verify,liteinst,expansion,pass,pass,stripped-verify-l2,pass,stdout-sha256,TIER-1-AT-BEST,CONTRACT-UNAVAILABLE
1fadc03779f2a246a9b5af5d4a93533511c837df,dd3c178ea9553004d7bf4c494e1b7fd80e7b6ae6,false,portable,c-programs,c-programs/pread64-nostdlib,verify,liteinst,expansion,diverge,fail,stripped-verify-l2,fail,stdout-sha256,TIER-0-FAIL,CONTRACT-UNAVAILABLE
1fadc03779f2a246a9b5af5d4a93533511c837df,dd3c178ea9553004d7bf4c494e1b7fd80e7b6ae6,false,portable,c-programs,c-programs/print-memaddrs,verify,liteinst,expansion,pass,pass,stripped-verify-l2,fail,stdout-sha256,TIER-0-FAIL,CONTRACT-UNAVAILABLE
1fadc03779f2a246a9b5af5d4a93533511c837df,dd3c178ea9553004d7bf4c494e1b7fd80e7b6ae6,false,portable,c-programs,c-programs/printf-with-threads,verify,liteinst,expansion,diverge,fail,stripped-verify-l2,fail,stdout-sha256,TIER-0-FAIL,CONTRACT-UNAVAILABLE
1fadc03779f2a246a9b5af5d4a93533511c837df,dd3c178ea9553004d7bf4c494e1b7fd80e7b6ae6,false,portable,c-programs,c-programs/proc-fd-link-aliases,verify,liteinst,expansion,pass,pass,stripped-verify-l2,pass,stdout-sha256,TIER-1-AT-BEST,CONTRACT-UNAVAILABLE
1fadc03779f2a246a9b5af5d4a93533511c837df,dd3c178ea9553004d7bf4c494e1b7fd80e7b6ae6,false,portable,c-programs,c-programs/proc-fdinfo,verify,liteinst,expansion,pass,pass,stripped-verify-l2,fail,stdout-sha256,TIER-0-FAIL,CONTRACT-UNAVAILABLE
1fadc03779f2a246a9b5af5d4a93533511c837df,dd3c178ea9553004d7bf4c494e1b7fd80e7b6ae6,false,portable,c-programs,c-programs/proc-locks,verify,liteinst,expansion,pass,pass,stripped-verify-l2,pass,stdout-sha256,TIER-1-AT-BEST,CONTRACT-UNAVAILABLE
1fadc03779f2a246a9b5af5d4a93533511c837df,dd3c178ea9553004d7bf4c494e1b7fd80e7b6ae6,false,portable,c-programs,c-programs/process-mrelease-enosys,verify,liteinst,expansion,pass,pass,stripped-verify-l2,pass,stdout-sha256,TIER-1-AT-BEST,CONTRACT-UNAVAILABLE
1fadc03779f2a246a9b5af5d4a93533511c837df,dd3c178ea9553004d7bf4c494e1b7fd80e7b6ae6,false,portable,c-programs,c-programs/process-vm-readv-refusal-probe,verify,liteinst,expansion,pass,pass,stripped-verify-l2,pass,stdout-sha256,TIER-1-AT-BEST,CONTRACT-UNAVAILABLE
1fadc03779f2a246a9b5af5d4a93533511c837df,dd3c178ea9553004d7bf4c494e1b7fd80e7b6ae6,false,portable,c-programs,c-programs/process-vm-writev-refusal-probe,verify,liteinst,expansion,pass,pass,stripped-verify-l2,pass,stdout-sha256,TIER-1-AT-BEST,CONTRACT-UNAVAILABLE
1fadc03779f2a246a9b5af5d4a93533511c837df,dd3c178ea9553004d7bf4c494e1b7fd80e7b6ae6,false,portable,c-programs,c-programs/procfs-positioned-probe,verify,liteinst,expansion,pass,pass,stripped-verify-l2,pass,stdout-sha256,TIER-1-AT-BEST,CONTRACT-UNAVAILABLE
1fadc03779f2a246a9b5af5d4a93533511c837df,dd3c178ea9553004d7bf4c494e1b7fd80e7b6ae6,false,portable,c-programs,c-programs/prodcons-determinism,verify,liteinst,expansion,diverge,fail,stripped-verify-l2,fail,stdout-sha256,TIER-0-FAIL,CONTRACT-UNAVAILABLE
1fadc03779f2a246a9b5af5d4a93533511c837df,dd3c178ea9553004d7bf4c494e1b7fd80e7b6ae6,false,portable,c-programs,c-programs/pselect6-simulation,verify,liteinst,expansion,diverge,fail,stripped-verify-l2,fail,stdout-sha256,TIER-0-FAIL,CONTRACT-UNAVAILABLE
1fadc03779f2a246a9b5af5d4a93533511c837df,dd3c178ea9553004d7bf4c494e1b7fd80e7b6ae6,false,portable,c-programs,c-programs/ptrace-attach-eperm,verify,liteinst,expansion,diverge,fail,stripped-verify-l2,fail,stdout-sha256,TIER-0-FAIL,CONTRACT-UNAVAILABLE
1fadc03779f2a246a9b5af5d4a93533511c837df,dd3c178ea9553004d7bf4c494e1b7fd80e7b6ae6,false,portable,c-programs,c-programs/ptrace-eperm,verify,liteinst,expansion,pass,pass,stripped-verify-l2,pass,stdout-sha256,TIER-1-AT-BEST,CONTRACT-UNAVAILABLE
1fadc03779f2a246a9b5af5d4a93533511c837df,dd3c178ea9553004d7bf4c494e1b7fd80e7b6ae6,false,portable,c-programs,c-programs/ptrace-seize-eperm,verify,liteinst,expansion,diverge,fail,stripped-verify-l2,fail,stdout-sha256,TIER-0-FAIL,CONTRACT-UNAVAILABLE
1fadc03779f2a246a9b5af5d4a93533511c837df,dd3c178ea9553004d7bf4c494e1b7fd80e7b6ae6,false,portable,c-programs,c-programs/ptrace-traceme-eperm,verify,liteinst,expansion,pass,pass,stripped-verify-l2,pass,stdout-sha256,TIER-1-AT-BEST,CONTRACT-UNAVAILABLE
1fadc03779f2a246a9b5af5d4a93533511c837df,dd3c178ea9553004d7bf4c494e1b7fd80e7b6ae6,false,portable,c-programs,c-programs/pty-nr-count,verify,liteinst,expansion,pass,pass,stripped-verify-l2,pass,stdout-sha256,TIER-1-AT-BEST,CONTRACT-UNAVAILABLE
1fadc03779f2a246a9b5af5d4a93533511c837df,dd3c178ea9553004d7bf4c494e1b7fd80e7b6ae6,false,portable,c-programs,c-programs/racewrite-nostdlib,verify,liteinst,expansion,diverge,fail,stripped-verify-l2,fail,stdout-sha256,TIER-0-FAIL,CONTRACT-UNAVAILABLE
1fadc03779f2a246a9b5af5d4a93533511c837df,dd3c178ea9553004d7bf4c494e1b7fd80e7b6ae6,false,portable,c-programs,c-programs/random-sources,verify,liteinst,expansion,diverge,fail,stripped-verify-l2,fail,stdout-sha256,TIER-0-FAIL,CONTRACT-UNAVAILABLE
1fadc03779f2a246a9b5af5d4a93533511c837df,dd3c178ea9553004d7bf4c494e1b7fd80e7b6ae6,false,portable,c-programs,c-programs/rcx-canonicalization,verify,liteinst,expansion,pass,pass,stripped-verify-l2,pass,stdout-sha256,TIER-1-AT-BEST,CONTRACT-UNAVAILABLE
1fadc03779f2a246a9b5af5d4a93533511c837df,dd3c178ea9553004d7bf4c494e1b7fd80e7b6ae6,false,portable,c-programs,c-programs/record-replay-fd-close,verify,liteinst,expansion,diverge,fail,stripped-verify-l2,fail,stdout-sha256,TIER-0-FAIL,CONTRACT-UNAVAILABLE
1fadc03779f2a246a9b5af5d4a93533511c837df,dd3c178ea9553004d7bf4c494e1b7fd80e7b6ae6,false,portable,c-programs,c-programs/record-replay-file-state,verify,liteinst,expansion,diverge,fail,stripped-verify-l2,fail,stdout-sha256,TIER-0-FAIL,CONTRACT-UNAVAILABLE
1fadc03779f2a246a9b5af5d4a93533511c837df,dd3c178ea9553004d7bf4c494e1b7fd80e7b6ae6,false,portable,c-programs,c-programs/record-replay-lseek-seek-cur,verify,liteinst,expansion,diverge,fail,stripped-verify-l2,NO-RESULT-UNMEASURED,stdout-sha256,NO-RESULT-UNMEASURED,CONTRACT-UNAVAILABLE
1fadc03779f2a246a9b5af5d4a93533511c837df,dd3c178ea9553004d7bf4c494e1b7fd80e7b6ae6,false,portable,c-programs,c-programs/record-replay-setsockopt,verify,liteinst,expansion,pass,pass,stripped-verify-l2,pass,stdout-sha256,TIER-1-AT-BEST,CONTRACT-UNAVAILABLE
1fadc03779f2a246a9b5af5d4a93533511c837df,dd3c178ea9553004d7bf4c494e1b7fd80e7b6ae6,false,portable,c-programs,c-programs/recvmsg-scm-rights-mmap,verify,liteinst,expansion,pass,pass,stripped-verify-l2,pass,stdout-sha256,TIER-1-AT-BEST,CONTRACT-UNAVAILABLE
1fadc03779f2a246a9b5af5d4a93533511c837df,dd3c178ea9553004d7bf4c494e1b7fd80e7b6ae6,false,portable,c-programs,c-programs/remap-file-pages-anonymous-enosys,verify,liteinst,expansion,pass,pass,stripped-verify-l2,pass,stdout-sha256,TIER-1-AT-BEST,CONTRACT-UNAVAILABLE
1fadc03779f2a246a9b5af5d4a93533511c837df,dd3c178ea9553004d7bf4c494e1b7fd80e7b6ae6,false,portable,c-programs,c-programs/remap-file-pages-memfd-enosys,verify,liteinst,expansion,pass,pass,stripped-verify-l2,pass,stdout-sha256,TIER-1-AT-BEST,CONTRACT-UNAVAILABLE
1fadc03779f2a246a9b5af5d4a93533511c837df,dd3c178ea9553004d7bf4c494e1b7fd80e7b6ae6,false,portable,c-programs,c-programs/remap-file-pages-tmpfile-enosys,verify,liteinst,expansion,pass,pass,stripped-verify-l2,pass,stdout-sha256,TIER-1-AT-BEST,CONTRACT-UNAVAILABLE
1fadc03779f2a246a9b5af5d4a93533511c837df,dd3c178ea9553004d7bf4c494e1b7fd80e7b6ae6,false,portable,c-programs,c-programs/request-key-enosys,verify,liteinst,expansion,pass,pass,stripped-verify-l2,pass,stdout-sha256,TIER-1-AT-BEST,CONTRACT-UNAVAILABLE
1fadc03779f2a246a9b5af5d4a93533511c837df,dd3c178ea9553004d7bf4c494e1b7fd80e7b6ae6,false,portable,c-programs,c-programs/resource-determinism,verify,liteinst,expansion,diverge,fail,stripped-verify-l2,fail,stdout-sha256,TIER-0-FAIL,CONTRACT-UNAVAILABLE
1fadc03779f2a246a9b5af5d4a93533511c837df,dd3c178ea9553004d7bf4c494e1b7fd80e7b6ae6,false,portable,c-programs,c-programs/sched-setattr-batch,verify,liteinst,expansion,pass,pass,stripped-verify-l2,pass,stdout-sha256,TIER-1-AT-BEST,CONTRACT-UNAVAILABLE
1fadc03779f2a246a9b5af5d4a93533511c837df,dd3c178ea9553004d7bf4c494e1b7fd80e7b6ae6,false,portable,c-programs,c-programs/sched-setattr-idle,verify,liteinst,expansion,pass,pass,stripped-verify-l2,pass,stdout-sha256,TIER-1-AT-BEST,CONTRACT-UNAVAILABLE
1fadc03779f2a246a9b5af5d4a93533511c837df,dd3c178ea9553004d7bf4c494e1b7fd80e7b6ae6,false,portable,c-programs,c-programs/sched-setattr-other,verify,liteinst,expansion,pass,pass,stripped-verify-l2,pass,stdout-sha256,TIER-1-AT-BEST,CONTRACT-UNAVAILABLE
1fadc03779f2a246a9b5af5d4a93533511c837df,dd3c178ea9553004d7bf4c494e1b7fd80e7b6ae6,false,portable,c-programs,c-programs/sched-yield-progress,verify,liteinst,expansion,diverge,fail,stripped-verify-l2,fail,stdout-sha256,TIER-0-FAIL,CONTRACT-UNAVAILABLE
1fadc03779f2a246a9b5af5d4a93533511c837df,dd3c178ea9553004d7bf4c494e1b7fd80e7b6ae6,false,portable,c-programs,c-programs/scheduler-policy-queries,verify,liteinst,expansion,pass,pass,stripped-verify-l2,pass,stdout-sha256,TIER-1-AT-BEST,CONTRACT-UNAVAILABLE
1fadc03779f2a246a9b5af5d4a93533511c837df,dd3c178ea9553004d7bf4c494e1b7fd80e7b6ae6,false,portable,c-programs,c-programs/setitimer-determinism,verify,liteinst,expansion,pass,pass,stripped-verify-l2,pass,stdout-sha256,TIER-1-AT-BEST,CONTRACT-UNAVAILABLE
1fadc03779f2a246a9b5af5d4a93533511c837df,dd3c178ea9553004d7bf4c494e1b7fd80e7b6ae6,false,portable,c-programs,c-programs/sigmask-preemption,verify,liteinst,expansion,diverge,fail,stripped-verify-l2,fail,stdout-sha256,TIER-0-FAIL,CONTRACT-UNAVAILABLE
1fadc03779f2a246a9b5af5d4a93533511c837df,dd3c178ea9553004d7bf4c494e1b7fd80e7b6ae6,false,portable,c-programs,c-programs/signal-determinism,verify,liteinst,expansion,diverge,fail,stripped-verify-l2,NO-RESULT-UNMEASURED,stdout-sha256,NO-RESULT-UNMEASURED,CONTRACT-UNAVAILABLE
1fadc03779f2a246a9b5af5d4a93533511c837df,dd3c178ea9553004d7bf4c494e1b7fd80e7b6ae6,false,portable,c-programs,c-programs/sigpipe-siginfo,verify,liteinst,expansion,pass,pass,stripped-verify-l2,pass,stdout-sha256,TIER-1-AT-BEST,CONTRACT-UNAVAILABLE
1fadc03779f2a246a9b5af5d4a93533511c837df,dd3c178ea9553004d7bf4c494e1b7fd80e7b6ae6,false,portable,c-programs,c-programs/sigtimedwait-no-timeout,verify,liteinst,expansion,diverge,fail,stripped-verify-l2,fail,stdout-sha256,TIER-0-FAIL,CONTRACT-UNAVAILABLE
1fadc03779f2a246a9b5af5d4a93533511c837df,dd3c178ea9553004d7bf4c494e1b7fd80e7b6ae6,false,portable,c-programs,c-programs/sigtimedwait-timeout-0s,verify,liteinst,expansion,diverge,fail,stripped-verify-l2,fail,stdout-sha256,TIER-0-FAIL,CONTRACT-UNAVAILABLE
1fadc03779f2a246a9b5af5d4a93533511c837df,dd3c178ea9553004d7bf4c494e1b7fd80e7b6ae6,false,portable,c-programs,c-programs/sigtimedwait-timeout-1s,verify,liteinst,expansion,diverge,fail,stripped-verify-l2,fail,stdout-sha256,TIER-0-FAIL,CONTRACT-UNAVAILABLE
1fadc03779f2a246a9b5af5d4a93533511c837df,dd3c178ea9553004d7bf4c494e1b7fd80e7b6ae6,false,portable,c-programs,c-programs/so-incoming-cpu-tcp4,verify,liteinst,expansion,pass,pass,stripped-verify-l2,pass,stdout-sha256,TIER-1-AT-BEST,CONTRACT-UNAVAILABLE
1fadc03779f2a246a9b5af5d4a93533511c837df,dd3c178ea9553004d7bf4c494e1b7fd80e7b6ae6,false,portable,c-programs,c-programs/so-incoming-cpu-tcp6,verify,liteinst,expansion,pass,pass,stripped-verify-l2,pass,stdout-sha256,TIER-1-AT-BEST,CONTRACT-UNAVAILABLE
1fadc03779f2a246a9b5af5d4a93533511c837df,dd3c178ea9553004d7bf4c494e1b7fd80e7b6ae6,false,portable,c-programs,c-programs/so-incoming-cpu-udp4,verify,liteinst,expansion,pass,pass,stripped-verify-l2,pass,stdout-sha256,TIER-1-AT-BEST,CONTRACT-UNAVAILABLE
1fadc03779f2a246a9b5af5d4a93533511c837df,dd3c178ea9553004d7bf4c494e1b7fd80e7b6ae6,false,portable,c-programs,c-programs/socket-cookie-tcp,verify,liteinst,expansion,pass,pass,stripped-verify-l2,pass,stdout-sha256,TIER-1-AT-BEST,CONTRACT-UNAVAILABLE
1fadc03779f2a246a9b5af5d4a93533511c837df,dd3c178ea9553004d7bf4c494e1b7fd80e7b6ae6,false,portable,c-programs,c-programs/socket-cookie-udp,verify,liteinst,expansion,pass,pass,stripped-verify-l2,pass,stdout-sha256,TIER-1-AT-BEST,CONTRACT-UNAVAILABLE
1fadc03779f2a246a9b5af5d4a93533511c837df,dd3c178ea9553004d7bf4c494e1b7fd80e7b6ae6,false,portable,c-programs,c-programs/socket-cookie-unix,verify,liteinst,expansion,pass,pass,stripped-verify-l2,pass,stdout-sha256,TIER-1-AT-BEST,CONTRACT-UNAVAILABLE
1fadc03779f2a246a9b5af5d4a93533511c837df,dd3c178ea9553004d7bf4c494e1b7fd80e7b6ae6,false,portable,c-programs,c-programs/socket-ioctl-timestamp,verify,liteinst,expansion,diverge,fail,stripped-verify-l2,NO-RESULT-UNMEASURED,stdout-sha256,NO-RESULT-UNMEASURED,CONTRACT-UNAVAILABLE
1fadc03779f2a246a9b5af5d4a93533511c837df,dd3c178ea9553004d7bf4c494e1b7fd80e7b6ae6,false,portable,c-programs,c-programs/socket-timestamp-edge-cases,verify,liteinst,expansion,pass,pass,stripped-verify-l2,pass,stdout-sha256,TIER-1-AT-BEST,CONTRACT-UNAVAILABLE
1fadc03779f2a246a9b5af5d4a93533511c837df,dd3c178ea9553004d7bf4c494e1b7fd80e7b6ae6,false,portable,c-programs,c-programs/socket-timestamp-timespec,verify,liteinst,expansion,pass,pass,stripped-verify-l2,pass,stdout-sha256,TIER-1-AT-BEST,CONTRACT-UNAVAILABLE
1fadc03779f2a246a9b5af5d4a93533511c837df,dd3c178ea9553004d7bf4c494e1b7fd80e7b6ae6,false,portable,c-programs,c-programs/socket-timestamp-timeval,verify,liteinst,expansion,pass,pass,stripped-verify-l2,pass,stdout-sha256,TIER-1-AT-BEST,CONTRACT-UNAVAILABLE
1fadc03779f2a246a9b5af5d4a93533511c837df,dd3c178ea9553004d7bf4c494e1b7fd80e7b6ae6,false,portable,c-programs,c-programs/splice-enosys,verify,liteinst,expansion,pass,pass,stripped-verify-l2,pass,stdout-sha256,TIER-1-AT-BEST,CONTRACT-UNAVAILABLE
1fadc03779f2a246a9b5af5d4a93533511c837df,dd3c178ea9553004d7bf4c494e1b7fd80e7b6ae6,false,portable,c-programs,c-programs/statmount-enosys,verify,liteinst,expansion,pass,pass,stripped-verify-l2,pass,stdout-sha256,TIER-1-AT-BEST,CONTRACT-UNAVAILABLE
1fadc03779f2a246a9b5af5d4a93533511c837df,dd3c178ea9553004d7bf4c494e1b7fd80e7b6ae6,false,portable,c-programs,c-programs/syscall-file-io,verify,liteinst,expansion,pass,pass,stripped-verify-l2,pass,stdout-sha256,TIER-1-AT-BEST,CONTRACT-UNAVAILABLE
1fadc03779f2a246a9b5af5d4a93533511c837df,dd3c178ea9553004d7bf4c494e1b7fd80e7b6ae6,false,portable,c-programs,c-programs/syscall-file-metadata,verify,liteinst,expansion,pass,pass,stripped-verify-l2,pass,stdout-sha256,TIER-1-AT-BEST,CONTRACT-UNAVAILABLE
1fadc03779f2a246a9b5af5d4a93533511c837df,dd3c178ea9553004d7bf4c494e1b7fd80e7b6ae6,false,portable,c-programs,c-programs/syscall-quick-wins,verify,liteinst,expansion,pass,pass,stripped-verify-l2,pass,stdout-sha256,TIER-1-AT-BEST,CONTRACT-UNAVAILABLE
1fadc03779f2a246a9b5af5d4a93533511c837df,dd3c178ea9553004d7bf4c494e1b7fd80e7b6ae6,false,portable,c-programs,c-programs/sysfs-enosys,verify,liteinst,expansion,pass,pass,stripped-verify-l2,pass,stdout-sha256,TIER-1-AT-BEST,CONTRACT-UNAVAILABLE
1fadc03779f2a246a9b5af5d4a93533511c837df,dd3c178ea9553004d7bf4c494e1b7fd80e7b6ae6,false,portable,c-programs,c-programs/sysinfo,verify,liteinst,expansion,pass,pass,stripped-verify-l2,fail,stdout-sha256,TIER-0-FAIL,CONTRACT-UNAVAILABLE
1fadc03779f2a246a9b5af5d4a93533511c837df,dd3c178ea9553004d7bf4c494e1b7fd80e7b6ae6,false,portable,c-programs,c-programs/sysinfo-uptime,verify,liteinst,expansion,diverge,fail,stripped-verify-l2,fail,stdout-sha256,TIER-0-FAIL,CONTRACT-UNAVAILABLE
1fadc03779f2a246a9b5af5d4a93533511c837df,dd3c178ea9553004d7bf4c494e1b7fd80e7b6ae6,false,portable,c-programs,c-programs/syslog-deterministic,verify,liteinst,expansion,pass,pass,stripped-verify-l2,pass,stdout-sha256,TIER-1-AT-BEST,CONTRACT-UNAVAILABLE
1fadc03779f2a246a9b5af5d4a93533511c837df,dd3c178ea9553004d7bf4c494e1b7fd80e7b6ae6,false,portable,c-programs,c-programs/sysv-sem-enosys,verify,liteinst,expansion,pass,pass,stripped-verify-l2,pass,stdout-sha256,TIER-1-AT-BEST,CONTRACT-UNAVAILABLE
1fadc03779f2a246a9b5af5d4a93533511c837df,dd3c178ea9553004d7bf4c494e1b7fd80e7b6ae6,false,portable,c-programs,c-programs/sysv-shm-enosys,verify,liteinst,expansion,pass,pass,stripped-verify-l2,pass,stdout-sha256,TIER-1-AT-BEST,CONTRACT-UNAVAILABLE
1fadc03779f2a246a9b5af5d4a93533511c837df,dd3c178ea9553004d7bf4c494e1b7fd80e7b6ae6,false,portable,c-programs,c-programs/tcp-info-accept4,verify,liteinst,expansion,pass,pass,stripped-verify-l2,pass,stdout-sha256,TIER-1-AT-BEST,CONTRACT-UNAVAILABLE
1fadc03779f2a246a9b5af5d4a93533511c837df,dd3c178ea9553004d7bf4c494e1b7fd80e7b6ae6,false,portable,c-programs,c-programs/tcp-info-accept6,verify,liteinst,expansion,pass,pass,stripped-verify-l2,pass,stdout-sha256,TIER-1-AT-BEST,CONTRACT-UNAVAILABLE
1fadc03779f2a246a9b5af5d4a93533511c837df,dd3c178ea9553004d7bf4c494e1b7fd80e7b6ae6,false,portable,c-programs,c-programs/tcp-info-client4,verify,liteinst,expansion,pass,pass,stripped-verify-l2,pass,stdout-sha256,TIER-1-AT-BEST,CONTRACT-UNAVAILABLE
1fadc03779f2a246a9b5af5d4a93533511c837df,dd3c178ea9553004d7bf4c494e1b7fd80e7b6ae6,false,portable,c-programs,c-programs/tee-enosys,verify,liteinst,expansion,pass,pass,stripped-verify-l2,pass,stdout-sha256,TIER-1-AT-BEST,CONTRACT-UNAVAILABLE
1fadc03779f2a246a9b5af5d4a93533511c837df,dd3c178ea9553004d7bf4c494e1b7fd80e7b6ae6,false,portable,c-programs,c-programs/thread-self-procfs-handoff,verify,liteinst,expansion,diverge,fail,stripped-verify-l2,fail,stdout-sha256,TIER-0-FAIL,CONTRACT-UNAVAILABLE
1fadc03779f2a246a9b5af5d4a93533511c837df,dd3c178ea9553004d7bf4c494e1b7fd80e7b6ae6,false,portable,c-programs,c-programs/thread-sync-determinism,verify,liteinst,expansion,diverge,fail,stripped-verify-l2,NO-RESULT-UNMEASURED,stdout-sha256,NO-RESULT-UNMEASURED,CONTRACT-UNAVAILABLE
1fadc03779f2a246a9b5af5d4a93533511c837df,dd3c178ea9553004d7bf4c494e1b7fd80e7b6ae6,false,portable,c-programs,c-programs/threadexhaustion,verify,liteinst,expansion,diverge,fail,stripped-verify-l2,fail,stdout-sha256,TIER-0-FAIL,CONTRACT-UNAVAILABLE
1fadc03779f2a246a9b5af5d4a93533511c837df,dd3c178ea9553004d7bf4c494e1b7fd80e7b6ae6,false,portable,c-programs,c-programs/timer-create-determinism,verify,liteinst,expansion,pass,pass,stripped-verify-l2,pass,stdout-sha256,TIER-1-AT-BEST,CONTRACT-UNAVAILABLE
1fadc03779f2a246a9b5af5d4a93533511c837df,dd3c178ea9553004d7bf4c494e1b7fd80e7b6ae6,false,portable,c-programs,c-programs/uname,verify,liteinst,expansion,pass,pass,stripped-verify-l2,pass,stdout-sha256,TIER-1-AT-BEST,CONTRACT-UNAVAILABLE
1fadc03779f2a246a9b5af5d4a93533511c837df,dd3c178ea9553004d7bf4c494e1b7fd80e7b6ae6,false,portable,c-programs,c-programs/unix-autobind-dgram,verify,liteinst,expansion,pass,pass,stripped-verify-l2,pass,stdout-sha256,TIER-1-AT-BEST,CONTRACT-UNAVAILABLE
1fadc03779f2a246a9b5af5d4a93533511c837df,dd3c178ea9553004d7bf4c494e1b7fd80e7b6ae6,false,portable,c-programs,c-programs/unix-autobind-seqpacket,verify,liteinst,expansion,pass,pass,stripped-verify-l2,pass,stdout-sha256,TIER-1-AT-BEST,CONTRACT-UNAVAILABLE
1fadc03779f2a246a9b5af5d4a93533511c837df,dd3c178ea9553004d7bf4c494e1b7fd80e7b6ae6,false,portable,c-programs,c-programs/unix-autobind-stream,verify,liteinst,expansion,pass,pass,stripped-verify-l2,pass,stdout-sha256,TIER-1-AT-BEST,CONTRACT-UNAVAILABLE
1fadc03779f2a246a9b5af5d4a93533511c837df,dd3c178ea9553004d7bf4c494e1b7fd80e7b6ae6,false,portable,c-programs,c-programs/ustat-enosys,verify,liteinst,expansion,pass,pass,stripped-verify-l2,pass,stdout-sha256,TIER-1-AT-BEST,CONTRACT-UNAVAILABLE
1fadc03779f2a246a9b5af5d4a93533511c837df,dd3c178ea9553004d7bf4c494e1b7fd80e7b6ae6,false,portable,c-programs,c-programs/vforkexec,verify,liteinst,expansion,diverge,fail,stripped-verify-l2,fail,stdout-sha256,TIER-0-FAIL,CONTRACT-UNAVAILABLE
1fadc03779f2a246a9b5af5d4a93533511c837df,dd3c178ea9553004d7bf4c494e1b7fd80e7b6ae6,false,portable,c-programs,c-programs/vmsplice-enosys,verify,liteinst,expansion,pass,pass,stripped-verify-l2,pass,stdout-sha256,TIER-1-AT-BEST,CONTRACT-UNAVAILABLE
1fadc03779f2a246a9b5af5d4a93533511c837df,dd3c178ea9553004d7bf4c494e1b7fd80e7b6ae6,false,portable,c-programs,c-programs/wait-on-child,verify,liteinst,expansion,diverge,fail,stripped-verify-l2,fail,stdout-sha256,TIER-0-FAIL,CONTRACT-UNAVAILABLE
1fadc03779f2a246a9b5af5d4a93533511c837df,dd3c178ea9553004d7bf4c494e1b7fd80e7b6ae6,false,portable,c-programs,c-programs/writev-determinism,verify,liteinst,expansion,diverge,fail,stripped-verify-l2,fail,stdout-sha256,TIER-0-FAIL,CONTRACT-UNAVAILABLE
1fadc03779f2a246a9b5af5d4a93533511c837df,dd3c178ea9553004d7bf4c494e1b7fd80e7b6ae6,false,portable,chaos-c,chaos-c/lock-granularity,verify,liteinst,expansion,diverge,fail,stripped-verify-l2,fail,stdout-sha256,TIER-0-FAIL,CONTRACT-UNAVAILABLE
1fadc03779f2a246a9b5af5d4a93533511c837df,dd3c178ea9553004d7bf4c494e1b7fd80e7b6ae6,false,portable,data-handling,data-handling/archive-roundtrip,verify,liteinst,expansion,diverge,fail,stripped-verify-l2,NO-RESULT-UNMEASURED,stdout-sha256,NO-RESULT-UNMEASURED,CONTRACT-UNAVAILABLE
1fadc03779f2a246a9b5af5d4a93533511c837df,dd3c178ea9553004d7bf4c494e1b7fd80e7b6ae6,false,portable,data-handling,data-handling/shell-pipeline,verify,liteinst,expansion,diverge,fail,stripped-verify-l2,NO-RESULT-UNMEASURED,stdout-sha256,NO-RESULT-UNMEASURED,CONTRACT-UNAVAILABLE
1fadc03779f2a246a9b5af5d4a93533511c837df,dd3c178ea9553004d7bf4c494e1b7fd80e7b6ae6,false,portable,debugger-c,debugger-c/debuggee,verify,liteinst,expansion,pass,pass,stripped-verify-l2,pass,stdout-sha256,TIER-1-AT-BEST,CONTRACT-UNAVAILABLE
1fadc03779f2a246a9b5af5d4a93533511c837df,dd3c178ea9553004d7bf4c494e1b7fd80e7b6ae6,false,portable,determinism-stress,determinism-stress/example-race,verify,liteinst,expansion,diverge,fail,stripped-verify-l2,fail,stdout-sha256,TIER-0-FAIL,CONTRACT-UNAVAILABLE
1fadc03779f2a246a9b5af5d4a93533511c837df,dd3c178ea9553004d7bf4c494e1b7fd80e7b6ae6,false,portable,determinism-stress,determinism-stress/order-violation,verify,liteinst,expansion,diverge,fail,stripped-verify-l2,fail,stdout-sha256,TIER-0-FAIL,CONTRACT-UNAVAILABLE
1fadc03779f2a246a9b5af5d4a93533511c837df,dd3c178ea9553004d7bf4c494e1b7fd80e7b6ae6,false,portable,determinism-stress,determinism-stress/process-chains,verify,liteinst,expansion,diverge,fail,stripped-verify-l2,NO-RESULT-UNMEASURED,stdout-sha256,NO-RESULT-UNMEASURED,CONTRACT-UNAVAILABLE
1fadc03779f2a246a9b5af5d4a93533511c837df,dd3c178ea9553004d7bf4c494e1b7fd80e7b6ae6,false,portable,determinism-stress,determinism-stress/thread-contention,verify,liteinst,expansion,diverge,fail,stripped-verify-l2,NO-RESULT-UNMEASURED,stdout-sha256,NO-RESULT-UNMEASURED,CONTRACT-UNAVAILABLE
1fadc03779f2a246a9b5af5d4a93533511c837df,dd3c178ea9553004d7bf4c494e1b7fd80e7b6ae6,false,portable,determinism-stress,determinism-stress/thread-output,verify,liteinst,expansion,diverge,fail,stripped-verify-l2,fail,stdout-sha256,TIER-0-FAIL,CONTRACT-UNAVAILABLE
1fadc03779f2a246a9b5af5d4a93533511c837df,dd3c178ea9553004d7bf4c494e1b7fd80e7b6ae6,false,portable,determinism-stress-c,determinism-stress-c/fork-tree,verify,liteinst,expansion,diverge,fail,stripped-verify-l2,fail,stdout-sha256,TIER-0-FAIL,CONTRACT-UNAVAILABLE
1fadc03779f2a246a9b5af5d4a93533511c837df,dd3c178ea9553004d7bf4c494e1b7fd80e7b6ae6,false,portable,determinism-stress-c,determinism-stress-c/lock-free,verify,liteinst,expansion,diverge,fail,stripped-verify-l2,fail,stdout-sha256,TIER-0-FAIL,CONTRACT-UNAVAILABLE
1fadc03779f2a246a9b5af5d4a93533511c837df,dd3c178ea9553004d7bf4c494e1b7fd80e7b6ae6,false,portable,determinism-stress-c,determinism-stress-c/mmap-fork-shared,verify,liteinst,expansion,diverge,fail,stripped-verify-l2,fail,stdout-sha256,TIER-0-FAIL,CONTRACT-UNAVAILABLE
1fadc03779f2a246a9b5af5d4a93533511c837df,dd3c178ea9553004d7bf4c494e1b7fd80e7b6ae6,false,portable,determinism-stress-c,determinism-stress-c/pid-tid,verify,liteinst,expansion,diverge,fail,stripped-verify-l2,fail,stdout-sha256,TIER-0-FAIL,CONTRACT-UNAVAILABLE
1fadc03779f2a246a9b5af5d4a93533511c837df,dd3c178ea9553004d7bf4c494e1b7fd80e7b6ae6,false,portable,determinism-stress-c,determinism-stress-c/pipe-chain,verify,liteinst,expansion,diverge,fail,stripped-verify-l2,fail,stdout-sha256,TIER-0-FAIL,CONTRACT-UNAVAILABLE
1fadc03779f2a246a9b5af5d4a93533511c837df,dd3c178ea9553004d7bf4c494e1b7fd80e7b6ae6,false,portable,determinism-stress-c,determinism-stress-c/pipe-prefill,verify,liteinst,expansion,diverge,fail,stripped-verify-l2,fail,stdout-sha256,TIER-0-FAIL,CONTRACT-UNAVAILABLE
1fadc03779f2a246a9b5af5d4a93533511c837df,dd3c178ea9553004d7bf4c494e1b7fd80e7b6ae6,false,portable,determinism-stress-c,determinism-stress-c/producer-consumer,verify,liteinst,expansion,diverge,fail,stripped-verify-l2,fail,stdout-sha256,TIER-0-FAIL,CONTRACT-UNAVAILABLE
1fadc03779f2a246a9b5af5d4a93533511c837df,dd3c178ea9553004d7bf4c494e1b7fd80e7b6ae6,false,portable,determinism-stress-c,determinism-stress-c/signal-order,verify,liteinst,expansion,diverge,fail,stripped-verify-l2,fail,stdout-sha256,TIER-0-FAIL,CONTRACT-UNAVAILABLE
1fadc03779f2a246a9b5af5d4a93533511c837df,dd3c178ea9553004d7bf4c494e1b7fd80e7b6ae6,false,portable,determinism-stress-c,determinism-stress-c/thread-contention,verify,liteinst,expansion,diverge,fail,stripped-verify-l2,NO-RESULT-UNMEASURED,stdout-sha256,NO-RESULT-UNMEASURED,CONTRACT-UNAVAILABLE
1fadc03779f2a246a9b5af5d4a93533511c837df,dd3c178ea9553004d7bf4c494e1b7fd80e7b6ae6,false,portable,determinism-stress-c,determinism-stress-c/thread-stress,verify,liteinst,expansion,diverge,fail,stripped-verify-l2,fail,stdout-sha256,TIER-0-FAIL,CONTRACT-UNAVAILABLE
1fadc03779f2a246a9b5af5d4a93533511c837df,dd3c178ea9553004d7bf4c494e1b7fd80e7b6ae6,false,portable,language-runtimes,language-runtimes/bash-loop-pipe-time,verify,liteinst,expansion,diverge,fail,stripped-verify-l2,fail,stdout-sha256,TIER-0-FAIL,CONTRACT-UNAVAILABLE
1fadc03779f2a246a9b5af5d4a93533511c837df,dd3c178ea9553004d7bf4c494e1b7fd80e7b6ae6,false,portable,language-runtimes,language-runtimes/example-python-random,verify,liteinst,expansion,pass,pass,stripped-verify-l2,pass,stdout-sha256,TIER-1-AT-BEST,CONTRACT-UNAVAILABLE
1fadc03779f2a246a9b5af5d4a93533511c837df,dd3c178ea9553004d7bf4c494e1b7fd80e7b6ae6,false,portable,language-runtimes,language-runtimes/gawk-random,verify,liteinst,expansion,diverge,fail,stripped-verify-l2,fail,stdout-sha256,TIER-0-FAIL,CONTRACT-UNAVAILABLE
1fadc03779f2a246a9b5af5d4a93533511c837df,dd3c178ea9553004d7bf4c494e1b7fd80e7b6ae6,false,portable,language-runtimes,language-runtimes/perl-io-subprocess-time,verify,liteinst,expansion,diverge,fail,stripped-verify-l2,fail,stdout-sha256,TIER-0-FAIL,CONTRACT-UNAVAILABLE
1fadc03779f2a246a9b5af5d4a93533511c837df,dd3c178ea9553004d7bf4c494e1b7fd80e7b6ae6,false,portable,language-runtimes,language-runtimes/python-hash-determinism,verify,liteinst,expansion,diverge,fail,stripped-verify-l2,fail,stdout-sha256,TIER-0-FAIL,CONTRACT-UNAVAILABLE
1fadc03779f2a246a9b5af5d4a93533511c837df,dd3c178ea9553004d7bf4c494e1b7fd80e7b6ae6,false,portable,language-runtimes,language-runtimes/python-io-subprocess-time,verify,liteinst,expansion,diverge,fail,stripped-verify-l2,fail,stdout-sha256,TIER-0-FAIL,CONTRACT-UNAVAILABLE
1fadc03779f2a246a9b5af5d4a93533511c837df,dd3c178ea9553004d7bf4c494e1b7fd80e7b6ae6,false,portable,language-runtimes,language-runtimes/python-random,verify,liteinst,expansion,diverge,fail,stripped-verify-l2,fail,stdout-sha256,TIER-0-FAIL,CONTRACT-UNAVAILABLE
1fadc03779f2a246a9b5af5d4a93533511c837df,dd3c178ea9553004d7bf4c494e1b7fd80e7b6ae6,false,portable,shared-futex-c,shared-futex-c/qemu-exec-init,verify,liteinst,expansion,diverge,fail,stripped-verify-l2,NO-RESULT-UNMEASURED,stdout-sha256,NO-RESULT-UNMEASURED,CONTRACT-UNAVAILABLE
1fadc03779f2a246a9b5af5d4a93533511c837df,dd3c178ea9553004d7bf4c494e1b7fd80e7b6ae6,false,portable,shared-futex-c,shared-futex-c/qemu-hello,verify,liteinst,expansion,diverge,fail,stripped-verify-l2,NO-RESULT-UNMEASURED,stdout-sha256,NO-RESULT-UNMEASURED,CONTRACT-UNAVAILABLE
1fadc03779f2a246a9b5af5d4a93533511c837df,dd3c178ea9553004d7bf4c494e1b7fd80e7b6ae6,false,portable,shared-futex-c,shared-futex-c/qemu-init,verify,liteinst,expansion,diverge,fail,stripped-verify-l2,NO-RESULT-UNMEASURED,stdout-sha256,NO-RESULT-UNMEASURED,CONTRACT-UNAVAILABLE
1fadc03779f2a246a9b5af5d4a93533511c837df,dd3c178ea9553004d7bf4c494e1b7fd80e7b6ae6,false,portable,shared-futex-c,shared-futex-c/qemu-net-init,verify,liteinst,expansion,diverge,fail,stripped-verify-l2,NO-RESULT-UNMEASURED,stdout-sha256,NO-RESULT-UNMEASURED,CONTRACT-UNAVAILABLE
1fadc03779f2a246a9b5af5d4a93533511c837df,dd3c178ea9553004d7bf4c494e1b7fd80e7b6ae6,false,portable,system-utils,system-utils/clock-determinism,verify,liteinst,expansion,pass,pass,stripped-verify-l2,pass,stdout-sha256,TIER-1-AT-BEST,CONTRACT-UNAVAILABLE
1fadc03779f2a246a9b5af5d4a93533511c837df,dd3c178ea9553004d7bf4c494e1b7fd80e7b6ae6,false,portable,system-utils,system-utils/date-nanoseconds,verify,liteinst,expansion,diverge,fail,stripped-verify-l2,fail,stdout-sha256,TIER-0-FAIL,CONTRACT-UNAVAILABLE
1fadc03779f2a246a9b5af5d4a93533511c837df,dd3c178ea9553004d7bf4c494e1b7fd80e7b6ae6,false,portable,system-utils,system-utils/example-date,verify,liteinst,expansion,diverge,fail,stripped-verify-l2,fail,stdout-sha256,TIER-0-FAIL,CONTRACT-UNAVAILABLE
1fadc03779f2a246a9b5af5d4a93533511c837df,dd3c178ea9553004d7bf4c494e1b7fd80e7b6ae6,false,portable,system-utils,system-utils/example-devrand,verify,liteinst,expansion,diverge,fail,stripped-verify-l2,fail,stdout-sha256,TIER-0-FAIL,CONTRACT-UNAVAILABLE
1fadc03779f2a246a9b5af5d4a93533511c837df,dd3c178ea9553004d7bf4c494e1b7fd80e7b6ae6,false,portable,system-utils,system-utils/openssl-passwd,verify,liteinst,expansion,diverge,fail,stripped-verify-l2,fail,stdout-sha256,TIER-0-FAIL,CONTRACT-UNAVAILABLE
1fadc03779f2a246a9b5af5d4a93533511c837df,dd3c178ea9553004d7bf4c494e1b7fd80e7b6ae6,false,portable,system-utils,system-utils/proc-uptime,verify,liteinst,expansion,diverge,fail,stripped-verify-l2,fail,stdout-sha256,TIER-0-FAIL,CONTRACT-UNAVAILABLE
1fadc03779f2a246a9b5af5d4a93533511c837df,dd3c178ea9553004d7bf4c494e1b7fd80e7b6ae6,false,portable,system-utils,system-utils/random-device,verify,liteinst,expansion,diverge,fail,stripped-verify-l2,fail,stdout-sha256,TIER-0-FAIL,CONTRACT-UNAVAILABLE
1fadc03779f2a246a9b5af5d4a93533511c837df,dd3c178ea9553004d7bf4c494e1b7fd80e7b6ae6,false,portable,system-utils,system-utils/record-getpid,verify,liteinst,expansion,pass,pass,stripped-verify-l2,pass,stdout-sha256,TIER-1-AT-BEST,CONTRACT-UNAVAILABLE
1fadc03779f2a246a9b5af5d4a93533511c837df,dd3c178ea9553004d7bf4c494e1b7fd80e7b6ae6,false,portable,util-c,util-c/pmu-skid,verify,liteinst,expansion,diverge,fail,stripped-verify-l2,NO-RESULT-UNMEASURED,stdout-sha256,NO-RESULT-UNMEASURED,CONTRACT-UNAVAILABLE
1fadc03779f2a246a9b5af5d4a93533511c837df,dd3c178ea9553004d7bf4c494e1b7fd80e7b6ae6,false,portable,applications,applications/example-timed-progress-bar,verify,ptrace,expansion,pass,pass,stripped-verify-l2,NO-RESULT-UNMEASURED,stdout-sha256,NO-RESULT-UNMEASURED,CONTRACT-UNAVAILABLE
1fadc03779f2a246a9b5af5d4a93533511c837df,dd3c178ea9553004d7bf4c494e1b7fd80e7b6ae6,false,portable,applications,applications/timed-progress-bar,verify,ptrace,expansion,diverge,fail,stripped-verify-l2,NO-RESULT-UNMEASURED,stdout-sha256,NO-RESULT-UNMEASURED,CONTRACT-UNAVAILABLE
1fadc03779f2a246a9b5af5d4a93533511c837df,dd3c178ea9553004d7bf4c494e1b7fd80e7b6ae6,false,privileged,backend-parity-c,backend-parity-c/cpuid-probe,verify,ptrace,expansion,pass,pass,stripped-verify-l2,NO-RESULT-UNMEASURED,stdout-sha256,NO-RESULT-UNMEASURED,CONTRACT-UNAVAILABLE
1fadc03779f2a246a9b5af5d4a93533511c837df,dd3c178ea9553004d7bf4c494e1b7fd80e7b6ae6,false,portable,backend-parity-c,backend-parity-c/pid-probe,verify,ptrace,expansion,pass,pass,stripped-verify-l2,NO-RESULT-UNMEASURED,stdout-sha256,NO-RESULT-UNMEASURED,CONTRACT-UNAVAILABLE
1fadc03779f2a246a9b5af5d4a93533511c837df,dd3c178ea9553004d7bf4c494e1b7fd80e7b6ae6,false,portable,backend-parity-c,backend-parity-c/pthread-lifecycle,verify,ptrace,expansion,pass,pass,stripped-verify-l2,NO-RESULT-UNMEASURED,stdout-sha256,NO-RESULT-UNMEASURED,CONTRACT-UNAVAILABLE
1fadc03779f2a246a9b5af5d4a93533511c837df,dd3c178ea9553004d7bf4c494e1b7fd80e7b6ae6,false,portable,bin-c,bin-c/posix-timer-test,verify,ptrace,expansion,pass,pass,stripped-verify-l2,NO-RESULT-UNMEASURED,stdout-sha256,NO-RESULT-UNMEASURED,CONTRACT-UNAVAILABLE
1fadc03779f2a246a9b5af5d4a93533511c837df,dd3c178ea9553004d7bf4c494e1b7fd80e7b6ae6,false,portable,bin-c,bin-c/robust-futex-test,verify,ptrace,expansion,timeout,fail,stripped-verify-l2,NO-RESULT-UNMEASURED,stdout-sha256,NO-RESULT-UNMEASURED,CONTRACT-UNAVAILABLE
1fadc03779f2a246a9b5af5d4a93533511c837df,dd3c178ea9553004d7bf4c494e1b7fd80e7b6ae6,false,portable,c-programs,c-programs/acct-refusal-probe,verify,ptrace,expansion,pass,pass,stripped-verify-l2,NO-RESULT-UNMEASURED,stdout-sha256,NO-RESULT-UNMEASURED,CONTRACT-UNAVAILABLE
1fadc03779f2a246a9b5af5d4a93533511c837df,dd3c178ea9553004d7bf4c494e1b7fd80e7b6ae6,false,portable,c-programs,c-programs/add-key-enosys,verify,ptrace,expansion,pass,pass,stripped-verify-l2,NO-RESULT-UNMEASURED,stdout-sha256,NO-RESULT-UNMEASURED,CONTRACT-UNAVAILABLE
1fadc03779f2a246a9b5af5d4a93533511c837df,dd3c178ea9553004d7bf4c494e1b7fd80e7b6ae6,false,portable,c-programs,c-programs/adjtimex-deterministic,verify,ptrace,expansion,pass,pass,stripped-verify-l2,NO-RESULT-UNMEASURED,stdout-sha256,NO-RESULT-UNMEASURED,CONTRACT-UNAVAILABLE
1fadc03779f2a246a9b5af5d4a93533511c837df,dd3c178ea9553004d7bf4c494e1b7fd80e7b6ae6,false,portable,c-programs,c-programs/arch-prctl-determinism,verify,ptrace,expansion,pass,pass,stripped-verify-l2,NO-RESULT-UNMEASURED,stdout-sha256,NO-RESULT-UNMEASURED,CONTRACT-UNAVAILABLE
1fadc03779f2a246a9b5af5d4a93533511c837df,dd3c178ea9553004d7bf4c494e1b7fd80e7b6ae6,false,portable,c-programs,c-programs/bpf-enosys,verify,ptrace,expansion,pass,pass,stripped-verify-l2,NO-RESULT-UNMEASURED,stdout-sha256,NO-RESULT-UNMEASURED,CONTRACT-UNAVAILABLE
1fadc03779f2a246a9b5af5d4a93533511c837df,dd3c178ea9553004d7bf4c494e1b7fd80e7b6ae6,false,portable,c-programs,c-programs/cachestat-enosys,verify,ptrace,expansion,pass,pass,stripped-verify-l2,NO-RESULT-UNMEASURED,stdout-sha256,NO-RESULT-UNMEASURED,CONTRACT-UNAVAILABLE
1fadc03779f2a246a9b5af5d4a93533511c837df,dd3c178ea9553004d7bf4c494e1b7fd80e7b6ae6,false,portable,c-programs,c-programs/clock-adjtime-deterministic,verify,ptrace,expansion,pass,pass,stripped-verify-l2,NO-RESULT-UNMEASURED,stdout-sha256,NO-RESULT-UNMEASURED,CONTRACT-UNAVAILABLE
1fadc03779f2a246a9b5af5d4a93533511c837df,dd3c178ea9553004d7bf4c494e1b7fd80e7b6ae6,false,portable,c-programs,c-programs/clone,verify,ptrace,expansion,pass,pass,stripped-verify-l2,NO-RESULT-UNMEASURED,stdout-sha256,NO-RESULT-UNMEASURED,CONTRACT-UNAVAILABLE
1fadc03779f2a246a9b5af5d4a93533511c837df,dd3c178ea9553004d7bf4c494e1b7fd80e7b6ae6,false,portable,c-programs,c-programs/copy-file-range-refusal-probe,verify,ptrace,expansion,pass,pass,stripped-verify-l2,NO-RESULT-UNMEASURED,stdout-sha256,NO-RESULT-UNMEASURED,CONTRACT-UNAVAILABLE
1fadc03779f2a246a9b5af5d4a93533511c837df,dd3c178ea9553004d7bf4c494e1b7fd80e7b6ae6,false,portable,c-programs,c-programs/dbi-copied-tiocgpgrp,verify,ptrace,expansion,pass,pass,stripped-verify-l2,NO-RESULT-UNMEASURED,stdout-sha256,NO-RESULT-UNMEASURED,CONTRACT-UNAVAILABLE
1fadc03779f2a246a9b5af5d4a93533511c837df,dd3c178ea9553004d7bf4c494e1b7fd80e7b6ae6,false,portable,c-programs,c-programs/dbi-exec-failure,verify,ptrace,expansion,pass,pass,stripped-verify-l2,NO-RESULT-UNMEASURED,stdout-sha256,NO-RESULT-UNMEASURED,CONTRACT-UNAVAILABLE
1fadc03779f2a246a9b5af5d4a93533511c837df,dd3c178ea9553004d7bf4c494e1b7fd80e7b6ae6,false,portable,c-programs,c-programs/dbi-execveat-unsupported,verify,ptrace,expansion,pass,pass,stripped-verify-l2,NO-RESULT-UNMEASURED,stdout-sha256,NO-RESULT-UNMEASURED,CONTRACT-UNAVAILABLE
1fadc03779f2a246a9b5af5d4a93533511c837df,dd3c178ea9553004d7bf4c494e1b7fd80e7b6ae6,false,portable,c-programs,c-programs/dbi-mmap-exec,verify,ptrace,expansion,pass,pass,stripped-verify-l2,NO-RESULT-UNMEASURED,stdout-sha256,NO-RESULT-UNMEASURED,CONTRACT-UNAVAILABLE
1fadc03779f2a246a9b5af5d4a93533511c837df,dd3c178ea9553004d7bf4c494e1b7fd80e7b6ae6,false,portable,c-programs,c-programs/dbi-pid-virtualization,verify,ptrace,expansion,pass,pass,stripped-verify-l2,NO-RESULT-UNMEASURED,stdout-sha256,NO-RESULT-UNMEASURED,CONTRACT-UNAVAILABLE
1fadc03779f2a246a9b5af5d4a93533511c837df,dd3c178ea9553004d7bf4c494e1b7fd80e7b6ae6,false,portable,c-programs,c-programs/dbi-prlimit-self,verify,ptrace,expansion,pass,pass,stripped-verify-l2,NO-RESULT-UNMEASURED,stdout-sha256,NO-RESULT-UNMEASURED,CONTRACT-UNAVAILABLE
1fadc03779f2a246a9b5af5d4a93533511c837df,dd3c178ea9553004d7bf4c494e1b7fd80e7b6ae6,false,portable,c-programs,c-programs/dbi-self-sigqueue,verify,ptrace,expansion,pass,pass,stripped-verify-l2,NO-RESULT-UNMEASURED,stdout-sha256,NO-RESULT-UNMEASURED,CONTRACT-UNAVAILABLE
1fadc03779f2a246a9b5af5d4a93533511c837df,dd3c178ea9553004d7bf4c494e1b7fd80e7b6ae6,false,portable,c-programs,c-programs/dbi-unsupported-syscall,verify,ptrace,expansion,pass,pass,stripped-verify-l2,NO-RESULT-UNMEASURED,stdout-sha256,NO-RESULT-UNMEASURED,CONTRACT-UNAVAILABLE
1fadc03779f2a246a9b5af5d4a93533511c837df,dd3c178ea9553004d7bf4c494e1b7fd80e7b6ae6,false,portable,c-programs,c-programs/dbi-wait-lifecycle,verify,ptrace,expansion,diverge,fail,stripped-verify-l2,NO-RESULT-UNMEASURED,stdout-sha256,NO-RESULT-UNMEASURED,CONTRACT-UNAVAILABLE
1fadc03779f2a246a9b5af5d4a93533511c837df,dd3c178ea9553004d7bf4c494e1b7fd80e7b6ae6,false,portable,c-programs,c-programs/epoll-determinism,verify,ptrace,expansion,diverge,fail,stripped-verify-l2,NO-RESULT-UNMEASURED,stdout-sha256,NO-RESULT-UNMEASURED,CONTRACT-UNAVAILABLE
1fadc03779f2a246a9b5af5d4a93533511c837df,dd3c178ea9553004d7bf4c494e1b7fd80e7b6ae6,false,portable,c-programs,c-programs/fp-reduction-nondeterminism,verify,ptrace,expansion,pass,pass,stripped-verify-l2,NO-RESULT-UNMEASURED,stdout-sha256,NO-RESULT-UNMEASURED,CONTRACT-UNAVAILABLE
1fadc03779f2a246a9b5af5d4a93533511c837df,dd3c178ea9553004d7bf4c494e1b7fd80e7b6ae6,false,portable,c-programs,c-programs/futex-requeue-enosys,verify,ptrace,expansion,pass,pass,stripped-verify-l2,NO-RESULT-UNMEASURED,stdout-sha256,NO-RESULT-UNMEASURED,CONTRACT-UNAVAILABLE
1fadc03779f2a246a9b5af5d4a93533511c837df,dd3c178ea9553004d7bf4c494e1b7fd80e7b6ae6,false,portable,c-programs,c-programs/futex-waitv-enosys,verify,ptrace,expansion,pass,pass,stripped-verify-l2,NO-RESULT-UNMEASURED,stdout-sha256,NO-RESULT-UNMEASURED,CONTRACT-UNAVAILABLE
1fadc03779f2a246a9b5af5d4a93533511c837df,dd3c178ea9553004d7bf4c494e1b7fd80e7b6ae6,false,portable,c-programs,c-programs/futex-wake-enosys,verify,ptrace,expansion,pass,pass,stripped-verify-l2,NO-RESULT-UNMEASURED,stdout-sha256,NO-RESULT-UNMEASURED,CONTRACT-UNAVAILABLE
1fadc03779f2a246a9b5af5d4a93533511c837df,dd3c178ea9553004d7bf4c494e1b7fd80e7b6ae6,false,portable,c-programs,c-programs/get-robust-list-child,verify,ptrace,expansion,pass,pass,stripped-verify-l2,NO-RESULT-UNMEASURED,stdout-sha256,NO-RESULT-UNMEASURED,CONTRACT-UNAVAILABLE
1fadc03779f2a246a9b5af5d4a93533511c837df,dd3c178ea9553004d7bf4c494e1b7fd80e7b6ae6,false,portable,c-programs,c-programs/get-robust-list-self,verify,ptrace,expansion,pass,pass,stripped-verify-l2,NO-RESULT-UNMEASURED,stdout-sha256,NO-RESULT-UNMEASURED,CONTRACT-UNAVAILABLE
1fadc03779f2a246a9b5af5d4a93533511c837df,dd3c178ea9553004d7bf4c494e1b7fd80e7b6ae6,false,portable,c-programs,c-programs/get-robust-list-thread,verify,ptrace,expansion,pass,pass,stripped-verify-l2,NO-RESULT-UNMEASURED,stdout-sha256,NO-RESULT-UNMEASURED,CONTRACT-UNAVAILABLE
1fadc03779f2a246a9b5af5d4a93533511c837df,dd3c178ea9553004d7bf4c494e1b7fd80e7b6ae6,false,portable,c-programs,c-programs/getcpu,verify,ptrace,expansion,pass,pass,stripped-verify-l2,NO-RESULT-UNMEASURED,stdout-sha256,NO-RESULT-UNMEASURED,CONTRACT-UNAVAILABLE
1fadc03779f2a246a9b5af5d4a93533511c837df,dd3c178ea9553004d7bf4c494e1b7fd80e7b6ae6,false,portable,c-programs,c-programs/getitimer-determinism-probe,verify,ptrace,expansion,pass,pass,stripped-verify-l2,NO-RESULT-UNMEASURED,stdout-sha256,NO-RESULT-UNMEASURED,CONTRACT-UNAVAILABLE
1fadc03779f2a246a9b5af5d4a93533511c837df,dd3c178ea9553004d7bf4c494e1b7fd80e7b6ae6,false,portable,c-programs,c-programs/getsockopt-null,verify,ptrace,expansion,pass,pass,stripped-verify-l2,NO-RESULT-UNMEASURED,stdout-sha256,NO-RESULT-UNMEASURED,CONTRACT-UNAVAILABLE
1fadc03779f2a246a9b5af5d4a93533511c837df,dd3c178ea9553004d7bf4c494e1b7fd80e7b6ae6,false,portable,c-programs,c-programs/hello-alarm,verify,ptrace,expansion,pass,pass,stripped-verify-l2,NO-RESULT-UNMEASURED,stdout-sha256,NO-RESULT-UNMEASURED,CONTRACT-UNAVAILABLE
1fadc03779f2a246a9b5af5d4a93533511c837df,dd3c178ea9553004d7bf4c494e1b7fd80e7b6ae6,false,portable,c-programs,c-programs/hello-nostdlib,verify,ptrace,expansion,pass,pass,stripped-verify-l2,NO-RESULT-UNMEASURED,stdout-sha256,NO-RESULT-UNMEASURED,CONTRACT-UNAVAILABLE
1fadc03779f2a246a9b5af5d4a93533511c837df,dd3c178ea9553004d7bf4c494e1b7fd80e7b6ae6,false,portable,c-programs,c-programs/hello-signals,verify,ptrace,expansion,pass,pass,stripped-verify-l2,NO-RESULT-UNMEASURED,stdout-sha256,NO-RESULT-UNMEASURED,CONTRACT-UNAVAILABLE
1fadc03779f2a246a9b5af5d4a93533511c837df,dd3c178ea9553004d7bf4c494e1b7fd80e7b6ae6,false,portable,c-programs,c-programs/io-uring-fallback,verify,ptrace,expansion,pass,pass,stripped-verify-l2,NO-RESULT-UNMEASURED,stdout-sha256,NO-RESULT-UNMEASURED,CONTRACT-UNAVAILABLE
1fadc03779f2a246a9b5af5d4a93533511c837df,dd3c178ea9553004d7bf4c494e1b7fd80e7b6ae6,false,portable,c-programs,c-programs/io-uring-ring-determinism,verify,ptrace,expansion,pass,pass,stripped-verify-l2,NO-RESULT-UNMEASURED,stdout-sha256,NO-RESULT-UNMEASURED,CONTRACT-UNAVAILABLE
1fadc03779f2a246a9b5af5d4a93533511c837df,dd3c178ea9553004d7bf4c494e1b7fd80e7b6ae6,false,portable,c-programs,c-programs/ioctl-fioclex,verify,ptrace,expansion,pass,pass,stripped-verify-l2,NO-RESULT-UNMEASURED,stdout-sha256,NO-RESULT-UNMEASURED,CONTRACT-UNAVAILABLE
1fadc03779f2a246a9b5af5d4a93533511c837df,dd3c178ea9553004d7bf4c494e1b7fd80e7b6ae6,false,portable,c-programs,c-programs/ioctl-siocethtool,verify,ptrace,expansion,pass,pass,stripped-verify-l2,NO-RESULT-UNMEASURED,stdout-sha256,NO-RESULT-UNMEASURED,CONTRACT-UNAVAILABLE
1fadc03779f2a246a9b5af5d4a93533511c837df,dd3c178ea9553004d7bf4c494e1b7fd80e7b6ae6,false,portable,c-programs,c-programs/ipc-determinism,verify,ptrace,expansion,diverge,fail,stripped-verify-l2,NO-RESULT-UNMEASURED,stdout-sha256,NO-RESULT-UNMEASURED,CONTRACT-UNAVAILABLE
1fadc03779f2a246a9b5af5d4a93533511c837df,dd3c178ea9553004d7bf4c494e1b7fd80e7b6ae6,false,portable,c-programs,c-programs/just-spin,verify,ptrace,expansion,pass,pass,stripped-verify-l2,NO-RESULT-UNMEASURED,stdout-sha256,NO-RESULT-UNMEASURED,CONTRACT-UNAVAILABLE
1fadc03779f2a246a9b5af5d4a93533511c837df,dd3c178ea9553004d7bf4c494e1b7fd80e7b6ae6,false,portable,c-programs,c-programs/kcmp-eperm,verify,ptrace,expansion,pass,pass,stripped-verify-l2,NO-RESULT-UNMEASURED,stdout-sha256,NO-RESULT-UNMEASURED,CONTRACT-UNAVAILABLE
1fadc03779f2a246a9b5af5d4a93533511c837df,dd3c178ea9553004d7bf4c494e1b7fd80e7b6ae6,false,portable,c-programs,c-programs/keyctl-enosys,verify,ptrace,expansion,pass,pass,stripped-verify-l2,NO-RESULT-UNMEASURED,stdout-sha256,NO-RESULT-UNMEASURED,CONTRACT-UNAVAILABLE
1fadc03779f2a246a9b5af5d4a93533511c837df,dd3c178ea9553004d7bf4c494e1b7fd80e7b6ae6,false,portable,c-programs,c-programs/keyctl-passthrough,verify,ptrace,expansion,pass,pass,stripped-verify-l2,NO-RESULT-UNMEASURED,stdout-sha256,NO-RESULT-UNMEASURED,CONTRACT-UNAVAILABLE
1fadc03779f2a246a9b5af5d4a93533511c837df,dd3c178ea9553004d7bf4c494e1b7fd80e7b6ae6,false,portable,c-programs,c-programs/listmount-enosys,verify,ptrace,expansion,pass,pass,stripped-verify-l2,NO-RESULT-UNMEASURED,stdout-sha256,NO-RESULT-UNMEASURED,CONTRACT-UNAVAILABLE
1fadc03779f2a246a9b5af5d4a93533511c837df,dd3c178ea9553004d7bf4c494e1b7fd80e7b6ae6,false,portable,c-programs,c-programs/liteinst-advanced,verify,ptrace,expansion,diverge,fail,stripped-verify-l2,NO-RESULT-UNMEASURED,stdout-sha256,NO-RESULT-UNMEASURED,CONTRACT-UNAVAILABLE
1fadc03779f2a246a9b5af5d4a93533511c837df,dd3c178ea9553004d7bf4c494e1b7fd80e7b6ae6,false,portable,c-programs,c-programs/lsm-get-self-attr-enosys,verify,ptrace,expansion,pass,pass,stripped-verify-l2,NO-RESULT-UNMEASURED,stdout-sha256,NO-RESULT-UNMEASURED,CONTRACT-UNAVAILABLE
1fadc03779f2a246a9b5af5d4a93533511c837df,dd3c178ea9553004d7bf4c494e1b7fd80e7b6ae6,false,portable,c-programs,c-programs/lsm-list-modules-enosys,verify,ptrace,expansion,pass,pass,stripped-verify-l2,NO-RESULT-UNMEASURED,stdout-sha256,NO-RESULT-UNMEASURED,CONTRACT-UNAVAILABLE
1fadc03779f2a246a9b5af5d4a93533511c837df,dd3c178ea9553004d7bf4c494e1b7fd80e7b6ae6,false,portable,c-programs,c-programs/lsm-set-self-attr-enosys,verify,ptrace,expansion,pass,pass,stripped-verify-l2,NO-RESULT-UNMEASURED,stdout-sha256,NO-RESULT-UNMEASURED,CONTRACT-UNAVAILABLE
1fadc03779f2a246a9b5af5d4a93533511c837df,dd3c178ea9553004d7bf4c494e1b7fd80e7b6ae6,false,portable,c-programs,c-programs/madvise-determinism,verify,ptrace,expansion,pass,pass,stripped-verify-l2,NO-RESULT-UNMEASURED,stdout-sha256,NO-RESULT-UNMEASURED,CONTRACT-UNAVAILABLE
1fadc03779f2a246a9b5af5d4a93533511c837df,dd3c178ea9553004d7bf4c494e1b7fd80e7b6ae6,false,portable,c-programs,c-programs/map-shadow-stack-enosys,verify,ptrace,expansion,pass,pass,stripped-verify-l2,NO-RESULT-UNMEASURED,stdout-sha256,NO-RESULT-UNMEASURED,CONTRACT-UNAVAILABLE
1fadc03779f2a246a9b5af5d4a93533511c837df,dd3c178ea9553004d7bf4c494e1b7fd80e7b6ae6,false,portable,c-programs,c-programs/memfd-secret-enosys,verify,ptrace,expansion,pass,pass,stripped-verify-l2,NO-RESULT-UNMEASURED,stdout-sha256,NO-RESULT-UNMEASURED,CONTRACT-UNAVAILABLE
1fadc03779f2a246a9b5af5d4a93533511c837df,dd3c178ea9553004d7bf4c494e1b7fd80e7b6ae6,false,portable,c-programs,c-programs/meminfo-available-deterministic,verify,ptrace,expansion,pass,pass,stripped-verify-l2,NO-RESULT-UNMEASURED,stdout-sha256,NO-RESULT-UNMEASURED,CONTRACT-UNAVAILABLE
1fadc03779f2a246a9b5af5d4a93533511c837df,dd3c178ea9553004d7bf4c494e1b7fd80e7b6ae6,false,portable,c-programs,c-programs/meminfo-cached-deterministic,verify,ptrace,expansion,pass,pass,stripped-verify-l2,NO-RESULT-UNMEASURED,stdout-sha256,NO-RESULT-UNMEASURED,CONTRACT-UNAVAILABLE
1fadc03779f2a246a9b5af5d4a93533511c837df,dd3c178ea9553004d7bf4c494e1b7fd80e7b6ae6,false,portable,c-programs,c-programs/meminfo-free-deterministic,verify,ptrace,expansion,pass,pass,stripped-verify-l2,NO-RESULT-UNMEASURED,stdout-sha256,NO-RESULT-UNMEASURED,CONTRACT-UNAVAILABLE
1fadc03779f2a246a9b5af5d4a93533511c837df,dd3c178ea9553004d7bf4c494e1b7fd80e7b6ae6,false,portable,c-programs,c-programs/memorypress,verify,ptrace,expansion,pass,pass,stripped-verify-l2,NO-RESULT-UNMEASURED,stdout-sha256,NO-RESULT-UNMEASURED,CONTRACT-UNAVAILABLE
1fadc03779f2a246a9b5af5d4a93533511c837df,dd3c178ea9553004d7bf4c494e1b7fd80e7b6ae6,false,portable,c-programs,c-programs/mmap-determinism,verify,ptrace,expansion,diverge,fail,stripped-verify-l2,NO-RESULT-UNMEASURED,stdout-sha256,NO-RESULT-UNMEASURED,CONTRACT-UNAVAILABLE
1fadc03779f2a246a9b5af5d4a93533511c837df,dd3c178ea9553004d7bf4c494e1b7fd80e7b6ae6,false,portable,c-programs,c-programs/mmap-stress-determinism,verify,ptrace,expansion,pass,pass,stripped-verify-l2,NO-RESULT-UNMEASURED,stdout-sha256,NO-RESULT-UNMEASURED,CONTRACT-UNAVAILABLE
1fadc03779f2a246a9b5af5d4a93533511c837df,dd3c178ea9553004d7bf4c494e1b7fd80e7b6ae6,false,portable,c-programs,c-programs/name-to-handle-at-eopnotsupp,verify,ptrace,expansion,pass,pass,stripped-verify-l2,NO-RESULT-UNMEASURED,stdout-sha256,NO-RESULT-UNMEASURED,CONTRACT-UNAVAILABLE
1fadc03779f2a246a9b5af5d4a93533511c837df,dd3c178ea9553004d7bf4c494e1b7fd80e7b6ae6,false,portable,c-programs,c-programs/name-to-handle-directory-eopnotsupp,verify,ptrace,expansion,pass,pass,stripped-verify-l2,NO-RESULT-UNMEASURED,stdout-sha256,NO-RESULT-UNMEASURED,CONTRACT-UNAVAILABLE
1fadc03779f2a246a9b5af5d4a93533511c837df,dd3c178ea9553004d7bf4c494e1b7fd80e7b6ae6,false,portable,c-programs,c-programs/name-to-handle-empty-path-eopnotsupp,verify,ptrace,expansion,pass,pass,stripped-verify-l2,NO-RESULT-UNMEASURED,stdout-sha256,NO-RESULT-UNMEASURED,CONTRACT-UNAVAILABLE
1fadc03779f2a246a9b5af5d4a93533511c837df,dd3c178ea9553004d7bf4c494e1b7fd80e7b6ae6,false,portable,c-programs,c-programs/name-to-handle-regular-eopnotsupp,verify,ptrace,expansion,pass,pass,stripped-verify-l2,NO-RESULT-UNMEASURED,stdout-sha256,NO-RESULT-UNMEASURED,CONTRACT-UNAVAILABLE
1fadc03779f2a246a9b5af5d4a93533511c837df,dd3c178ea9553004d7bf4c494e1b7fd80e7b6ae6,false,portable,c-programs,c-programs/nanosleep-par,verify,ptrace,expansion,pass,pass,stripped-verify-l2,NO-RESULT-UNMEASURED,stdout-sha256,NO-RESULT-UNMEASURED,CONTRACT-UNAVAILABLE
1fadc03779f2a246a9b5af5d4a93533511c837df,dd3c178ea9553004d7bf4c494e1b7fd80e7b6ae6,false,portable,c-programs,c-programs/nanosleep-threads-nocrash,verify,ptrace,expansion,pass,pass,stripped-verify-l2,NO-RESULT-UNMEASURED,stdout-sha256,NO-RESULT-UNMEASURED,CONTRACT-UNAVAILABLE
1fadc03779f2a246a9b5af5d4a93533511c837df,dd3c178ea9553004d7bf4c494e1b7fd80e7b6ae6,false,portable,c-programs,c-programs/nanosleep-threads-simple,verify,ptrace,expansion,diverge,fail,stripped-verify-l2,NO-RESULT-UNMEASURED,stdout-sha256,NO-RESULT-UNMEASURED,CONTRACT-UNAVAILABLE
1fadc03779f2a246a9b5af5d4a93533511c837df,dd3c178ea9553004d7bf4c494e1b7fd80e7b6ae6,false,portable,c-programs,c-programs/netlink-autobind-generic,verify,ptrace,expansion,pass,pass,stripped-verify-l2,NO-RESULT-UNMEASURED,stdout-sha256,NO-RESULT-UNMEASURED,CONTRACT-UNAVAILABLE
1fadc03779f2a246a9b5af5d4a93533511c837df,dd3c178ea9553004d7bf4c494e1b7fd80e7b6ae6,false,portable,c-programs,c-programs/netlink-autobind-route,verify,ptrace,expansion,pass,pass,stripped-verify-l2,NO-RESULT-UNMEASURED,stdout-sha256,NO-RESULT-UNMEASURED,CONTRACT-UNAVAILABLE
1fadc03779f2a246a9b5af5d4a93533511c837df,dd3c178ea9553004d7bf4c494e1b7fd80e7b6ae6,false,portable,c-programs,c-programs/netlink-autobind-usersock,verify,ptrace,expansion,pass,pass,stripped-verify-l2,NO-RESULT-UNMEASURED,stdout-sha256,NO-RESULT-UNMEASURED,CONTRACT-UNAVAILABLE
1fadc03779f2a246a9b5af5d4a93533511c837df,dd3c178ea9553004d7bf4c494e1b7fd80e7b6ae6,false,portable,c-programs,c-programs/netns-cookie-tcp4,verify,ptrace,expansion,pass,pass,stripped-verify-l2,NO-RESULT-UNMEASURED,stdout-sha256,NO-RESULT-UNMEASURED,CONTRACT-UNAVAILABLE
1fadc03779f2a246a9b5af5d4a93533511c837df,dd3c178ea9553004d7bf4c494e1b7fd80e7b6ae6,false,portable,c-programs,c-programs/netns-cookie-tcp6,verify,ptrace,expansion,pass,pass,stripped-verify-l2,NO-RESULT-UNMEASURED,stdout-sha256,NO-RESULT-UNMEASURED,CONTRACT-UNAVAILABLE
1fadc03779f2a246a9b5af5d4a93533511c837df,dd3c178ea9553004d7bf4c494e1b7fd80e7b6ae6,false,portable,c-programs,c-programs/netns-cookie-udp4,verify,ptrace,expansion,pass,pass,stripped-verify-l2,NO-RESULT-UNMEASURED,stdout-sha256,NO-RESULT-UNMEASURED,CONTRACT-UNAVAILABLE
1fadc03779f2a246a9b5af5d4a93533511c837df,dd3c178ea9553004d7bf4c494e1b7fd80e7b6ae6,false,portable,c-programs,c-programs/perf-event-hardware-enosys,verify,ptrace,expansion,pass,pass,stripped-verify-l2,NO-RESULT-UNMEASURED,stdout-sha256,NO-RESULT-UNMEASURED,CONTRACT-UNAVAILABLE
1fadc03779f2a246a9b5af5d4a93533511c837df,dd3c178ea9553004d7bf4c494e1b7fd80e7b6ae6,false,portable,c-programs,c-programs/perf-event-open-enosys,verify,ptrace,expansion,pass,pass,stripped-verify-l2,NO-RESULT-UNMEASURED,stdout-sha256,NO-RESULT-UNMEASURED,CONTRACT-UNAVAILABLE
1fadc03779f2a246a9b5af5d4a93533511c837df,dd3c178ea9553004d7bf4c494e1b7fd80e7b6ae6,false,portable,c-programs,c-programs/perf-event-software-enosys,verify,ptrace,expansion,pass,pass,stripped-verify-l2,NO-RESULT-UNMEASURED,stdout-sha256,NO-RESULT-UNMEASURED,CONTRACT-UNAVAILABLE
1fadc03779f2a246a9b5af5d4a93533511c837df,dd3c178ea9553004d7bf4c494e1b7fd80e7b6ae6,false,portable,c-programs,c-programs/perf-event-watchpoint-enosys,verify,ptrace,expansion,pass,pass,stripped-verify-l2,NO-RESULT-UNMEASURED,stdout-sha256,NO-RESULT-UNMEASURED,CONTRACT-UNAVAILABLE
1fadc03779f2a246a9b5af5d4a93533511c837df,dd3c178ea9553004d7bf4c494e1b7fd80e7b6ae6,false,portable,c-programs,c-programs/periodic-setitimer-delivery,verify,ptrace,expansion,pass,pass,stripped-verify-l2,NO-RESULT-UNMEASURED,stdout-sha256,NO-RESULT-UNMEASURED,CONTRACT-UNAVAILABLE
1fadc03779f2a246a9b5af5d4a93533511c837df,dd3c178ea9553004d7bf4c494e1b7fd80e7b6ae6,false,portable,c-programs,c-programs/pidfd-open-self,verify,ptrace,expansion,pass,pass,stripped-verify-l2,NO-RESULT-UNMEASURED,stdout-sha256,NO-RESULT-UNMEASURED,CONTRACT-UNAVAILABLE
1fadc03779f2a246a9b5af5d4a93533511c837df,dd3c178ea9553004d7bf4c494e1b7fd80e7b6ae6,false,portable,c-programs,c-programs/pidfd-poll-self,verify,ptrace,expansion,pass,pass,stripped-verify-l2,NO-RESULT-UNMEASURED,stdout-sha256,NO-RESULT-UNMEASURED,CONTRACT-UNAVAILABLE
1fadc03779f2a246a9b5af5d4a93533511c837df,dd3c178ea9553004d7bf4c494e1b7fd80e7b6ae6,false,portable,c-programs,c-programs/pidfd-waitid-child,verify,ptrace,expansion,pass,pass,stripped-verify-l2,NO-RESULT-UNMEASURED,stdout-sha256,NO-RESULT-UNMEASURED,CONTRACT-UNAVAILABLE
1fadc03779f2a246a9b5af5d4a93533511c837df,dd3c178ea9553004d7bf4c494e1b7fd80e7b6ae6,false,portable,c-programs,c-programs/ppoll-readv,verify,ptrace,expansion,pass,pass,stripped-verify-l2,NO-RESULT-UNMEASURED,stdout-sha256,NO-RESULT-UNMEASURED,CONTRACT-UNAVAILABLE
1fadc03779f2a246a9b5af5d4a93533511c837df,dd3c178ea9553004d7bf4c494e1b7fd80e7b6ae6,false,portable,c-programs,c-programs/ppoll-simulation,verify,ptrace,expansion,pass,pass,stripped-verify-l2,NO-RESULT-UNMEASURED,stdout-sha256,NO-RESULT-UNMEASURED,CONTRACT-UNAVAILABLE
1fadc03779f2a246a9b5af5d4a93533511c837df,dd3c178ea9553004d7bf4c494e1b7fd80e7b6ae6,false,portable,c-programs,c-programs/prctl-dumpable,verify,ptrace,expansion,pass,pass,stripped-verify-l2,NO-RESULT-UNMEASURED,stdout-sha256,NO-RESULT-UNMEASURED,CONTRACT-UNAVAILABLE
1fadc03779f2a246a9b5af5d4a93533511c837df,dd3c178ea9553004d7bf4c494e1b7fd80e7b6ae6,false,portable,c-programs,c-programs/pread64-nostdlib,verify,ptrace,expansion,pass,pass,stripped-verify-l2,NO-RESULT-UNMEASURED,stdout-sha256,NO-RESULT-UNMEASURED,CONTRACT-UNAVAILABLE
1fadc03779f2a246a9b5af5d4a93533511c837df,dd3c178ea9553004d7bf4c494e1b7fd80e7b6ae6,false,portable,c-programs,c-programs/print-memaddrs,verify,ptrace,expansion,pass,pass,stripped-verify-l2,NO-RESULT-UNMEASURED,stdout-sha256,NO-RESULT-UNMEASURED,CONTRACT-UNAVAILABLE
1fadc03779f2a246a9b5af5d4a93533511c837df,dd3c178ea9553004d7bf4c494e1b7fd80e7b6ae6,false,portable,c-programs,c-programs/printf-with-threads,verify,ptrace,expansion,pass,pass,stripped-verify-l2,NO-RESULT-UNMEASURED,stdout-sha256,NO-RESULT-UNMEASURED,CONTRACT-UNAVAILABLE
1fadc03779f2a246a9b5af5d4a93533511c837df,dd3c178ea9553004d7bf4c494e1b7fd80e7b6ae6,false,portable,c-programs,c-programs/proc-fd-link-aliases,verify,ptrace,expansion,pass,pass,stripped-verify-l2,NO-RESULT-UNMEASURED,stdout-sha256,NO-RESULT-UNMEASURED,CONTRACT-UNAVAILABLE
1fadc03779f2a246a9b5af5d4a93533511c837df,dd3c178ea9553004d7bf4c494e1b7fd80e7b6ae6,false,portable,c-programs,c-programs/proc-fdinfo,verify,ptrace,expansion,pass,pass,stripped-verify-l2,NO-RESULT-UNMEASURED,stdout-sha256,NO-RESULT-UNMEASURED,CONTRACT-UNAVAILABLE
1fadc03779f2a246a9b5af5d4a93533511c837df,dd3c178ea9553004d7bf4c494e1b7fd80e7b6ae6,false,portable,c-programs,c-programs/proc-locks,verify,ptrace,expansion,pass,pass,stripped-verify-l2,NO-RESULT-UNMEASURED,stdout-sha256,NO-RESULT-UNMEASURED,CONTRACT-UNAVAILABLE
1fadc03779f2a246a9b5af5d4a93533511c837df,dd3c178ea9553004d7bf4c494e1b7fd80e7b6ae6,false,portable,c-programs,c-programs/process-mrelease-enosys,verify,ptrace,expansion,pass,pass,stripped-verify-l2,NO-RESULT-UNMEASURED,stdout-sha256,NO-RESULT-UNMEASURED,CONTRACT-UNAVAILABLE
1fadc03779f2a246a9b5af5d4a93533511c837df,dd3c178ea9553004d7bf4c494e1b7fd80e7b6ae6,false,portable,c-programs,c-programs/process-vm-readv-refusal-probe,verify,ptrace,expansion,pass,pass,stripped-verify-l2,NO-RESULT-UNMEASURED,stdout-sha256,NO-RESULT-UNMEASURED,CONTRACT-UNAVAILABLE
1fadc03779f2a246a9b5af5d4a93533511c837df,dd3c178ea9553004d7bf4c494e1b7fd80e7b6ae6,false,portable,c-programs,c-programs/process-vm-writev-refusal-probe,verify,ptrace,expansion,pass,pass,stripped-verify-l2,NO-RESULT-UNMEASURED,stdout-sha256,NO-RESULT-UNMEASURED,CONTRACT-UNAVAILABLE
1fadc03779f2a246a9b5af5d4a93533511c837df,dd3c178ea9553004d7bf4c494e1b7fd80e7b6ae6,false,portable,c-programs,c-programs/procfs-positioned-probe,verify,ptrace,expansion,pass,pass,stripped-verify-l2,NO-RESULT-UNMEASURED,stdout-sha256,NO-RESULT-UNMEASURED,CONTRACT-UNAVAILABLE
1fadc03779f2a246a9b5af5d4a93533511c837df,dd3c178ea9553004d7bf4c494e1b7fd80e7b6ae6,false,portable,c-programs,c-programs/prodcons-determinism,verify,ptrace,expansion,pass,pass,stripped-verify-l2,NO-RESULT-UNMEASURED,stdout-sha256,NO-RESULT-UNMEASURED,CONTRACT-UNAVAILABLE
1fadc03779f2a246a9b5af5d4a93533511c837df,dd3c178ea9553004d7bf4c494e1b7fd80e7b6ae6,false,portable,c-programs,c-programs/pselect6-simulation,verify,ptrace,expansion,pass,pass,stripped-verify-l2,NO-RESULT-UNMEASURED,stdout-sha256,NO-RESULT-UNMEASURED,CONTRACT-UNAVAILABLE
1fadc03779f2a246a9b5af5d4a93533511c837df,dd3c178ea9553004d7bf4c494e1b7fd80e7b6ae6,false,portable,c-programs,c-programs/ptrace-attach-eperm,verify,ptrace,expansion,pass,pass,stripped-verify-l2,NO-RESULT-UNMEASURED,stdout-sha256,NO-RESULT-UNMEASURED,CONTRACT-UNAVAILABLE
1fadc03779f2a246a9b5af5d4a93533511c837df,dd3c178ea9553004d7bf4c494e1b7fd80e7b6ae6,false,portable,c-programs,c-programs/ptrace-eperm,verify,ptrace,expansion,pass,pass,stripped-verify-l2,NO-RESULT-UNMEASURED,stdout-sha256,NO-RESULT-UNMEASURED,CONTRACT-UNAVAILABLE
1fadc03779f2a246a9b5af5d4a93533511c837df,dd3c178ea9553004d7bf4c494e1b7fd80e7b6ae6,false,portable,c-programs,c-programs/ptrace-seize-eperm,verify,ptrace,expansion,pass,pass,stripped-verify-l2,NO-RESULT-UNMEASURED,stdout-sha256,NO-RESULT-UNMEASURED,CONTRACT-UNAVAILABLE
1fadc03779f2a246a9b5af5d4a93533511c837df,dd3c178ea9553004d7bf4c494e1b7fd80e7b6ae6,false,portable,c-programs,c-programs/ptrace-traceme-eperm,verify,ptrace,expansion,pass,pass,stripped-verify-l2,NO-RESULT-UNMEASURED,stdout-sha256,NO-RESULT-UNMEASURED,CONTRACT-UNAVAILABLE
1fadc03779f2a246a9b5af5d4a93533511c837df,dd3c178ea9553004d7bf4c494e1b7fd80e7b6ae6,false,portable,c-programs,c-programs/pty-nr-count,verify,ptrace,expansion,pass,pass,stripped-verify-l2,NO-RESULT-UNMEASURED,stdout-sha256,NO-RESULT-UNMEASURED,CONTRACT-UNAVAILABLE
1fadc03779f2a246a9b5af5d4a93533511c837df,dd3c178ea9553004d7bf4c494e1b7fd80e7b6ae6,false,portable,c-programs,c-programs/racewrite-nostdlib,verify,ptrace,expansion,pass,pass,stripped-verify-l2,NO-RESULT-UNMEASURED,stdout-sha256,NO-RESULT-UNMEASURED,CONTRACT-UNAVAILABLE
1fadc03779f2a246a9b5af5d4a93533511c837df,dd3c178ea9553004d7bf4c494e1b7fd80e7b6ae6,false,portable,c-programs,c-programs/random-sources,verify,ptrace,expansion,pass,pass,stripped-verify-l2,NO-RESULT-UNMEASURED,stdout-sha256,NO-RESULT-UNMEASURED,CONTRACT-UNAVAILABLE
1fadc03779f2a246a9b5af5d4a93533511c837df,dd3c178ea9553004d7bf4c494e1b7fd80e7b6ae6,false,portable,c-programs,c-programs/rcx-canonicalization,verify,ptrace,expansion,pass,pass,stripped-verify-l2,NO-RESULT-UNMEASURED,stdout-sha256,NO-RESULT-UNMEASURED,CONTRACT-UNAVAILABLE
1fadc03779f2a246a9b5af5d4a93533511c837df,dd3c178ea9553004d7bf4c494e1b7fd80e7b6ae6,false,portable,c-programs,c-programs/record-replay-fd-close,verify,ptrace,expansion,pass,pass,stripped-verify-l2,NO-RESULT-UNMEASURED,stdout-sha256,NO-RESULT-UNMEASURED,CONTRACT-UNAVAILABLE
1fadc03779f2a246a9b5af5d4a93533511c837df,dd3c178ea9553004d7bf4c494e1b7fd80e7b6ae6,false,portable,c-programs,c-programs/record-replay-file-state,verify,ptrace,expansion,pass,pass,stripped-verify-l2,NO-RESULT-UNMEASURED,stdout-sha256,NO-RESULT-UNMEASURED,CONTRACT-UNAVAILABLE
1fadc03779f2a246a9b5af5d4a93533511c837df,dd3c178ea9553004d7bf4c494e1b7fd80e7b6ae6,false,portable,c-programs,c-programs/record-replay-lseek-seek-cur,verify,ptrace,expansion,diverge,fail,stripped-verify-l2,NO-RESULT-UNMEASURED,stdout-sha256,NO-RESULT-UNMEASURED,CONTRACT-UNAVAILABLE
1fadc03779f2a246a9b5af5d4a93533511c837df,dd3c178ea9553004d7bf4c494e1b7fd80e7b6ae6,false,portable,c-programs,c-programs/record-replay-setsockopt,verify,ptrace,expansion,pass,pass,stripped-verify-l2,NO-RESULT-UNMEASURED,stdout-sha256,NO-RESULT-UNMEASURED,CONTRACT-UNAVAILABLE
1fadc03779f2a246a9b5af5d4a93533511c837df,dd3c178ea9553004d7bf4c494e1b7fd80e7b6ae6,false,portable,c-programs,c-programs/recvmsg-scm-rights-mmap,verify,ptrace,expansion,pass,pass,stripped-verify-l2,NO-RESULT-UNMEASURED,stdout-sha256,NO-RESULT-UNMEASURED,CONTRACT-UNAVAILABLE
1fadc03779f2a246a9b5af5d4a93533511c837df,dd3c178ea9553004d7bf4c494e1b7fd80e7b6ae6,false,portable,c-programs,c-programs/remap-file-pages-anonymous-enosys,verify,ptrace,expansion,pass,pass,stripped-verify-l2,NO-RESULT-UNMEASURED,stdout-sha256,NO-RESULT-UNMEASURED,CONTRACT-UNAVAILABLE
1fadc03779f2a246a9b5af5d4a93533511c837df,dd3c178ea9553004d7bf4c494e1b7fd80e7b6ae6,false,portable,c-programs,c-programs/remap-file-pages-memfd-enosys,verify,ptrace,expansion,pass,pass,stripped-verify-l2,NO-RESULT-UNMEASURED,stdout-sha256,NO-RESULT-UNMEASURED,CONTRACT-UNAVAILABLE
1fadc03779f2a246a9b5af5d4a93533511c837df,dd3c178ea9553004d7bf4c494e1b7fd80e7b6ae6,false,portable,c-programs,c-programs/remap-file-pages-tmpfile-enosys,verify,ptrace,expansion,pass,pass,stripped-verify-l2,NO-RESULT-UNMEASURED,stdout-sha256,NO-RESULT-UNMEASURED,CONTRACT-UNAVAILABLE
1fadc03779f2a246a9b5af5d4a93533511c837df,dd3c178ea9553004d7bf4c494e1b7fd80e7b6ae6,false,portable,c-programs,c-programs/request-key-enosys,verify,ptrace,expansion,pass,pass,stripped-verify-l2,NO-RESULT-UNMEASURED,stdout-sha256,NO-RESULT-UNMEASURED,CONTRACT-UNAVAILABLE
1fadc03779f2a246a9b5af5d4a93533511c837df,dd3c178ea9553004d7bf4c494e1b7fd80e7b6ae6,false,portable,c-programs,c-programs/resource-determinism,verify,ptrace,expansion,pass,pass,stripped-verify-l2,NO-RESULT-UNMEASURED,stdout-sha256,NO-RESULT-UNMEASURED,CONTRACT-UNAVAILABLE
1fadc03779f2a246a9b5af5d4a93533511c837df,dd3c178ea9553004d7bf4c494e1b7fd80e7b6ae6,false,portable,c-programs,c-programs/sched-setattr-batch,verify,ptrace,expansion,pass,pass,stripped-verify-l2,NO-RESULT-UNMEASURED,stdout-sha256,NO-RESULT-UNMEASURED,CONTRACT-UNAVAILABLE
1fadc03779f2a246a9b5af5d4a93533511c837df,dd3c178ea9553004d7bf4c494e1b7fd80e7b6ae6,false,portable,c-programs,c-programs/sched-setattr-idle,verify,ptrace,expansion,pass,pass,stripped-verify-l2,NO-RESULT-UNMEASURED,stdout-sha256,NO-RESULT-UNMEASURED,CONTRACT-UNAVAILABLE
1fadc03779f2a246a9b5af5d4a93533511c837df,dd3c178ea9553004d7bf4c494e1b7fd80e7b6ae6,false,portable,c-programs,c-programs/sched-setattr-other,verify,ptrace,expansion,pass,pass,stripped-verify-l2,NO-RESULT-UNMEASURED,stdout-sha256,NO-RESULT-UNMEASURED,CONTRACT-UNAVAILABLE
1fadc03779f2a246a9b5af5d4a93533511c837df,dd3c178ea9553004d7bf4c494e1b7fd80e7b6ae6,false,portable,c-programs,c-programs/sched-yield-progress,verify,ptrace,expansion,pass,pass,stripped-verify-l2,NO-RESULT-UNMEASURED,stdout-sha256,NO-RESULT-UNMEASURED,CONTRACT-UNAVAILABLE
1fadc03779f2a246a9b5af5d4a93533511c837df,dd3c178ea9553004d7bf4c494e1b7fd80e7b6ae6,false,portable,c-programs,c-programs/scheduler-policy-queries,verify,ptrace,expansion,pass,pass,stripped-verify-l2,NO-RESULT-UNMEASURED,stdout-sha256,NO-RESULT-UNMEASURED,CONTRACT-UNAVAILABLE
1fadc03779f2a246a9b5af5d4a93533511c837df,dd3c178ea9553004d7bf4c494e1b7fd80e7b6ae6,false,portable,c-programs,c-programs/setitimer-determinism,verify,ptrace,expansion,pass,pass,stripped-verify-l2,NO-RESULT-UNMEASURED,stdout-sha256,NO-RESULT-UNMEASURED,CONTRACT-UNAVAILABLE
1fadc03779f2a246a9b5af5d4a93533511c837df,dd3c178ea9553004d7bf4c494e1b7fd80e7b6ae6,false,portable,c-programs,c-programs/sigmask-preemption,verify,ptrace,expansion,pass,pass,stripped-verify-l2,NO-RESULT-UNMEASURED,stdout-sha256,NO-RESULT-UNMEASURED,CONTRACT-UNAVAILABLE
1fadc03779f2a246a9b5af5d4a93533511c837df,dd3c178ea9553004d7bf4c494e1b7fd80e7b6ae6,false,portable,c-programs,c-programs/signal-determinism,verify,ptrace,expansion,diverge,fail,stripped-verify-l2,NO-RESULT-UNMEASURED,stdout-sha256,NO-RESULT-UNMEASURED,CONTRACT-UNAVAILABLE
1fadc03779f2a246a9b5af5d4a93533511c837df,dd3c178ea9553004d7bf4c494e1b7fd80e7b6ae6,false,portable,c-programs,c-programs/sigpipe-siginfo,verify,ptrace,expansion,pass,pass,stripped-verify-l2,NO-RESULT-UNMEASURED,stdout-sha256,NO-RESULT-UNMEASURED,CONTRACT-UNAVAILABLE
1fadc03779f2a246a9b5af5d4a93533511c837df,dd3c178ea9553004d7bf4c494e1b7fd80e7b6ae6,false,portable,c-programs,c-programs/sigtimedwait-no-timeout,verify,ptrace,expansion,pass,pass,stripped-verify-l2,NO-RESULT-UNMEASURED,stdout-sha256,NO-RESULT-UNMEASURED,CONTRACT-UNAVAILABLE
1fadc03779f2a246a9b5af5d4a93533511c837df,dd3c178ea9553004d7bf4c494e1b7fd80e7b6ae6,false,portable,c-programs,c-programs/sigtimedwait-timeout-0s,verify,ptrace,expansion,pass,pass,stripped-verify-l2,NO-RESULT-UNMEASURED,stdout-sha256,NO-RESULT-UNMEASURED,CONTRACT-UNAVAILABLE
1fadc03779f2a246a9b5af5d4a93533511c837df,dd3c178ea9553004d7bf4c494e1b7fd80e7b6ae6,false,portable,c-programs,c-programs/sigtimedwait-timeout-1s,verify,ptrace,expansion,pass,pass,stripped-verify-l2,NO-RESULT-UNMEASURED,stdout-sha256,NO-RESULT-UNMEASURED,CONTRACT-UNAVAILABLE
1fadc03779f2a246a9b5af5d4a93533511c837df,dd3c178ea9553004d7bf4c494e1b7fd80e7b6ae6,false,portable,c-programs,c-programs/so-incoming-cpu-tcp4,verify,ptrace,expansion,pass,pass,stripped-verify-l2,NO-RESULT-UNMEASURED,stdout-sha256,NO-RESULT-UNMEASURED,CONTRACT-UNAVAILABLE
1fadc03779f2a246a9b5af5d4a93533511c837df,dd3c178ea9553004d7bf4c494e1b7fd80e7b6ae6,false,portable,c-programs,c-programs/so-incoming-cpu-tcp6,verify,ptrace,expansion,pass,pass,stripped-verify-l2,NO-RESULT-UNMEASURED,stdout-sha256,NO-RESULT-UNMEASURED,CONTRACT-UNAVAILABLE
1fadc03779f2a246a9b5af5d4a93533511c837df,dd3c178ea9553004d7bf4c494e1b7fd80e7b6ae6,false,portable,c-programs,c-programs/so-incoming-cpu-udp4,verify,ptrace,expansion,pass,pass,stripped-verify-l2,NO-RESULT-UNMEASURED,stdout-sha256,NO-RESULT-UNMEASURED,CONTRACT-UNAVAILABLE
1fadc03779f2a246a9b5af5d4a93533511c837df,dd3c178ea9553004d7bf4c494e1b7fd80e7b6ae6,false,portable,c-programs,c-programs/socket-cookie-tcp,verify,ptrace,expansion,pass,pass,stripped-verify-l2,NO-RESULT-UNMEASURED,stdout-sha256,NO-RESULT-UNMEASURED,CONTRACT-UNAVAILABLE
1fadc03779f2a246a9b5af5d4a93533511c837df,dd3c178ea9553004d7bf4c494e1b7fd80e7b6ae6,false,portable,c-programs,c-programs/socket-cookie-udp,verify,ptrace,expansion,pass,pass,stripped-verify-l2,NO-RESULT-UNMEASURED,stdout-sha256,NO-RESULT-UNMEASURED,CONTRACT-UNAVAILABLE
1fadc03779f2a246a9b5af5d4a93533511c837df,dd3c178ea9553004d7bf4c494e1b7fd80e7b6ae6,false,portable,c-programs,c-programs/socket-cookie-unix,verify,ptrace,expansion,pass,pass,stripped-verify-l2,NO-RESULT-UNMEASURED,stdout-sha256,NO-RESULT-UNMEASURED,CONTRACT-UNAVAILABLE
1fadc03779f2a246a9b5af5d4a93533511c837df,dd3c178ea9553004d7bf4c494e1b7fd80e7b6ae6,false,portable,c-programs,c-programs/socket-ioctl-timestamp,verify,ptrace,expansion,diverge,fail,stripped-verify-l2,NO-RESULT-UNMEASURED,stdout-sha256,NO-RESULT-UNMEASURED,CONTRACT-UNAVAILABLE
1fadc03779f2a246a9b5af5d4a93533511c837df,dd3c178ea9553004d7bf4c494e1b7fd80e7b6ae6,false,portable,c-programs,c-programs/socket-timestamp-edge-cases,verify,ptrace,expansion,pass,pass,stripped-verify-l2,NO-RESULT-UNMEASURED,stdout-sha256,NO-RESULT-UNMEASURED,CONTRACT-UNAVAILABLE
1fadc03779f2a246a9b5af5d4a93533511c837df,dd3c178ea9553004d7bf4c494e1b7fd80e7b6ae6,false,portable,c-programs,c-programs/socket-timestamp-timespec,verify,ptrace,expansion,pass,pass,stripped-verify-l2,NO-RESULT-UNMEASURED,stdout-sha256,NO-RESULT-UNMEASURED,CONTRACT-UNAVAILABLE
1fadc03779f2a246a9b5af5d4a93533511c837df,dd3c178ea9553004d7bf4c494e1b7fd80e7b6ae6,false,portable,c-programs,c-programs/socket-timestamp-timeval,verify,ptrace,expansion,pass,pass,stripped-verify-l2,NO-RESULT-UNMEASURED,stdout-sha256,NO-RESULT-UNMEASURED,CONTRACT-UNAVAILABLE
1fadc03779f2a246a9b5af5d4a93533511c837df,dd3c178ea9553004d7bf4c494e1b7fd80e7b6ae6,false,portable,c-programs,c-programs/splice-enosys,verify,ptrace,expansion,pass,pass,stripped-verify-l2,NO-RESULT-UNMEASURED,stdout-sha256,NO-RESULT-UNMEASURED,CONTRACT-UNAVAILABLE
1fadc03779f2a246a9b5af5d4a93533511c837df,dd3c178ea9553004d7bf4c494e1b7fd80e7b6ae6,false,portable,c-programs,c-programs/statmount-enosys,verify,ptrace,expansion,pass,pass,stripped-verify-l2,NO-RESULT-UNMEASURED,stdout-sha256,NO-RESULT-UNMEASURED,CONTRACT-UNAVAILABLE
1fadc03779f2a246a9b5af5d4a93533511c837df,dd3c178ea9553004d7bf4c494e1b7fd80e7b6ae6,false,portable,c-programs,c-programs/syscall-file-io,verify,ptrace,expansion,pass,pass,stripped-verify-l2,NO-RESULT-UNMEASURED,stdout-sha256,NO-RESULT-UNMEASURED,CONTRACT-UNAVAILABLE
1fadc03779f2a246a9b5af5d4a93533511c837df,dd3c178ea9553004d7bf4c494e1b7fd80e7b6ae6,false,portable,c-programs,c-programs/syscall-file-metadata,verify,ptrace,expansion,pass,pass,stripped-verify-l2,NO-RESULT-UNMEASURED,stdout-sha256,NO-RESULT-UNMEASURED,CONTRACT-UNAVAILABLE
1fadc03779f2a246a9b5af5d4a93533511c837df,dd3c178ea9553004d7bf4c494e1b7fd80e7b6ae6,false,portable,c-programs,c-programs/syscall-quick-wins,verify,ptrace,expansion,pass,pass,stripped-verify-l2,NO-RESULT-UNMEASURED,stdout-sha256,NO-RESULT-UNMEASURED,CONTRACT-UNAVAILABLE
1fadc03779f2a246a9b5af5d4a93533511c837df,dd3c178ea9553004d7bf4c494e1b7fd80e7b6ae6,false,portable,c-programs,c-programs/sysfs-enosys,verify,ptrace,expansion,pass,pass,stripped-verify-l2,NO-RESULT-UNMEASURED,stdout-sha256,NO-RESULT-UNMEASURED,CONTRACT-UNAVAILABLE
1fadc03779f2a246a9b5af5d4a93533511c837df,dd3c178ea9553004d7bf4c494e1b7fd80e7b6ae6,false,portable,c-programs,c-programs/sysinfo,verify,ptrace,expansion,pass,pass,stripped-verify-l2,NO-RESULT-UNMEASURED,stdout-sha256,NO-RESULT-UNMEASURED,CONTRACT-UNAVAILABLE
1fadc03779f2a246a9b5af5d4a93533511c837df,dd3c178ea9553004d7bf4c494e1b7fd80e7b6ae6,false,portable,c-programs,c-programs/sysinfo-uptime,verify,ptrace,expansion,pass,pass,stripped-verify-l2,NO-RESULT-UNMEASURED,stdout-sha256,NO-RESULT-UNMEASURED,CONTRACT-UNAVAILABLE
1fadc03779f2a246a9b5af5d4a93533511c837df,dd3c178ea9553004d7bf4c494e1b7fd80e7b6ae6,false,portable,c-programs,c-programs/syslog-deterministic,verify,ptrace,expansion,pass,pass,stripped-verify-l2,NO-RESULT-UNMEASURED,stdout-sha256,NO-RESULT-UNMEASURED,CONTRACT-UNAVAILABLE
1fadc03779f2a246a9b5af5d4a93533511c837df,dd3c178ea9553004d7bf4c494e1b7fd80e7b6ae6,false,portable,c-programs,c-programs/sysv-sem-enosys,verify,ptrace,expansion,pass,pass,stripped-verify-l2,NO-RESULT-UNMEASURED,stdout-sha256,NO-RESULT-UNMEASURED,CONTRACT-UNAVAILABLE
1fadc03779f2a246a9b5af5d4a93533511c837df,dd3c178ea9553004d7bf4c494e1b7fd80e7b6ae6,false,portable,c-programs,c-programs/sysv-shm-enosys,verify,ptrace,expansion,pass,pass,stripped-verify-l2,NO-RESULT-UNMEASURED,stdout-sha256,NO-RESULT-UNMEASURED,CONTRACT-UNAVAILABLE
1fadc03779f2a246a9b5af5d4a93533511c837df,dd3c178ea9553004d7bf4c494e1b7fd80e7b6ae6,false,portable,c-programs,c-programs/tcp-info-accept4,verify,ptrace,expansion,pass,pass,stripped-verify-l2,NO-RESULT-UNMEASURED,stdout-sha256,NO-RESULT-UNMEASURED,CONTRACT-UNAVAILABLE
1fadc03779f2a246a9b5af5d4a93533511c837df,dd3c178ea9553004d7bf4c494e1b7fd80e7b6ae6,false,portable,c-programs,c-programs/tcp-info-accept6,verify,ptrace,expansion,pass,pass,stripped-verify-l2,NO-RESULT-UNMEASURED,stdout-sha256,NO-RESULT-UNMEASURED,CONTRACT-UNAVAILABLE
1fadc03779f2a246a9b5af5d4a93533511c837df,dd3c178ea9553004d7bf4c494e1b7fd80e7b6ae6,false,portable,c-programs,c-programs/tcp-info-client4,verify,ptrace,expansion,pass,pass,stripped-verify-l2,NO-RESULT-UNMEASURED,stdout-sha256,NO-RESULT-UNMEASURED,CONTRACT-UNAVAILABLE
1fadc03779f2a246a9b5af5d4a93533511c837df,dd3c178ea9553004d7bf4c494e1b7fd80e7b6ae6,false,portable,c-programs,c-programs/tee-enosys,verify,ptrace,expansion,pass,pass,stripped-verify-l2,NO-RESULT-UNMEASURED,stdout-sha256,NO-RESULT-UNMEASURED,CONTRACT-UNAVAILABLE
1fadc03779f2a246a9b5af5d4a93533511c837df,dd3c178ea9553004d7bf4c494e1b7fd80e7b6ae6,false,portable,c-programs,c-programs/thread-self-procfs-handoff,verify,ptrace,expansion,pass,pass,stripped-verify-l2,NO-RESULT-UNMEASURED,stdout-sha256,NO-RESULT-UNMEASURED,CONTRACT-UNAVAILABLE
1fadc03779f2a246a9b5af5d4a93533511c837df,dd3c178ea9553004d7bf4c494e1b7fd80e7b6ae6,false,portable,c-programs,c-programs/thread-sync-determinism,verify,ptrace,expansion,diverge,fail,stripped-verify-l2,NO-RESULT-UNMEASURED,stdout-sha256,NO-RESULT-UNMEASURED,CONTRACT-UNAVAILABLE
1fadc03779f2a246a9b5af5d4a93533511c837df,dd3c178ea9553004d7bf4c494e1b7fd80e7b6ae6,false,portable,c-programs,c-programs/threadexhaustion,verify,ptrace,expansion,pass,pass,stripped-verify-l2,NO-RESULT-UNMEASURED,stdout-sha256,NO-RESULT-UNMEASURED,CONTRACT-UNAVAILABLE
1fadc03779f2a246a9b5af5d4a93533511c837df,dd3c178ea9553004d7bf4c494e1b7fd80e7b6ae6,false,portable,c-programs,c-programs/timer-create-determinism,verify,ptrace,expansion,pass,pass,stripped-verify-l2,NO-RESULT-UNMEASURED,stdout-sha256,NO-RESULT-UNMEASURED,CONTRACT-UNAVAILABLE
1fadc03779f2a246a9b5af5d4a93533511c837df,dd3c178ea9553004d7bf4c494e1b7fd80e7b6ae6,false,portable,c-programs,c-programs/uname,verify,ptrace,expansion,pass,pass,stripped-verify-l2,NO-RESULT-UNMEASURED,stdout-sha256,NO-RESULT-UNMEASURED,CONTRACT-UNAVAILABLE
1fadc03779f2a246a9b5af5d4a93533511c837df,dd3c178ea9553004d7bf4c494e1b7fd80e7b6ae6,false,portable,c-programs,c-programs/unix-autobind-dgram,verify,ptrace,expansion,pass,pass,stripped-verify-l2,NO-RESULT-UNMEASURED,stdout-sha256,NO-RESULT-UNMEASURED,CONTRACT-UNAVAILABLE
1fadc03779f2a246a9b5af5d4a93533511c837df,dd3c178ea9553004d7bf4c494e1b7fd80e7b6ae6,false,portable,c-programs,c-programs/unix-autobind-seqpacket,verify,ptrace,expansion,pass,pass,stripped-verify-l2,NO-RESULT-UNMEASURED,stdout-sha256,NO-RESULT-UNMEASURED,CONTRACT-UNAVAILABLE
1fadc03779f2a246a9b5af5d4a93533511c837df,dd3c178ea9553004d7bf4c494e1b7fd80e7b6ae6,false,portable,c-programs,c-programs/unix-autobind-stream,verify,ptrace,expansion,pass,pass,stripped-verify-l2,NO-RESULT-UNMEASURED,stdout-sha256,NO-RESULT-UNMEASURED,CONTRACT-UNAVAILABLE
1fadc03779f2a246a9b5af5d4a93533511c837df,dd3c178ea9553004d7bf4c494e1b7fd80e7b6ae6,false,portable,c-programs,c-programs/ustat-enosys,verify,ptrace,expansion,pass,pass,stripped-verify-l2,NO-RESULT-UNMEASURED,stdout-sha256,NO-RESULT-UNMEASURED,CONTRACT-UNAVAILABLE
1fadc03779f2a246a9b5af5d4a93533511c837df,dd3c178ea9553004d7bf4c494e1b7fd80e7b6ae6,false,portable,c-programs,c-programs/vforkexec,verify,ptrace,expansion,pass,pass,stripped-verify-l2,NO-RESULT-UNMEASURED,stdout-sha256,NO-RESULT-UNMEASURED,CONTRACT-UNAVAILABLE
1fadc03779f2a246a9b5af5d4a93533511c837df,dd3c178ea9553004d7bf4c494e1b7fd80e7b6ae6,false,portable,c-programs,c-programs/vmsplice-enosys,verify,ptrace,expansion,pass,pass,stripped-verify-l2,NO-RESULT-UNMEASURED,stdout-sha256,NO-RESULT-UNMEASURED,CONTRACT-UNAVAILABLE
1fadc03779f2a246a9b5af5d4a93533511c837df,dd3c178ea9553004d7bf4c494e1b7fd80e7b6ae6,false,portable,c-programs,c-programs/wait-on-child,verify,ptrace,expansion,pass,pass,stripped-verify-l2,NO-RESULT-UNMEASURED,stdout-sha256,NO-RESULT-UNMEASURED,CONTRACT-UNAVAILABLE
1fadc03779f2a246a9b5af5d4a93533511c837df,dd3c178ea9553004d7bf4c494e1b7fd80e7b6ae6,false,portable,c-programs,c-programs/writev-determinism,verify,ptrace,expansion,pass,pass,stripped-verify-l2,NO-RESULT-UNMEASURED,stdout-sha256,NO-RESULT-UNMEASURED,CONTRACT-UNAVAILABLE
1fadc03779f2a246a9b5af5d4a93533511c837df,dd3c178ea9553004d7bf4c494e1b7fd80e7b6ae6,false,portable,chaos-c,chaos-c/lock-granularity,verify,ptrace,expansion,pass,pass,stripped-verify-l2,NO-RESULT-UNMEASURED,stdout-sha256,NO-RESULT-UNMEASURED,CONTRACT-UNAVAILABLE
1fadc03779f2a246a9b5af5d4a93533511c837df,dd3c178ea9553004d7bf4c494e1b7fd80e7b6ae6,false,portable,data-handling,data-handling/archive-roundtrip,verify,ptrace,expansion,diverge,fail,stripped-verify-l2,NO-RESULT-UNMEASURED,stdout-sha256,NO-RESULT-UNMEASURED,CONTRACT-UNAVAILABLE
1fadc03779f2a246a9b5af5d4a93533511c837df,dd3c178ea9553004d7bf4c494e1b7fd80e7b6ae6,false,portable,data-handling,data-handling/shell-pipeline,verify,ptrace,expansion,diverge,fail,stripped-verify-l2,NO-RESULT-UNMEASURED,stdout-sha256,NO-RESULT-UNMEASURED,CONTRACT-UNAVAILABLE
1fadc03779f2a246a9b5af5d4a93533511c837df,dd3c178ea9553004d7bf4c494e1b7fd80e7b6ae6,false,portable,debugger-c,debugger-c/debuggee,verify,ptrace,expansion,pass,pass,stripped-verify-l2,NO-RESULT-UNMEASURED,stdout-sha256,NO-RESULT-UNMEASURED,CONTRACT-UNAVAILABLE
1fadc03779f2a246a9b5af5d4a93533511c837df,dd3c178ea9553004d7bf4c494e1b7fd80e7b6ae6,false,portable,determinism-stress,determinism-stress/example-race,verify,ptrace,expansion,pass,pass,stripped-verify-l2,NO-RESULT-UNMEASURED,stdout-sha256,NO-RESULT-UNMEASURED,CONTRACT-UNAVAILABLE
1fadc03779f2a246a9b5af5d4a93533511c837df,dd3c178ea9553004d7bf4c494e1b7fd80e7b6ae6,false,portable,determinism-stress,determinism-stress/order-violation,verify,ptrace,expansion,pass,pass,stripped-verify-l2,NO-RESULT-UNMEASURED,stdout-sha256,NO-RESULT-UNMEASURED,CONTRACT-UNAVAILABLE
1fadc03779f2a246a9b5af5d4a93533511c837df,dd3c178ea9553004d7bf4c494e1b7fd80e7b6ae6,false,portable,determinism-stress,determinism-stress/process-chains,verify,ptrace,expansion,diverge,fail,stripped-verify-l2,NO-RESULT-UNMEASURED,stdout-sha256,NO-RESULT-UNMEASURED,CONTRACT-UNAVAILABLE
1fadc03779f2a246a9b5af5d4a93533511c837df,dd3c178ea9553004d7bf4c494e1b7fd80e7b6ae6,false,portable,determinism-stress,determinism-stress/thread-contention,verify,ptrace,expansion,diverge,fail,stripped-verify-l2,NO-RESULT-UNMEASURED,stdout-sha256,NO-RESULT-UNMEASURED,CONTRACT-UNAVAILABLE
1fadc03779f2a246a9b5af5d4a93533511c837df,dd3c178ea9553004d7bf4c494e1b7fd80e7b6ae6,false,portable,determinism-stress,determinism-stress/thread-output,verify,ptrace,expansion,pass,pass,stripped-verify-l2,NO-RESULT-UNMEASURED,stdout-sha256,NO-RESULT-UNMEASURED,CONTRACT-UNAVAILABLE
1fadc03779f2a246a9b5af5d4a93533511c837df,dd3c178ea9553004d7bf4c494e1b7fd80e7b6ae6,false,portable,determinism-stress-c,determinism-stress-c/fork-tree,verify,ptrace,expansion,pass,pass,stripped-verify-l2,NO-RESULT-UNMEASURED,stdout-sha256,NO-RESULT-UNMEASURED,CONTRACT-UNAVAILABLE
1fadc03779f2a246a9b5af5d4a93533511c837df,dd3c178ea9553004d7bf4c494e1b7fd80e7b6ae6,false,portable,determinism-stress-c,determinism-stress-c/lock-free,verify,ptrace,expansion,pass,pass,stripped-verify-l2,NO-RESULT-UNMEASURED,stdout-sha256,NO-RESULT-UNMEASURED,CONTRACT-UNAVAILABLE
1fadc03779f2a246a9b5af5d4a93533511c837df,dd3c178ea9553004d7bf4c494e1b7fd80e7b6ae6,false,portable,determinism-stress-c,determinism-stress-c/mmap-fork-shared,verify,ptrace,expansion,pass,pass,stripped-verify-l2,NO-RESULT-UNMEASURED,stdout-sha256,NO-RESULT-UNMEASURED,CONTRACT-UNAVAILABLE
1fadc03779f2a246a9b5af5d4a93533511c837df,dd3c178ea9553004d7bf4c494e1b7fd80e7b6ae6,false,portable,determinism-stress-c,determinism-stress-c/pid-tid,verify,ptrace,expansion,pass,pass,stripped-verify-l2,NO-RESULT-UNMEASURED,stdout-sha256,NO-RESULT-UNMEASURED,CONTRACT-UNAVAILABLE
1fadc03779f2a246a9b5af5d4a93533511c837df,dd3c178ea9553004d7bf4c494e1b7fd80e7b6ae6,false,portable,determinism-stress-c,determinism-stress-c/pipe-chain,verify,ptrace,expansion,pass,pass,stripped-verify-l2,NO-RESULT-UNMEASURED,stdout-sha256,NO-RESULT-UNMEASURED,CONTRACT-UNAVAILABLE
1fadc03779f2a246a9b5af5d4a93533511c837df,dd3c178ea9553004d7bf4c494e1b7fd80e7b6ae6,false,portable,determinism-stress-c,determinism-stress-c/pipe-prefill,verify,ptrace,expansion,pass,pass,stripped-verify-l2,NO-RESULT-UNMEASURED,stdout-sha256,NO-RESULT-UNMEASURED,CONTRACT-UNAVAILABLE
1fadc03779f2a246a9b5af5d4a93533511c837df,dd3c178ea9553004d7bf4c494e1b7fd80e7b6ae6,false,portable,determinism-stress-c,determinism-stress-c/producer-consumer,verify,ptrace,expansion,pass,pass,stripped-verify-l2,NO-RESULT-UNMEASURED,stdout-sha256,NO-RESULT-UNMEASURED,CONTRACT-UNAVAILABLE
1fadc03779f2a246a9b5af5d4a93533511c837df,dd3c178ea9553004d7bf4c494e1b7fd80e7b6ae6,false,portable,determinism-stress-c,determinism-stress-c/signal-order,verify,ptrace,expansion,pass,pass,stripped-verify-l2,NO-RESULT-UNMEASURED,stdout-sha256,NO-RESULT-UNMEASURED,CONTRACT-UNAVAILABLE
1fadc03779f2a246a9b5af5d4a93533511c837df,dd3c178ea9553004d7bf4c494e1b7fd80e7b6ae6,false,portable,determinism-stress-c,determinism-stress-c/thread-contention,verify,ptrace,expansion,diverge,fail,stripped-verify-l2,NO-RESULT-UNMEASURED,stdout-sha256,NO-RESULT-UNMEASURED,CONTRACT-UNAVAILABLE
1fadc03779f2a246a9b5af5d4a93533511c837df,dd3c178ea9553004d7bf4c494e1b7fd80e7b6ae6,false,portable,determinism-stress-c,determinism-stress-c/thread-stress,verify,ptrace,expansion,pass,pass,stripped-verify-l2,NO-RESULT-UNMEASURED,stdout-sha256,NO-RESULT-UNMEASURED,CONTRACT-UNAVAILABLE
1fadc03779f2a246a9b5af5d4a93533511c837df,dd3c178ea9553004d7bf4c494e1b7fd80e7b6ae6,false,portable,language-runtimes,language-runtimes/bash-loop-pipe-time,verify,ptrace,expansion,pass,pass,stripped-verify-l2,NO-RESULT-UNMEASURED,stdout-sha256,NO-RESULT-UNMEASURED,CONTRACT-UNAVAILABLE
1fadc03779f2a246a9b5af5d4a93533511c837df,dd3c178ea9553004d7bf4c494e1b7fd80e7b6ae6,false,portable,language-runtimes,language-runtimes/example-python-random,verify,ptrace,expansion,pass,pass,stripped-verify-l2,NO-RESULT-UNMEASURED,stdout-sha256,NO-RESULT-UNMEASURED,CONTRACT-UNAVAILABLE
1fadc03779f2a246a9b5af5d4a93533511c837df,dd3c178ea9553004d7bf4c494e1b7fd80e7b6ae6,false,portable,language-runtimes,language-runtimes/gawk-random,verify,ptrace,expansion,pass,pass,stripped-verify-l2,NO-RESULT-UNMEASURED,stdout-sha256,NO-RESULT-UNMEASURED,CONTRACT-UNAVAILABLE
1fadc03779f2a246a9b5af5d4a93533511c837df,dd3c178ea9553004d7bf4c494e1b7fd80e7b6ae6,false,portable,language-runtimes,language-runtimes/perl-io-subprocess-time,verify,ptrace,expansion,pass,pass,stripped-verify-l2,NO-RESULT-UNMEASURED,stdout-sha256,NO-RESULT-UNMEASURED,CONTRACT-UNAVAILABLE
1fadc03779f2a246a9b5af5d4a93533511c837df,dd3c178ea9553004d7bf4c494e1b7fd80e7b6ae6,false,portable,language-runtimes,language-runtimes/python-hash-determinism,verify,ptrace,expansion,pass,pass,stripped-verify-l2,NO-RESULT-UNMEASURED,stdout-sha256,NO-RESULT-UNMEASURED,CONTRACT-UNAVAILABLE
1fadc03779f2a246a9b5af5d4a93533511c837df,dd3c178ea9553004d7bf4c494e1b7fd80e7b6ae6,false,portable,language-runtimes,language-runtimes/python-io-subprocess-time,verify,ptrace,expansion,pass,pass,stripped-verify-l2,NO-RESULT-UNMEASURED,stdout-sha256,NO-RESULT-UNMEASURED,CONTRACT-UNAVAILABLE
1fadc03779f2a246a9b5af5d4a93533511c837df,dd3c178ea9553004d7bf4c494e1b7fd80e7b6ae6,false,portable,language-runtimes,language-runtimes/python-random,verify,ptrace,expansion,pass,pass,stripped-verify-l2,NO-RESULT-UNMEASURED,stdout-sha256,NO-RESULT-UNMEASURED,CONTRACT-UNAVAILABLE
1fadc03779f2a246a9b5af5d4a93533511c837df,dd3c178ea9553004d7bf4c494e1b7fd80e7b6ae6,false,portable,shared-futex-c,shared-futex-c/qemu-exec-init,verify,ptrace,expansion,diverge,fail,stripped-verify-l2,NO-RESULT-UNMEASURED,stdout-sha256,NO-RESULT-UNMEASURED,CONTRACT-UNAVAILABLE
1fadc03779f2a246a9b5af5d4a93533511c837df,dd3c178ea9553004d7bf4c494e1b7fd80e7b6ae6,false,portable,shared-futex-c,shared-futex-c/qemu-hello,verify,ptrace,expansion,diverge,fail,stripped-verify-l2,NO-RESULT-UNMEASURED,stdout-sha256,NO-RESULT-UNMEASURED,CONTRACT-UNAVAILABLE
1fadc03779f2a246a9b5af5d4a93533511c837df,dd3c178ea9553004d7bf4c494e1b7fd80e7b6ae6,false,portable,shared-futex-c,shared-futex-c/qemu-init,verify,ptrace,expansion,diverge,fail,stripped-verify-l2,NO-RESULT-UNMEASURED,stdout-sha256,NO-RESULT-UNMEASURED,CONTRACT-UNAVAILABLE
1fadc03779f2a246a9b5af5d4a93533511c837df,dd3c178ea9553004d7bf4c494e1b7fd80e7b6ae6,false,portable,shared-futex-c,shared-futex-c/qemu-net-init,verify,ptrace,expansion,diverge,fail,stripped-verify-l2,NO-RESULT-UNMEASURED,stdout-sha256,NO-RESULT-UNMEASURED,CONTRACT-UNAVAILABLE
1fadc03779f2a246a9b5af5d4a93533511c837df,dd3c178ea9553004d7bf4c494e1b7fd80e7b6ae6,false,portable,system-utils,system-utils/clock-determinism,verify,ptrace,expansion,pass,pass,stripped-verify-l2,NO-RESULT-UNMEASURED,stdout-sha256,NO-RESULT-UNMEASURED,CONTRACT-UNAVAILABLE
1fadc03779f2a246a9b5af5d4a93533511c837df,dd3c178ea9553004d7bf4c494e1b7fd80e7b6ae6,false,portable,system-utils,system-utils/date-nanoseconds,verify,ptrace,expansion,pass,pass,stripped-verify-l2,NO-RESULT-UNMEASURED,stdout-sha256,NO-RESULT-UNMEASURED,CONTRACT-UNAVAILABLE
1fadc03779f2a246a9b5af5d4a93533511c837df,dd3c178ea9553004d7bf4c494e1b7fd80e7b6ae6,false,portable,system-utils,system-utils/example-date,verify,ptrace,expansion,pass,pass,stripped-verify-l2,NO-RESULT-UNMEASURED,stdout-sha256,NO-RESULT-UNMEASURED,CONTRACT-UNAVAILABLE
1fadc03779f2a246a9b5af5d4a93533511c837df,dd3c178ea9553004d7bf4c494e1b7fd80e7b6ae6,false,portable,system-utils,system-utils/example-devrand,verify,ptrace,expansion,pass,pass,stripped-verify-l2,NO-RESULT-UNMEASURED,stdout-sha256,NO-RESULT-UNMEASURED,CONTRACT-UNAVAILABLE
1fadc03779f2a246a9b5af5d4a93533511c837df,dd3c178ea9553004d7bf4c494e1b7fd80e7b6ae6,false,portable,system-utils,system-utils/openssl-passwd,verify,ptrace,expansion,pass,pass,stripped-verify-l2,NO-RESULT-UNMEASURED,stdout-sha256,NO-RESULT-UNMEASURED,CONTRACT-UNAVAILABLE
1fadc03779f2a246a9b5af5d4a93533511c837df,dd3c178ea9553004d7bf4c494e1b7fd80e7b6ae6,false,portable,system-utils,system-utils/proc-uptime,verify,ptrace,expansion,pass,pass,stripped-verify-l2,NO-RESULT-UNMEASURED,stdout-sha256,NO-RESULT-UNMEASURED,CONTRACT-UNAVAILABLE
1fadc03779f2a246a9b5af5d4a93533511c837df,dd3c178ea9553004d7bf4c494e1b7fd80e7b6ae6,false,portable,system-utils,system-utils/random-device,verify,ptrace,expansion,pass,pass,stripped-verify-l2,NO-RESULT-UNMEASURED,stdout-sha256,NO-RESULT-UNMEASURED,CONTRACT-UNAVAILABLE
1fadc03779f2a246a9b5af5d4a93533511c837df,dd3c178ea9553004d7bf4c494e1b7fd80e7b6ae6,false,portable,system-utils,system-utils/record-getpid,verify,ptrace,expansion,pass,pass,stripped-verify-l2,NO-RESULT-UNMEASURED,stdout-sha256,NO-RESULT-UNMEASURED,CONTRACT-UNAVAILABLE
1fadc03779f2a246a9b5af5d4a93533511c837df,dd3c178ea9553004d7bf4c494e1b7fd80e7b6ae6,false,portable,util-c,util-c/pmu-skid,verify,ptrace,expansion,diverge,fail,stripped-verify-l2,NO-RESULT-UNMEASURED,stdout-sha256,NO-RESULT-UNMEASURED,CONTRACT-UNAVAILABLE
1fadc03779f2a246a9b5af5d4a93533511c837df,dd3c178ea9553004d7bf4c494e1b7fd80e7b6ae6,false,portable,applications,applications/example-timed-progress-bar,verify,sabre,expansion,pass,pass,stripped-verify-l2,pass,stdout-sha256,TIER-1-AT-BEST,CONTRACT-UNAVAILABLE
1fadc03779f2a246a9b5af5d4a93533511c837df,dd3c178ea9553004d7bf4c494e1b7fd80e7b6ae6,false,portable,applications,applications/timed-progress-bar,verify,sabre,expansion,diverge,fail,stripped-verify-l2,NO-RESULT-UNMEASURED,stdout-sha256,NO-RESULT-UNMEASURED,CONTRACT-UNAVAILABLE
1fadc03779f2a246a9b5af5d4a93533511c837df,dd3c178ea9553004d7bf4c494e1b7fd80e7b6ae6,false,privileged,backend-parity-c,backend-parity-c/cpuid-probe,verify,sabre,expansion,diverge,fail,stripped-verify-l2,fail,stdout-sha256,TIER-0-FAIL,CONTRACT-UNAVAILABLE
1fadc03779f2a246a9b5af5d4a93533511c837df,dd3c178ea9553004d7bf4c494e1b7fd80e7b6ae6,false,portable,backend-parity-c,backend-parity-c/pid-probe,verify,sabre,expansion,pass,pass,stripped-verify-l2,pass,stdout-sha256,TIER-1-AT-BEST,CONTRACT-UNAVAILABLE
1fadc03779f2a246a9b5af5d4a93533511c837df,dd3c178ea9553004d7bf4c494e1b7fd80e7b6ae6,false,portable,backend-parity-c,backend-parity-c/pthread-lifecycle,verify,sabre,expansion,pass,pass,stripped-verify-l2,pass,stdout-sha256,TIER-1-AT-BEST,CONTRACT-UNAVAILABLE
1fadc03779f2a246a9b5af5d4a93533511c837df,dd3c178ea9553004d7bf4c494e1b7fd80e7b6ae6,false,portable,bin-c,bin-c/posix-timer-test,verify,sabre,expansion,pass,pass,stripped-verify-l2,pass,stdout-sha256,TIER-1-AT-BEST,CONTRACT-UNAVAILABLE
1fadc03779f2a246a9b5af5d4a93533511c837df,dd3c178ea9553004d7bf4c494e1b7fd80e7b6ae6,false,portable,bin-c,bin-c/robust-futex-test,verify,sabre,expansion,timeout,fail,stripped-verify-l2,NO-RESULT-UNMEASURED,stdout-sha256,NO-RESULT-UNMEASURED,CONTRACT-UNAVAILABLE
1fadc03779f2a246a9b5af5d4a93533511c837df,dd3c178ea9553004d7bf4c494e1b7fd80e7b6ae6,false,portable,c-programs,c-programs/acct-refusal-probe,verify,sabre,expansion,pass,pass,stripped-verify-l2,pass,stdout-sha256,TIER-1-AT-BEST,CONTRACT-UNAVAILABLE
1fadc03779f2a246a9b5af5d4a93533511c837df,dd3c178ea9553004d7bf4c494e1b7fd80e7b6ae6,false,portable,c-programs,c-programs/add-key-enosys,verify,sabre,expansion,pass,pass,stripped-verify-l2,pass,stdout-sha256,TIER-1-AT-BEST,CONTRACT-UNAVAILABLE
1fadc03779f2a246a9b5af5d4a93533511c837df,dd3c178ea9553004d7bf4c494e1b7fd80e7b6ae6,false,portable,c-programs,c-programs/adjtimex-deterministic,verify,sabre,expansion,pass,pass,stripped-verify-l2,pass,stdout-sha256,TIER-1-AT-BEST,CONTRACT-UNAVAILABLE
1fadc03779f2a246a9b5af5d4a93533511c837df,dd3c178ea9553004d7bf4c494e1b7fd80e7b6ae6,false,portable,c-programs,c-programs/arch-prctl-determinism,verify,sabre,expansion,pass,pass,stripped-verify-l2,pass,stdout-sha256,TIER-1-AT-BEST,CONTRACT-UNAVAILABLE
1fadc03779f2a246a9b5af5d4a93533511c837df,dd3c178ea9553004d7bf4c494e1b7fd80e7b6ae6,false,portable,c-programs,c-programs/bpf-enosys,verify,sabre,expansion,pass,pass,stripped-verify-l2,pass,stdout-sha256,TIER-1-AT-BEST,CONTRACT-UNAVAILABLE
1fadc03779f2a246a9b5af5d4a93533511c837df,dd3c178ea9553004d7bf4c494e1b7fd80e7b6ae6,false,portable,c-programs,c-programs/cachestat-enosys,verify,sabre,expansion,pass,pass,stripped-verify-l2,pass,stdout-sha256,TIER-1-AT-BEST,CONTRACT-UNAVAILABLE
1fadc03779f2a246a9b5af5d4a93533511c837df,dd3c178ea9553004d7bf4c494e1b7fd80e7b6ae6,false,portable,c-programs,c-programs/clock-adjtime-deterministic,verify,sabre,expansion,pass,pass,stripped-verify-l2,pass,stdout-sha256,TIER-1-AT-BEST,CONTRACT-UNAVAILABLE
1fadc03779f2a246a9b5af5d4a93533511c837df,dd3c178ea9553004d7bf4c494e1b7fd80e7b6ae6,false,portable,c-programs,c-programs/clone,verify,sabre,expansion,timeout,fail,stripped-verify-l2,fail,stdout-sha256,TIER-0-FAIL,CONTRACT-UNAVAILABLE
1fadc03779f2a246a9b5af5d4a93533511c837df,dd3c178ea9553004d7bf4c494e1b7fd80e7b6ae6,false,portable,c-programs,c-programs/copy-file-range-refusal-probe,verify,sabre,expansion,pass,pass,stripped-verify-l2,pass,stdout-sha256,TIER-1-AT-BEST,CONTRACT-UNAVAILABLE
1fadc03779f2a246a9b5af5d4a93533511c837df,dd3c178ea9553004d7bf4c494e1b7fd80e7b6ae6,false,portable,c-programs,c-programs/dbi-copied-tiocgpgrp,verify,sabre,expansion,diverge,fail,stripped-verify-l2,fail,stdout-sha256,TIER-0-FAIL,CONTRACT-UNAVAILABLE
1fadc03779f2a246a9b5af5d4a93533511c837df,dd3c178ea9553004d7bf4c494e1b7fd80e7b6ae6,false,portable,c-programs,c-programs/dbi-exec-failure,verify,sabre,expansion,pass,pass,stripped-verify-l2,pass,stdout-sha256,TIER-1-AT-BEST,CONTRACT-UNAVAILABLE
1fadc03779f2a246a9b5af5d4a93533511c837df,dd3c178ea9553004d7bf4c494e1b7fd80e7b6ae6,false,portable,c-programs,c-programs/dbi-execveat-unsupported,verify,sabre,expansion,pass,pass,stripped-verify-l2,pass,stdout-sha256,TIER-1-AT-BEST,CONTRACT-UNAVAILABLE
1fadc03779f2a246a9b5af5d4a93533511c837df,dd3c178ea9553004d7bf4c494e1b7fd80e7b6ae6,false,portable,c-programs,c-programs/dbi-mmap-exec,verify,sabre,expansion,pass,pass,stripped-verify-l2,pass,stdout-sha256,TIER-1-AT-BEST,CONTRACT-UNAVAILABLE
1fadc03779f2a246a9b5af5d4a93533511c837df,dd3c178ea9553004d7bf4c494e1b7fd80e7b6ae6,false,portable,c-programs,c-programs/dbi-pid-virtualization,verify,sabre,expansion,diverge,fail,stripped-verify-l2,NO-RESULT-UNMEASURED,stdout-sha256,NO-RESULT-UNMEASURED,CONTRACT-UNAVAILABLE
1fadc03779f2a246a9b5af5d4a93533511c837df,dd3c178ea9553004d7bf4c494e1b7fd80e7b6ae6,false,portable,c-programs,c-programs/dbi-prlimit-self,verify,sabre,expansion,pass,pass,stripped-verify-l2,pass,stdout-sha256,TIER-1-AT-BEST,CONTRACT-UNAVAILABLE
1fadc03779f2a246a9b5af5d4a93533511c837df,dd3c178ea9553004d7bf4c494e1b7fd80e7b6ae6,false,portable,c-programs,c-programs/dbi-self-sigqueue,verify,sabre,expansion,pass,pass,stripped-verify-l2,pass,stdout-sha256,TIER-1-AT-BEST,CONTRACT-UNAVAILABLE
1fadc03779f2a246a9b5af5d4a93533511c837df,dd3c178ea9553004d7bf4c494e1b7fd80e7b6ae6,false,portable,c-programs,c-programs/dbi-unsupported-syscall,verify,sabre,expansion,diverge,fail,stripped-verify-l2,fail,stdout-sha256,TIER-0-FAIL,CONTRACT-UNAVAILABLE
1fadc03779f2a246a9b5af5d4a93533511c837df,dd3c178ea9553004d7bf4c494e1b7fd80e7b6ae6,false,portable,c-programs,c-programs/dbi-wait-lifecycle,verify,sabre,expansion,diverge,fail,stripped-verify-l2,NO-RESULT-UNMEASURED,stdout-sha256,NO-RESULT-UNMEASURED,CONTRACT-UNAVAILABLE
1fadc03779f2a246a9b5af5d4a93533511c837df,dd3c178ea9553004d7bf4c494e1b7fd80e7b6ae6,false,portable,c-programs,c-programs/epoll-determinism,verify,sabre,expansion,diverge,fail,stripped-verify-l2,NO-RESULT-UNMEASURED,stdout-sha256,NO-RESULT-UNMEASURED,CONTRACT-UNAVAILABLE
1fadc03779f2a246a9b5af5d4a93533511c837df,dd3c178ea9553004d7bf4c494e1b7fd80e7b6ae6,false,portable,c-programs,c-programs/fp-reduction-nondeterminism,verify,sabre,expansion,timeout,fail,stripped-verify-l2,fail,stdout-sha256,TIER-0-FAIL,CONTRACT-UNAVAILABLE
1fadc03779f2a246a9b5af5d4a93533511c837df,dd3c178ea9553004d7bf4c494e1b7fd80e7b6ae6,false,portable,c-programs,c-programs/futex-requeue-enosys,verify,sabre,expansion,pass,pass,stripped-verify-l2,pass,stdout-sha256,TIER-1-AT-BEST,CONTRACT-UNAVAILABLE
1fadc03779f2a246a9b5af5d4a93533511c837df,dd3c178ea9553004d7bf4c494e1b7fd80e7b6ae6,false,portable,c-programs,c-programs/futex-waitv-enosys,verify,sabre,expansion,pass,pass,stripped-verify-l2,pass,stdout-sha256,TIER-1-AT-BEST,CONTRACT-UNAVAILABLE
1fadc03779f2a246a9b5af5d4a93533511c837df,dd3c178ea9553004d7bf4c494e1b7fd80e7b6ae6,false,portable,c-programs,c-programs/futex-wake-enosys,verify,sabre,expansion,pass,pass,stripped-verify-l2,pass,stdout-sha256,TIER-1-AT-BEST,CONTRACT-UNAVAILABLE
1fadc03779f2a246a9b5af5d4a93533511c837df,dd3c178ea9553004d7bf4c494e1b7fd80e7b6ae6,false,portable,c-programs,c-programs/get-robust-list-child,verify,sabre,expansion,diverge,fail,stripped-verify-l2,fail,stdout-sha256,TIER-0-FAIL,CONTRACT-UNAVAILABLE
1fadc03779f2a246a9b5af5d4a93533511c837df,dd3c178ea9553004d7bf4c494e1b7fd80e7b6ae6,false,portable,c-programs,c-programs/get-robust-list-self,verify,sabre,expansion,pass,pass,stripped-verify-l2,pass,stdout-sha256,TIER-1-AT-BEST,CONTRACT-UNAVAILABLE
1fadc03779f2a246a9b5af5d4a93533511c837df,dd3c178ea9553004d7bf4c494e1b7fd80e7b6ae6,false,portable,c-programs,c-programs/get-robust-list-thread,verify,sabre,expansion,pass,pass,stripped-verify-l2,pass,stdout-sha256,TIER-1-AT-BEST,CONTRACT-UNAVAILABLE
1fadc03779f2a246a9b5af5d4a93533511c837df,dd3c178ea9553004d7bf4c494e1b7fd80e7b6ae6,false,portable,c-programs,c-programs/getcpu,verify,sabre,expansion,pass,pass,stripped-verify-l2,pass,stdout-sha256,TIER-1-AT-BEST,CONTRACT-UNAVAILABLE
1fadc03779f2a246a9b5af5d4a93533511c837df,dd3c178ea9553004d7bf4c494e1b7fd80e7b6ae6,false,portable,c-programs,c-programs/getitimer-determinism-probe,verify,sabre,expansion,pass,pass,stripped-verify-l2,pass,stdout-sha256,TIER-1-AT-BEST,CONTRACT-UNAVAILABLE
1fadc03779f2a246a9b5af5d4a93533511c837df,dd3c178ea9553004d7bf4c494e1b7fd80e7b6ae6,false,portable,c-programs,c-programs/getsockopt-null,verify,sabre,expansion,pass,pass,stripped-verify-l2,pass,stdout-sha256,TIER-1-AT-BEST,CONTRACT-UNAVAILABLE
1fadc03779f2a246a9b5af5d4a93533511c837df,dd3c178ea9553004d7bf4c494e1b7fd80e7b6ae6,false,portable,c-programs,c-programs/hello-alarm,verify,sabre,expansion,pass,pass,stripped-verify-l2,pass,stdout-sha256,TIER-1-AT-BEST,CONTRACT-UNAVAILABLE
1fadc03779f2a246a9b5af5d4a93533511c837df,dd3c178ea9553004d7bf4c494e1b7fd80e7b6ae6,false,portable,c-programs,c-programs/hello-nostdlib,verify,sabre,expansion,diverge,fail,stripped-verify-l2,fail,stdout-sha256,TIER-0-FAIL,CONTRACT-UNAVAILABLE
1fadc03779f2a246a9b5af5d4a93533511c837df,dd3c178ea9553004d7bf4c494e1b7fd80e7b6ae6,false,portable,c-programs,c-programs/hello-signals,verify,sabre,expansion,pass,pass,stripped-verify-l2,pass,stdout-sha256,TIER-1-AT-BEST,CONTRACT-UNAVAILABLE
1fadc03779f2a246a9b5af5d4a93533511c837df,dd3c178ea9553004d7bf4c494e1b7fd80e7b6ae6,false,portable,c-programs,c-programs/io-uring-fallback,verify,sabre,expansion,pass,pass,stripped-verify-l2,pass,stdout-sha256,TIER-1-AT-BEST,CONTRACT-UNAVAILABLE
1fadc03779f2a246a9b5af5d4a93533511c837df,dd3c178ea9553004d7bf4c494e1b7fd80e7b6ae6,false,portable,c-programs,c-programs/io-uring-ring-determinism,verify,sabre,expansion,pass,pass,stripped-verify-l2,pass,stdout-sha256,TIER-1-AT-BEST,CONTRACT-UNAVAILABLE
1fadc03779f2a246a9b5af5d4a93533511c837df,dd3c178ea9553004d7bf4c494e1b7fd80e7b6ae6,false,portable,c-programs,c-programs/ioctl-fioclex,verify,sabre,expansion,pass,pass,stripped-verify-l2,pass,stdout-sha256,TIER-1-AT-BEST,CONTRACT-UNAVAILABLE
1fadc03779f2a246a9b5af5d4a93533511c837df,dd3c178ea9553004d7bf4c494e1b7fd80e7b6ae6,false,portable,c-programs,c-programs/ioctl-siocethtool,verify,sabre,expansion,pass,pass,stripped-verify-l2,pass,stdout-sha256,TIER-1-AT-BEST,CONTRACT-UNAVAILABLE
1fadc03779f2a246a9b5af5d4a93533511c837df,dd3c178ea9553004d7bf4c494e1b7fd80e7b6ae6,false,portable,c-programs,c-programs/ipc-determinism,verify,sabre,expansion,diverge,fail,stripped-verify-l2,NO-RESULT-UNMEASURED,stdout-sha256,NO-RESULT-UNMEASURED,CONTRACT-UNAVAILABLE
1fadc03779f2a246a9b5af5d4a93533511c837df,dd3c178ea9553004d7bf4c494e1b7fd80e7b6ae6,false,portable,c-programs,c-programs/just-spin,verify,sabre,expansion,pass,pass,stripped-verify-l2,pass,stdout-sha256,TIER-1-AT-BEST,CONTRACT-UNAVAILABLE
1fadc03779f2a246a9b5af5d4a93533511c837df,dd3c178ea9553004d7bf4c494e1b7fd80e7b6ae6,false,portable,c-programs,c-programs/kcmp-eperm,verify,sabre,expansion,pass,pass,stripped-verify-l2,pass,stdout-sha256,TIER-1-AT-BEST,CONTRACT-UNAVAILABLE
1fadc03779f2a246a9b5af5d4a93533511c837df,dd3c178ea9553004d7bf4c494e1b7fd80e7b6ae6,false,portable,c-programs,c-programs/keyctl-enosys,verify,sabre,expansion,pass,pass,stripped-verify-l2,pass,stdout-sha256,TIER-1-AT-BEST,CONTRACT-UNAVAILABLE
1fadc03779f2a246a9b5af5d4a93533511c837df,dd3c178ea9553004d7bf4c494e1b7fd80e7b6ae6,false,portable,c-programs,c-programs/keyctl-passthrough,verify,sabre,expansion,pass,pass,stripped-verify-l2,pass,stdout-sha256,TIER-1-AT-BEST,CONTRACT-UNAVAILABLE
1fadc03779f2a246a9b5af5d4a93533511c837df,dd3c178ea9553004d7bf4c494e1b7fd80e7b6ae6,false,portable,c-programs,c-programs/listmount-enosys,verify,sabre,expansion,pass,pass,stripped-verify-l2,pass,stdout-sha256,TIER-1-AT-BEST,CONTRACT-UNAVAILABLE
1fadc03779f2a246a9b5af5d4a93533511c837df,dd3c178ea9553004d7bf4c494e1b7fd80e7b6ae6,false,portable,c-programs,c-programs/liteinst-advanced,verify,sabre,expansion,diverge,fail,stripped-verify-l2,NO-RESULT-UNMEASURED,stdout-sha256,NO-RESULT-UNMEASURED,CONTRACT-UNAVAILABLE
1fadc03779f2a246a9b5af5d4a93533511c837df,dd3c178ea9553004d7bf4c494e1b7fd80e7b6ae6,false,portable,c-programs,c-programs/lsm-get-self-attr-enosys,verify,sabre,expansion,pass,pass,stripped-verify-l2,pass,stdout-sha256,TIER-1-AT-BEST,CONTRACT-UNAVAILABLE
1fadc03779f2a246a9b5af5d4a93533511c837df,dd3c178ea9553004d7bf4c494e1b7fd80e7b6ae6,false,portable,c-programs,c-programs/lsm-list-modules-enosys,verify,sabre,expansion,pass,pass,stripped-verify-l2,pass,stdout-sha256,TIER-1-AT-BEST,CONTRACT-UNAVAILABLE
1fadc03779f2a246a9b5af5d4a93533511c837df,dd3c178ea9553004d7bf4c494e1b7fd80e7b6ae6,false,portable,c-programs,c-programs/lsm-set-self-attr-enosys,verify,sabre,expansion,pass,pass,stripped-verify-l2,pass,stdout-sha256,TIER-1-AT-BEST,CONTRACT-UNAVAILABLE
1fadc03779f2a246a9b5af5d4a93533511c837df,dd3c178ea9553004d7bf4c494e1b7fd80e7b6ae6,false,portable,c-programs,c-programs/madvise-determinism,verify,sabre,expansion,pass,pass,stripped-verify-l2,pass,stdout-sha256,TIER-1-AT-BEST,CONTRACT-UNAVAILABLE
1fadc03779f2a246a9b5af5d4a93533511c837df,dd3c178ea9553004d7bf4c494e1b7fd80e7b6ae6,false,portable,c-programs,c-programs/map-shadow-stack-enosys,verify,sabre,expansion,pass,pass,stripped-verify-l2,pass,stdout-sha256,TIER-1-AT-BEST,CONTRACT-UNAVAILABLE
1fadc03779f2a246a9b5af5d4a93533511c837df,dd3c178ea9553004d7bf4c494e1b7fd80e7b6ae6,false,portable,c-programs,c-programs/memfd-secret-enosys,verify,sabre,expansion,pass,pass,stripped-verify-l2,pass,stdout-sha256,TIER-1-AT-BEST,CONTRACT-UNAVAILABLE
1fadc03779f2a246a9b5af5d4a93533511c837df,dd3c178ea9553004d7bf4c494e1b7fd80e7b6ae6,false,portable,c-programs,c-programs/meminfo-available-deterministic,verify,sabre,expansion,pass,pass,stripped-verify-l2,pass,stdout-sha256,TIER-1-AT-BEST,CONTRACT-UNAVAILABLE
1fadc03779f2a246a9b5af5d4a93533511c837df,dd3c178ea9553004d7bf4c494e1b7fd80e7b6ae6,false,portable,c-programs,c-programs/meminfo-cached-deterministic,verify,sabre,expansion,pass,pass,stripped-verify-l2,pass,stdout-sha256,TIER-1-AT-BEST,CONTRACT-UNAVAILABLE
1fadc03779f2a246a9b5af5d4a93533511c837df,dd3c178ea9553004d7bf4c494e1b7fd80e7b6ae6,false,portable,c-programs,c-programs/meminfo-free-deterministic,verify,sabre,expansion,pass,pass,stripped-verify-l2,pass,stdout-sha256,TIER-1-AT-BEST,CONTRACT-UNAVAILABLE
1fadc03779f2a246a9b5af5d4a93533511c837df,dd3c178ea9553004d7bf4c494e1b7fd80e7b6ae6,false,portable,c-programs,c-programs/memorypress,verify,sabre,expansion,pass,pass,stripped-verify-l2,pass,stdout-sha256,TIER-1-AT-BEST,CONTRACT-UNAVAILABLE
1fadc03779f2a246a9b5af5d4a93533511c837df,dd3c178ea9553004d7bf4c494e1b7fd80e7b6ae6,false,portable,c-programs,c-programs/mmap-determinism,verify,sabre,expansion,diverge,fail,stripped-verify-l2,NO-RESULT-UNMEASURED,stdout-sha256,NO-RESULT-UNMEASURED,CONTRACT-UNAVAILABLE
1fadc03779f2a246a9b5af5d4a93533511c837df,dd3c178ea9553004d7bf4c494e1b7fd80e7b6ae6,false,portable,c-programs,c-programs/mmap-stress-determinism,verify,sabre,expansion,pass,pass,stripped-verify-l2,pass,stdout-sha256,TIER-1-AT-BEST,CONTRACT-UNAVAILABLE
1fadc03779f2a246a9b5af5d4a93533511c837df,dd3c178ea9553004d7bf4c494e1b7fd80e7b6ae6,false,portable,c-programs,c-programs/name-to-handle-at-eopnotsupp,verify,sabre,expansion,pass,pass,stripped-verify-l2,pass,stdout-sha256,TIER-1-AT-BEST,CONTRACT-UNAVAILABLE
1fadc03779f2a246a9b5af5d4a93533511c837df,dd3c178ea9553004d7bf4c494e1b7fd80e7b6ae6,false,portable,c-programs,c-programs/name-to-handle-directory-eopnotsupp,verify,sabre,expansion,pass,pass,stripped-verify-l2,pass,stdout-sha256,TIER-1-AT-BEST,CONTRACT-UNAVAILABLE
1fadc03779f2a246a9b5af5d4a93533511c837df,dd3c178ea9553004d7bf4c494e1b7fd80e7b6ae6,false,portable,c-programs,c-programs/name-to-handle-empty-path-eopnotsupp,verify,sabre,expansion,pass,pass,stripped-verify-l2,pass,stdout-sha256,TIER-1-AT-BEST,CONTRACT-UNAVAILABLE
1fadc03779f2a246a9b5af5d4a93533511c837df,dd3c178ea9553004d7bf4c494e1b7fd80e7b6ae6,false,portable,c-programs,c-programs/name-to-handle-regular-eopnotsupp,verify,sabre,expansion,pass,pass,stripped-verify-l2,pass,stdout-sha256,TIER-1-AT-BEST,CONTRACT-UNAVAILABLE
1fadc03779f2a246a9b5af5d4a93533511c837df,dd3c178ea9553004d7bf4c494e1b7fd80e7b6ae6,false,portable,c-programs,c-programs/nanosleep-par,verify,sabre,expansion,pass,pass,stripped-verify-l2,pass,stdout-sha256,TIER-1-AT-BEST,CONTRACT-UNAVAILABLE
1fadc03779f2a246a9b5af5d4a93533511c837df,dd3c178ea9553004d7bf4c494e1b7fd80e7b6ae6,false,portable,c-programs,c-programs/nanosleep-threads-nocrash,verify,sabre,expansion,pass,pass,stripped-verify-l2,pass,stdout-sha256,TIER-1-AT-BEST,CONTRACT-UNAVAILABLE
1fadc03779f2a246a9b5af5d4a93533511c837df,dd3c178ea9553004d7bf4c494e1b7fd80e7b6ae6,false,portable,c-programs,c-programs/nanosleep-threads-simple,verify,sabre,expansion,diverge,fail,stripped-verify-l2,NO-RESULT-UNMEASURED,stdout-sha256,NO-RESULT-UNMEASURED,CONTRACT-UNAVAILABLE
1fadc03779f2a246a9b5af5d4a93533511c837df,dd3c178ea9553004d7bf4c494e1b7fd80e7b6ae6,false,portable,c-programs,c-programs/netlink-autobind-generic,verify,sabre,expansion,pass,pass,stripped-verify-l2,pass,stdout-sha256,TIER-1-AT-BEST,CONTRACT-UNAVAILABLE
1fadc03779f2a246a9b5af5d4a93533511c837df,dd3c178ea9553004d7bf4c494e1b7fd80e7b6ae6,false,portable,c-programs,c-programs/netlink-autobind-route,verify,sabre,expansion,pass,pass,stripped-verify-l2,pass,stdout-sha256,TIER-1-AT-BEST,CONTRACT-UNAVAILABLE
1fadc03779f2a246a9b5af5d4a93533511c837df,dd3c178ea9553004d7bf4c494e1b7fd80e7b6ae6,false,portable,c-programs,c-programs/netlink-autobind-usersock,verify,sabre,expansion,pass,pass,stripped-verify-l2,pass,stdout-sha256,TIER-1-AT-BEST,CONTRACT-UNAVAILABLE
1fadc03779f2a246a9b5af5d4a93533511c837df,dd3c178ea9553004d7bf4c494e1b7fd80e7b6ae6,false,portable,c-programs,c-programs/netns-cookie-tcp4,verify,sabre,expansion,pass,pass,stripped-verify-l2,pass,stdout-sha256,TIER-1-AT-BEST,CONTRACT-UNAVAILABLE
1fadc03779f2a246a9b5af5d4a93533511c837df,dd3c178ea9553004d7bf4c494e1b7fd80e7b6ae6,false,portable,c-programs,c-programs/netns-cookie-tcp6,verify,sabre,expansion,pass,pass,stripped-verify-l2,pass,stdout-sha256,TIER-1-AT-BEST,CONTRACT-UNAVAILABLE
1fadc03779f2a246a9b5af5d4a93533511c837df,dd3c178ea9553004d7bf4c494e1b7fd80e7b6ae6,false,portable,c-programs,c-programs/netns-cookie-udp4,verify,sabre,expansion,pass,pass,stripped-verify-l2,pass,stdout-sha256,TIER-1-AT-BEST,CONTRACT-UNAVAILABLE
1fadc03779f2a246a9b5af5d4a93533511c837df,dd3c178ea9553004d7bf4c494e1b7fd80e7b6ae6,false,portable,c-programs,c-programs/perf-event-hardware-enosys,verify,sabre,expansion,pass,pass,stripped-verify-l2,pass,stdout-sha256,TIER-1-AT-BEST,CONTRACT-UNAVAILABLE
1fadc03779f2a246a9b5af5d4a93533511c837df,dd3c178ea9553004d7bf4c494e1b7fd80e7b6ae6,false,portable,c-programs,c-programs/perf-event-open-enosys,verify,sabre,expansion,pass,pass,stripped-verify-l2,pass,stdout-sha256,TIER-1-AT-BEST,CONTRACT-UNAVAILABLE
1fadc03779f2a246a9b5af5d4a93533511c837df,dd3c178ea9553004d7bf4c494e1b7fd80e7b6ae6,false,portable,c-programs,c-programs/perf-event-software-enosys,verify,sabre,expansion,pass,pass,stripped-verify-l2,pass,stdout-sha256,TIER-1-AT-BEST,CONTRACT-UNAVAILABLE
1fadc03779f2a246a9b5af5d4a93533511c837df,dd3c178ea9553004d7bf4c494e1b7fd80e7b6ae6,false,portable,c-programs,c-programs/perf-event-watchpoint-enosys,verify,sabre,expansion,pass,pass,stripped-verify-l2,pass,stdout-sha256,TIER-1-AT-BEST,CONTRACT-UNAVAILABLE
1fadc03779f2a246a9b5af5d4a93533511c837df,dd3c178ea9553004d7bf4c494e1b7fd80e7b6ae6,false,portable,c-programs,c-programs/periodic-setitimer-delivery,verify,sabre,expansion,pass,pass,stripped-verify-l2,pass,stdout-sha256,TIER-1-AT-BEST,CONTRACT-UNAVAILABLE
1fadc03779f2a246a9b5af5d4a93533511c837df,dd3c178ea9553004d7bf4c494e1b7fd80e7b6ae6,false,portable,c-programs,c-programs/pidfd-open-self,verify,sabre,expansion,pass,pass,stripped-verify-l2,pass,stdout-sha256,TIER-1-AT-BEST,CONTRACT-UNAVAILABLE
1fadc03779f2a246a9b5af5d4a93533511c837df,dd3c178ea9553004d7bf4c494e1b7fd80e7b6ae6,false,portable,c-programs,c-programs/pidfd-poll-self,verify,sabre,expansion,pass,pass,stripped-verify-l2,pass,stdout-sha256,TIER-1-AT-BEST,CONTRACT-UNAVAILABLE
1fadc03779f2a246a9b5af5d4a93533511c837df,dd3c178ea9553004d7bf4c494e1b7fd80e7b6ae6,false,portable,c-programs,c-programs/pidfd-waitid-child,verify,sabre,expansion,diverge,fail,stripped-verify-l2,fail,stdout-sha256,TIER-0-FAIL,CONTRACT-UNAVAILABLE
1fadc03779f2a246a9b5af5d4a93533511c837df,dd3c178ea9553004d7bf4c494e1b7fd80e7b6ae6,false,portable,c-programs,c-programs/ppoll-readv,verify,sabre,expansion,pass,pass,stripped-verify-l2,pass,stdout-sha256,TIER-1-AT-BEST,CONTRACT-UNAVAILABLE
1fadc03779f2a246a9b5af5d4a93533511c837df,dd3c178ea9553004d7bf4c494e1b7fd80e7b6ae6,false,portable,c-programs,c-programs/ppoll-simulation,verify,sabre,expansion,pass,pass,stripped-verify-l2,pass,stdout-sha256,TIER-1-AT-BEST,CONTRACT-UNAVAILABLE
1fadc03779f2a246a9b5af5d4a93533511c837df,dd3c178ea9553004d7bf4c494e1b7fd80e7b6ae6,false,portable,c-programs,c-programs/prctl-dumpable,verify,sabre,expansion,pass,pass,stripped-verify-l2,pass,stdout-sha256,TIER-1-AT-BEST,CONTRACT-UNAVAILABLE
1fadc03779f2a246a9b5af5d4a93533511c837df,dd3c178ea9553004d7bf4c494e1b7fd80e7b6ae6,false,portable,c-programs,c-programs/pread64-nostdlib,verify,sabre,expansion,diverge,fail,stripped-verify-l2,fail,stdout-sha256,TIER-0-FAIL,CONTRACT-UNAVAILABLE
1fadc03779f2a246a9b5af5d4a93533511c837df,dd3c178ea9553004d7bf4c494e1b7fd80e7b6ae6,false,portable,c-programs,c-programs/print-memaddrs,verify,sabre,expansion,pass,pass,stripped-verify-l2,fail,stdout-sha256,TIER-0-FAIL,CONTRACT-UNAVAILABLE
1fadc03779f2a246a9b5af5d4a93533511c837df,dd3c178ea9553004d7bf4c494e1b7fd80e7b6ae6,false,portable,c-programs,c-programs/printf-with-threads,verify,sabre,expansion,pass,pass,stripped-verify-l2,pass,stdout-sha256,TIER-1-AT-BEST,CONTRACT-UNAVAILABLE
1fadc03779f2a246a9b5af5d4a93533511c837df,dd3c178ea9553004d7bf4c494e1b7fd80e7b6ae6,false,portable,c-programs,c-programs/proc-fd-link-aliases,verify,sabre,expansion,pass,pass,stripped-verify-l2,pass,stdout-sha256,TIER-1-AT-BEST,CONTRACT-UNAVAILABLE
1fadc03779f2a246a9b5af5d4a93533511c837df,dd3c178ea9553004d7bf4c494e1b7fd80e7b6ae6,false,portable,c-programs,c-programs/proc-fdinfo,verify,sabre,expansion,pass,pass,stripped-verify-l2,fail,stdout-sha256,TIER-0-FAIL,CONTRACT-UNAVAILABLE
1fadc03779f2a246a9b5af5d4a93533511c837df,dd3c178ea9553004d7bf4c494e1b7fd80e7b6ae6,false,portable,c-programs,c-programs/proc-locks,verify,sabre,expansion,pass,pass,stripped-verify-l2,pass,stdout-sha256,TIER-1-AT-BEST,CONTRACT-UNAVAILABLE
1fadc03779f2a246a9b5af5d4a93533511c837df,dd3c178ea9553004d7bf4c494e1b7fd80e7b6ae6,false,portable,c-programs,c-programs/process-mrelease-enosys,verify,sabre,expansion,pass,pass,stripped-verify-l2,pass,stdout-sha256,TIER-1-AT-BEST,CONTRACT-UNAVAILABLE
1fadc03779f2a246a9b5af5d4a93533511c837df,dd3c178ea9553004d7bf4c494e1b7fd80e7b6ae6,false,portable,c-programs,c-programs/process-vm-readv-refusal-probe,verify,sabre,expansion,pass,pass,stripped-verify-l2,pass,stdout-sha256,TIER-1-AT-BEST,CONTRACT-UNAVAILABLE
1fadc03779f2a246a9b5af5d4a93533511c837df,dd3c178ea9553004d7bf4c494e1b7fd80e7b6ae6,false,portable,c-programs,c-programs/process-vm-writev-refusal-probe,verify,sabre,expansion,pass,pass,stripped-verify-l2,pass,stdout-sha256,TIER-1-AT-BEST,CONTRACT-UNAVAILABLE
1fadc03779f2a246a9b5af5d4a93533511c837df,dd3c178ea9553004d7bf4c494e1b7fd80e7b6ae6,false,portable,c-programs,c-programs/procfs-positioned-probe,verify,sabre,expansion,pass,pass,stripped-verify-l2,pass,stdout-sha256,TIER-1-AT-BEST,CONTRACT-UNAVAILABLE
1fadc03779f2a246a9b5af5d4a93533511c837df,dd3c178ea9553004d7bf4c494e1b7fd80e7b6ae6,false,portable,c-programs,c-programs/prodcons-determinism,verify,sabre,expansion,pass,pass,stripped-verify-l2,pass,stdout-sha256,TIER-1-AT-BEST,CONTRACT-UNAVAILABLE
1fadc03779f2a246a9b5af5d4a93533511c837df,dd3c178ea9553004d7bf4c494e1b7fd80e7b6ae6,false,portable,c-programs,c-programs/pselect6-simulation,verify,sabre,expansion,diverge,fail,stripped-verify-l2,fail,stdout-sha256,TIER-0-FAIL,CONTRACT-UNAVAILABLE
1fadc03779f2a246a9b5af5d4a93533511c837df,dd3c178ea9553004d7bf4c494e1b7fd80e7b6ae6,false,portable,c-programs,c-programs/ptrace-attach-eperm,verify,sabre,expansion,diverge,fail,stripped-verify-l2,fail,stdout-sha256,TIER-0-FAIL,CONTRACT-UNAVAILABLE
1fadc03779f2a246a9b5af5d4a93533511c837df,dd3c178ea9553004d7bf4c494e1b7fd80e7b6ae6,false,portable,c-programs,c-programs/ptrace-eperm,verify,sabre,expansion,pass,pass,stripped-verify-l2,pass,stdout-sha256,TIER-1-AT-BEST,CONTRACT-UNAVAILABLE
1fadc03779f2a246a9b5af5d4a93533511c837df,dd3c178ea9553004d7bf4c494e1b7fd80e7b6ae6,false,portable,c-programs,c-programs/ptrace-seize-eperm,verify,sabre,expansion,diverge,fail,stripped-verify-l2,fail,stdout-sha256,TIER-0-FAIL,CONTRACT-UNAVAILABLE
1fadc03779f2a246a9b5af5d4a93533511c837df,dd3c178ea9553004d7bf4c494e1b7fd80e7b6ae6,false,portable,c-programs,c-programs/ptrace-traceme-eperm,verify,sabre,expansion,pass,pass,stripped-verify-l2,pass,stdout-sha256,TIER-1-AT-BEST,CONTRACT-UNAVAILABLE
1fadc03779f2a246a9b5af5d4a93533511c837df,dd3c178ea9553004d7bf4c494e1b7fd80e7b6ae6,false,portable,c-programs,c-programs/pty-nr-count,verify,sabre,expansion,pass,pass,stripped-verify-l2,pass,stdout-sha256,TIER-1-AT-BEST,CONTRACT-UNAVAILABLE
1fadc03779f2a246a9b5af5d4a93533511c837df,dd3c178ea9553004d7bf4c494e1b7fd80e7b6ae6,false,portable,c-programs,c-programs/racewrite-nostdlib,verify,sabre,expansion,diverge,fail,stripped-verify-l2,fail,stdout-sha256,TIER-0-FAIL,CONTRACT-UNAVAILABLE
1fadc03779f2a246a9b5af5d4a93533511c837df,dd3c178ea9553004d7bf4c494e1b7fd80e7b6ae6,false,portable,c-programs,c-programs/random-sources,verify,sabre,expansion,pass,pass,stripped-verify-l2,fail,stdout-sha256,TIER-0-FAIL,CONTRACT-UNAVAILABLE
1fadc03779f2a246a9b5af5d4a93533511c837df,dd3c178ea9553004d7bf4c494e1b7fd80e7b6ae6,false,portable,c-programs,c-programs/rcx-canonicalization,verify,sabre,expansion,pass,pass,stripped-verify-l2,pass,stdout-sha256,TIER-1-AT-BEST,CONTRACT-UNAVAILABLE
1fadc03779f2a246a9b5af5d4a93533511c837df,dd3c178ea9553004d7bf4c494e1b7fd80e7b6ae6,false,portable,c-programs,c-programs/record-replay-fd-close,verify,sabre,expansion,pass,pass,stripped-verify-l2,pass,stdout-sha256,TIER-1-AT-BEST,CONTRACT-UNAVAILABLE
1fadc03779f2a246a9b5af5d4a93533511c837df,dd3c178ea9553004d7bf4c494e1b7fd80e7b6ae6,false,portable,c-programs,c-programs/record-replay-file-state,verify,sabre,expansion,diverge,fail,stripped-verify-l2,fail,stdout-sha256,TIER-0-FAIL,CONTRACT-UNAVAILABLE
1fadc03779f2a246a9b5af5d4a93533511c837df,dd3c178ea9553004d7bf4c494e1b7fd80e7b6ae6,false,portable,c-programs,c-programs/record-replay-lseek-seek-cur,verify,sabre,expansion,diverge,fail,stripped-verify-l2,NO-RESULT-UNMEASURED,stdout-sha256,NO-RESULT-UNMEASURED,CONTRACT-UNAVAILABLE
1fadc03779f2a246a9b5af5d4a93533511c837df,dd3c178ea9553004d7bf4c494e1b7fd80e7b6ae6,false,portable,c-programs,c-programs/record-replay-setsockopt,verify,sabre,expansion,pass,pass,stripped-verify-l2,pass,stdout-sha256,TIER-1-AT-BEST,CONTRACT-UNAVAILABLE
1fadc03779f2a246a9b5af5d4a93533511c837df,dd3c178ea9553004d7bf4c494e1b7fd80e7b6ae6,false,portable,c-programs,c-programs/recvmsg-scm-rights-mmap,verify,sabre,expansion,pass,pass,stripped-verify-l2,pass,stdout-sha256,TIER-1-AT-BEST,CONTRACT-UNAVAILABLE
1fadc03779f2a246a9b5af5d4a93533511c837df,dd3c178ea9553004d7bf4c494e1b7fd80e7b6ae6,false,portable,c-programs,c-programs/remap-file-pages-anonymous-enosys,verify,sabre,expansion,pass,pass,stripped-verify-l2,pass,stdout-sha256,TIER-1-AT-BEST,CONTRACT-UNAVAILABLE
1fadc03779f2a246a9b5af5d4a93533511c837df,dd3c178ea9553004d7bf4c494e1b7fd80e7b6ae6,false,portable,c-programs,c-programs/remap-file-pages-memfd-enosys,verify,sabre,expansion,pass,pass,stripped-verify-l2,pass,stdout-sha256,TIER-1-AT-BEST,CONTRACT-UNAVAILABLE
1fadc03779f2a246a9b5af5d4a93533511c837df,dd3c178ea9553004d7bf4c494e1b7fd80e7b6ae6,false,portable,c-programs,c-programs/remap-file-pages-tmpfile-enosys,verify,sabre,expansion,pass,pass,stripped-verify-l2,pass,stdout-sha256,TIER-1-AT-BEST,CONTRACT-UNAVAILABLE
1fadc03779f2a246a9b5af5d4a93533511c837df,dd3c178ea9553004d7bf4c494e1b7fd80e7b6ae6,false,portable,c-programs,c-programs/request-key-enosys,verify,sabre,expansion,pass,pass,stripped-verify-l2,pass,stdout-sha256,TIER-1-AT-BEST,CONTRACT-UNAVAILABLE
1fadc03779f2a246a9b5af5d4a93533511c837df,dd3c178ea9553004d7bf4c494e1b7fd80e7b6ae6,false,portable,c-programs,c-programs/resource-determinism,verify,sabre,expansion,diverge,fail,stripped-verify-l2,fail,stdout-sha256,TIER-0-FAIL,CONTRACT-UNAVAILABLE
1fadc03779f2a246a9b5af5d4a93533511c837df,dd3c178ea9553004d7bf4c494e1b7fd80e7b6ae6,false,portable,c-programs,c-programs/sched-setattr-batch,verify,sabre,expansion,pass,pass,stripped-verify-l2,pass,stdout-sha256,TIER-1-AT-BEST,CONTRACT-UNAVAILABLE
1fadc03779f2a246a9b5af5d4a93533511c837df,dd3c178ea9553004d7bf4c494e1b7fd80e7b6ae6,false,portable,c-programs,c-programs/sched-setattr-idle,verify,sabre,expansion,pass,pass,stripped-verify-l2,pass,stdout-sha256,TIER-1-AT-BEST,CONTRACT-UNAVAILABLE
1fadc03779f2a246a9b5af5d4a93533511c837df,dd3c178ea9553004d7bf4c494e1b7fd80e7b6ae6,false,portable,c-programs,c-programs/sched-setattr-other,verify,sabre,expansion,pass,pass,stripped-verify-l2,pass,stdout-sha256,TIER-1-AT-BEST,CONTRACT-UNAVAILABLE
1fadc03779f2a246a9b5af5d4a93533511c837df,dd3c178ea9553004d7bf4c494e1b7fd80e7b6ae6,false,portable,c-programs,c-programs/sched-yield-progress,verify,sabre,expansion,pass,pass,stripped-verify-l2,pass,stdout-sha256,TIER-1-AT-BEST,CONTRACT-UNAVAILABLE
1fadc03779f2a246a9b5af5d4a93533511c837df,dd3c178ea9553004d7bf4c494e1b7fd80e7b6ae6,false,portable,c-programs,c-programs/scheduler-policy-queries,verify,sabre,expansion,pass,pass,stripped-verify-l2,pass,stdout-sha256,TIER-1-AT-BEST,CONTRACT-UNAVAILABLE
1fadc03779f2a246a9b5af5d4a93533511c837df,dd3c178ea9553004d7bf4c494e1b7fd80e7b6ae6,false,portable,c-programs,c-programs/setitimer-determinism,verify,sabre,expansion,pass,pass,stripped-verify-l2,fail,stdout-sha256,TIER-0-FAIL,CONTRACT-UNAVAILABLE
1fadc03779f2a246a9b5af5d4a93533511c837df,dd3c178ea9553004d7bf4c494e1b7fd80e7b6ae6,false,portable,c-programs,c-programs/sigmask-preemption,verify,sabre,expansion,pass,pass,stripped-verify-l2,pass,stdout-sha256,TIER-1-AT-BEST,CONTRACT-UNAVAILABLE
1fadc03779f2a246a9b5af5d4a93533511c837df,dd3c178ea9553004d7bf4c494e1b7fd80e7b6ae6,false,portable,c-programs,c-programs/signal-determinism,verify,sabre,expansion,diverge,fail,stripped-verify-l2,NO-RESULT-UNMEASURED,stdout-sha256,NO-RESULT-UNMEASURED,CONTRACT-UNAVAILABLE
1fadc03779f2a246a9b5af5d4a93533511c837df,dd3c178ea9553004d7bf4c494e1b7fd80e7b6ae6,false,portable,c-programs,c-programs/sigpipe-siginfo,verify,sabre,expansion,diverge,fail,stripped-verify-l2,fail,stdout-sha256,TIER-0-FAIL,CONTRACT-UNAVAILABLE
1fadc03779f2a246a9b5af5d4a93533511c837df,dd3c178ea9553004d7bf4c494e1b7fd80e7b6ae6,false,portable,c-programs,c-programs/sigtimedwait-no-timeout,verify,sabre,expansion,timeout,fail,stripped-verify-l2,fail,stdout-sha256,TIER-0-FAIL,CONTRACT-UNAVAILABLE
1fadc03779f2a246a9b5af5d4a93533511c837df,dd3c178ea9553004d7bf4c494e1b7fd80e7b6ae6,false,portable,c-programs,c-programs/sigtimedwait-timeout-0s,verify,sabre,expansion,pass,pass,stripped-verify-l2,pass,stdout-sha256,TIER-1-AT-BEST,CONTRACT-UNAVAILABLE
1fadc03779f2a246a9b5af5d4a93533511c837df,dd3c178ea9553004d7bf4c494e1b7fd80e7b6ae6,false,portable,c-programs,c-programs/sigtimedwait-timeout-1s,verify,sabre,expansion,pass,pass,stripped-verify-l2,fail,stdout-sha256,TIER-0-FAIL,CONTRACT-UNAVAILABLE
1fadc03779f2a246a9b5af5d4a93533511c837df,dd3c178ea9553004d7bf4c494e1b7fd80e7b6ae6,false,portable,c-programs,c-programs/so-incoming-cpu-tcp4,verify,sabre,expansion,pass,pass,stripped-verify-l2,pass,stdout-sha256,TIER-1-AT-BEST,CONTRACT-UNAVAILABLE
1fadc03779f2a246a9b5af5d4a93533511c837df,dd3c178ea9553004d7bf4c494e1b7fd80e7b6ae6,false,portable,c-programs,c-programs/so-incoming-cpu-tcp6,verify,sabre,expansion,pass,pass,stripped-verify-l2,pass,stdout-sha256,TIER-1-AT-BEST,CONTRACT-UNAVAILABLE
1fadc03779f2a246a9b5af5d4a93533511c837df,dd3c178ea9553004d7bf4c494e1b7fd80e7b6ae6,false,portable,c-programs,c-programs/so-incoming-cpu-udp4,verify,sabre,expansion,pass,pass,stripped-verify-l2,pass,stdout-sha256,TIER-1-AT-BEST,CONTRACT-UNAVAILABLE
1fadc03779f2a246a9b5af5d4a93533511c837df,dd3c178ea9553004d7bf4c494e1b7fd80e7b6ae6,false,portable,c-programs,c-programs/socket-cookie-tcp,verify,sabre,expansion,pass,pass,stripped-verify-l2,pass,stdout-sha256,TIER-1-AT-BEST,CONTRACT-UNAVAILABLE
1fadc03779f2a246a9b5af5d4a93533511c837df,dd3c178ea9553004d7bf4c494e1b7fd80e7b6ae6,false,portable,c-programs,c-programs/socket-cookie-udp,verify,sabre,expansion,pass,pass,stripped-verify-l2,pass,stdout-sha256,TIER-1-AT-BEST,CONTRACT-UNAVAILABLE
1fadc03779f2a246a9b5af5d4a93533511c837df,dd3c178ea9553004d7bf4c494e1b7fd80e7b6ae6,false,portable,c-programs,c-programs/socket-cookie-unix,verify,sabre,expansion,pass,pass,stripped-verify-l2,pass,stdout-sha256,TIER-1-AT-BEST,CONTRACT-UNAVAILABLE
1fadc03779f2a246a9b5af5d4a93533511c837df,dd3c178ea9553004d7bf4c494e1b7fd80e7b6ae6,false,portable,c-programs,c-programs/socket-ioctl-timestamp,verify,sabre,expansion,diverge,fail,stripped-verify-l2,NO-RESULT-UNMEASURED,stdout-sha256,NO-RESULT-UNMEASURED,CONTRACT-UNAVAILABLE
1fadc03779f2a246a9b5af5d4a93533511c837df,dd3c178ea9553004d7bf4c494e1b7fd80e7b6ae6,false,portable,c-programs,c-programs/socket-timestamp-edge-cases,verify,sabre,expansion,pass,pass,stripped-verify-l2,pass,stdout-sha256,TIER-1-AT-BEST,CONTRACT-UNAVAILABLE
1fadc03779f2a246a9b5af5d4a93533511c837df,dd3c178ea9553004d7bf4c494e1b7fd80e7b6ae6,false,portable,c-programs,c-programs/socket-timestamp-timespec,verify,sabre,expansion,pass,pass,stripped-verify-l2,pass,stdout-sha256,TIER-1-AT-BEST,CONTRACT-UNAVAILABLE
1fadc03779f2a246a9b5af5d4a93533511c837df,dd3c178ea9553004d7bf4c494e1b7fd80e7b6ae6,false,portable,c-programs,c-programs/socket-timestamp-timeval,verify,sabre,expansion,pass,pass,stripped-verify-l2,pass,stdout-sha256,TIER-1-AT-BEST,CONTRACT-UNAVAILABLE
1fadc03779f2a246a9b5af5d4a93533511c837df,dd3c178ea9553004d7bf4c494e1b7fd80e7b6ae6,false,portable,c-programs,c-programs/splice-enosys,verify,sabre,expansion,pass,pass,stripped-verify-l2,pass,stdout-sha256,TIER-1-AT-BEST,CONTRACT-UNAVAILABLE
1fadc03779f2a246a9b5af5d4a93533511c837df,dd3c178ea9553004d7bf4c494e1b7fd80e7b6ae6,false,portable,c-programs,c-programs/statmount-enosys,verify,sabre,expansion,pass,pass,stripped-verify-l2,pass,stdout-sha256,TIER-1-AT-BEST,CONTRACT-UNAVAILABLE
1fadc03779f2a246a9b5af5d4a93533511c837df,dd3c178ea9553004d7bf4c494e1b7fd80e7b6ae6,false,portable,c-programs,c-programs/syscall-file-io,verify,sabre,expansion,pass,pass,stripped-verify-l2,pass,stdout-sha256,TIER-1-AT-BEST,CONTRACT-UNAVAILABLE
1fadc03779f2a246a9b5af5d4a93533511c837df,dd3c178ea9553004d7bf4c494e1b7fd80e7b6ae6,false,portable,c-programs,c-programs/syscall-file-metadata,verify,sabre,expansion,pass,pass,stripped-verify-l2,pass,stdout-sha256,TIER-1-AT-BEST,CONTRACT-UNAVAILABLE
1fadc03779f2a246a9b5af5d4a93533511c837df,dd3c178ea9553004d7bf4c494e1b7fd80e7b6ae6,false,portable,c-programs,c-programs/syscall-quick-wins,verify,sabre,expansion,pass,pass,stripped-verify-l2,pass,stdout-sha256,TIER-1-AT-BEST,CONTRACT-UNAVAILABLE
1fadc03779f2a246a9b5af5d4a93533511c837df,dd3c178ea9553004d7bf4c494e1b7fd80e7b6ae6,false,portable,c-programs,c-programs/sysfs-enosys,verify,sabre,expansion,pass,pass,stripped-verify-l2,pass,stdout-sha256,TIER-1-AT-BEST,CONTRACT-UNAVAILABLE
1fadc03779f2a246a9b5af5d4a93533511c837df,dd3c178ea9553004d7bf4c494e1b7fd80e7b6ae6,false,portable,c-programs,c-programs/sysinfo,verify,sabre,expansion,pass,pass,stripped-verify-l2,fail,stdout-sha256,TIER-0-FAIL,CONTRACT-UNAVAILABLE
1fadc03779f2a246a9b5af5d4a93533511c837df,dd3c178ea9553004d7bf4c494e1b7fd80e7b6ae6,false,portable,c-programs,c-programs/sysinfo-uptime,verify,sabre,expansion,pass,pass,stripped-verify-l2,fail,stdout-sha256,TIER-0-FAIL,CONTRACT-UNAVAILABLE
1fadc03779f2a246a9b5af5d4a93533511c837df,dd3c178ea9553004d7bf4c494e1b7fd80e7b6ae6,false,portable,c-programs,c-programs/syslog-deterministic,verify,sabre,expansion,pass,pass,stripped-verify-l2,pass,stdout-sha256,TIER-1-AT-BEST,CONTRACT-UNAVAILABLE
1fadc03779f2a246a9b5af5d4a93533511c837df,dd3c178ea9553004d7bf4c494e1b7fd80e7b6ae6,false,portable,c-programs,c-programs/sysv-sem-enosys,verify,sabre,expansion,pass,pass,stripped-verify-l2,pass,stdout-sha256,TIER-1-AT-BEST,CONTRACT-UNAVAILABLE
1fadc03779f2a246a9b5af5d4a93533511c837df,dd3c178ea9553004d7bf4c494e1b7fd80e7b6ae6,false,portable,c-programs,c-programs/sysv-shm-enosys,verify,sabre,expansion,pass,pass,stripped-verify-l2,pass,stdout-sha256,TIER-1-AT-BEST,CONTRACT-UNAVAILABLE
1fadc03779f2a246a9b5af5d4a93533511c837df,dd3c178ea9553004d7bf4c494e1b7fd80e7b6ae6,false,portable,c-programs,c-programs/tcp-info-accept4,verify,sabre,expansion,pass,pass,stripped-verify-l2,pass,stdout-sha256,TIER-1-AT-BEST,CONTRACT-UNAVAILABLE
1fadc03779f2a246a9b5af5d4a93533511c837df,dd3c178ea9553004d7bf4c494e1b7fd80e7b6ae6,false,portable,c-programs,c-programs/tcp-info-accept6,verify,sabre,expansion,pass,pass,stripped-verify-l2,pass,stdout-sha256,TIER-1-AT-BEST,CONTRACT-UNAVAILABLE
1fadc03779f2a246a9b5af5d4a93533511c837df,dd3c178ea9553004d7bf4c494e1b7fd80e7b6ae6,false,portable,c-programs,c-programs/tcp-info-client4,verify,sabre,expansion,pass,pass,stripped-verify-l2,pass,stdout-sha256,TIER-1-AT-BEST,CONTRACT-UNAVAILABLE
1fadc03779f2a246a9b5af5d4a93533511c837df,dd3c178ea9553004d7bf4c494e1b7fd80e7b6ae6,false,portable,c-programs,c-programs/tee-enosys,verify,sabre,expansion,pass,pass,stripped-verify-l2,pass,stdout-sha256,TIER-1-AT-BEST,CONTRACT-UNAVAILABLE
1fadc03779f2a246a9b5af5d4a93533511c837df,dd3c178ea9553004d7bf4c494e1b7fd80e7b6ae6,false,portable,c-programs,c-programs/thread-self-procfs-handoff,verify,sabre,expansion,pass,pass,stripped-verify-l2,pass,stdout-sha256,TIER-1-AT-BEST,CONTRACT-UNAVAILABLE
1fadc03779f2a246a9b5af5d4a93533511c837df,dd3c178ea9553004d7bf4c494e1b7fd80e7b6ae6,false,portable,c-programs,c-programs/thread-sync-determinism,verify,sabre,expansion,diverge,fail,stripped-verify-l2,NO-RESULT-UNMEASURED,stdout-sha256,NO-RESULT-UNMEASURED,CONTRACT-UNAVAILABLE
1fadc03779f2a246a9b5af5d4a93533511c837df,dd3c178ea9553004d7bf4c494e1b7fd80e7b6ae6,false,portable,c-programs,c-programs/threadexhaustion,verify,sabre,expansion,pass,pass,stripped-verify-l2,pass,stdout-sha256,TIER-1-AT-BEST,CONTRACT-UNAVAILABLE
1fadc03779f2a246a9b5af5d4a93533511c837df,dd3c178ea9553004d7bf4c494e1b7fd80e7b6ae6,false,portable,c-programs,c-programs/timer-create-determinism,verify,sabre,expansion,pass,pass,stripped-verify-l2,pass,stdout-sha256,TIER-1-AT-BEST,CONTRACT-UNAVAILABLE
1fadc03779f2a246a9b5af5d4a93533511c837df,dd3c178ea9553004d7bf4c494e1b7fd80e7b6ae6,false,portable,c-programs,c-programs/uname,verify,sabre,expansion,pass,pass,stripped-verify-l2,pass,stdout-sha256,TIER-1-AT-BEST,CONTRACT-UNAVAILABLE
1fadc03779f2a246a9b5af5d4a93533511c837df,dd3c178ea9553004d7bf4c494e1b7fd80e7b6ae6,false,portable,c-programs,c-programs/unix-autobind-dgram,verify,sabre,expansion,pass,pass,stripped-verify-l2,pass,stdout-sha256,TIER-1-AT-BEST,CONTRACT-UNAVAILABLE
1fadc03779f2a246a9b5af5d4a93533511c837df,dd3c178ea9553004d7bf4c494e1b7fd80e7b6ae6,false,portable,c-programs,c-programs/unix-autobind-seqpacket,verify,sabre,expansion,pass,pass,stripped-verify-l2,pass,stdout-sha256,TIER-1-AT-BEST,CONTRACT-UNAVAILABLE
1fadc03779f2a246a9b5af5d4a93533511c837df,dd3c178ea9553004d7bf4c494e1b7fd80e7b6ae6,false,portable,c-programs,c-programs/unix-autobind-stream,verify,sabre,expansion,pass,pass,stripped-verify-l2,pass,stdout-sha256,TIER-1-AT-BEST,CONTRACT-UNAVAILABLE
1fadc03779f2a246a9b5af5d4a93533511c837df,dd3c178ea9553004d7bf4c494e1b7fd80e7b6ae6,false,portable,c-programs,c-programs/ustat-enosys,verify,sabre,expansion,pass,pass,stripped-verify-l2,pass,stdout-sha256,TIER-1-AT-BEST,CONTRACT-UNAVAILABLE
1fadc03779f2a246a9b5af5d4a93533511c837df,dd3c178ea9553004d7bf4c494e1b7fd80e7b6ae6,false,portable,c-programs,c-programs/vforkexec,verify,sabre,expansion,timeout,fail,stripped-verify-l2,fail,stdout-sha256,TIER-0-FAIL,CONTRACT-UNAVAILABLE
1fadc03779f2a246a9b5af5d4a93533511c837df,dd3c178ea9553004d7bf4c494e1b7fd80e7b6ae6,false,portable,c-programs,c-programs/vmsplice-enosys,verify,sabre,expansion,pass,pass,stripped-verify-l2,pass,stdout-sha256,TIER-1-AT-BEST,CONTRACT-UNAVAILABLE
1fadc03779f2a246a9b5af5d4a93533511c837df,dd3c178ea9553004d7bf4c494e1b7fd80e7b6ae6,false,portable,c-programs,c-programs/wait-on-child,verify,sabre,expansion,diverge,fail,stripped-verify-l2,fail,stdout-sha256,TIER-0-FAIL,CONTRACT-UNAVAILABLE
1fadc03779f2a246a9b5af5d4a93533511c837df,dd3c178ea9553004d7bf4c494e1b7fd80e7b6ae6,false,portable,c-programs,c-programs/writev-determinism,verify,sabre,expansion,timeout,fail,stripped-verify-l2,fail,stdout-sha256,TIER-0-FAIL,CONTRACT-UNAVAILABLE
1fadc03779f2a246a9b5af5d4a93533511c837df,dd3c178ea9553004d7bf4c494e1b7fd80e7b6ae6,false,portable,chaos-c,chaos-c/lock-granularity,verify,sabre,expansion,pass,pass,stripped-verify-l2,pass,stdout-sha256,TIER-1-AT-BEST,CONTRACT-UNAVAILABLE
1fadc03779f2a246a9b5af5d4a93533511c837df,dd3c178ea9553004d7bf4c494e1b7fd80e7b6ae6,false,portable,data-handling,data-handling/archive-roundtrip,verify,sabre,expansion,diverge,fail,stripped-verify-l2,NO-RESULT-UNMEASURED,stdout-sha256,NO-RESULT-UNMEASURED,CONTRACT-UNAVAILABLE
1fadc03779f2a246a9b5af5d4a93533511c837df,dd3c178ea9553004d7bf4c494e1b7fd80e7b6ae6,false,portable,data-handling,data-handling/shell-pipeline,verify,sabre,expansion,diverge,fail,stripped-verify-l2,NO-RESULT-UNMEASURED,stdout-sha256,NO-RESULT-UNMEASURED,CONTRACT-UNAVAILABLE
1fadc03779f2a246a9b5af5d4a93533511c837df,dd3c178ea9553004d7bf4c494e1b7fd80e7b6ae6,false,portable,debugger-c,debugger-c/debuggee,verify,sabre,expansion,pass,pass,stripped-verify-l2,pass,stdout-sha256,TIER-1-AT-BEST,CONTRACT-UNAVAILABLE
1fadc03779f2a246a9b5af5d4a93533511c837df,dd3c178ea9553004d7bf4c494e1b7fd80e7b6ae6,false,portable,determinism-stress,determinism-stress/example-race,verify,sabre,expansion,pass,pass,stripped-verify-l2,pass,stdout-sha256,TIER-1-AT-BEST,CONTRACT-UNAVAILABLE
1fadc03779f2a246a9b5af5d4a93533511c837df,dd3c178ea9553004d7bf4c494e1b7fd80e7b6ae6,false,portable,determinism-stress,determinism-stress/order-violation,verify,sabre,expansion,pass,pass,stripped-verify-l2,pass,stdout-sha256,TIER-1-AT-BEST,CONTRACT-UNAVAILABLE
1fadc03779f2a246a9b5af5d4a93533511c837df,dd3c178ea9553004d7bf4c494e1b7fd80e7b6ae6,false,portable,determinism-stress,determinism-stress/process-chains,verify,sabre,expansion,diverge,fail,stripped-verify-l2,NO-RESULT-UNMEASURED,stdout-sha256,NO-RESULT-UNMEASURED,CONTRACT-UNAVAILABLE
1fadc03779f2a246a9b5af5d4a93533511c837df,dd3c178ea9553004d7bf4c494e1b7fd80e7b6ae6,false,portable,determinism-stress,determinism-stress/thread-contention,verify,sabre,expansion,diverge,fail,stripped-verify-l2,NO-RESULT-UNMEASURED,stdout-sha256,NO-RESULT-UNMEASURED,CONTRACT-UNAVAILABLE
1fadc03779f2a246a9b5af5d4a93533511c837df,dd3c178ea9553004d7bf4c494e1b7fd80e7b6ae6,false,portable,determinism-stress,determinism-stress/thread-output,verify,sabre,expansion,pass,pass,stripped-verify-l2,pass,stdout-sha256,TIER-1-AT-BEST,CONTRACT-UNAVAILABLE
1fadc03779f2a246a9b5af5d4a93533511c837df,dd3c178ea9553004d7bf4c494e1b7fd80e7b6ae6,false,portable,determinism-stress-c,determinism-stress-c/fork-tree,verify,sabre,expansion,diverge,fail,stripped-verify-l2,fail,stdout-sha256,TIER-0-FAIL,CONTRACT-UNAVAILABLE
1fadc03779f2a246a9b5af5d4a93533511c837df,dd3c178ea9553004d7bf4c494e1b7fd80e7b6ae6,false,portable,determinism-stress-c,determinism-stress-c/lock-free,verify,sabre,expansion,pass,pass,stripped-verify-l2,pass,stdout-sha256,TIER-1-AT-BEST,CONTRACT-UNAVAILABLE
1fadc03779f2a246a9b5af5d4a93533511c837df,dd3c178ea9553004d7bf4c494e1b7fd80e7b6ae6,false,portable,determinism-stress-c,determinism-stress-c/mmap-fork-shared,verify,sabre,expansion,diverge,fail,stripped-verify-l2,fail,stdout-sha256,TIER-0-FAIL,CONTRACT-UNAVAILABLE
1fadc03779f2a246a9b5af5d4a93533511c837df,dd3c178ea9553004d7bf4c494e1b7fd80e7b6ae6,false,portable,determinism-stress-c,determinism-stress-c/pid-tid,verify,sabre,expansion,diverge,fail,stripped-verify-l2,fail,stdout-sha256,TIER-0-FAIL,CONTRACT-UNAVAILABLE
1fadc03779f2a246a9b5af5d4a93533511c837df,dd3c178ea9553004d7bf4c494e1b7fd80e7b6ae6,false,portable,determinism-stress-c,determinism-stress-c/pipe-chain,verify,sabre,expansion,diverge,fail,stripped-verify-l2,fail,stdout-sha256,TIER-0-FAIL,CONTRACT-UNAVAILABLE
1fadc03779f2a246a9b5af5d4a93533511c837df,dd3c178ea9553004d7bf4c494e1b7fd80e7b6ae6,false,portable,determinism-stress-c,determinism-stress-c/pipe-prefill,verify,sabre,expansion,diverge,fail,stripped-verify-l2,fail,stdout-sha256,TIER-0-FAIL,CONTRACT-UNAVAILABLE
1fadc03779f2a246a9b5af5d4a93533511c837df,dd3c178ea9553004d7bf4c494e1b7fd80e7b6ae6,false,portable,determinism-stress-c,determinism-stress-c/producer-consumer,verify,sabre,expansion,pass,pass,stripped-verify-l2,pass,stdout-sha256,TIER-1-AT-BEST,CONTRACT-UNAVAILABLE
1fadc03779f2a246a9b5af5d4a93533511c837df,dd3c178ea9553004d7bf4c494e1b7fd80e7b6ae6,false,portable,determinism-stress-c,determinism-stress-c/signal-order,verify,sabre,expansion,pass,pass,stripped-verify-l2,pass,stdout-sha256,TIER-1-AT-BEST,CONTRACT-UNAVAILABLE
1fadc03779f2a246a9b5af5d4a93533511c837df,dd3c178ea9553004d7bf4c494e1b7fd80e7b6ae6,false,portable,determinism-stress-c,determinism-stress-c/thread-contention,verify,sabre,expansion,diverge,fail,stripped-verify-l2,NO-RESULT-UNMEASURED,stdout-sha256,NO-RESULT-UNMEASURED,CONTRACT-UNAVAILABLE
1fadc03779f2a246a9b5af5d4a93533511c837df,dd3c178ea9553004d7bf4c494e1b7fd80e7b6ae6,false,portable,determinism-stress-c,determinism-stress-c/thread-stress,verify,sabre,expansion,pass,pass,stripped-verify-l2,pass,stdout-sha256,TIER-1-AT-BEST,CONTRACT-UNAVAILABLE
1fadc03779f2a246a9b5af5d4a93533511c837df,dd3c178ea9553004d7bf4c494e1b7fd80e7b6ae6,false,portable,language-runtimes,language-runtimes/bash-loop-pipe-time,verify,sabre,expansion,diverge,fail,stripped-verify-l2,fail,stdout-sha256,TIER-0-FAIL,CONTRACT-UNAVAILABLE
1fadc03779f2a246a9b5af5d4a93533511c837df,dd3c178ea9553004d7bf4c494e1b7fd80e7b6ae6,false,portable,language-runtimes,language-runtimes/example-python-random,verify,sabre,expansion,diverge,fail,stripped-verify-l2,pass,stdout-sha256,TIER-1-AT-BEST,CONTRACT-UNAVAILABLE
1fadc03779f2a246a9b5af5d4a93533511c837df,dd3c178ea9553004d7bf4c494e1b7fd80e7b6ae6,false,portable,language-runtimes,language-runtimes/gawk-random,verify,sabre,expansion,pass,pass,stripped-verify-l2,pass,stdout-sha256,TIER-1-AT-BEST,CONTRACT-UNAVAILABLE
1fadc03779f2a246a9b5af5d4a93533511c837df,dd3c178ea9553004d7bf4c494e1b7fd80e7b6ae6,false,portable,language-runtimes,language-runtimes/perl-io-subprocess-time,verify,sabre,expansion,pass,pass,stripped-verify-l2,fail,stdout-sha256,TIER-0-FAIL,CONTRACT-UNAVAILABLE
1fadc03779f2a246a9b5af5d4a93533511c837df,dd3c178ea9553004d7bf4c494e1b7fd80e7b6ae6,false,portable,language-runtimes,language-runtimes/python-hash-determinism,verify,sabre,expansion,pass,pass,stripped-verify-l2,fail,stdout-sha256,TIER-0-FAIL,CONTRACT-UNAVAILABLE
1fadc03779f2a246a9b5af5d4a93533511c837df,dd3c178ea9553004d7bf4c494e1b7fd80e7b6ae6,false,portable,language-runtimes,language-runtimes/python-io-subprocess-time,verify,sabre,expansion,timeout,fail,stripped-verify-l2,fail,stdout-sha256,TIER-0-FAIL,CONTRACT-UNAVAILABLE
1fadc03779f2a246a9b5af5d4a93533511c837df,dd3c178ea9553004d7bf4c494e1b7fd80e7b6ae6,false,portable,language-runtimes,language-runtimes/python-random,verify,sabre,expansion,diverge,fail,stripped-verify-l2,fail,stdout-sha256,TIER-0-FAIL,CONTRACT-UNAVAILABLE
1fadc03779f2a246a9b5af5d4a93533511c837df,dd3c178ea9553004d7bf4c494e1b7fd80e7b6ae6,false,portable,shared-futex-c,shared-futex-c/qemu-exec-init,verify,sabre,expansion,diverge,fail,stripped-verify-l2,NO-RESULT-UNMEASURED,stdout-sha256,NO-RESULT-UNMEASURED,CONTRACT-UNAVAILABLE
1fadc03779f2a246a9b5af5d4a93533511c837df,dd3c178ea9553004d7bf4c494e1b7fd80e7b6ae6,false,portable,shared-futex-c,shared-futex-c/qemu-hello,verify,sabre,expansion,diverge,fail,stripped-verify-l2,NO-RESULT-UNMEASURED,stdout-sha256,NO-RESULT-UNMEASURED,CONTRACT-UNAVAILABLE
1fadc03779f2a246a9b5af5d4a93533511c837df,dd3c178ea9553004d7bf4c494e1b7fd80e7b6ae6,false,portable,shared-futex-c,shared-futex-c/qemu-init,verify,sabre,expansion,diverge,fail,stripped-verify-l2,NO-RESULT-UNMEASURED,stdout-sha256,NO-RESULT-UNMEASURED,CONTRACT-UNAVAILABLE
1fadc03779f2a246a9b5af5d4a93533511c837df,dd3c178ea9553004d7bf4c494e1b7fd80e7b6ae6,false,portable,shared-futex-c,shared-futex-c/qemu-net-init,verify,sabre,expansion,diverge,fail,stripped-verify-l2,NO-RESULT-UNMEASURED,stdout-sha256,NO-RESULT-UNMEASURED,CONTRACT-UNAVAILABLE
1fadc03779f2a246a9b5af5d4a93533511c837df,dd3c178ea9553004d7bf4c494e1b7fd80e7b6ae6,false,portable,system-utils,system-utils/clock-determinism,verify,sabre,expansion,pass,pass,stripped-verify-l2,fail,stdout-sha256,TIER-0-FAIL,CONTRACT-UNAVAILABLE
1fadc03779f2a246a9b5af5d4a93533511c837df,dd3c178ea9553004d7bf4c494e1b7fd80e7b6ae6,false,portable,system-utils,system-utils/date-nanoseconds,verify,sabre,expansion,diverge,fail,stripped-verify-l2,fail,stdout-sha256,TIER-0-FAIL,CONTRACT-UNAVAILABLE
1fadc03779f2a246a9b5af5d4a93533511c837df,dd3c178ea9553004d7bf4c494e1b7fd80e7b6ae6,false,portable,system-utils,system-utils/example-date,verify,sabre,expansion,pass,pass,stripped-verify-l2,fail,stdout-sha256,TIER-0-FAIL,CONTRACT-UNAVAILABLE
1fadc03779f2a246a9b5af5d4a93533511c837df,dd3c178ea9553004d7bf4c494e1b7fd80e7b6ae6,false,portable,system-utils,system-utils/example-devrand,verify,sabre,expansion,pass,pass,stripped-verify-l2,pass,stdout-sha256,TIER-1-AT-BEST,CONTRACT-UNAVAILABLE
1fadc03779f2a246a9b5af5d4a93533511c837df,dd3c178ea9553004d7bf4c494e1b7fd80e7b6ae6,false,portable,system-utils,system-utils/openssl-passwd,verify,sabre,expansion,pass,pass,stripped-verify-l2,fail,stdout-sha256,TIER-0-FAIL,CONTRACT-UNAVAILABLE
1fadc03779f2a246a9b5af5d4a93533511c837df,dd3c178ea9553004d7bf4c494e1b7fd80e7b6ae6,false,portable,system-utils,system-utils/proc-uptime,verify,sabre,expansion,pass,pass,stripped-verify-l2,pass,stdout-sha256,TIER-1-AT-BEST,CONTRACT-UNAVAILABLE
1fadc03779f2a246a9b5af5d4a93533511c837df,dd3c178ea9553004d7bf4c494e1b7fd80e7b6ae6,false,portable,system-utils,system-utils/random-device,verify,sabre,expansion,pass,pass,stripped-verify-l2,pass,stdout-sha256,TIER-1-AT-BEST,CONTRACT-UNAVAILABLE
1fadc03779f2a246a9b5af5d4a93533511c837df,dd3c178ea9553004d7bf4c494e1b7fd80e7b6ae6,false,portable,system-utils,system-utils/record-getpid,verify,sabre,expansion,pass,pass,stripped-verify-l2,pass,stdout-sha256,TIER-1-AT-BEST,CONTRACT-UNAVAILABLE
1fadc03779f2a246a9b5af5d4a93533511c837df,dd3c178ea9553004d7bf4c494e1b7fd80e7b6ae6,false,portable,util-c,util-c/pmu-skid,verify,sabre,expansion,diverge,fail,stripped-verify-l2,NO-RESULT-UNMEASURED,stdout-sha256,NO-RESULT-UNMEASURED,CONTRACT-UNAVAILABLE
