run_id,run_utc,hermit_sha,reverie_sha,dirty,run_mode,lane,bucket,test_id,test_mode,backend,cell_state,outcome,deterministic,stdout_parity,output_hash,duration_ms,max_rss_kb,reason
fullcorpus,@1786069169,1fadc03779f2a246a9b5af5d4a93533511c837df,dd3c178ea9553004d7bf4c494e1b7fd80e7b6ae6,false,expansion,portable,applications,applications/example-timed-progress-bar,verify,dbi,expansion,pass,1,1,d8778ce336753d09dab6c6d94699898498ccbc31d6ec6b0b7b3d4bc559745b47,5428,,
fullcorpus,@1786069169,1fadc03779f2a246a9b5af5d4a93533511c837df,dd3c178ea9553004d7bf4c494e1b7fd80e7b6ae6,false,expansion,portable,applications,applications/timed-progress-bar,verify,dbi,expansion,diverge,0,,e3b0c44298fc1c149afbf4c8996fb92427ae41e4649b934ca495991b7852b855,7,,dbi-verify-fail-exit1
fullcorpus,@1786069169,1fadc03779f2a246a9b5af5d4a93533511c837df,dd3c178ea9553004d7bf4c494e1b7fd80e7b6ae6,false,expansion,privileged,backend-parity-c,backend-parity-c/cpuid-probe,verify,dbi,expansion,pass,1,1,86ff9718c1542322ee8165258f455b9774cc88c99e37cc57f30e74283a2d83c0,112,,
fullcorpus,@1786069169,1fadc03779f2a246a9b5af5d4a93533511c837df,dd3c178ea9553004d7bf4c494e1b7fd80e7b6ae6,false,expansion,portable,backend-parity-c,backend-parity-c/pid-probe,verify,dbi,expansion,pass,1,1,342cc5c394f2bfe94370f4f30493c870f7877e1dd0646dc7c41af1fc9d14838c,108,,
fullcorpus,@1786069169,1fadc03779f2a246a9b5af5d4a93533511c837df,dd3c178ea9553004d7bf4c494e1b7fd80e7b6ae6,false,expansion,portable,backend-parity-c,backend-parity-c/pthread-lifecycle,verify,dbi,expansion,pass,1,1,6f916c392b593c2835823f98adada81a14b81ff8683b4045610a9a1cc0728563,142,,
fullcorpus,@1786069169,1fadc03779f2a246a9b5af5d4a93533511c837df,dd3c178ea9553004d7bf4c494e1b7fd80e7b6ae6,false,expansion,portable,bin-c,bin-c/posix-timer-test,verify,dbi,expansion,pass,1,1,73bc36274f961af2a8ad43917d15a87a59ead3cb7c6f54c81db28c45d5395fa1,112,,
fullcorpus,@1786069169,1fadc03779f2a246a9b5af5d4a93533511c837df,dd3c178ea9553004d7bf4c494e1b7fd80e7b6ae6,false,expansion,portable,bin-c,bin-c/robust-futex-test,verify,dbi,expansion,timeout,0,,e3b0c44298fc1c149afbf4c8996fb92427ae41e4649b934ca495991b7852b855,120006,,dbi-verify-timeout-120s
fullcorpus,@1786069169,1fadc03779f2a246a9b5af5d4a93533511c837df,dd3c178ea9553004d7bf4c494e1b7fd80e7b6ae6,false,expansion,portable,chaos-c,chaos-c/lock-granularity,verify,dbi,expansion,pass,1,1,1cd27b440cf0189a08ed714e62668d8ff37ae183e61d111b8ee14b2759ad2b2d,155,,
fullcorpus,@1786069169,1fadc03779f2a246a9b5af5d4a93533511c837df,dd3c178ea9553004d7bf4c494e1b7fd80e7b6ae6,false,expansion,portable,c-programs,c-programs/acct-refusal-probe,verify,dbi,expansion,pass,1,1,fb9a253ff29ae72ad120fbe932651dd0471ff759f020fcad04b62895c481980f,110,,
fullcorpus,@1786069169,1fadc03779f2a246a9b5af5d4a93533511c837df,dd3c178ea9553004d7bf4c494e1b7fd80e7b6ae6,false,expansion,portable,c-programs,c-programs/add-key-enosys,verify,dbi,expansion,pass,1,1,392cdd6f142e243a9db3f8bd6d60cde54e983ffe6d072bf7ea3b03cc297cbf72,111,,
fullcorpus,@1786069169,1fadc03779f2a246a9b5af5d4a93533511c837df,dd3c178ea9553004d7bf4c494e1b7fd80e7b6ae6,false,expansion,portable,c-programs,c-programs/adjtimex-deterministic,verify,dbi,expansion,pass,1,1,ea6836e27a3d5c63e79076c3c5c976a785aa833022022fc0f2e5361942c6579e,112,,
fullcorpus,@1786069169,1fadc03779f2a246a9b5af5d4a93533511c837df,dd3c178ea9553004d7bf4c494e1b7fd80e7b6ae6,false,expansion,portable,c-programs,c-programs/arch-prctl-determinism,verify,dbi,expansion,diverge,0,0,e3b0c44298fc1c149afbf4c8996fb92427ae41e4649b934ca495991b7852b855,64,,dbi-verify-fail-exit40
fullcorpus,@1786069169,1fadc03779f2a246a9b5af5d4a93533511c837df,dd3c178ea9553004d7bf4c494e1b7fd80e7b6ae6,false,expansion,portable,c-programs,c-programs/bpf-enosys,verify,dbi,expansion,pass,1,1,00b8c2fc33f814bfeb2da739d302426f0122369289c96bb40f9a11ef86f4befe,110,,
fullcorpus,@1786069169,1fadc03779f2a246a9b5af5d4a93533511c837df,dd3c178ea9553004d7bf4c494e1b7fd80e7b6ae6,false,expansion,portable,c-programs,c-programs/cachestat-enosys,verify,dbi,expansion,pass,1,1,c99ecc14f33146eb9b4b3c76f1fd310e0b0992a23465df5ce2715ead516e565e,109,,
fullcorpus,@1786069169,1fadc03779f2a246a9b5af5d4a93533511c837df,dd3c178ea9553004d7bf4c494e1b7fd80e7b6ae6,false,expansion,portable,c-programs,c-programs/clock-adjtime-deterministic,verify,dbi,expansion,pass,1,1,f8df8f96682085b6719931fa985c994642bd388d6849e9c751941db746098343,113,,
fullcorpus,@1786069169,1fadc03779f2a246a9b5af5d4a93533511c837df,dd3c178ea9553004d7bf4c494e1b7fd80e7b6ae6,false,expansion,portable,c-programs,c-programs/clone,verify,dbi,expansion,pass,1,1,6bed7c4e58faa0f69f82d7af16adcaa45cce6217b25a9cab2b709b1ac60b68de,111,,
fullcorpus,@1786069169,1fadc03779f2a246a9b5af5d4a93533511c837df,dd3c178ea9553004d7bf4c494e1b7fd80e7b6ae6,false,expansion,portable,c-programs,c-programs/copy-file-range-refusal-probe,verify,dbi,expansion,pass,1,1,eaf5a67ca844e6a832cd95774ecdb4c48e345e2b64e1c67092ad7fb6ac39777a,113,,
fullcorpus,@1786069169,1fadc03779f2a246a9b5af5d4a93533511c837df,dd3c178ea9553004d7bf4c494e1b7fd80e7b6ae6,false,expansion,portable,c-programs,c-programs/dbi-copied-tiocgpgrp,verify,dbi,expansion,pass,1,1,a72cc9796486e612c72fa45a187dc2c1d587ee69e27aaebf4771a60d8a743d79,118,,
fullcorpus,@1786069169,1fadc03779f2a246a9b5af5d4a93533511c837df,dd3c178ea9553004d7bf4c494e1b7fd80e7b6ae6,false,expansion,portable,c-programs,c-programs/dbi-exec-failure,verify,dbi,expansion,pass,1,1,d9255dd9cc061248208ec6fabc39e2695034a2f78b3a79675522090f004de84c,113,,
fullcorpus,@1786069169,1fadc03779f2a246a9b5af5d4a93533511c837df,dd3c178ea9553004d7bf4c494e1b7fd80e7b6ae6,false,expansion,portable,c-programs,c-programs/dbi-execveat-unsupported,verify,dbi,expansion,pass,1,0,7947be50cdee3f827784a09d831fabc07d17b724187b49cff96e14b42208779d,112,,
fullcorpus,@1786069169,1fadc03779f2a246a9b5af5d4a93533511c837df,dd3c178ea9553004d7bf4c494e1b7fd80e7b6ae6,false,expansion,portable,c-programs,c-programs/dbi-mmap-exec,verify,dbi,expansion,pass,1,1,87ef25ed096b64f71e5581bf5d09a9bb24b8dca9402b010322037898b99a81cf,113,,
fullcorpus,@1786069169,1fadc03779f2a246a9b5af5d4a93533511c837df,dd3c178ea9553004d7bf4c494e1b7fd80e7b6ae6,false,expansion,portable,c-programs,c-programs/dbi-pid-virtualization,verify,dbi,expansion,pass,1,,3d8f0a754d64b811646125ae97c66d0a811e030e12095fb6427d9b766ca603f0,408,,
fullcorpus,@1786069169,1fadc03779f2a246a9b5af5d4a93533511c837df,dd3c178ea9553004d7bf4c494e1b7fd80e7b6ae6,false,expansion,portable,c-programs,c-programs/dbi-prlimit-self,verify,dbi,expansion,pass,1,1,b5d0a733abb9b3694c70cc548fbd236ede0f60c1e06673b4e4999419c7721e12,110,,
fullcorpus,@1786069169,1fadc03779f2a246a9b5af5d4a93533511c837df,dd3c178ea9553004d7bf4c494e1b7fd80e7b6ae6,false,expansion,portable,c-programs,c-programs/dbi-self-sigqueue,verify,dbi,expansion,pass,1,1,f4c3bb314cd68d7f8c7e053c24257d5eaf5369087b8c21ee95fd29727f460537,114,,
fullcorpus,@1786069169,1fadc03779f2a246a9b5af5d4a93533511c837df,dd3c178ea9553004d7bf4c494e1b7fd80e7b6ae6,false,expansion,portable,c-programs,c-programs/dbi-unsupported-syscall,verify,dbi,expansion,diverge,0,0,e3b0c44298fc1c149afbf4c8996fb92427ae41e4649b934ca495991b7852b855,56,,dbi-verify-fail-exit101
fullcorpus,@1786069169,1fadc03779f2a246a9b5af5d4a93533511c837df,dd3c178ea9553004d7bf4c494e1b7fd80e7b6ae6,false,expansion,portable,c-programs,c-programs/dbi-wait-lifecycle,verify,dbi,expansion,pass,1,,8b2dc7afefe0de8a206779cafaa728f8589221319ecd6040f8721c0895618a65,127,,
fullcorpus,@1786069169,1fadc03779f2a246a9b5af5d4a93533511c837df,dd3c178ea9553004d7bf4c494e1b7fd80e7b6ae6,false,expansion,portable,c-programs,c-programs/epoll-determinism,verify,dbi,expansion,diverge,0,,e3b0c44298fc1c149afbf4c8996fb92427ae41e4649b934ca495991b7852b855,63,,dbi-verify-fail-exit2
fullcorpus,@1786069169,1fadc03779f2a246a9b5af5d4a93533511c837df,dd3c178ea9553004d7bf4c494e1b7fd80e7b6ae6,false,expansion,portable,c-programs,c-programs/fp-reduction-nondeterminism,verify,dbi,expansion,timeout,0,0,e3b0c44298fc1c149afbf4c8996fb92427ae41e4649b934ca495991b7852b855,120067,,dbi-verify-timeout-120s
fullcorpus,@1786069169,1fadc03779f2a246a9b5af5d4a93533511c837df,dd3c178ea9553004d7bf4c494e1b7fd80e7b6ae6,false,expansion,portable,c-programs,c-programs/futex-requeue-enosys,verify,dbi,expansion,pass,1,1,3a97289e82874a6de3f7329de461ff8e98aab222e591b44478b0cbfa224b778e,112,,
fullcorpus,@1786069169,1fadc03779f2a246a9b5af5d4a93533511c837df,dd3c178ea9553004d7bf4c494e1b7fd80e7b6ae6,false,expansion,portable,c-programs,c-programs/futex-waitv-enosys,verify,dbi,expansion,pass,1,1,889b019ce9ffec65e091b4ebb00324388abe68095b3a9aebf5a6243a8d00540e,110,,
fullcorpus,@1786069169,1fadc03779f2a246a9b5af5d4a93533511c837df,dd3c178ea9553004d7bf4c494e1b7fd80e7b6ae6,false,expansion,portable,c-programs,c-programs/futex-wake-enosys,verify,dbi,expansion,pass,1,1,d841d882ef04ba206243543971a6e2d842db22c3508947d6fb60095d878b0da9,110,,
fullcorpus,@1786069169,1fadc03779f2a246a9b5af5d4a93533511c837df,dd3c178ea9553004d7bf4c494e1b7fd80e7b6ae6,false,expansion,portable,c-programs,c-programs/getcpu,verify,dbi,expansion,pass,1,1,345e84333a5805a44f38c499137ebb962d9e683e804aa45642afa84e41127f5d,122,,
fullcorpus,@1786069169,1fadc03779f2a246a9b5af5d4a93533511c837df,dd3c178ea9553004d7bf4c494e1b7fd80e7b6ae6,false,expansion,portable,c-programs,c-programs/getitimer-determinism-probe,verify,dbi,expansion,pass,1,1,17720cebaa5ab1c96e7035832f98c160d4b41b2c32a7bd909ca74d855fa5aaf9,110,,
fullcorpus,@1786069169,1fadc03779f2a246a9b5af5d4a93533511c837df,dd3c178ea9553004d7bf4c494e1b7fd80e7b6ae6,false,expansion,portable,c-programs,c-programs/get-robust-list-child,verify,dbi,expansion,diverge,0,0,e3b0c44298fc1c149afbf4c8996fb92427ae41e4649b934ca495991b7852b855,60,,dbi-verify-fail-exit1
fullcorpus,@1786069169,1fadc03779f2a246a9b5af5d4a93533511c837df,dd3c178ea9553004d7bf4c494e1b7fd80e7b6ae6,false,expansion,portable,c-programs,c-programs/get-robust-list-self,verify,dbi,expansion,pass,1,1,8a606e83612b4b4c869cfae1cd2f9f03220d7fde25cc88f10079b81f9b3423d1,108,,
fullcorpus,@1786069169,1fadc03779f2a246a9b5af5d4a93533511c837df,dd3c178ea9553004d7bf4c494e1b7fd80e7b6ae6,false,expansion,portable,c-programs,c-programs/get-robust-list-thread,verify,dbi,expansion,pass,1,1,281d743aba1e1247003f2ad95dda0456f103ab208c1d960079fd0ac272560d4c,135,,
fullcorpus,@1786069169,1fadc03779f2a246a9b5af5d4a93533511c837df,dd3c178ea9553004d7bf4c494e1b7fd80e7b6ae6,false,expansion,portable,c-programs,c-programs/getsockopt-null,verify,dbi,expansion,pass,1,1,b8636471f62fb5c81c4b4a5bacf5f4ec2b3e3b4970bc0aded5f496dae6670bfd,109,,
fullcorpus,@1786069169,1fadc03779f2a246a9b5af5d4a93533511c837df,dd3c178ea9553004d7bf4c494e1b7fd80e7b6ae6,false,expansion,portable,c-programs,c-programs/hello-alarm,verify,dbi,expansion,pass,1,1,69771519a00dad7a34964816b4a9d71896eed8707b6b8c7c3b2d901285fa09f8,121,,
fullcorpus,@1786069169,1fadc03779f2a246a9b5af5d4a93533511c837df,dd3c178ea9553004d7bf4c494e1b7fd80e7b6ae6,false,expansion,portable,c-programs,c-programs/hello-nostdlib,verify,dbi,expansion,pass,1,1,e3b0c44298fc1c149afbf4c8996fb92427ae41e4649b934ca495991b7852b855,37,,
fullcorpus,@1786069169,1fadc03779f2a246a9b5af5d4a93533511c837df,dd3c178ea9553004d7bf4c494e1b7fd80e7b6ae6,false,expansion,portable,c-programs,c-programs/hello-signals,verify,dbi,expansion,pass,1,1,2b4df140dfdd472e4bde5c4d449c859ae4a83efe7f0372f448b95db8b40614d8,127,,
fullcorpus,@1786069169,1fadc03779f2a246a9b5af5d4a93533511c837df,dd3c178ea9553004d7bf4c494e1b7fd80e7b6ae6,false,expansion,portable,c-programs,c-programs/ioctl-fioclex,verify,dbi,expansion,pass,1,1,ed203ed9433cb973a747cbe39690fecc753e9fd7c1e7688563d6f3a154eb0d5e,114,,
fullcorpus,@1786069169,1fadc03779f2a246a9b5af5d4a93533511c837df,dd3c178ea9553004d7bf4c494e1b7fd80e7b6ae6,false,expansion,portable,c-programs,c-programs/ioctl-siocethtool,verify,dbi,expansion,pass,1,1,28f38ce93b6d5f0d279d4f3d619cc3fc7e134e190ae9ee4f652eeb6afe623291,113,,
fullcorpus,@1786069169,1fadc03779f2a246a9b5af5d4a93533511c837df,dd3c178ea9553004d7bf4c494e1b7fd80e7b6ae6,false,expansion,portable,c-programs,c-programs/io-uring-fallback,verify,dbi,expansion,pass,1,1,8546e30d188b0b196b8d907e1289e7b830df6fd61ff9dd83f5165ba9bda77e7f,117,,
fullcorpus,@1786069169,1fadc03779f2a246a9b5af5d4a93533511c837df,dd3c178ea9553004d7bf4c494e1b7fd80e7b6ae6,false,expansion,portable,c-programs,c-programs/io-uring-ring-determinism,verify,dbi,expansion,pass,1,1,5de332a6e2af5315f34ec08e21ca7f8c037a65ecbaee17efd47005a7f1809201,116,,
fullcorpus,@1786069169,1fadc03779f2a246a9b5af5d4a93533511c837df,dd3c178ea9553004d7bf4c494e1b7fd80e7b6ae6,false,expansion,portable,c-programs,c-programs/ipc-determinism,verify,dbi,expansion,diverge,0,,e3b0c44298fc1c149afbf4c8996fb92427ae41e4649b934ca495991b7852b855,62,,dbi-verify-fail-exit2
fullcorpus,@1786069169,1fadc03779f2a246a9b5af5d4a93533511c837df,dd3c178ea9553004d7bf4c494e1b7fd80e7b6ae6,false,expansion,portable,c-programs,c-programs/just-spin,verify,dbi,expansion,pass,1,1,e3b0c44298fc1c149afbf4c8996fb92427ae41e4649b934ca495991b7852b855,1487,,
fullcorpus,@1786069169,1fadc03779f2a246a9b5af5d4a93533511c837df,dd3c178ea9553004d7bf4c494e1b7fd80e7b6ae6,false,expansion,portable,c-programs,c-programs/kcmp-eperm,verify,dbi,expansion,pass,1,1,288278193317b71ec5d15a6dcc2239918b1eea39229a8ef5eb7ae1e6b0a72cce,112,,
fullcorpus,@1786069169,1fadc03779f2a246a9b5af5d4a93533511c837df,dd3c178ea9553004d7bf4c494e1b7fd80e7b6ae6,false,expansion,portable,c-programs,c-programs/keyctl-enosys,verify,dbi,expansion,pass,1,1,83d9f2169baa0647471ca5f2e4e1c5b73ff2d356b322b7fcdd75d5cf129a292f,119,,
fullcorpus,@1786069169,1fadc03779f2a246a9b5af5d4a93533511c837df,dd3c178ea9553004d7bf4c494e1b7fd80e7b6ae6,false,expansion,portable,c-programs,c-programs/keyctl-passthrough,verify,dbi,expansion,pass,1,1,decfa402c4223a34ee494253769befc420b46b13da25f3082c91dfe7f19a0310,114,,
fullcorpus,@1786069169,1fadc03779f2a246a9b5af5d4a93533511c837df,dd3c178ea9553004d7bf4c494e1b7fd80e7b6ae6,false,expansion,portable,c-programs,c-programs/listmount-enosys,verify,dbi,expansion,pass,1,1,231c3dfcda497bd1b166dfb575578d2868721d30f15362cfabcad6f930e43713,114,,
fullcorpus,@1786069169,1fadc03779f2a246a9b5af5d4a93533511c837df,dd3c178ea9553004d7bf4c494e1b7fd80e7b6ae6,false,expansion,portable,c-programs,c-programs/liteinst-advanced,verify,dbi,expansion,diverge,0,,e3b0c44298fc1c149afbf4c8996fb92427ae41e4649b934ca495991b7852b855,59,,dbi-verify-fail-exit2
fullcorpus,@1786069169,1fadc03779f2a246a9b5af5d4a93533511c837df,dd3c178ea9553004d7bf4c494e1b7fd80e7b6ae6,false,expansion,portable,c-programs,c-programs/lsm-get-self-attr-enosys,verify,dbi,expansion,pass,1,1,e83dcdfbdee854f34e05165d3a7aa7b774ca748bc96ee665789c63a32c593fe0,119,,
fullcorpus,@1786069169,1fadc03779f2a246a9b5af5d4a93533511c837df,dd3c178ea9553004d7bf4c494e1b7fd80e7b6ae6,false,expansion,portable,c-programs,c-programs/lsm-list-modules-enosys,verify,dbi,expansion,pass,1,1,8f5862ec33defb2bf2625429444eaec8b64ce9b7d2c21635e7db07f99c92fc3d,114,,
fullcorpus,@1786069169,1fadc03779f2a246a9b5af5d4a93533511c837df,dd3c178ea9553004d7bf4c494e1b7fd80e7b6ae6,false,expansion,portable,c-programs,c-programs/lsm-set-self-attr-enosys,verify,dbi,expansion,pass,1,1,326c5b270af2a116865e2690f44310bc17aa77c6cc96d4c83800615036e10e16,116,,
fullcorpus,@1786069169,1fadc03779f2a246a9b5af5d4a93533511c837df,dd3c178ea9553004d7bf4c494e1b7fd80e7b6ae6,false,expansion,portable,c-programs,c-programs/madvise-determinism,verify,dbi,expansion,pass,1,1,c6053a1ebd42e4762ac34b01ed5d666e0b1f5f18b83ddca9d1b7f4ebef175e83,119,,
fullcorpus,@1786069169,1fadc03779f2a246a9b5af5d4a93533511c837df,dd3c178ea9553004d7bf4c494e1b7fd80e7b6ae6,false,expansion,portable,c-programs,c-programs/map-shadow-stack-enosys,verify,dbi,expansion,pass,1,1,97ae187dd98c3d4b943dd9b69d472da499f0ef3ae9b2c66152d2ed5dc04bd569,114,,
fullcorpus,@1786069169,1fadc03779f2a246a9b5af5d4a93533511c837df,dd3c178ea9553004d7bf4c494e1b7fd80e7b6ae6,false,expansion,portable,c-programs,c-programs/memfd-secret-enosys,verify,dbi,expansion,pass,1,1,dcbbb5f4e71889cba127631a6a9a2fce4d68defe8aa92a8d437fd6be6129d6dd,118,,
fullcorpus,@1786069169,1fadc03779f2a246a9b5af5d4a93533511c837df,dd3c178ea9553004d7bf4c494e1b7fd80e7b6ae6,false,expansion,portable,c-programs,c-programs/meminfo-available-deterministic,verify,dbi,expansion,pass,1,1,7b76f77046d0c4bc8e2105f9850b009d269b48c26e0b7de4723c8adc25181af4,126,,
fullcorpus,@1786069169,1fadc03779f2a246a9b5af5d4a93533511c837df,dd3c178ea9553004d7bf4c494e1b7fd80e7b6ae6,false,expansion,portable,c-programs,c-programs/meminfo-cached-deterministic,verify,dbi,expansion,pass,1,1,6a4a1ce51b1c48a3c39972e58451953b36a3a49ed40cdf242978e2c2da4cabe4,127,,
fullcorpus,@1786069169,1fadc03779f2a246a9b5af5d4a93533511c837df,dd3c178ea9553004d7bf4c494e1b7fd80e7b6ae6,false,expansion,portable,c-programs,c-programs/meminfo-free-deterministic,verify,dbi,expansion,pass,1,1,b8a06902cd8245cc3d8acabb5118c81f14b6455c7e6d5da9cf2e59f0b0bcc9da,127,,
fullcorpus,@1786069169,1fadc03779f2a246a9b5af5d4a93533511c837df,dd3c178ea9553004d7bf4c494e1b7fd80e7b6ae6,false,expansion,portable,c-programs,c-programs/memorypress,verify,dbi,expansion,pass,1,1,e3b0c44298fc1c149afbf4c8996fb92427ae41e4649b934ca495991b7852b855,119,,
fullcorpus,@1786069169,1fadc03779f2a246a9b5af5d4a93533511c837df,dd3c178ea9553004d7bf4c494e1b7fd80e7b6ae6,false,expansion,portable,c-programs,c-programs/mmap-determinism,verify,dbi,expansion,diverge,0,,e3b0c44298fc1c149afbf4c8996fb92427ae41e4649b934ca495991b7852b855,59,,dbi-verify-fail-exit2
fullcorpus,@1786069169,1fadc03779f2a246a9b5af5d4a93533511c837df,dd3c178ea9553004d7bf4c494e1b7fd80e7b6ae6,false,expansion,portable,c-programs,c-programs/mmap-stress-determinism,verify,dbi,expansion,pass,1,1,890065cac586dbeaf7ae771f63d223dd2d04995b4e051040bdd9c9792019dec0,272,,
fullcorpus,@1786069169,1fadc03779f2a246a9b5af5d4a93533511c837df,dd3c178ea9553004d7bf4c494e1b7fd80e7b6ae6,false,expansion,portable,c-programs,c-programs/name-to-handle-at-eopnotsupp,verify,dbi,expansion,pass,1,1,29e0c39b5f7ab315794d97b7e06e60cf737450deef4306dd8ad0ffd040a25cc0,109,,
fullcorpus,@1786069169,1fadc03779f2a246a9b5af5d4a93533511c837df,dd3c178ea9553004d7bf4c494e1b7fd80e7b6ae6,false,expansion,portable,c-programs,c-programs/name-to-handle-directory-eopnotsupp,verify,dbi,expansion,pass,1,1,7e5656f3fa9831a9c1f43055b26f6f209b6549daeb42ef1ce12677b324adf310,109,,
fullcorpus,@1786069169,1fadc03779f2a246a9b5af5d4a93533511c837df,dd3c178ea9553004d7bf4c494e1b7fd80e7b6ae6,false,expansion,portable,c-programs,c-programs/name-to-handle-empty-path-eopnotsupp,verify,dbi,expansion,pass,1,1,e3f9de47951c04e5f8349e7bb340fca6dcb76fffe659a12ab8f9e16fe48f72dd,126,,
fullcorpus,@1786069169,1fadc03779f2a246a9b5af5d4a93533511c837df,dd3c178ea9553004d7bf4c494e1b7fd80e7b6ae6,false,expansion,portable,c-programs,c-programs/name-to-handle-regular-eopnotsupp,verify,dbi,expansion,pass,1,1,82b589b3f458bbdcffe0a9aaf1a18ab2cfe882ab232290e1ca113714923af2a0,110,,
fullcorpus,@1786069169,1fadc03779f2a246a9b5af5d4a93533511c837df,dd3c178ea9553004d7bf4c494e1b7fd80e7b6ae6,false,expansion,portable,c-programs,c-programs/nanosleep-par,verify,dbi,expansion,pass,1,1,bf8aa1c7b00aeb67d9ce84b6efe29c410ef142938a5c71a932bbe34e2cf09f91,2435,,
fullcorpus,@1786069169,1fadc03779f2a246a9b5af5d4a93533511c837df,dd3c178ea9553004d7bf4c494e1b7fd80e7b6ae6,false,expansion,portable,c-programs,c-programs/nanosleep-threads-nocrash,verify,dbi,expansion,pass,1,1,e3b0c44298fc1c149afbf4c8996fb92427ae41e4649b934ca495991b7852b855,132,,
fullcorpus,@1786069169,1fadc03779f2a246a9b5af5d4a93533511c837df,dd3c178ea9553004d7bf4c494e1b7fd80e7b6ae6,false,expansion,portable,c-programs,c-programs/nanosleep-threads-simple,verify,dbi,expansion,diverge,0,,e3b0c44298fc1c149afbf4c8996fb92427ae41e4649b934ca495991b7852b855,102005,,dbi-verify-fail-exit1
fullcorpus,@1786069169,1fadc03779f2a246a9b5af5d4a93533511c837df,dd3c178ea9553004d7bf4c494e1b7fd80e7b6ae6,false,expansion,portable,c-programs,c-programs/netlink-autobind-generic,verify,dbi,expansion,pass,1,1,947db933d2beaaa7502b24b06bc2aa623116320e9099408e0714af30e877b237,113,,
fullcorpus,@1786069169,1fadc03779f2a246a9b5af5d4a93533511c837df,dd3c178ea9553004d7bf4c494e1b7fd80e7b6ae6,false,expansion,portable,c-programs,c-programs/netlink-autobind-route,verify,dbi,expansion,pass,1,1,6b579b3015fa46b849f2c563d3caa3f1113b30eda45f2c376a535ade155a5264,122,,
fullcorpus,@1786069169,1fadc03779f2a246a9b5af5d4a93533511c837df,dd3c178ea9553004d7bf4c494e1b7fd80e7b6ae6,false,expansion,portable,c-programs,c-programs/netlink-autobind-usersock,verify,dbi,expansion,pass,1,1,434cfac765f7a108d0f27c8b43ba45a2b7acff66219ef8104a01612dd7e70956,130,,
fullcorpus,@1786069169,1fadc03779f2a246a9b5af5d4a93533511c837df,dd3c178ea9553004d7bf4c494e1b7fd80e7b6ae6,false,expansion,portable,c-programs,c-programs/netns-cookie-tcp4,verify,dbi,expansion,pass,1,1,69c87be106187443c99bd437315cc2bb5e8110445a962b89b9d3d9d5446a505e,133,,
fullcorpus,@1786069169,1fadc03779f2a246a9b5af5d4a93533511c837df,dd3c178ea9553004d7bf4c494e1b7fd80e7b6ae6,false,expansion,portable,c-programs,c-programs/netns-cookie-tcp6,verify,dbi,expansion,pass,1,1,a6c1c996f6bed470020b9575b0884d32ba10a29938b56ce56dbcbce889a1c719,129,,
fullcorpus,@1786069169,1fadc03779f2a246a9b5af5d4a93533511c837df,dd3c178ea9553004d7bf4c494e1b7fd80e7b6ae6,false,expansion,portable,c-programs,c-programs/netns-cookie-udp4,verify,dbi,expansion,pass,1,1,3f3599e44c7dcd4ec95cf8d9e67c01200ce6a491020b553a010b6ee754095bb0,142,,
fullcorpus,@1786069169,1fadc03779f2a246a9b5af5d4a93533511c837df,dd3c178ea9553004d7bf4c494e1b7fd80e7b6ae6,false,expansion,portable,c-programs,c-programs/perf-event-hardware-enosys,verify,dbi,expansion,pass,1,1,c7ea49ae4eac3a1842c692e71eff658fde408e8ccb4b9a1efa9094b58a8d453a,124,,
fullcorpus,@1786069169,1fadc03779f2a246a9b5af5d4a93533511c837df,dd3c178ea9553004d7bf4c494e1b7fd80e7b6ae6,false,expansion,portable,c-programs,c-programs/perf-event-open-enosys,verify,dbi,expansion,pass,1,1,2ce5d62fee05f49913ea9ac04a79850be9af6e16eae2083b3054c2186d1fd933,119,,
fullcorpus,@1786069169,1fadc03779f2a246a9b5af5d4a93533511c837df,dd3c178ea9553004d7bf4c494e1b7fd80e7b6ae6,false,expansion,portable,c-programs,c-programs/perf-event-software-enosys,verify,dbi,expansion,pass,1,1,9dd8d0a9c51029d92fb24312cc38b62b647ab6e796f26f0670e2e54d062b54b6,158,,
fullcorpus,@1786069169,1fadc03779f2a246a9b5af5d4a93533511c837df,dd3c178ea9553004d7bf4c494e1b7fd80e7b6ae6,false,expansion,portable,c-programs,c-programs/perf-event-watchpoint-enosys,verify,dbi,expansion,pass,1,1,a3c1e5e84ae8a1c634c0fd8ad162c35918124d312ed7e23f44555334e58daf40,118,,
fullcorpus,@1786069169,1fadc03779f2a246a9b5af5d4a93533511c837df,dd3c178ea9553004d7bf4c494e1b7fd80e7b6ae6,false,expansion,portable,c-programs,c-programs/periodic-setitimer-delivery,verify,dbi,expansion,pass,1,1,db1d924766d35b4e879b61b7ca0256ae3656e1bcfb81e882ef4e754d9df0d87d,122,,
fullcorpus,@1786069169,1fadc03779f2a246a9b5af5d4a93533511c837df,dd3c178ea9553004d7bf4c494e1b7fd80e7b6ae6,false,expansion,portable,c-programs,c-programs/pidfd-open-self,verify,dbi,expansion,pass,1,1,eb85b13112d24bf3eabf6dc998951dba694fd8a544d48d55b0243fcea3a30de9,119,,
fullcorpus,@1786069169,1fadc03779f2a246a9b5af5d4a93533511c837df,dd3c178ea9553004d7bf4c494e1b7fd80e7b6ae6,false,expansion,portable,c-programs,c-programs/pidfd-poll-self,verify,dbi,expansion,pass,1,1,d9c4e30a92ce688e867036dd07e60be370ba398f888f35db4edc54730e9abe08,118,,
fullcorpus,@1786069169,1fadc03779f2a246a9b5af5d4a93533511c837df,dd3c178ea9553004d7bf4c494e1b7fd80e7b6ae6,false,expansion,portable,c-programs,c-programs/pidfd-waitid-child,verify,dbi,expansion,diverge,0,0,e3b0c44298fc1c149afbf4c8996fb92427ae41e4649b934ca495991b7852b855,62,,dbi-verify-fail-exit1
fullcorpus,@1786069169,1fadc03779f2a246a9b5af5d4a93533511c837df,dd3c178ea9553004d7bf4c494e1b7fd80e7b6ae6,false,expansion,portable,c-programs,c-programs/ppoll-readv,verify,dbi,expansion,pass,1,1,c03be617b251e1b37d3570212e2f93d6a815c70dfb73dca0dd25cef02468153a,121,,
fullcorpus,@1786069169,1fadc03779f2a246a9b5af5d4a93533511c837df,dd3c178ea9553004d7bf4c494e1b7fd80e7b6ae6,false,expansion,portable,c-programs,c-programs/ppoll-simulation,verify,dbi,expansion,pass,1,1,8ed6c0a2fbe8457da0a0b394c05e4ce42009f4631451de6c41e371d77a9068f5,250,,
fullcorpus,@1786069169,1fadc03779f2a246a9b5af5d4a93533511c837df,dd3c178ea9553004d7bf4c494e1b7fd80e7b6ae6,false,expansion,portable,c-programs,c-programs/prctl-dumpable,verify,dbi,expansion,pass,1,1,789f3fd97e00c2b30751851b5bd08f2703b2539a14421d29dea17db83c379696,109,,
fullcorpus,@1786069169,1fadc03779f2a246a9b5af5d4a93533511c837df,dd3c178ea9553004d7bf4c494e1b7fd80e7b6ae6,false,expansion,portable,c-programs,c-programs/pread64-nostdlib,verify,dbi,expansion,pass,1,1,e3b0c44298fc1c149afbf4c8996fb92427ae41e4649b934ca495991b7852b855,42,,
fullcorpus,@1786069169,1fadc03779f2a246a9b5af5d4a93533511c837df,dd3c178ea9553004d7bf4c494e1b7fd80e7b6ae6,false,expansion,portable,c-programs,c-programs/printf-with-threads,verify,dbi,expansion,pass,1,1,e36a044d5d2a2be76cbf0550fa744da4e751c78870cf3712ebc061f1a2c55f83,148,,
fullcorpus,@1786069169,1fadc03779f2a246a9b5af5d4a93533511c837df,dd3c178ea9553004d7bf4c494e1b7fd80e7b6ae6,false,expansion,portable,c-programs,c-programs/print-memaddrs,verify,dbi,expansion,pass,1,0,3dcee91f70da0afb873a2ded23a67313d53ffae3be0124f4695a7dc84bc73a7c,117,,
fullcorpus,@1786069169,1fadc03779f2a246a9b5af5d4a93533511c837df,dd3c178ea9553004d7bf4c494e1b7fd80e7b6ae6,false,expansion,portable,c-programs,c-programs/process-mrelease-enosys,verify,dbi,expansion,pass,1,1,c21e5000294b34b0a296fdceaa1377156cde383448706c80e1f4ad705bfdb076,133,,
fullcorpus,@1786069169,1fadc03779f2a246a9b5af5d4a93533511c837df,dd3c178ea9553004d7bf4c494e1b7fd80e7b6ae6,false,expansion,portable,c-programs,c-programs/process-vm-readv-refusal-probe,verify,dbi,expansion,pass,1,1,50905f5ed2b6d9b2083dc16aabfd535f7c531aa42e72dc6c2b67f36e70e97a66,129,,
fullcorpus,@1786069169,1fadc03779f2a246a9b5af5d4a93533511c837df,dd3c178ea9553004d7bf4c494e1b7fd80e7b6ae6,false,expansion,portable,c-programs,c-programs/process-vm-writev-refusal-probe,verify,dbi,expansion,pass,1,1,92c63d99c7bc830d36fb97a16d43febe7a7fcdca938131c9963f92c1b1a2b59d,126,,
fullcorpus,@1786069169,1fadc03779f2a246a9b5af5d4a93533511c837df,dd3c178ea9553004d7bf4c494e1b7fd80e7b6ae6,false,expansion,portable,c-programs,c-programs/proc-fdinfo,verify,dbi,expansion,pass,1,1,09c8d421c9e02c39d1a9a12743b93cf3c835778ba9d531ad35625cb8f1699033,137,,
fullcorpus,@1786069169,1fadc03779f2a246a9b5af5d4a93533511c837df,dd3c178ea9553004d7bf4c494e1b7fd80e7b6ae6,false,expansion,portable,c-programs,c-programs/proc-fd-link-aliases,verify,dbi,expansion,pass,1,1,a54aec5d7147422feac8782b9d053b8609b9f6a45b8b2ab71f16cca54da845a0,135,,
fullcorpus,@1786069169,1fadc03779f2a246a9b5af5d4a93533511c837df,dd3c178ea9553004d7bf4c494e1b7fd80e7b6ae6,false,expansion,portable,c-programs,c-programs/procfs-positioned-probe,verify,dbi,expansion,pass,1,1,96c70ad84f7430a56bdf020c7e3c24dbbd8719d841a1cb616712b1b96ad38f03,128,,
fullcorpus,@1786069169,1fadc03779f2a246a9b5af5d4a93533511c837df,dd3c178ea9553004d7bf4c494e1b7fd80e7b6ae6,false,expansion,portable,c-programs,c-programs/proc-locks,verify,dbi,expansion,diverge,0,0,e3b0c44298fc1c149afbf4c8996fb92427ae41e4649b934ca495991b7852b855,201,,dbi-verify-fail-exit1
fullcorpus,@1786069169,1fadc03779f2a246a9b5af5d4a93533511c837df,dd3c178ea9553004d7bf4c494e1b7fd80e7b6ae6,false,expansion,portable,c-programs,c-programs/prodcons-determinism,verify,dbi,expansion,pass,1,1,81282a1fb8147d5cf198f784f93142129205c96b3a1587329eda16ce1581673e,3300,,
fullcorpus,@1786069169,1fadc03779f2a246a9b5af5d4a93533511c837df,dd3c178ea9553004d7bf4c494e1b7fd80e7b6ae6,false,expansion,portable,c-programs,c-programs/pselect6-simulation,verify,dbi,expansion,diverge,0,0,e3b0c44298fc1c149afbf4c8996fb92427ae41e4649b934ca495991b7852b855,103832,,dbi-verify-fail-exit1
fullcorpus,@1786069169,1fadc03779f2a246a9b5af5d4a93533511c837df,dd3c178ea9553004d7bf4c494e1b7fd80e7b6ae6,false,expansion,portable,c-programs,c-programs/ptrace-attach-eperm,verify,dbi,expansion,diverge,0,0,e3b0c44298fc1c149afbf4c8996fb92427ae41e4649b934ca495991b7852b855,61,,dbi-verify-fail-exit1
fullcorpus,@1786069169,1fadc03779f2a246a9b5af5d4a93533511c837df,dd3c178ea9553004d7bf4c494e1b7fd80e7b6ae6,false,expansion,portable,c-programs,c-programs/ptrace-eperm,verify,dbi,expansion,pass,1,1,4357c8a18b9107c54242303395afea99ea744c6c288d8db499b4e1062383de17,126,,
fullcorpus,@1786069169,1fadc03779f2a246a9b5af5d4a93533511c837df,dd3c178ea9553004d7bf4c494e1b7fd80e7b6ae6,false,expansion,portable,c-programs,c-programs/ptrace-seize-eperm,verify,dbi,expansion,diverge,0,0,e3b0c44298fc1c149afbf4c8996fb92427ae41e4649b934ca495991b7852b855,76,,dbi-verify-fail-exit1
fullcorpus,@1786069169,1fadc03779f2a246a9b5af5d4a93533511c837df,dd3c178ea9553004d7bf4c494e1b7fd80e7b6ae6,false,expansion,portable,c-programs,c-programs/ptrace-traceme-eperm,verify,dbi,expansion,pass,1,1,7ceef18c073f15987e5d89441dc5bf378f7c1b50e8bf3ac626a6ea3eaa9cad56,119,,
fullcorpus,@1786069169,1fadc03779f2a246a9b5af5d4a93533511c837df,dd3c178ea9553004d7bf4c494e1b7fd80e7b6ae6,false,expansion,portable,c-programs,c-programs/pty-nr-count,verify,dbi,expansion,pass,1,1,d6aa3c553b74b5052939893a096d0f320c69d79a52c3ed819d2c10f57ea6e3ac,180,,
fullcorpus,@1786069169,1fadc03779f2a246a9b5af5d4a93533511c837df,dd3c178ea9553004d7bf4c494e1b7fd80e7b6ae6,false,expansion,portable,c-programs,c-programs/racewrite-nostdlib,verify,dbi,expansion,pass,1,1,e3b0c44298fc1c149afbf4c8996fb92427ae41e4649b934ca495991b7852b855,38,,
fullcorpus,@1786069169,1fadc03779f2a246a9b5af5d4a93533511c837df,dd3c178ea9553004d7bf4c494e1b7fd80e7b6ae6,false,expansion,portable,c-programs,c-programs/random-sources,verify,dbi,expansion,pass,1,0,7923544f5e441584bdf0e8156ca188c2235cc8542031a2b9a6754cfb96327be1,193,,
fullcorpus,@1786069169,1fadc03779f2a246a9b5af5d4a93533511c837df,dd3c178ea9553004d7bf4c494e1b7fd80e7b6ae6,false,expansion,portable,c-programs,c-programs/rcx-canonicalization,verify,dbi,expansion,pass,1,1,60ab39b068f20e83e1e12d5fc849301a3ee11bab51ddf3f0f8240e5c38b7ed25,123,,
fullcorpus,@1786069169,1fadc03779f2a246a9b5af5d4a93533511c837df,dd3c178ea9553004d7bf4c494e1b7fd80e7b6ae6,false,expansion,portable,c-programs,c-programs/record-replay-fd-close,verify,dbi,expansion,pass,1,1,e3b0c44298fc1c149afbf4c8996fb92427ae41e4649b934ca495991b7852b855,549,,
fullcorpus,@1786069169,1fadc03779f2a246a9b5af5d4a93533511c837df,dd3c178ea9553004d7bf4c494e1b7fd80e7b6ae6,false,expansion,portable,c-programs,c-programs/record-replay-file-state,verify,dbi,expansion,pass,1,1,d268fdbcb2aaea519d6f8b15d5e78ce369dd8ebf69be7c2941316f26c0e02471,153,,
fullcorpus,@1786069169,1fadc03779f2a246a9b5af5d4a93533511c837df,dd3c178ea9553004d7bf4c494e1b7fd80e7b6ae6,false,expansion,portable,c-programs,c-programs/record-replay-lseek-seek-cur,verify,dbi,expansion,diverge,0,,e3b0c44298fc1c149afbf4c8996fb92427ae41e4649b934ca495991b7852b855,59,,dbi-verify-fail-exit2
fullcorpus,@1786069169,1fadc03779f2a246a9b5af5d4a93533511c837df,dd3c178ea9553004d7bf4c494e1b7fd80e7b6ae6,false,expansion,portable,c-programs,c-programs/record-replay-setsockopt,verify,dbi,expansion,pass,1,1,81a01674bdbc3ed8aff53344a3ca68dd615e08ff5a413f537980546e30757714,123,,
fullcorpus,@1786069169,1fadc03779f2a246a9b5af5d4a93533511c837df,dd3c178ea9553004d7bf4c494e1b7fd80e7b6ae6,false,expansion,portable,c-programs,c-programs/recvmsg-scm-rights-mmap,verify,dbi,expansion,pass,1,1,50212370d90ce8b680af7c5a9448684c494dc504956193611b2f034831e5c80d,133,,
fullcorpus,@1786069169,1fadc03779f2a246a9b5af5d4a93533511c837df,dd3c178ea9553004d7bf4c494e1b7fd80e7b6ae6,false,expansion,portable,c-programs,c-programs/remap-file-pages-anonymous-enosys,verify,dbi,expansion,pass,1,1,18b174a569bfacdfaa99b5ec11dec76b5c857e910913d52f2b0886ccf43c8de5,128,,
fullcorpus,@1786069169,1fadc03779f2a246a9b5af5d4a93533511c837df,dd3c178ea9553004d7bf4c494e1b7fd80e7b6ae6,false,expansion,portable,c-programs,c-programs/remap-file-pages-memfd-enosys,verify,dbi,expansion,pass,1,1,bd053ef4819b7e8bcfbb6cae1bfce238da7007e770af9efcdd46419aedff5631,118,,
fullcorpus,@1786069169,1fadc03779f2a246a9b5af5d4a93533511c837df,dd3c178ea9553004d7bf4c494e1b7fd80e7b6ae6,false,expansion,portable,c-programs,c-programs/remap-file-pages-tmpfile-enosys,verify,dbi,expansion,pass,1,1,86f8d7cfd95fa8053265e9077e7cefc2b5f36f9060c8719f7f2652421a984d31,122,,
fullcorpus,@1786069169,1fadc03779f2a246a9b5af5d4a93533511c837df,dd3c178ea9553004d7bf4c494e1b7fd80e7b6ae6,false,expansion,portable,c-programs,c-programs/request-key-enosys,verify,dbi,expansion,pass,1,1,745b53ba9579787b43a3a4b6271a471d8915b07ef8be45f28360fc0fb683d9d1,115,,
fullcorpus,@1786069169,1fadc03779f2a246a9b5af5d4a93533511c837df,dd3c178ea9553004d7bf4c494e1b7fd80e7b6ae6,false,expansion,portable,c-programs,c-programs/resource-determinism,verify,dbi,expansion,diverge,0,0,24969c4f31b5e7f71c8bd876b88fb72711fcdc3e3096c0d20efe4fb863400f23,73,,dbi-verify-fail-exit1
fullcorpus,@1786069169,1fadc03779f2a246a9b5af5d4a93533511c837df,dd3c178ea9553004d7bf4c494e1b7fd80e7b6ae6,false,expansion,portable,c-programs,c-programs/sched-setattr-batch,verify,dbi,expansion,pass,1,1,99eac8d5cfe2b3c98d2a509ad3c4095f749dedf91bfe3a50c888ca25482ff328,120,,
fullcorpus,@1786069169,1fadc03779f2a246a9b5af5d4a93533511c837df,dd3c178ea9553004d7bf4c494e1b7fd80e7b6ae6,false,expansion,portable,c-programs,c-programs/sched-setattr-idle,verify,dbi,expansion,pass,1,1,5ee4cb2f5210f1a5945af443dbb57effe1a8f04c69f632d2391781c6f900af7c,124,,
fullcorpus,@1786069169,1fadc03779f2a246a9b5af5d4a93533511c837df,dd3c178ea9553004d7bf4c494e1b7fd80e7b6ae6,false,expansion,portable,c-programs,c-programs/sched-setattr-other,verify,dbi,expansion,pass,1,1,b9b3b39b4487c39eff3a18989355c0d25dae1bbef9c9eb9868729f3335163e9d,126,,
fullcorpus,@1786069169,1fadc03779f2a246a9b5af5d4a93533511c837df,dd3c178ea9553004d7bf4c494e1b7fd80e7b6ae6,false,expansion,portable,c-programs,c-programs/scheduler-policy-queries,verify,dbi,expansion,pass,1,1,49a4292eaa9d835040b884177ac3fed11611ee037c7577af8a28d977675dde27,119,,
fullcorpus,@1786069169,1fadc03779f2a246a9b5af5d4a93533511c837df,dd3c178ea9553004d7bf4c494e1b7fd80e7b6ae6,false,expansion,portable,c-programs,c-programs/sched-yield-progress,verify,dbi,expansion,pass,1,1,0cf05b84c117bf29ad0908b6ed54b07ab9fd5cd576bd8e2c42ac2411eec42a5e,152,,
fullcorpus,@1786069169,1fadc03779f2a246a9b5af5d4a93533511c837df,dd3c178ea9553004d7bf4c494e1b7fd80e7b6ae6,false,expansion,portable,c-programs,c-programs/setitimer-determinism,verify,dbi,expansion,pass,1,0,dec0f81b3ccdd745a926ed8ff7a2f50ee1391a7c50bd1f28dcb7d5ed1e1b6a6c,170,,
fullcorpus,@1786069169,1fadc03779f2a246a9b5af5d4a93533511c837df,dd3c178ea9553004d7bf4c494e1b7fd80e7b6ae6,false,expansion,portable,c-programs,c-programs/sigmask-preemption,verify,dbi,expansion,pass,1,1,33120d6f8e5896b4921d592649470484fdfb0c3438aedd6f7a19dc625829cb76,188,,
fullcorpus,@1786069169,1fadc03779f2a246a9b5af5d4a93533511c837df,dd3c178ea9553004d7bf4c494e1b7fd80e7b6ae6,false,expansion,portable,c-programs,c-programs/signal-determinism,verify,dbi,expansion,diverge,0,,e3b0c44298fc1c149afbf4c8996fb92427ae41e4649b934ca495991b7852b855,68,,dbi-verify-fail-exit2
fullcorpus,@1786069169,1fadc03779f2a246a9b5af5d4a93533511c837df,dd3c178ea9553004d7bf4c494e1b7fd80e7b6ae6,false,expansion,portable,c-programs,c-programs/sigpipe-siginfo,verify,dbi,expansion,diverge,0,0,e3b0c44298fc1c149afbf4c8996fb92427ae41e4649b934ca495991b7852b855,95,,dbi-verify-fail-exit1
fullcorpus,@1786069169,1fadc03779f2a246a9b5af5d4a93533511c837df,dd3c178ea9553004d7bf4c494e1b7fd80e7b6ae6,false,expansion,portable,c-programs,c-programs/sigtimedwait-no-timeout,verify,dbi,expansion,timeout,0,0,e3b0c44298fc1c149afbf4c8996fb92427ae41e4649b934ca495991b7852b855,120005,,dbi-verify-timeout-120s
fullcorpus,@1786069169,1fadc03779f2a246a9b5af5d4a93533511c837df,dd3c178ea9553004d7bf4c494e1b7fd80e7b6ae6,false,expansion,portable,c-programs,c-programs/sigtimedwait-timeout-0s,verify,dbi,expansion,pass,1,1,1fdb5bc221fec017d7d094e8aeef5164e5684040b75235798955040a2cae9573,161,,
fullcorpus,@1786069169,1fadc03779f2a246a9b5af5d4a93533511c837df,dd3c178ea9553004d7bf4c494e1b7fd80e7b6ae6,false,expansion,portable,c-programs,c-programs/sigtimedwait-timeout-1s,verify,dbi,expansion,pass,1,1,879d7ab11fa7ee8fb9ef0480411cf236c70259b0e020427b92a7c3bb89fbb729,3519,,
fullcorpus,@1786069169,1fadc03779f2a246a9b5af5d4a93533511c837df,dd3c178ea9553004d7bf4c494e1b7fd80e7b6ae6,false,expansion,portable,c-programs,c-programs/socket-cookie-tcp,verify,dbi,expansion,pass,1,1,6180a36432851ee86fbec823dd6fe6c7588f786bfadefd70480438b246053b6b,113,,
fullcorpus,@1786069169,1fadc03779f2a246a9b5af5d4a93533511c837df,dd3c178ea9553004d7bf4c494e1b7fd80e7b6ae6,false,expansion,portable,c-programs,c-programs/socket-cookie-udp,verify,dbi,expansion,pass,1,1,2d06feadf81160afca89105d6b83f0ce0a7296070a855b1b25b8b72d58e724be,115,,
fullcorpus,@1786069169,1fadc03779f2a246a9b5af5d4a93533511c837df,dd3c178ea9553004d7bf4c494e1b7fd80e7b6ae6,false,expansion,portable,c-programs,c-programs/socket-cookie-unix,verify,dbi,expansion,pass,1,1,af2ebd36b3b776fa4c0c4c215288f5e66fa5241f8dfda47f8ef017ba351e3734,113,,
fullcorpus,@1786069169,1fadc03779f2a246a9b5af5d4a93533511c837df,dd3c178ea9553004d7bf4c494e1b7fd80e7b6ae6,false,expansion,portable,c-programs,c-programs/socket-ioctl-timestamp,verify,dbi,expansion,diverge,0,,e3b0c44298fc1c149afbf4c8996fb92427ae41e4649b934ca495991b7852b855,57,,dbi-verify-fail-exit1
fullcorpus,@1786069169,1fadc03779f2a246a9b5af5d4a93533511c837df,dd3c178ea9553004d7bf4c494e1b7fd80e7b6ae6,false,expansion,portable,c-programs,c-programs/socket-timestamp-edge-cases,verify,dbi,expansion,pass,1,1,237ff1081253f64aba6ed9e84bad994c1c481d9bd2312ba4fe80afa1d959f9cc,124,,
fullcorpus,@1786069169,1fadc03779f2a246a9b5af5d4a93533511c837df,dd3c178ea9553004d7bf4c494e1b7fd80e7b6ae6,false,expansion,portable,c-programs,c-programs/socket-timestamp-timespec,verify,dbi,expansion,pass,1,1,4a5eae51288da929c514799c22251bb18ec475d82ca4a648f9732da9a00cfd75,113,,
fullcorpus,@1786069169,1fadc03779f2a246a9b5af5d4a93533511c837df,dd3c178ea9553004d7bf4c494e1b7fd80e7b6ae6,false,expansion,portable,c-programs,c-programs/socket-timestamp-timeval,verify,dbi,expansion,pass,1,1,2a6d69ec1e29905992985dd6131920efd96bd015b70cd2c003724b8065750683,115,,
fullcorpus,@1786069169,1fadc03779f2a246a9b5af5d4a93533511c837df,dd3c178ea9553004d7bf4c494e1b7fd80e7b6ae6,false,expansion,portable,c-programs,c-programs/so-incoming-cpu-tcp4,verify,dbi,expansion,diverge,0,1,37d9e0d38876a4913d49d1524721047328ff7d139c4bea030fc003d86325cb12,61,,dbi-verify-fail-exit1
fullcorpus,@1786069169,1fadc03779f2a246a9b5af5d4a93533511c837df,dd3c178ea9553004d7bf4c494e1b7fd80e7b6ae6,false,expansion,portable,c-programs,c-programs/so-incoming-cpu-tcp6,verify,dbi,expansion,diverge,0,1,71986d6a252d40985852f55c3577bc0d86ae15e892c678bea20d0f320e584593,61,,dbi-verify-fail-exit1
fullcorpus,@1786069169,1fadc03779f2a246a9b5af5d4a93533511c837df,dd3c178ea9553004d7bf4c494e1b7fd80e7b6ae6,false,expansion,portable,c-programs,c-programs/so-incoming-cpu-udp4,verify,dbi,expansion,pass,1,1,b49fc8be9466892afd2c8ad552ba7b28128fc5ac32fc5d89f9a1146264aa4dc7,120,,
fullcorpus,@1786069169,1fadc03779f2a246a9b5af5d4a93533511c837df,dd3c178ea9553004d7bf4c494e1b7fd80e7b6ae6,false,expansion,portable,c-programs,c-programs/splice-enosys,verify,dbi,expansion,pass,1,1,0bc4f64fe4ad2292443e402eba4830484779aeb4370264c9c0abfa7a78f95c8e,119,,
fullcorpus,@1786069169,1fadc03779f2a246a9b5af5d4a93533511c837df,dd3c178ea9553004d7bf4c494e1b7fd80e7b6ae6,false,expansion,portable,c-programs,c-programs/statmount-enosys,verify,dbi,expansion,pass,1,1,84a55d7cfcd9fe81a459d4852c82ddf5ad78845213534c19fa6dcdef66cfdf95,114,,
fullcorpus,@1786069169,1fadc03779f2a246a9b5af5d4a93533511c837df,dd3c178ea9553004d7bf4c494e1b7fd80e7b6ae6,false,expansion,portable,c-programs,c-programs/syscall-file-io,verify,dbi,expansion,pass,1,1,632d0f8b9698ef9868e243dd5432fca72d482ec38beb954c8af6f6ddf94e8e51,120,,
fullcorpus,@1786069169,1fadc03779f2a246a9b5af5d4a93533511c837df,dd3c178ea9553004d7bf4c494e1b7fd80e7b6ae6,false,expansion,portable,c-programs,c-programs/syscall-file-metadata,verify,dbi,expansion,pass,1,1,57a74d78ecf93f4f8f188f946cdd5345bed2d126fc15a9f362d320bed2c5236a,126,,
fullcorpus,@1786069169,1fadc03779f2a246a9b5af5d4a93533511c837df,dd3c178ea9553004d7bf4c494e1b7fd80e7b6ae6,false,expansion,portable,c-programs,c-programs/syscall-quick-wins,verify,dbi,expansion,pass,1,0,60b58a8f8fcf33fec043f7c10402ca00687851f4d7a64ca347422a7644066ee6,129,,
fullcorpus,@1786069169,1fadc03779f2a246a9b5af5d4a93533511c837df,dd3c178ea9553004d7bf4c494e1b7fd80e7b6ae6,false,expansion,portable,c-programs,c-programs/sysfs-enosys,verify,dbi,expansion,pass,1,1,77a60c6b8a6c3c908333e6f4dfa94a2c397b1bd7c93991eebb8ed5915b0ad95f,116,,
fullcorpus,@1786069169,1fadc03779f2a246a9b5af5d4a93533511c837df,dd3c178ea9553004d7bf4c494e1b7fd80e7b6ae6,false,expansion,portable,c-programs,c-programs/sysinfo,verify,dbi,expansion,pass,1,0,906d8e561c1c66638de700d08a85dc6b087a48cd409ac283c0a3089242559966,115,,
fullcorpus,@1786069169,1fadc03779f2a246a9b5af5d4a93533511c837df,dd3c178ea9553004d7bf4c494e1b7fd80e7b6ae6,false,expansion,portable,c-programs,c-programs/sysinfo-uptime,verify,dbi,expansion,pass,1,0,1429541a342182baeb957e7490636685d8d6bcb5011ec02e4260a42020c3c5f5,6506,,
fullcorpus,@1786069169,1fadc03779f2a246a9b5af5d4a93533511c837df,dd3c178ea9553004d7bf4c494e1b7fd80e7b6ae6,false,expansion,portable,c-programs,c-programs/syslog-deterministic,verify,dbi,expansion,pass,1,1,c23edf066d3bda360f91b47308f840e8b42b87278b5e379c8d71d8bf10a255d2,124,,
fullcorpus,@1786069169,1fadc03779f2a246a9b5af5d4a93533511c837df,dd3c178ea9553004d7bf4c494e1b7fd80e7b6ae6,false,expansion,portable,c-programs,c-programs/sysv-sem-enosys,verify,dbi,expansion,pass,1,1,f024dd91d8c142074c08ff93925022b5acfeab0e3d58d7ea1fdbdee13ebada99,109,,
fullcorpus,@1786069169,1fadc03779f2a246a9b5af5d4a93533511c837df,dd3c178ea9553004d7bf4c494e1b7fd80e7b6ae6,false,expansion,portable,c-programs,c-programs/sysv-shm-enosys,verify,dbi,expansion,pass,1,1,7b4564e64aa38d43273e5e7e1df8e80071b1c9219f7de2628fa37e6ab4da5794,108,,
fullcorpus,@1786069169,1fadc03779f2a246a9b5af5d4a93533511c837df,dd3c178ea9553004d7bf4c494e1b7fd80e7b6ae6,false,expansion,portable,c-programs,c-programs/tcp-info-accept4,verify,dbi,expansion,diverge,0,0,e3b0c44298fc1c149afbf4c8996fb92427ae41e4649b934ca495991b7852b855,59,,dbi-verify-fail-exit1
fullcorpus,@1786069169,1fadc03779f2a246a9b5af5d4a93533511c837df,dd3c178ea9553004d7bf4c494e1b7fd80e7b6ae6,false,expansion,portable,c-programs,c-programs/tcp-info-accept6,verify,dbi,expansion,diverge,0,0,e3b0c44298fc1c149afbf4c8996fb92427ae41e4649b934ca495991b7852b855,57,,dbi-verify-fail-exit1
fullcorpus,@1786069169,1fadc03779f2a246a9b5af5d4a93533511c837df,dd3c178ea9553004d7bf4c494e1b7fd80e7b6ae6,false,expansion,portable,c-programs,c-programs/tcp-info-client4,verify,dbi,expansion,diverge,0,0,e3b0c44298fc1c149afbf4c8996fb92427ae41e4649b934ca495991b7852b855,61,,dbi-verify-fail-exit1
fullcorpus,@1786069169,1fadc03779f2a246a9b5af5d4a93533511c837df,dd3c178ea9553004d7bf4c494e1b7fd80e7b6ae6,false,expansion,portable,c-programs,c-programs/tee-enosys,verify,dbi,expansion,pass,1,1,1c8d3e5b5c25e921430729592b73be499a63f45dc355ac8686a3070d1e2f6108,115,,
fullcorpus,@1786069169,1fadc03779f2a246a9b5af5d4a93533511c837df,dd3c178ea9553004d7bf4c494e1b7fd80e7b6ae6,false,expansion,portable,c-programs,c-programs/threadexhaustion,verify,dbi,expansion,pass,1,1,6ed164be2f904840f8cd736bc12bac0858d8d7238d37fbebd539fbac7d14d0ed,148,,
fullcorpus,@1786069169,1fadc03779f2a246a9b5af5d4a93533511c837df,dd3c178ea9553004d7bf4c494e1b7fd80e7b6ae6,false,expansion,portable,c-programs,c-programs/thread-self-procfs-handoff,verify,dbi,expansion,pass,1,1,4ec014d923f7213d78fc3fe481bb1e5a1afe2966878e2967593bac452513edd6,133,,
fullcorpus,@1786069169,1fadc03779f2a246a9b5af5d4a93533511c837df,dd3c178ea9553004d7bf4c494e1b7fd80e7b6ae6,false,expansion,portable,c-programs,c-programs/thread-sync-determinism,verify,dbi,expansion,diverge,0,,e3b0c44298fc1c149afbf4c8996fb92427ae41e4649b934ca495991b7852b855,57,,dbi-verify-fail-exit2
fullcorpus,@1786069169,1fadc03779f2a246a9b5af5d4a93533511c837df,dd3c178ea9553004d7bf4c494e1b7fd80e7b6ae6,false,expansion,portable,c-programs,c-programs/timer-create-determinism,verify,dbi,expansion,pass,1,1,88d3c6bddc5cce602a98a315d6413f65c9be3b4af294699a8a553337ef4033ae,113,,
fullcorpus,@1786069169,1fadc03779f2a246a9b5af5d4a93533511c837df,dd3c178ea9553004d7bf4c494e1b7fd80e7b6ae6,false,expansion,portable,c-programs,c-programs/uname,verify,dbi,expansion,pass,1,1,29a9d1c5f680e45d5fdca33498014a47ce0a123af49e3fecb74543db547788be,113,,
fullcorpus,@1786069169,1fadc03779f2a246a9b5af5d4a93533511c837df,dd3c178ea9553004d7bf4c494e1b7fd80e7b6ae6,false,expansion,portable,c-programs,c-programs/unix-autobind-dgram,verify,dbi,expansion,pass,1,1,b3679cef7d4cbb0bfc40803796036d2ea2e8262e846ad4d345c0c0646e79d21b,115,,
fullcorpus,@1786069169,1fadc03779f2a246a9b5af5d4a93533511c837df,dd3c178ea9553004d7bf4c494e1b7fd80e7b6ae6,false,expansion,portable,c-programs,c-programs/unix-autobind-seqpacket,verify,dbi,expansion,pass,1,1,adab29374a2e454a06823fd8e1ecc9ba038ed4be7ad9f95ae67cebeec58a3d8c,113,,
fullcorpus,@1786069169,1fadc03779f2a246a9b5af5d4a93533511c837df,dd3c178ea9553004d7bf4c494e1b7fd80e7b6ae6,false,expansion,portable,c-programs,c-programs/unix-autobind-stream,verify,dbi,expansion,pass,1,1,91304ad318232da9ea6432240290691ddc20ad0ebf2e4c889c7ab6cd3f71db0c,111,,
fullcorpus,@1786069169,1fadc03779f2a246a9b5af5d4a93533511c837df,dd3c178ea9553004d7bf4c494e1b7fd80e7b6ae6,false,expansion,portable,c-programs,c-programs/ustat-enosys,verify,dbi,expansion,pass,1,1,a3385f3800f1f726246c5551a73e98c6ae29a6dd2757326caac8afdf53bb90d3,108,,
fullcorpus,@1786069169,1fadc03779f2a246a9b5af5d4a93533511c837df,dd3c178ea9553004d7bf4c494e1b7fd80e7b6ae6,false,expansion,portable,c-programs,c-programs/vforkexec,verify,dbi,expansion,pass,1,0,f7b3cbbfcc7fe5e1e9d009c2575bc1e835e071e27d4236d56626cc98572b4239,229,,
fullcorpus,@1786069169,1fadc03779f2a246a9b5af5d4a93533511c837df,dd3c178ea9553004d7bf4c494e1b7fd80e7b6ae6,false,expansion,portable,c-programs,c-programs/vmsplice-enosys,verify,dbi,expansion,pass,1,1,8f5a5d41aa1ad4af965f89cb80f73347c556f46f42dfaca5a32853b7798fe6f0,106,,
fullcorpus,@1786069169,1fadc03779f2a246a9b5af5d4a93533511c837df,dd3c178ea9553004d7bf4c494e1b7fd80e7b6ae6,false,expansion,portable,c-programs,c-programs/wait-on-child,verify,dbi,expansion,pass,1,0,6aee6c1568a29c06fde6ca7cc0291f6b70876b0012146915ec8c26b0dd73f09b,128,,
fullcorpus,@1786069169,1fadc03779f2a246a9b5af5d4a93533511c837df,dd3c178ea9553004d7bf4c494e1b7fd80e7b6ae6,false,expansion,portable,c-programs,c-programs/writev-determinism,verify,dbi,expansion,timeout,0,0,e3b0c44298fc1c149afbf4c8996fb92427ae41e4649b934ca495991b7852b855,120006,,dbi-verify-timeout-120s
fullcorpus,@1786069169,1fadc03779f2a246a9b5af5d4a93533511c837df,dd3c178ea9553004d7bf4c494e1b7fd80e7b6ae6,false,expansion,portable,data-handling,data-handling/archive-roundtrip,verify,dbi,expansion,diverge,0,,e3b0c44298fc1c149afbf4c8996fb92427ae41e4649b934ca495991b7852b855,186,,dbi-verify-fail-exit1
fullcorpus,@1786069169,1fadc03779f2a246a9b5af5d4a93533511c837df,dd3c178ea9553004d7bf4c494e1b7fd80e7b6ae6,false,expansion,portable,data-handling,data-handling/shell-pipeline,verify,dbi,expansion,diverge,0,,e3b0c44298fc1c149afbf4c8996fb92427ae41e4649b934ca495991b7852b855,225,,dbi-verify-fail-exit1
fullcorpus,@1786069169,1fadc03779f2a246a9b5af5d4a93533511c837df,dd3c178ea9553004d7bf4c494e1b7fd80e7b6ae6,false,expansion,portable,debugger-c,debugger-c/debuggee,verify,dbi,expansion,pass,1,1,48d3d236efc470a63642ab7a23fc174f378f389d2f6738b84db4f7a550ce4192,125,,
fullcorpus,@1786069169,1fadc03779f2a246a9b5af5d4a93533511c837df,dd3c178ea9553004d7bf4c494e1b7fd80e7b6ae6,false,expansion,portable,determinism-stress-c,determinism-stress-c/fork-tree,verify,dbi,expansion,pass,1,1,8ddf8b17d77780a3d7a236df0e42893354e51a485e840d08fc7906ef2207637f,164,,
fullcorpus,@1786069169,1fadc03779f2a246a9b5af5d4a93533511c837df,dd3c178ea9553004d7bf4c494e1b7fd80e7b6ae6,false,expansion,portable,determinism-stress-c,determinism-stress-c/lock-free,verify,dbi,expansion,pass,1,1,b3bab857d371911d8565e55d6907439bd3c32995e2938f1ac285ce02884c9c54,185,,
fullcorpus,@1786069169,1fadc03779f2a246a9b5af5d4a93533511c837df,dd3c178ea9553004d7bf4c494e1b7fd80e7b6ae6,false,expansion,portable,determinism-stress-c,determinism-stress-c/mmap-fork-shared,verify,dbi,expansion,timeout,0,0,e3b0c44298fc1c149afbf4c8996fb92427ae41e4649b934ca495991b7852b855,120005,,dbi-verify-timeout-120s
fullcorpus,@1786069169,1fadc03779f2a246a9b5af5d4a93533511c837df,dd3c178ea9553004d7bf4c494e1b7fd80e7b6ae6,false,expansion,portable,determinism-stress-c,determinism-stress-c/pid-tid,verify,dbi,expansion,pass,1,0,a76e1d2cf165788b6320aac1e30a9ee51e7f9869e327a2ee63111280e4bb6a22,179,,
fullcorpus,@1786069169,1fadc03779f2a246a9b5af5d4a93533511c837df,dd3c178ea9553004d7bf4c494e1b7fd80e7b6ae6,false,expansion,portable,determinism-stress-c,determinism-stress-c/pipe-chain,verify,dbi,expansion,diverge,0,0,e3b0c44298fc1c149afbf4c8996fb92427ae41e4649b934ca495991b7852b855,62,,dbi-verify-fail-exit1
fullcorpus,@1786069169,1fadc03779f2a246a9b5af5d4a93533511c837df,dd3c178ea9553004d7bf4c494e1b7fd80e7b6ae6,false,expansion,portable,determinism-stress-c,determinism-stress-c/pipe-prefill,verify,dbi,expansion,pass,1,1,85f07bae7e5247a9311974855de758b431bedf55bf167fc173adc6e9877db1f6,120,,
fullcorpus,@1786069169,1fadc03779f2a246a9b5af5d4a93533511c837df,dd3c178ea9553004d7bf4c494e1b7fd80e7b6ae6,false,expansion,portable,determinism-stress-c,determinism-stress-c/producer-consumer,verify,dbi,expansion,pass,1,1,4a1f3835471600bc0823a28a5669705a0e6864214ae213a1083b4c1bf10c50bf,445,,
fullcorpus,@1786069169,1fadc03779f2a246a9b5af5d4a93533511c837df,dd3c178ea9553004d7bf4c494e1b7fd80e7b6ae6,false,expansion,portable,determinism-stress-c,determinism-stress-c/signal-order,verify,dbi,expansion,pass,1,1,e4b06b822726e5ff96ca7bcbbf59e764019be179d7b198987fd4c4216687561a,173,,
fullcorpus,@1786069169,1fadc03779f2a246a9b5af5d4a93533511c837df,dd3c178ea9553004d7bf4c494e1b7fd80e7b6ae6,false,expansion,portable,determinism-stress-c,determinism-stress-c/thread-contention,verify,dbi,expansion,diverge,0,,e3b0c44298fc1c149afbf4c8996fb92427ae41e4649b934ca495991b7852b855,57,,dbi-verify-fail-exit1
fullcorpus,@1786069169,1fadc03779f2a246a9b5af5d4a93533511c837df,dd3c178ea9553004d7bf4c494e1b7fd80e7b6ae6,false,expansion,portable,determinism-stress-c,determinism-stress-c/thread-stress,verify,dbi,expansion,pass,1,1,5cc9e2f4adb1ce9d9da8fd455891107712ac699631b4d0b492f52be27a71ba73,1910,,
fullcorpus,@1786069169,1fadc03779f2a246a9b5af5d4a93533511c837df,dd3c178ea9553004d7bf4c494e1b7fd80e7b6ae6,false,expansion,portable,determinism-stress,determinism-stress/example-race,verify,dbi,expansion,diverge,0,0,ee47eab151da1549adc9b4ab3c7e1f0bcbedff348cf9e7152952d0f5373634ed,739,,dbi-verify-fail-exit1
fullcorpus,@1786069169,1fadc03779f2a246a9b5af5d4a93533511c837df,dd3c178ea9553004d7bf4c494e1b7fd80e7b6ae6,false,expansion,portable,determinism-stress,determinism-stress/order-violation,verify,dbi,expansion,pass,1,1,0ba904eae8773b70c75333db4de2f3ac45a8ad4ddba1b242f0b3cfc199391dd8,126,,
fullcorpus,@1786069169,1fadc03779f2a246a9b5af5d4a93533511c837df,dd3c178ea9553004d7bf4c494e1b7fd80e7b6ae6,false,expansion,portable,determinism-stress,determinism-stress/process-chains,verify,dbi,expansion,diverge,0,,e3b0c44298fc1c149afbf4c8996fb92427ae41e4649b934ca495991b7852b855,179,,dbi-verify-fail-exit1
fullcorpus,@1786069169,1fadc03779f2a246a9b5af5d4a93533511c837df,dd3c178ea9553004d7bf4c494e1b7fd80e7b6ae6,false,expansion,portable,determinism-stress,determinism-stress/thread-contention,verify,dbi,expansion,diverge,0,,e3b0c44298fc1c149afbf4c8996fb92427ae41e4649b934ca495991b7852b855,225,,dbi-verify-fail-exit1
fullcorpus,@1786069169,1fadc03779f2a246a9b5af5d4a93533511c837df,dd3c178ea9553004d7bf4c494e1b7fd80e7b6ae6,false,expansion,portable,determinism-stress,determinism-stress/thread-output,verify,dbi,expansion,diverge,0,0,04f4f98d6434354260be0c2c7f54163dc7efbef8f094a85595054c9ede1f5cf7,1137,,dbi-verify-fail-exit1
fullcorpus,@1786069169,1fadc03779f2a246a9b5af5d4a93533511c837df,dd3c178ea9553004d7bf4c494e1b7fd80e7b6ae6,false,expansion,portable,language-runtimes,language-runtimes/bash-loop-pipe-time,verify,dbi,expansion,timeout,0,0,e3b0c44298fc1c149afbf4c8996fb92427ae41e4649b934ca495991b7852b855,120005,,dbi-verify-timeout-120s
fullcorpus,@1786069169,1fadc03779f2a246a9b5af5d4a93533511c837df,dd3c178ea9553004d7bf4c494e1b7fd80e7b6ae6,false,expansion,portable,language-runtimes,language-runtimes/example-python-random,verify,dbi,expansion,pass,1,1,e1b8db378cfd66571bc2d0dbe0b45e1bd3eaecb5d6e0e4d51fd1c0ed053113b0,5594,,
fullcorpus,@1786069169,1fadc03779f2a246a9b5af5d4a93533511c837df,dd3c178ea9553004d7bf4c494e1b7fd80e7b6ae6,false,expansion,portable,language-runtimes,language-runtimes/gawk-random,verify,dbi,expansion,pass,1,1,04427acdbdc27dceba6e78a1623682e9363586e78bcd894100c7b1bf625e92fe,624,,
fullcorpus,@1786069169,1fadc03779f2a246a9b5af5d4a93533511c837df,dd3c178ea9553004d7bf4c494e1b7fd80e7b6ae6,false,expansion,portable,language-runtimes,language-runtimes/perl-io-subprocess-time,verify,dbi,expansion,diverge,0,0,e3b0c44298fc1c149afbf4c8996fb92427ae41e4649b934ca495991b7852b855,1140,,dbi-verify-fail-exit1
fullcorpus,@1786069169,1fadc03779f2a246a9b5af5d4a93533511c837df,dd3c178ea9553004d7bf4c494e1b7fd80e7b6ae6,false,expansion,portable,language-runtimes,language-runtimes/python-hash-determinism,verify,dbi,expansion,pass,1,0,ac363b10f5e4ccd3c3ae5974974a12f3eb7ebf684f774da9e5e39335e53f5b89,5249,,
fullcorpus,@1786069169,1fadc03779f2a246a9b5af5d4a93533511c837df,dd3c178ea9553004d7bf4c494e1b7fd80e7b6ae6,false,expansion,portable,language-runtimes,language-runtimes/python-io-subprocess-time,verify,dbi,expansion,timeout,0,0,e3b0c44298fc1c149afbf4c8996fb92427ae41e4649b934ca495991b7852b855,120005,,dbi-verify-timeout-120s
fullcorpus,@1786069169,1fadc03779f2a246a9b5af5d4a93533511c837df,dd3c178ea9553004d7bf4c494e1b7fd80e7b6ae6,false,expansion,portable,language-runtimes,language-runtimes/python-random,verify,dbi,expansion,pass,1,0,e1b8db378cfd66571bc2d0dbe0b45e1bd3eaecb5d6e0e4d51fd1c0ed053113b0,5709,,
fullcorpus,@1786069169,1fadc03779f2a246a9b5af5d4a93533511c837df,dd3c178ea9553004d7bf4c494e1b7fd80e7b6ae6,false,expansion,portable,shared-futex-c,shared-futex-c/qemu-exec-init,verify,dbi,expansion,diverge,0,,f661f3a07a6eaf11cc84a517476a7fad235b90d6b017b27b1d196e7fc437abeb,813,,dbi-verify-fail-exit1
fullcorpus,@1786069169,1fadc03779f2a246a9b5af5d4a93533511c837df,dd3c178ea9553004d7bf4c494e1b7fd80e7b6ae6,false,expansion,portable,shared-futex-c,shared-futex-c/qemu-hello,verify,dbi,expansion,diverge,0,,9ea4709e7c24602ba619d6ae109051a4df65ce643d978faa5fcc1dfffc35acef,59,,dbi-verify-fail-exit7
fullcorpus,@1786069169,1fadc03779f2a246a9b5af5d4a93533511c837df,dd3c178ea9553004d7bf4c494e1b7fd80e7b6ae6,false,expansion,portable,shared-futex-c,shared-futex-c/qemu-init,verify,dbi,expansion,diverge,0,,43f850729eb0587f81fdf5ec0899ec8f8fc82e6cb1ef3889e9eb3f5fd329d48e,799,,dbi-verify-fail-exit1
fullcorpus,@1786069169,1fadc03779f2a246a9b5af5d4a93533511c837df,dd3c178ea9553004d7bf4c494e1b7fd80e7b6ae6,false,expansion,portable,shared-futex-c,shared-futex-c/qemu-net-init,verify,dbi,expansion,diverge,0,,6f2e575f700dd33f153625f87ce625f62c8ebbed42675e3c06ce63851fef2c8d,546,,dbi-verify-fail-exit1
fullcorpus,@1786069169,1fadc03779f2a246a9b5af5d4a93533511c837df,dd3c178ea9553004d7bf4c494e1b7fd80e7b6ae6,false,expansion,portable,system-utils,system-utils/clock-determinism,verify,dbi,expansion,pass,1,1,ae53c7f85ecd3f3e57c3b8c0f77f9d944873d0276aca6b0faad8d847063a5458,161,,
fullcorpus,@1786069169,1fadc03779f2a246a9b5af5d4a93533511c837df,dd3c178ea9553004d7bf4c494e1b7fd80e7b6ae6,false,expansion,portable,system-utils,system-utils/date-nanoseconds,verify,dbi,expansion,timeout,0,0,e3b0c44298fc1c149afbf4c8996fb92427ae41e4649b934ca495991b7852b855,120005,,dbi-verify-timeout-120s
fullcorpus,@1786069169,1fadc03779f2a246a9b5af5d4a93533511c837df,dd3c178ea9553004d7bf4c494e1b7fd80e7b6ae6,false,expansion,portable,system-utils,system-utils/example-date,verify,dbi,expansion,pass,1,0,9b0d3b702764fa0e348398ac2c1e284a38823a6154a084db9500c0162c656194,866,,
fullcorpus,@1786069169,1fadc03779f2a246a9b5af5d4a93533511c837df,dd3c178ea9553004d7bf4c494e1b7fd80e7b6ae6,false,expansion,portable,system-utils,system-utils/example-devrand,verify,dbi,expansion,pass,1,1,f5edcf77a8645391c7cdaa70592390c2365b1a0849dfc2729f9a6ca3ea874863,372,,
fullcorpus,@1786069169,1fadc03779f2a246a9b5af5d4a93533511c837df,dd3c178ea9553004d7bf4c494e1b7fd80e7b6ae6,false,expansion,portable,system-utils,system-utils/openssl-passwd,verify,dbi,expansion,pass,1,0,234925c7ac3d699bd64d3bcffa1e53c9207efa3e7dff594ae88f5453983aa4d0,939,,
fullcorpus,@1786069169,1fadc03779f2a246a9b5af5d4a93533511c837df,dd3c178ea9553004d7bf4c494e1b7fd80e7b6ae6,false,expansion,portable,system-utils,system-utils/proc-uptime,verify,dbi,expansion,pass,1,0,8a99bbf82e82c0766350f4024a8b820930a480ec9830f9855807806574a40629,837,,
fullcorpus,@1786069169,1fadc03779f2a246a9b5af5d4a93533511c837df,dd3c178ea9553004d7bf4c494e1b7fd80e7b6ae6,false,expansion,portable,system-utils,system-utils/random-device,verify,dbi,expansion,pass,1,1,f5edcf77a8645391c7cdaa70592390c2365b1a0849dfc2729f9a6ca3ea874863,757,,
fullcorpus,@1786069169,1fadc03779f2a246a9b5af5d4a93533511c837df,dd3c178ea9553004d7bf4c494e1b7fd80e7b6ae6,false,expansion,portable,system-utils,system-utils/record-getpid,verify,dbi,expansion,pass,1,1,7d65259dd0f4861331834b3f73013d851b44389c6162f00a24a0176bba121251,114,,
fullcorpus,@1786069169,1fadc03779f2a246a9b5af5d4a93533511c837df,dd3c178ea9553004d7bf4c494e1b7fd80e7b6ae6,false,expansion,portable,util-c,util-c/pmu-skid,verify,dbi,expansion,diverge,0,,e3b0c44298fc1c149afbf4c8996fb92427ae41e4649b934ca495991b7852b855,61,,dbi-verify-fail-exit1
fullcorpus,@1786072820,1fadc03779f2a246a9b5af5d4a93533511c837df,dd3c178ea9553004d7bf4c494e1b7fd80e7b6ae6,false,expansion,portable,applications,applications/example-timed-progress-bar,verify,e9patch,expansion,pass,1,1,d8778ce336753d09dab6c6d94699898498ccbc31d6ec6b0b7b3d4bc559745b47,469,,
fullcorpus,@1786072820,1fadc03779f2a246a9b5af5d4a93533511c837df,dd3c178ea9553004d7bf4c494e1b7fd80e7b6ae6,false,expansion,portable,applications,applications/timed-progress-bar,verify,e9patch,expansion,diverge,0,,e3b0c44298fc1c149afbf4c8996fb92427ae41e4649b934ca495991b7852b855,8,,e9patch-verify-fail-exit1
fullcorpus,@1786072820,1fadc03779f2a246a9b5af5d4a93533511c837df,dd3c178ea9553004d7bf4c494e1b7fd80e7b6ae6,false,expansion,privileged,backend-parity-c,backend-parity-c/cpuid-probe,verify,e9patch,expansion,pass,1,1,86ff9718c1542322ee8165258f455b9774cc88c99e37cc57f30e74283a2d83c0,55,,
fullcorpus,@1786072820,1fadc03779f2a246a9b5af5d4a93533511c837df,dd3c178ea9553004d7bf4c494e1b7fd80e7b6ae6,false,expansion,portable,backend-parity-c,backend-parity-c/pid-probe,verify,e9patch,expansion,pass,1,1,342cc5c394f2bfe94370f4f30493c870f7877e1dd0646dc7c41af1fc9d14838c,54,,
fullcorpus,@1786072820,1fadc03779f2a246a9b5af5d4a93533511c837df,dd3c178ea9553004d7bf4c494e1b7fd80e7b6ae6,false,expansion,portable,backend-parity-c,backend-parity-c/pthread-lifecycle,verify,e9patch,expansion,pass,1,1,6f916c392b593c2835823f98adada81a14b81ff8683b4045610a9a1cc0728563,71,,
fullcorpus,@1786072820,1fadc03779f2a246a9b5af5d4a93533511c837df,dd3c178ea9553004d7bf4c494e1b7fd80e7b6ae6,false,expansion,portable,bin-c,bin-c/posix-timer-test,verify,e9patch,expansion,pass,1,1,73bc36274f961af2a8ad43917d15a87a59ead3cb7c6f54c81db28c45d5395fa1,52,,
fullcorpus,@1786072820,1fadc03779f2a246a9b5af5d4a93533511c837df,dd3c178ea9553004d7bf4c494e1b7fd80e7b6ae6,false,expansion,portable,bin-c,bin-c/robust-futex-test,verify,e9patch,expansion,timeout,0,,e3b0c44298fc1c149afbf4c8996fb92427ae41e4649b934ca495991b7852b855,120005,,e9patch-verify-timeout-120s
fullcorpus,@1786072820,1fadc03779f2a246a9b5af5d4a93533511c837df,dd3c178ea9553004d7bf4c494e1b7fd80e7b6ae6,false,expansion,portable,chaos-c,chaos-c/lock-granularity,verify,e9patch,expansion,pass,1,1,1cd27b440cf0189a08ed714e62668d8ff37ae183e61d111b8ee14b2759ad2b2d,59,,
fullcorpus,@1786072820,1fadc03779f2a246a9b5af5d4a93533511c837df,dd3c178ea9553004d7bf4c494e1b7fd80e7b6ae6,false,expansion,portable,c-programs,c-programs/acct-refusal-probe,verify,e9patch,expansion,pass,1,1,fb9a253ff29ae72ad120fbe932651dd0471ff759f020fcad04b62895c481980f,50,,
fullcorpus,@1786072820,1fadc03779f2a246a9b5af5d4a93533511c837df,dd3c178ea9553004d7bf4c494e1b7fd80e7b6ae6,false,expansion,portable,c-programs,c-programs/add-key-enosys,verify,e9patch,expansion,pass,1,1,392cdd6f142e243a9db3f8bd6d60cde54e983ffe6d072bf7ea3b03cc297cbf72,48,,
fullcorpus,@1786072820,1fadc03779f2a246a9b5af5d4a93533511c837df,dd3c178ea9553004d7bf4c494e1b7fd80e7b6ae6,false,expansion,portable,c-programs,c-programs/adjtimex-deterministic,verify,e9patch,expansion,pass,1,1,ea6836e27a3d5c63e79076c3c5c976a785aa833022022fc0f2e5361942c6579e,44,,
fullcorpus,@1786072820,1fadc03779f2a246a9b5af5d4a93533511c837df,dd3c178ea9553004d7bf4c494e1b7fd80e7b6ae6,false,expansion,portable,c-programs,c-programs/arch-prctl-determinism,verify,e9patch,expansion,pass,1,1,8504ad2cf53c948ffdd59e277fe87ecf21f65ffa4fb543989366ec9cb40272fd,53,,
fullcorpus,@1786072820,1fadc03779f2a246a9b5af5d4a93533511c837df,dd3c178ea9553004d7bf4c494e1b7fd80e7b6ae6,false,expansion,portable,c-programs,c-programs/bpf-enosys,verify,e9patch,expansion,pass,1,1,00b8c2fc33f814bfeb2da739d302426f0122369289c96bb40f9a11ef86f4befe,49,,
fullcorpus,@1786072820,1fadc03779f2a246a9b5af5d4a93533511c837df,dd3c178ea9553004d7bf4c494e1b7fd80e7b6ae6,false,expansion,portable,c-programs,c-programs/cachestat-enosys,verify,e9patch,expansion,pass,1,1,c99ecc14f33146eb9b4b3c76f1fd310e0b0992a23465df5ce2715ead516e565e,46,,
fullcorpus,@1786072820,1fadc03779f2a246a9b5af5d4a93533511c837df,dd3c178ea9553004d7bf4c494e1b7fd80e7b6ae6,false,expansion,portable,c-programs,c-programs/clock-adjtime-deterministic,verify,e9patch,expansion,pass,1,1,f8df8f96682085b6719931fa985c994642bd388d6849e9c751941db746098343,47,,
fullcorpus,@1786072820,1fadc03779f2a246a9b5af5d4a93533511c837df,dd3c178ea9553004d7bf4c494e1b7fd80e7b6ae6,false,expansion,portable,c-programs,c-programs/clone,verify,e9patch,expansion,pass,1,1,6bed7c4e58faa0f69f82d7af16adcaa45cce6217b25a9cab2b709b1ac60b68de,50,,
fullcorpus,@1786072820,1fadc03779f2a246a9b5af5d4a93533511c837df,dd3c178ea9553004d7bf4c494e1b7fd80e7b6ae6,false,expansion,portable,c-programs,c-programs/copy-file-range-refusal-probe,verify,e9patch,expansion,pass,1,1,eaf5a67ca844e6a832cd95774ecdb4c48e345e2b64e1c67092ad7fb6ac39777a,46,,
fullcorpus,@1786072820,1fadc03779f2a246a9b5af5d4a93533511c837df,dd3c178ea9553004d7bf4c494e1b7fd80e7b6ae6,false,expansion,portable,c-programs,c-programs/dbi-copied-tiocgpgrp,verify,e9patch,expansion,pass,1,1,a72cc9796486e612c72fa45a187dc2c1d587ee69e27aaebf4771a60d8a743d79,52,,
fullcorpus,@1786072820,1fadc03779f2a246a9b5af5d4a93533511c837df,dd3c178ea9553004d7bf4c494e1b7fd80e7b6ae6,false,expansion,portable,c-programs,c-programs/dbi-exec-failure,verify,e9patch,expansion,pass,1,1,d9255dd9cc061248208ec6fabc39e2695034a2f78b3a79675522090f004de84c,48,,
fullcorpus,@1786072820,1fadc03779f2a246a9b5af5d4a93533511c837df,dd3c178ea9553004d7bf4c494e1b7fd80e7b6ae6,false,expansion,portable,c-programs,c-programs/dbi-execveat-unsupported,verify,e9patch,expansion,pass,1,1,e3b0c44298fc1c149afbf4c8996fb92427ae41e4649b934ca495991b7852b855,62,,
fullcorpus,@1786072820,1fadc03779f2a246a9b5af5d4a93533511c837df,dd3c178ea9553004d7bf4c494e1b7fd80e7b6ae6,false,expansion,portable,c-programs,c-programs/dbi-mmap-exec,verify,e9patch,expansion,pass,1,1,87ef25ed096b64f71e5581bf5d09a9bb24b8dca9402b010322037898b99a81cf,48,,
fullcorpus,@1786072820,1fadc03779f2a246a9b5af5d4a93533511c837df,dd3c178ea9553004d7bf4c494e1b7fd80e7b6ae6,false,expansion,portable,c-programs,c-programs/dbi-pid-virtualization,verify,e9patch,expansion,timeout,0,,68abbf5dc13603c0077f0402fe1455224965d0061ec94e7cefd220c41b610f15,120006,,e9patch-verify-timeout-120s
fullcorpus,@1786072820,1fadc03779f2a246a9b5af5d4a93533511c837df,dd3c178ea9553004d7bf4c494e1b7fd80e7b6ae6,false,expansion,portable,c-programs,c-programs/dbi-prlimit-self,verify,e9patch,expansion,pass,1,1,b5d0a733abb9b3694c70cc548fbd236ede0f60c1e06673b4e4999419c7721e12,50,,
fullcorpus,@1786072820,1fadc03779f2a246a9b5af5d4a93533511c837df,dd3c178ea9553004d7bf4c494e1b7fd80e7b6ae6,false,expansion,portable,c-programs,c-programs/dbi-self-sigqueue,verify,e9patch,expansion,pass,1,1,f4c3bb314cd68d7f8c7e053c24257d5eaf5369087b8c21ee95fd29727f460537,53,,
fullcorpus,@1786072820,1fadc03779f2a246a9b5af5d4a93533511c837df,dd3c178ea9553004d7bf4c494e1b7fd80e7b6ae6,false,expansion,portable,c-programs,c-programs/dbi-unsupported-syscall,verify,e9patch,expansion,pass,1,1,0dc9033cbe9bbe736c2e2105dd9ddb6f7c68ffe47d4146ffdb3e0e2f4a990531,49,,
fullcorpus,@1786072820,1fadc03779f2a246a9b5af5d4a93533511c837df,dd3c178ea9553004d7bf4c494e1b7fd80e7b6ae6,false,expansion,portable,c-programs,c-programs/dbi-wait-lifecycle,verify,e9patch,expansion,diverge,0,,e3b0c44298fc1c149afbf4c8996fb92427ae41e4649b934ca495991b7852b855,37,,e9patch-verify-fail-exit1
fullcorpus,@1786072820,1fadc03779f2a246a9b5af5d4a93533511c837df,dd3c178ea9553004d7bf4c494e1b7fd80e7b6ae6,false,expansion,portable,c-programs,c-programs/epoll-determinism,verify,e9patch,expansion,diverge,0,,e3b0c44298fc1c149afbf4c8996fb92427ae41e4649b934ca495991b7852b855,94,,e9patch-verify-fail-exit1
fullcorpus,@1786072820,1fadc03779f2a246a9b5af5d4a93533511c837df,dd3c178ea9553004d7bf4c494e1b7fd80e7b6ae6,false,expansion,portable,c-programs,c-programs/fp-reduction-nondeterminism,verify,e9patch,expansion,pass,1,1,14e2bd92d74bd578c2f3968692ed94951fc432c8a0eb79cb59bf437fbd987598,166,,
fullcorpus,@1786072820,1fadc03779f2a246a9b5af5d4a93533511c837df,dd3c178ea9553004d7bf4c494e1b7fd80e7b6ae6,false,expansion,portable,c-programs,c-programs/futex-requeue-enosys,verify,e9patch,expansion,pass,1,1,3a97289e82874a6de3f7329de461ff8e98aab222e591b44478b0cbfa224b778e,46,,
fullcorpus,@1786072820,1fadc03779f2a246a9b5af5d4a93533511c837df,dd3c178ea9553004d7bf4c494e1b7fd80e7b6ae6,false,expansion,portable,c-programs,c-programs/futex-waitv-enosys,verify,e9patch,expansion,pass,1,1,889b019ce9ffec65e091b4ebb00324388abe68095b3a9aebf5a6243a8d00540e,49,,
fullcorpus,@1786072820,1fadc03779f2a246a9b5af5d4a93533511c837df,dd3c178ea9553004d7bf4c494e1b7fd80e7b6ae6,false,expansion,portable,c-programs,c-programs/futex-wake-enosys,verify,e9patch,expansion,pass,1,1,d841d882ef04ba206243543971a6e2d842db22c3508947d6fb60095d878b0da9,52,,
fullcorpus,@1786072820,1fadc03779f2a246a9b5af5d4a93533511c837df,dd3c178ea9553004d7bf4c494e1b7fd80e7b6ae6,false,expansion,portable,c-programs,c-programs/getcpu,verify,e9patch,expansion,pass,1,1,345e84333a5805a44f38c499137ebb962d9e683e804aa45642afa84e41127f5d,55,,
fullcorpus,@1786072820,1fadc03779f2a246a9b5af5d4a93533511c837df,dd3c178ea9553004d7bf4c494e1b7fd80e7b6ae6,false,expansion,portable,c-programs,c-programs/getitimer-determinism-probe,verify,e9patch,expansion,pass,1,1,17720cebaa5ab1c96e7035832f98c160d4b41b2c32a7bd909ca74d855fa5aaf9,55,,
fullcorpus,@1786072820,1fadc03779f2a246a9b5af5d4a93533511c837df,dd3c178ea9553004d7bf4c494e1b7fd80e7b6ae6,false,expansion,portable,c-programs,c-programs/get-robust-list-child,verify,e9patch,expansion,pass,1,1,379982e3aff5bd3550ff784c6a8e1b9116997dd882bf426aa10fd41e713fc526,62,,
fullcorpus,@1786072820,1fadc03779f2a246a9b5af5d4a93533511c837df,dd3c178ea9553004d7bf4c494e1b7fd80e7b6ae6,false,expansion,portable,c-programs,c-programs/get-robust-list-self,verify,e9patch,expansion,pass,1,1,8a606e83612b4b4c869cfae1cd2f9f03220d7fde25cc88f10079b81f9b3423d1,55,,
fullcorpus,@1786072820,1fadc03779f2a246a9b5af5d4a93533511c837df,dd3c178ea9553004d7bf4c494e1b7fd80e7b6ae6,false,expansion,portable,c-programs,c-programs/get-robust-list-thread,verify,e9patch,expansion,pass,1,1,281d743aba1e1247003f2ad95dda0456f103ab208c1d960079fd0ac272560d4c,66,,
fullcorpus,@1786072820,1fadc03779f2a246a9b5af5d4a93533511c837df,dd3c178ea9553004d7bf4c494e1b7fd80e7b6ae6,false,expansion,portable,c-programs,c-programs/getsockopt-null,verify,e9patch,expansion,pass,1,1,b8636471f62fb5c81c4b4a5bacf5f4ec2b3e3b4970bc0aded5f496dae6670bfd,53,,
fullcorpus,@1786072820,1fadc03779f2a246a9b5af5d4a93533511c837df,dd3c178ea9553004d7bf4c494e1b7fd80e7b6ae6,false,expansion,portable,c-programs,c-programs/hello-alarm,verify,e9patch,expansion,pass,1,1,69771519a00dad7a34964816b4a9d71896eed8707b6b8c7c3b2d901285fa09f8,51,,
fullcorpus,@1786072820,1fadc03779f2a246a9b5af5d4a93533511c837df,dd3c178ea9553004d7bf4c494e1b7fd80e7b6ae6,false,expansion,portable,c-programs,c-programs/hello-nostdlib,verify,e9patch,expansion,pass,1,1,e3b0c44298fc1c149afbf4c8996fb92427ae41e4649b934ca495991b7852b855,40,,
fullcorpus,@1786072820,1fadc03779f2a246a9b5af5d4a93533511c837df,dd3c178ea9553004d7bf4c494e1b7fd80e7b6ae6,false,expansion,portable,c-programs,c-programs/hello-signals,verify,e9patch,expansion,pass,1,1,2b4df140dfdd472e4bde5c4d449c859ae4a83efe7f0372f448b95db8b40614d8,49,,
fullcorpus,@1786072820,1fadc03779f2a246a9b5af5d4a93533511c837df,dd3c178ea9553004d7bf4c494e1b7fd80e7b6ae6,false,expansion,portable,c-programs,c-programs/ioctl-fioclex,verify,e9patch,expansion,pass,1,1,ed203ed9433cb973a747cbe39690fecc753e9fd7c1e7688563d6f3a154eb0d5e,59,,
fullcorpus,@1786072820,1fadc03779f2a246a9b5af5d4a93533511c837df,dd3c178ea9553004d7bf4c494e1b7fd80e7b6ae6,false,expansion,portable,c-programs,c-programs/ioctl-siocethtool,verify,e9patch,expansion,pass,1,1,28f38ce93b6d5f0d279d4f3d619cc3fc7e134e190ae9ee4f652eeb6afe623291,50,,
fullcorpus,@1786072820,1fadc03779f2a246a9b5af5d4a93533511c837df,dd3c178ea9553004d7bf4c494e1b7fd80e7b6ae6,false,expansion,portable,c-programs,c-programs/io-uring-fallback,verify,e9patch,expansion,pass,1,1,8546e30d188b0b196b8d907e1289e7b830df6fd61ff9dd83f5165ba9bda77e7f,48,,
fullcorpus,@1786072820,1fadc03779f2a246a9b5af5d4a93533511c837df,dd3c178ea9553004d7bf4c494e1b7fd80e7b6ae6,false,expansion,portable,c-programs,c-programs/io-uring-ring-determinism,verify,e9patch,expansion,pass,1,1,5de332a6e2af5315f34ec08e21ca7f8c037a65ecbaee17efd47005a7f1809201,54,,
fullcorpus,@1786072820,1fadc03779f2a246a9b5af5d4a93533511c837df,dd3c178ea9553004d7bf4c494e1b7fd80e7b6ae6,false,expansion,portable,c-programs,c-programs/ipc-determinism,verify,e9patch,expansion,diverge,0,,e3b0c44298fc1c149afbf4c8996fb92427ae41e4649b934ca495991b7852b855,23,,e9patch-verify-fail-exit1
fullcorpus,@1786072820,1fadc03779f2a246a9b5af5d4a93533511c837df,dd3c178ea9553004d7bf4c494e1b7fd80e7b6ae6,false,expansion,portable,c-programs,c-programs/just-spin,verify,e9patch,expansion,pass,1,1,e3b0c44298fc1c149afbf4c8996fb92427ae41e4649b934ca495991b7852b855,139,,
fullcorpus,@1786072820,1fadc03779f2a246a9b5af5d4a93533511c837df,dd3c178ea9553004d7bf4c494e1b7fd80e7b6ae6,false,expansion,portable,c-programs,c-programs/kcmp-eperm,verify,e9patch,expansion,pass,1,1,288278193317b71ec5d15a6dcc2239918b1eea39229a8ef5eb7ae1e6b0a72cce,48,,
fullcorpus,@1786072820,1fadc03779f2a246a9b5af5d4a93533511c837df,dd3c178ea9553004d7bf4c494e1b7fd80e7b6ae6,false,expansion,portable,c-programs,c-programs/keyctl-enosys,verify,e9patch,expansion,pass,1,1,83d9f2169baa0647471ca5f2e4e1c5b73ff2d356b322b7fcdd75d5cf129a292f,47,,
fullcorpus,@1786072820,1fadc03779f2a246a9b5af5d4a93533511c837df,dd3c178ea9553004d7bf4c494e1b7fd80e7b6ae6,false,expansion,portable,c-programs,c-programs/keyctl-passthrough,verify,e9patch,expansion,pass,1,1,decfa402c4223a34ee494253769befc420b46b13da25f3082c91dfe7f19a0310,47,,
fullcorpus,@1786072820,1fadc03779f2a246a9b5af5d4a93533511c837df,dd3c178ea9553004d7bf4c494e1b7fd80e7b6ae6,false,expansion,portable,c-programs,c-programs/listmount-enosys,verify,e9patch,expansion,pass,1,1,231c3dfcda497bd1b166dfb575578d2868721d30f15362cfabcad6f930e43713,47,,
fullcorpus,@1786072820,1fadc03779f2a246a9b5af5d4a93533511c837df,dd3c178ea9553004d7bf4c494e1b7fd80e7b6ae6,false,expansion,portable,c-programs,c-programs/liteinst-advanced,verify,e9patch,expansion,diverge,0,,e3b0c44298fc1c149afbf4c8996fb92427ae41e4649b934ca495991b7852b855,26,,e9patch-verify-fail-exit1
fullcorpus,@1786072820,1fadc03779f2a246a9b5af5d4a93533511c837df,dd3c178ea9553004d7bf4c494e1b7fd80e7b6ae6,false,expansion,portable,c-programs,c-programs/lsm-get-self-attr-enosys,verify,e9patch,expansion,pass,1,1,e83dcdfbdee854f34e05165d3a7aa7b774ca748bc96ee665789c63a32c593fe0,44,,
fullcorpus,@1786072820,1fadc03779f2a246a9b5af5d4a93533511c837df,dd3c178ea9553004d7bf4c494e1b7fd80e7b6ae6,false,expansion,portable,c-programs,c-programs/lsm-list-modules-enosys,verify,e9patch,expansion,pass,1,1,8f5862ec33defb2bf2625429444eaec8b64ce9b7d2c21635e7db07f99c92fc3d,46,,
fullcorpus,@1786072820,1fadc03779f2a246a9b5af5d4a93533511c837df,dd3c178ea9553004d7bf4c494e1b7fd80e7b6ae6,false,expansion,portable,c-programs,c-programs/lsm-set-self-attr-enosys,verify,e9patch,expansion,pass,1,1,326c5b270af2a116865e2690f44310bc17aa77c6cc96d4c83800615036e10e16,44,,
fullcorpus,@1786072820,1fadc03779f2a246a9b5af5d4a93533511c837df,dd3c178ea9553004d7bf4c494e1b7fd80e7b6ae6,false,expansion,portable,c-programs,c-programs/madvise-determinism,verify,e9patch,expansion,pass,1,1,c6053a1ebd42e4762ac34b01ed5d666e0b1f5f18b83ddca9d1b7f4ebef175e83,43,,
fullcorpus,@1786072820,1fadc03779f2a246a9b5af5d4a93533511c837df,dd3c178ea9553004d7bf4c494e1b7fd80e7b6ae6,false,expansion,portable,c-programs,c-programs/map-shadow-stack-enosys,verify,e9patch,expansion,pass,1,1,97ae187dd98c3d4b943dd9b69d472da499f0ef3ae9b2c66152d2ed5dc04bd569,44,,
fullcorpus,@1786072820,1fadc03779f2a246a9b5af5d4a93533511c837df,dd3c178ea9553004d7bf4c494e1b7fd80e7b6ae6,false,expansion,portable,c-programs,c-programs/memfd-secret-enosys,verify,e9patch,expansion,pass,1,1,dcbbb5f4e71889cba127631a6a9a2fce4d68defe8aa92a8d437fd6be6129d6dd,51,,
fullcorpus,@1786072820,1fadc03779f2a246a9b5af5d4a93533511c837df,dd3c178ea9553004d7bf4c494e1b7fd80e7b6ae6,false,expansion,portable,c-programs,c-programs/meminfo-available-deterministic,verify,e9patch,expansion,pass,1,1,7b76f77046d0c4bc8e2105f9850b009d269b48c26e0b7de4723c8adc25181af4,52,,
fullcorpus,@1786072820,1fadc03779f2a246a9b5af5d4a93533511c837df,dd3c178ea9553004d7bf4c494e1b7fd80e7b6ae6,false,expansion,portable,c-programs,c-programs/meminfo-cached-deterministic,verify,e9patch,expansion,pass,1,1,6a4a1ce51b1c48a3c39972e58451953b36a3a49ed40cdf242978e2c2da4cabe4,50,,
fullcorpus,@1786072820,1fadc03779f2a246a9b5af5d4a93533511c837df,dd3c178ea9553004d7bf4c494e1b7fd80e7b6ae6,false,expansion,portable,c-programs,c-programs/meminfo-free-deterministic,verify,e9patch,expansion,pass,1,1,b8a06902cd8245cc3d8acabb5118c81f14b6455c7e6d5da9cf2e59f0b0bcc9da,50,,
fullcorpus,@1786072820,1fadc03779f2a246a9b5af5d4a93533511c837df,dd3c178ea9553004d7bf4c494e1b7fd80e7b6ae6,false,expansion,portable,c-programs,c-programs/memorypress,verify,e9patch,expansion,pass,1,1,e3b0c44298fc1c149afbf4c8996fb92427ae41e4649b934ca495991b7852b855,48,,
fullcorpus,@1786072820,1fadc03779f2a246a9b5af5d4a93533511c837df,dd3c178ea9553004d7bf4c494e1b7fd80e7b6ae6,false,expansion,portable,c-programs,c-programs/mmap-determinism,verify,e9patch,expansion,diverge,0,,e3b0c44298fc1c149afbf4c8996fb92427ae41e4649b934ca495991b7852b855,24,,e9patch-verify-fail-exit1
fullcorpus,@1786072820,1fadc03779f2a246a9b5af5d4a93533511c837df,dd3c178ea9553004d7bf4c494e1b7fd80e7b6ae6,false,expansion,portable,c-programs,c-programs/mmap-stress-determinism,verify,e9patch,expansion,pass,1,1,890065cac586dbeaf7ae771f63d223dd2d04995b4e051040bdd9c9792019dec0,111,,
fullcorpus,@1786072820,1fadc03779f2a246a9b5af5d4a93533511c837df,dd3c178ea9553004d7bf4c494e1b7fd80e7b6ae6,false,expansion,portable,c-programs,c-programs/name-to-handle-at-eopnotsupp,verify,e9patch,expansion,pass,1,1,29e0c39b5f7ab315794d97b7e06e60cf737450deef4306dd8ad0ffd040a25cc0,45,,
fullcorpus,@1786072820,1fadc03779f2a246a9b5af5d4a93533511c837df,dd3c178ea9553004d7bf4c494e1b7fd80e7b6ae6,false,expansion,portable,c-programs,c-programs/name-to-handle-directory-eopnotsupp,verify,e9patch,expansion,pass,1,1,7e5656f3fa9831a9c1f43055b26f6f209b6549daeb42ef1ce12677b324adf310,47,,
fullcorpus,@1786072820,1fadc03779f2a246a9b5af5d4a93533511c837df,dd3c178ea9553004d7bf4c494e1b7fd80e7b6ae6,false,expansion,portable,c-programs,c-programs/name-to-handle-empty-path-eopnotsupp,verify,e9patch,expansion,pass,1,1,e3f9de47951c04e5f8349e7bb340fca6dcb76fffe659a12ab8f9e16fe48f72dd,46,,
fullcorpus,@1786072820,1fadc03779f2a246a9b5af5d4a93533511c837df,dd3c178ea9553004d7bf4c494e1b7fd80e7b6ae6,false,expansion,portable,c-programs,c-programs/name-to-handle-regular-eopnotsupp,verify,e9patch,expansion,pass,1,1,82b589b3f458bbdcffe0a9aaf1a18ab2cfe882ab232290e1ca113714923af2a0,48,,
fullcorpus,@1786072820,1fadc03779f2a246a9b5af5d4a93533511c837df,dd3c178ea9553004d7bf4c494e1b7fd80e7b6ae6,false,expansion,portable,c-programs,c-programs/nanosleep-par,verify,e9patch,expansion,pass,1,1,bf8aa1c7b00aeb67d9ce84b6efe29c410ef142938a5c71a932bbe34e2cf09f91,329,,
fullcorpus,@1786072820,1fadc03779f2a246a9b5af5d4a93533511c837df,dd3c178ea9553004d7bf4c494e1b7fd80e7b6ae6,false,expansion,portable,c-programs,c-programs/nanosleep-threads-nocrash,verify,e9patch,expansion,pass,1,1,e3b0c44298fc1c149afbf4c8996fb92427ae41e4649b934ca495991b7852b855,50,,
fullcorpus,@1786072820,1fadc03779f2a246a9b5af5d4a93533511c837df,dd3c178ea9553004d7bf4c494e1b7fd80e7b6ae6,false,expansion,portable,c-programs,c-programs/nanosleep-threads-simple,verify,e9patch,expansion,diverge,0,,e3b0c44298fc1c149afbf4c8996fb92427ae41e4649b934ca495991b7852b855,470,,e9patch-verify-fail-exit1
fullcorpus,@1786072820,1fadc03779f2a246a9b5af5d4a93533511c837df,dd3c178ea9553004d7bf4c494e1b7fd80e7b6ae6,false,expansion,portable,c-programs,c-programs/netlink-autobind-generic,verify,e9patch,expansion,pass,1,1,947db933d2beaaa7502b24b06bc2aa623116320e9099408e0714af30e877b237,46,,
fullcorpus,@1786072820,1fadc03779f2a246a9b5af5d4a93533511c837df,dd3c178ea9553004d7bf4c494e1b7fd80e7b6ae6,false,expansion,portable,c-programs,c-programs/netlink-autobind-route,verify,e9patch,expansion,pass,1,1,6b579b3015fa46b849f2c563d3caa3f1113b30eda45f2c376a535ade155a5264,46,,
fullcorpus,@1786072820,1fadc03779f2a246a9b5af5d4a93533511c837df,dd3c178ea9553004d7bf4c494e1b7fd80e7b6ae6,false,expansion,portable,c-programs,c-programs/netlink-autobind-usersock,verify,e9patch,expansion,pass,1,1,434cfac765f7a108d0f27c8b43ba45a2b7acff66219ef8104a01612dd7e70956,45,,
fullcorpus,@1786072820,1fadc03779f2a246a9b5af5d4a93533511c837df,dd3c178ea9553004d7bf4c494e1b7fd80e7b6ae6,false,expansion,portable,c-programs,c-programs/netns-cookie-tcp4,verify,e9patch,expansion,pass,1,1,69c87be106187443c99bd437315cc2bb5e8110445a962b89b9d3d9d5446a505e,48,,
fullcorpus,@1786072820,1fadc03779f2a246a9b5af5d4a93533511c837df,dd3c178ea9553004d7bf4c494e1b7fd80e7b6ae6,false,expansion,portable,c-programs,c-programs/netns-cookie-tcp6,verify,e9patch,expansion,pass,1,1,a6c1c996f6bed470020b9575b0884d32ba10a29938b56ce56dbcbce889a1c719,45,,
fullcorpus,@1786072820,1fadc03779f2a246a9b5af5d4a93533511c837df,dd3c178ea9553004d7bf4c494e1b7fd80e7b6ae6,false,expansion,portable,c-programs,c-programs/netns-cookie-udp4,verify,e9patch,expansion,pass,1,1,3f3599e44c7dcd4ec95cf8d9e67c01200ce6a491020b553a010b6ee754095bb0,45,,
fullcorpus,@1786072820,1fadc03779f2a246a9b5af5d4a93533511c837df,dd3c178ea9553004d7bf4c494e1b7fd80e7b6ae6,false,expansion,portable,c-programs,c-programs/perf-event-hardware-enosys,verify,e9patch,expansion,pass,1,1,c7ea49ae4eac3a1842c692e71eff658fde408e8ccb4b9a1efa9094b58a8d453a,45,,
fullcorpus,@1786072820,1fadc03779f2a246a9b5af5d4a93533511c837df,dd3c178ea9553004d7bf4c494e1b7fd80e7b6ae6,false,expansion,portable,c-programs,c-programs/perf-event-open-enosys,verify,e9patch,expansion,pass,1,1,2ce5d62fee05f49913ea9ac04a79850be9af6e16eae2083b3054c2186d1fd933,47,,
fullcorpus,@1786072820,1fadc03779f2a246a9b5af5d4a93533511c837df,dd3c178ea9553004d7bf4c494e1b7fd80e7b6ae6,false,expansion,portable,c-programs,c-programs/perf-event-software-enosys,verify,e9patch,expansion,pass,1,1,9dd8d0a9c51029d92fb24312cc38b62b647ab6e796f26f0670e2e54d062b54b6,48,,
fullcorpus,@1786072820,1fadc03779f2a246a9b5af5d4a93533511c837df,dd3c178ea9553004d7bf4c494e1b7fd80e7b6ae6,false,expansion,portable,c-programs,c-programs/perf-event-watchpoint-enosys,verify,e9patch,expansion,pass,1,1,a3c1e5e84ae8a1c634c0fd8ad162c35918124d312ed7e23f44555334e58daf40,50,,
fullcorpus,@1786072820,1fadc03779f2a246a9b5af5d4a93533511c837df,dd3c178ea9553004d7bf4c494e1b7fd80e7b6ae6,false,expansion,portable,c-programs,c-programs/periodic-setitimer-delivery,verify,e9patch,expansion,pass,1,1,db1d924766d35b4e879b61b7ca0256ae3656e1bcfb81e882ef4e754d9df0d87d,44,,
fullcorpus,@1786072820,1fadc03779f2a246a9b5af5d4a93533511c837df,dd3c178ea9553004d7bf4c494e1b7fd80e7b6ae6,false,expansion,portable,c-programs,c-programs/pidfd-open-self,verify,e9patch,expansion,pass,1,1,eb85b13112d24bf3eabf6dc998951dba694fd8a544d48d55b0243fcea3a30de9,47,,
fullcorpus,@1786072820,1fadc03779f2a246a9b5af5d4a93533511c837df,dd3c178ea9553004d7bf4c494e1b7fd80e7b6ae6,false,expansion,portable,c-programs,c-programs/pidfd-poll-self,verify,e9patch,expansion,pass,1,1,d9c4e30a92ce688e867036dd07e60be370ba398f888f35db4edc54730e9abe08,47,,
fullcorpus,@1786072820,1fadc03779f2a246a9b5af5d4a93533511c837df,dd3c178ea9553004d7bf4c494e1b7fd80e7b6ae6,false,expansion,portable,c-programs,c-programs/pidfd-waitid-child,verify,e9patch,expansion,pass,1,1,a5312c9bad9f61e041807833d0d2381242569ed832c394aebb4f57e50e475a80,52,,
fullcorpus,@1786072820,1fadc03779f2a246a9b5af5d4a93533511c837df,dd3c178ea9553004d7bf4c494e1b7fd80e7b6ae6,false,expansion,portable,c-programs,c-programs/ppoll-readv,verify,e9patch,expansion,pass,1,1,c03be617b251e1b37d3570212e2f93d6a815c70dfb73dca0dd25cef02468153a,47,,
fullcorpus,@1786072820,1fadc03779f2a246a9b5af5d4a93533511c837df,dd3c178ea9553004d7bf4c494e1b7fd80e7b6ae6,false,expansion,portable,c-programs,c-programs/ppoll-simulation,verify,e9patch,expansion,pass,1,1,8ed6c0a2fbe8457da0a0b394c05e4ce42009f4631451de6c41e371d77a9068f5,66,,
fullcorpus,@1786072820,1fadc03779f2a246a9b5af5d4a93533511c837df,dd3c178ea9553004d7bf4c494e1b7fd80e7b6ae6,false,expansion,portable,c-programs,c-programs/prctl-dumpable,verify,e9patch,expansion,pass,1,1,789f3fd97e00c2b30751851b5bd08f2703b2539a14421d29dea17db83c379696,47,,
fullcorpus,@1786072820,1fadc03779f2a246a9b5af5d4a93533511c837df,dd3c178ea9553004d7bf4c494e1b7fd80e7b6ae6,false,expansion,portable,c-programs,c-programs/pread64-nostdlib,verify,e9patch,expansion,pass,1,1,e3b0c44298fc1c149afbf4c8996fb92427ae41e4649b934ca495991b7852b855,38,,
fullcorpus,@1786072820,1fadc03779f2a246a9b5af5d4a93533511c837df,dd3c178ea9553004d7bf4c494e1b7fd80e7b6ae6,false,expansion,portable,c-programs,c-programs/printf-with-threads,verify,e9patch,expansion,pass,1,1,e36a044d5d2a2be76cbf0550fa744da4e751c78870cf3712ebc061f1a2c55f83,55,,
fullcorpus,@1786072820,1fadc03779f2a246a9b5af5d4a93533511c837df,dd3c178ea9553004d7bf4c494e1b7fd80e7b6ae6,false,expansion,portable,c-programs,c-programs/print-memaddrs,verify,e9patch,expansion,pass,1,1,8c41c9eed262c4c4b912eb97c8d1bf826df826c661182a7c302516610c1bd35e,46,,
fullcorpus,@1786072820,1fadc03779f2a246a9b5af5d4a93533511c837df,dd3c178ea9553004d7bf4c494e1b7fd80e7b6ae6,false,expansion,portable,c-programs,c-programs/process-mrelease-enosys,verify,e9patch,expansion,pass,1,1,c21e5000294b34b0a296fdceaa1377156cde383448706c80e1f4ad705bfdb076,49,,
fullcorpus,@1786072820,1fadc03779f2a246a9b5af5d4a93533511c837df,dd3c178ea9553004d7bf4c494e1b7fd80e7b6ae6,false,expansion,portable,c-programs,c-programs/process-vm-readv-refusal-probe,verify,e9patch,expansion,pass,1,1,50905f5ed2b6d9b2083dc16aabfd535f7c531aa42e72dc6c2b67f36e70e97a66,47,,
fullcorpus,@1786072820,1fadc03779f2a246a9b5af5d4a93533511c837df,dd3c178ea9553004d7bf4c494e1b7fd80e7b6ae6,false,expansion,portable,c-programs,c-programs/process-vm-writev-refusal-probe,verify,e9patch,expansion,pass,1,1,92c63d99c7bc830d36fb97a16d43febe7a7fcdca938131c9963f92c1b1a2b59d,49,,
fullcorpus,@1786072820,1fadc03779f2a246a9b5af5d4a93533511c837df,dd3c178ea9553004d7bf4c494e1b7fd80e7b6ae6,false,expansion,portable,c-programs,c-programs/proc-fdinfo,verify,e9patch,expansion,pass,1,1,09c8d421c9e02c39d1a9a12743b93cf3c835778ba9d531ad35625cb8f1699033,43,,
fullcorpus,@1786072820,1fadc03779f2a246a9b5af5d4a93533511c837df,dd3c178ea9553004d7bf4c494e1b7fd80e7b6ae6,false,expansion,portable,c-programs,c-programs/proc-fd-link-aliases,verify,e9patch,expansion,pass,1,1,a54aec5d7147422feac8782b9d053b8609b9f6a45b8b2ab71f16cca54da845a0,51,,
fullcorpus,@1786072820,1fadc03779f2a246a9b5af5d4a93533511c837df,dd3c178ea9553004d7bf4c494e1b7fd80e7b6ae6,false,expansion,portable,c-programs,c-programs/procfs-positioned-probe,verify,e9patch,expansion,pass,1,1,96c70ad84f7430a56bdf020c7e3c24dbbd8719d841a1cb616712b1b96ad38f03,45,,
fullcorpus,@1786072820,1fadc03779f2a246a9b5af5d4a93533511c837df,dd3c178ea9553004d7bf4c494e1b7fd80e7b6ae6,false,expansion,portable,c-programs,c-programs/proc-locks,verify,e9patch,expansion,pass,1,1,fa314d5543a63dd3d6317f97c24feb7b33c9a47fbeea304c79fbd732f5fea7a6,51,,
fullcorpus,@1786072820,1fadc03779f2a246a9b5af5d4a93533511c837df,dd3c178ea9553004d7bf4c494e1b7fd80e7b6ae6,false,expansion,portable,c-programs,c-programs/prodcons-determinism,verify,e9patch,expansion,pass,1,1,81282a1fb8147d5cf198f784f93142129205c96b3a1587329eda16ce1581673e,915,,
fullcorpus,@1786072820,1fadc03779f2a246a9b5af5d4a93533511c837df,dd3c178ea9553004d7bf4c494e1b7fd80e7b6ae6,false,expansion,portable,c-programs,c-programs/pselect6-simulation,verify,e9patch,expansion,pass,1,1,67433759fd492e6d24f38014b07747f5145be3843ab00c35b80be9adf9d9ccc3,65,,
fullcorpus,@1786072820,1fadc03779f2a246a9b5af5d4a93533511c837df,dd3c178ea9553004d7bf4c494e1b7fd80e7b6ae6,false,expansion,portable,c-programs,c-programs/ptrace-attach-eperm,verify,e9patch,expansion,pass,1,1,25f63715123ddf1c4ec3e946e92d0fe151f168922dab1aa17b85c2b2a4135871,57,,
fullcorpus,@1786072820,1fadc03779f2a246a9b5af5d4a93533511c837df,dd3c178ea9553004d7bf4c494e1b7fd80e7b6ae6,false,expansion,portable,c-programs,c-programs/ptrace-eperm,verify,e9patch,expansion,pass,1,1,4357c8a18b9107c54242303395afea99ea744c6c288d8db499b4e1062383de17,46,,
fullcorpus,@1786072820,1fadc03779f2a246a9b5af5d4a93533511c837df,dd3c178ea9553004d7bf4c494e1b7fd80e7b6ae6,false,expansion,portable,c-programs,c-programs/ptrace-seize-eperm,verify,e9patch,expansion,pass,1,1,e0f7562eb309e0d62386261143dc59d4f0f39aac77c2584423beb7b5546e112a,52,,
fullcorpus,@1786072820,1fadc03779f2a246a9b5af5d4a93533511c837df,dd3c178ea9553004d7bf4c494e1b7fd80e7b6ae6,false,expansion,portable,c-programs,c-programs/ptrace-traceme-eperm,verify,e9patch,expansion,pass,1,1,7ceef18c073f15987e5d89441dc5bf378f7c1b50e8bf3ac626a6ea3eaa9cad56,43,,
fullcorpus,@1786072820,1fadc03779f2a246a9b5af5d4a93533511c837df,dd3c178ea9553004d7bf4c494e1b7fd80e7b6ae6,false,expansion,portable,c-programs,c-programs/pty-nr-count,verify,e9patch,expansion,pass,1,1,d6aa3c553b74b5052939893a096d0f320c69d79a52c3ed819d2c10f57ea6e3ac,51,,
fullcorpus,@1786072820,1fadc03779f2a246a9b5af5d4a93533511c837df,dd3c178ea9553004d7bf4c494e1b7fd80e7b6ae6,false,expansion,portable,c-programs,c-programs/racewrite-nostdlib,verify,e9patch,expansion,pass,1,1,e3b0c44298fc1c149afbf4c8996fb92427ae41e4649b934ca495991b7852b855,43,,
fullcorpus,@1786072820,1fadc03779f2a246a9b5af5d4a93533511c837df,dd3c178ea9553004d7bf4c494e1b7fd80e7b6ae6,false,expansion,portable,c-programs,c-programs/random-sources,verify,e9patch,expansion,pass,1,1,746f1f2a57646ced78a941eadf43495e1e81bdfde837288b562043c60103d89c,72,,
fullcorpus,@1786072820,1fadc03779f2a246a9b5af5d4a93533511c837df,dd3c178ea9553004d7bf4c494e1b7fd80e7b6ae6,false,expansion,portable,c-programs,c-programs/rcx-canonicalization,verify,e9patch,expansion,diverge,0,0,e3b0c44298fc1c149afbf4c8996fb92427ae41e4649b934ca495991b7852b855,23,,e9patch-verify-fail-exit1
fullcorpus,@1786072820,1fadc03779f2a246a9b5af5d4a93533511c837df,dd3c178ea9553004d7bf4c494e1b7fd80e7b6ae6,false,expansion,portable,c-programs,c-programs/record-replay-fd-close,verify,e9patch,expansion,pass,1,1,e3b0c44298fc1c149afbf4c8996fb92427ae41e4649b934ca495991b7852b855,59,,
fullcorpus,@1786072820,1fadc03779f2a246a9b5af5d4a93533511c837df,dd3c178ea9553004d7bf4c494e1b7fd80e7b6ae6,false,expansion,portable,c-programs,c-programs/record-replay-file-state,verify,e9patch,expansion,pass,1,1,d268fdbcb2aaea519d6f8b15d5e78ce369dd8ebf69be7c2941316f26c0e02471,59,,
fullcorpus,@1786072820,1fadc03779f2a246a9b5af5d4a93533511c837df,dd3c178ea9553004d7bf4c494e1b7fd80e7b6ae6,false,expansion,portable,c-programs,c-programs/record-replay-lseek-seek-cur,verify,e9patch,expansion,diverge,0,,e3b0c44298fc1c149afbf4c8996fb92427ae41e4649b934ca495991b7852b855,22,,e9patch-verify-fail-exit1
fullcorpus,@1786072820,1fadc03779f2a246a9b5af5d4a93533511c837df,dd3c178ea9553004d7bf4c494e1b7fd80e7b6ae6,false,expansion,portable,c-programs,c-programs/record-replay-setsockopt,verify,e9patch,expansion,pass,1,1,81a01674bdbc3ed8aff53344a3ca68dd615e08ff5a413f537980546e30757714,46,,
fullcorpus,@1786072820,1fadc03779f2a246a9b5af5d4a93533511c837df,dd3c178ea9553004d7bf4c494e1b7fd80e7b6ae6,false,expansion,portable,c-programs,c-programs/recvmsg-scm-rights-mmap,verify,e9patch,expansion,pass,1,1,50212370d90ce8b680af7c5a9448684c494dc504956193611b2f034831e5c80d,48,,
fullcorpus,@1786072820,1fadc03779f2a246a9b5af5d4a93533511c837df,dd3c178ea9553004d7bf4c494e1b7fd80e7b6ae6,false,expansion,portable,c-programs,c-programs/remap-file-pages-anonymous-enosys,verify,e9patch,expansion,pass,1,1,18b174a569bfacdfaa99b5ec11dec76b5c857e910913d52f2b0886ccf43c8de5,46,,
fullcorpus,@1786072820,1fadc03779f2a246a9b5af5d4a93533511c837df,dd3c178ea9553004d7bf4c494e1b7fd80e7b6ae6,false,expansion,portable,c-programs,c-programs/remap-file-pages-memfd-enosys,verify,e9patch,expansion,pass,1,1,bd053ef4819b7e8bcfbb6cae1bfce238da7007e770af9efcdd46419aedff5631,48,,
fullcorpus,@1786072820,1fadc03779f2a246a9b5af5d4a93533511c837df,dd3c178ea9553004d7bf4c494e1b7fd80e7b6ae6,false,expansion,portable,c-programs,c-programs/remap-file-pages-tmpfile-enosys,verify,e9patch,expansion,pass,1,1,86f8d7cfd95fa8053265e9077e7cefc2b5f36f9060c8719f7f2652421a984d31,51,,
fullcorpus,@1786072820,1fadc03779f2a246a9b5af5d4a93533511c837df,dd3c178ea9553004d7bf4c494e1b7fd80e7b6ae6,false,expansion,portable,c-programs,c-programs/request-key-enosys,verify,e9patch,expansion,pass,1,1,745b53ba9579787b43a3a4b6271a471d8915b07ef8be45f28360fc0fb683d9d1,47,,
fullcorpus,@1786072820,1fadc03779f2a246a9b5af5d4a93533511c837df,dd3c178ea9553004d7bf4c494e1b7fd80e7b6ae6,false,expansion,portable,c-programs,c-programs/resource-determinism,verify,e9patch,expansion,pass,1,1,d939fdf0e7157cda2644875f2fc86540e5490e88697639d6b6cc96e66a573ae9,643,,
fullcorpus,@1786072820,1fadc03779f2a246a9b5af5d4a93533511c837df,dd3c178ea9553004d7bf4c494e1b7fd80e7b6ae6,false,expansion,portable,c-programs,c-programs/sched-setattr-batch,verify,e9patch,expansion,pass,1,1,99eac8d5cfe2b3c98d2a509ad3c4095f749dedf91bfe3a50c888ca25482ff328,43,,
fullcorpus,@1786072820,1fadc03779f2a246a9b5af5d4a93533511c837df,dd3c178ea9553004d7bf4c494e1b7fd80e7b6ae6,false,expansion,portable,c-programs,c-programs/sched-setattr-idle,verify,e9patch,expansion,pass,1,1,5ee4cb2f5210f1a5945af443dbb57effe1a8f04c69f632d2391781c6f900af7c,47,,
fullcorpus,@1786072820,1fadc03779f2a246a9b5af5d4a93533511c837df,dd3c178ea9553004d7bf4c494e1b7fd80e7b6ae6,false,expansion,portable,c-programs,c-programs/sched-setattr-other,verify,e9patch,expansion,pass,1,1,b9b3b39b4487c39eff3a18989355c0d25dae1bbef9c9eb9868729f3335163e9d,45,,
fullcorpus,@1786072820,1fadc03779f2a246a9b5af5d4a93533511c837df,dd3c178ea9553004d7bf4c494e1b7fd80e7b6ae6,false,expansion,portable,c-programs,c-programs/scheduler-policy-queries,verify,e9patch,expansion,pass,1,1,49a4292eaa9d835040b884177ac3fed11611ee037c7577af8a28d977675dde27,50,,
fullcorpus,@1786072820,1fadc03779f2a246a9b5af5d4a93533511c837df,dd3c178ea9553004d7bf4c494e1b7fd80e7b6ae6,false,expansion,portable,c-programs,c-programs/sched-yield-progress,verify,e9patch,expansion,pass,1,1,0cf05b84c117bf29ad0908b6ed54b07ab9fd5cd576bd8e2c42ac2411eec42a5e,51,,
fullcorpus,@1786072820,1fadc03779f2a246a9b5af5d4a93533511c837df,dd3c178ea9553004d7bf4c494e1b7fd80e7b6ae6,false,expansion,portable,c-programs,c-programs/setitimer-determinism,verify,e9patch,expansion,pass,1,1,aa8afff1d4a0e29340065da47212a4ac237980d07744f94ed540f13789097ba5,58,,
fullcorpus,@1786072820,1fadc03779f2a246a9b5af5d4a93533511c837df,dd3c178ea9553004d7bf4c494e1b7fd80e7b6ae6,false,expansion,portable,c-programs,c-programs/sigmask-preemption,verify,e9patch,expansion,pass,1,1,33120d6f8e5896b4921d592649470484fdfb0c3438aedd6f7a19dc625829cb76,828,,
fullcorpus,@1786072820,1fadc03779f2a246a9b5af5d4a93533511c837df,dd3c178ea9553004d7bf4c494e1b7fd80e7b6ae6,false,expansion,portable,c-programs,c-programs/signal-determinism,verify,e9patch,expansion,diverge,0,,e3b0c44298fc1c149afbf4c8996fb92427ae41e4649b934ca495991b7852b855,25,,e9patch-verify-fail-exit1
fullcorpus,@1786072820,1fadc03779f2a246a9b5af5d4a93533511c837df,dd3c178ea9553004d7bf4c494e1b7fd80e7b6ae6,false,expansion,portable,c-programs,c-programs/sigpipe-siginfo,verify,e9patch,expansion,pass,1,1,57183d003d231921d403a385a50ab1282fa28a31b248357f7c19d1071854e87c,51,,
fullcorpus,@1786072820,1fadc03779f2a246a9b5af5d4a93533511c837df,dd3c178ea9553004d7bf4c494e1b7fd80e7b6ae6,false,expansion,portable,c-programs,c-programs/sigtimedwait-no-timeout,verify,e9patch,expansion,pass,1,1,879d7ab11fa7ee8fb9ef0480411cf236c70259b0e020427b92a7c3bb89fbb729,60,,
fullcorpus,@1786072820,1fadc03779f2a246a9b5af5d4a93533511c837df,dd3c178ea9553004d7bf4c494e1b7fd80e7b6ae6,false,expansion,portable,c-programs,c-programs/sigtimedwait-timeout-0s,verify,e9patch,expansion,pass,1,1,1fdb5bc221fec017d7d094e8aeef5164e5684040b75235798955040a2cae9573,57,,
fullcorpus,@1786072820,1fadc03779f2a246a9b5af5d4a93533511c837df,dd3c178ea9553004d7bf4c494e1b7fd80e7b6ae6,false,expansion,portable,c-programs,c-programs/sigtimedwait-timeout-1s,verify,e9patch,expansion,pass,1,1,879d7ab11fa7ee8fb9ef0480411cf236c70259b0e020427b92a7c3bb89fbb729,58,,
fullcorpus,@1786072820,1fadc03779f2a246a9b5af5d4a93533511c837df,dd3c178ea9553004d7bf4c494e1b7fd80e7b6ae6,false,expansion,portable,c-programs,c-programs/socket-cookie-tcp,verify,e9patch,expansion,pass,1,1,6180a36432851ee86fbec823dd6fe6c7588f786bfadefd70480438b246053b6b,63,,
fullcorpus,@1786072820,1fadc03779f2a246a9b5af5d4a93533511c837df,dd3c178ea9553004d7bf4c494e1b7fd80e7b6ae6,false,expansion,portable,c-programs,c-programs/socket-cookie-udp,verify,e9patch,expansion,pass,1,1,2d06feadf81160afca89105d6b83f0ce0a7296070a855b1b25b8b72d58e724be,73,,
fullcorpus,@1786072820,1fadc03779f2a246a9b5af5d4a93533511c837df,dd3c178ea9553004d7bf4c494e1b7fd80e7b6ae6,false,expansion,portable,c-programs,c-programs/socket-cookie-unix,verify,e9patch,expansion,pass,1,1,af2ebd36b3b776fa4c0c4c215288f5e66fa5241f8dfda47f8ef017ba351e3734,48,,
fullcorpus,@1786072820,1fadc03779f2a246a9b5af5d4a93533511c837df,dd3c178ea9553004d7bf4c494e1b7fd80e7b6ae6,false,expansion,portable,c-programs,c-programs/socket-ioctl-timestamp,verify,e9patch,expansion,diverge,0,,e3b0c44298fc1c149afbf4c8996fb92427ae41e4649b934ca495991b7852b855,24,,e9patch-verify-fail-exit1
fullcorpus,@1786072820,1fadc03779f2a246a9b5af5d4a93533511c837df,dd3c178ea9553004d7bf4c494e1b7fd80e7b6ae6,false,expansion,portable,c-programs,c-programs/socket-timestamp-edge-cases,verify,e9patch,expansion,pass,1,1,237ff1081253f64aba6ed9e84bad994c1c481d9bd2312ba4fe80afa1d959f9cc,51,,
fullcorpus,@1786072820,1fadc03779f2a246a9b5af5d4a93533511c837df,dd3c178ea9553004d7bf4c494e1b7fd80e7b6ae6,false,expansion,portable,c-programs,c-programs/socket-timestamp-timespec,verify,e9patch,expansion,pass,1,1,4a5eae51288da929c514799c22251bb18ec475d82ca4a648f9732da9a00cfd75,51,,
fullcorpus,@1786072820,1fadc03779f2a246a9b5af5d4a93533511c837df,dd3c178ea9553004d7bf4c494e1b7fd80e7b6ae6,false,expansion,portable,c-programs,c-programs/socket-timestamp-timeval,verify,e9patch,expansion,pass,1,1,2a6d69ec1e29905992985dd6131920efd96bd015b70cd2c003724b8065750683,49,,
fullcorpus,@1786072820,1fadc03779f2a246a9b5af5d4a93533511c837df,dd3c178ea9553004d7bf4c494e1b7fd80e7b6ae6,false,expansion,portable,c-programs,c-programs/so-incoming-cpu-tcp4,verify,e9patch,expansion,pass,1,1,37d9e0d38876a4913d49d1524721047328ff7d139c4bea030fc003d86325cb12,52,,
fullcorpus,@1786072820,1fadc03779f2a246a9b5af5d4a93533511c837df,dd3c178ea9553004d7bf4c494e1b7fd80e7b6ae6,false,expansion,portable,c-programs,c-programs/so-incoming-cpu-tcp6,verify,e9patch,expansion,pass,1,1,71986d6a252d40985852f55c3577bc0d86ae15e892c678bea20d0f320e584593,50,,
fullcorpus,@1786072820,1fadc03779f2a246a9b5af5d4a93533511c837df,dd3c178ea9553004d7bf4c494e1b7fd80e7b6ae6,false,expansion,portable,c-programs,c-programs/so-incoming-cpu-udp4,verify,e9patch,expansion,pass,1,1,b49fc8be9466892afd2c8ad552ba7b28128fc5ac32fc5d89f9a1146264aa4dc7,47,,
fullcorpus,@1786072820,1fadc03779f2a246a9b5af5d4a93533511c837df,dd3c178ea9553004d7bf4c494e1b7fd80e7b6ae6,false,expansion,portable,c-programs,c-programs/splice-enosys,verify,e9patch,expansion,pass,1,1,0bc4f64fe4ad2292443e402eba4830484779aeb4370264c9c0abfa7a78f95c8e,50,,
fullcorpus,@1786072820,1fadc03779f2a246a9b5af5d4a93533511c837df,dd3c178ea9553004d7bf4c494e1b7fd80e7b6ae6,false,expansion,portable,c-programs,c-programs/statmount-enosys,verify,e9patch,expansion,pass,1,1,84a55d7cfcd9fe81a459d4852c82ddf5ad78845213534c19fa6dcdef66cfdf95,45,,
fullcorpus,@1786072820,1fadc03779f2a246a9b5af5d4a93533511c837df,dd3c178ea9553004d7bf4c494e1b7fd80e7b6ae6,false,expansion,portable,c-programs,c-programs/syscall-file-io,verify,e9patch,expansion,pass,1,1,632d0f8b9698ef9868e243dd5432fca72d482ec38beb954c8af6f6ddf94e8e51,50,,
fullcorpus,@1786072820,1fadc03779f2a246a9b5af5d4a93533511c837df,dd3c178ea9553004d7bf4c494e1b7fd80e7b6ae6,false,expansion,portable,c-programs,c-programs/syscall-file-metadata,verify,e9patch,expansion,pass,1,1,57a74d78ecf93f4f8f188f946cdd5345bed2d126fc15a9f362d320bed2c5236a,52,,
fullcorpus,@1786072820,1fadc03779f2a246a9b5af5d4a93533511c837df,dd3c178ea9553004d7bf4c494e1b7fd80e7b6ae6,false,expansion,portable,c-programs,c-programs/syscall-quick-wins,verify,e9patch,expansion,pass,1,1,5d19b00a019f367eb9008a6429952f1970209bcf9d10ccae126091a6cdd87193,52,,
fullcorpus,@1786072820,1fadc03779f2a246a9b5af5d4a93533511c837df,dd3c178ea9553004d7bf4c494e1b7fd80e7b6ae6,false,expansion,portable,c-programs,c-programs/sysfs-enosys,verify,e9patch,expansion,pass,1,1,77a60c6b8a6c3c908333e6f4dfa94a2c397b1bd7c93991eebb8ed5915b0ad95f,43,,
fullcorpus,@1786072820,1fadc03779f2a246a9b5af5d4a93533511c837df,dd3c178ea9553004d7bf4c494e1b7fd80e7b6ae6,false,expansion,portable,c-programs,c-programs/sysinfo,verify,e9patch,expansion,pass,1,1,7b4654508d1dfe4e29de224f81e166df64b50b35536913d1d2a50458db4ae83b,44,,
fullcorpus,@1786072820,1fadc03779f2a246a9b5af5d4a93533511c837df,dd3c178ea9553004d7bf4c494e1b7fd80e7b6ae6,false,expansion,portable,c-programs,c-programs/sysinfo-uptime,verify,e9patch,expansion,pass,1,1,7a87cf51451bc706975be3eeb1cbced496425dafbf2f623076b8a64b0a5ea8e3,595,,
fullcorpus,@1786072820,1fadc03779f2a246a9b5af5d4a93533511c837df,dd3c178ea9553004d7bf4c494e1b7fd80e7b6ae6,false,expansion,portable,c-programs,c-programs/syslog-deterministic,verify,e9patch,expansion,pass,1,1,c23edf066d3bda360f91b47308f840e8b42b87278b5e379c8d71d8bf10a255d2,48,,
fullcorpus,@1786072820,1fadc03779f2a246a9b5af5d4a93533511c837df,dd3c178ea9553004d7bf4c494e1b7fd80e7b6ae6,false,expansion,portable,c-programs,c-programs/sysv-sem-enosys,verify,e9patch,expansion,pass,1,1,f024dd91d8c142074c08ff93925022b5acfeab0e3d58d7ea1fdbdee13ebada99,49,,
fullcorpus,@1786072820,1fadc03779f2a246a9b5af5d4a93533511c837df,dd3c178ea9553004d7bf4c494e1b7fd80e7b6ae6,false,expansion,portable,c-programs,c-programs/sysv-shm-enosys,verify,e9patch,expansion,pass,1,1,7b4564e64aa38d43273e5e7e1df8e80071b1c9219f7de2628fa37e6ab4da5794,45,,
fullcorpus,@1786072820,1fadc03779f2a246a9b5af5d4a93533511c837df,dd3c178ea9553004d7bf4c494e1b7fd80e7b6ae6,false,expansion,portable,c-programs,c-programs/tcp-info-accept4,verify,e9patch,expansion,pass,1,1,c830be750b315e97d977e5cc40104658ccccaf34f1b26068556c22b37f7cf950,50,,
fullcorpus,@1786072820,1fadc03779f2a246a9b5af5d4a93533511c837df,dd3c178ea9553004d7bf4c494e1b7fd80e7b6ae6,false,expansion,portable,c-programs,c-programs/tcp-info-accept6,verify,e9patch,expansion,pass,1,1,4b386d711c9c58617076dd9ffc01f4f517fc3f6d7d1a21c78d5b728fa66ad5ec,62,,
fullcorpus,@1786072820,1fadc03779f2a246a9b5af5d4a93533511c837df,dd3c178ea9553004d7bf4c494e1b7fd80e7b6ae6,false,expansion,portable,c-programs,c-programs/tcp-info-client4,verify,e9patch,expansion,pass,1,1,29047556927b663805202185a671154cc0f9331208fdb57bc9fefe51e26f9d74,53,,
fullcorpus,@1786072820,1fadc03779f2a246a9b5af5d4a93533511c837df,dd3c178ea9553004d7bf4c494e1b7fd80e7b6ae6,false,expansion,portable,c-programs,c-programs/tee-enosys,verify,e9patch,expansion,pass,1,1,1c8d3e5b5c25e921430729592b73be499a63f45dc355ac8686a3070d1e2f6108,47,,
fullcorpus,@1786072820,1fadc03779f2a246a9b5af5d4a93533511c837df,dd3c178ea9553004d7bf4c494e1b7fd80e7b6ae6,false,expansion,portable,c-programs,c-programs/threadexhaustion,verify,e9patch,expansion,pass,1,1,6ed164be2f904840f8cd736bc12bac0858d8d7238d37fbebd539fbac7d14d0ed,72,,
fullcorpus,@1786072820,1fadc03779f2a246a9b5af5d4a93533511c837df,dd3c178ea9553004d7bf4c494e1b7fd80e7b6ae6,false,expansion,portable,c-programs,c-programs/thread-self-procfs-handoff,verify,e9patch,expansion,pass,1,1,4ec014d923f7213d78fc3fe481bb1e5a1afe2966878e2967593bac452513edd6,56,,
fullcorpus,@1786072820,1fadc03779f2a246a9b5af5d4a93533511c837df,dd3c178ea9553004d7bf4c494e1b7fd80e7b6ae6,false,expansion,portable,c-programs,c-programs/thread-sync-determinism,verify,e9patch,expansion,diverge,0,,e3b0c44298fc1c149afbf4c8996fb92427ae41e4649b934ca495991b7852b855,25,,e9patch-verify-fail-exit1
fullcorpus,@1786072820,1fadc03779f2a246a9b5af5d4a93533511c837df,dd3c178ea9553004d7bf4c494e1b7fd80e7b6ae6,false,expansion,portable,c-programs,c-programs/timer-create-determinism,verify,e9patch,expansion,pass,1,1,88d3c6bddc5cce602a98a315d6413f65c9be3b4af294699a8a553337ef4033ae,58,,
fullcorpus,@1786072820,1fadc03779f2a246a9b5af5d4a93533511c837df,dd3c178ea9553004d7bf4c494e1b7fd80e7b6ae6,false,expansion,portable,c-programs,c-programs/uname,verify,e9patch,expansion,pass,1,1,29a9d1c5f680e45d5fdca33498014a47ce0a123af49e3fecb74543db547788be,51,,
fullcorpus,@1786072820,1fadc03779f2a246a9b5af5d4a93533511c837df,dd3c178ea9553004d7bf4c494e1b7fd80e7b6ae6,false,expansion,portable,c-programs,c-programs/unix-autobind-dgram,verify,e9patch,expansion,pass,1,1,b3679cef7d4cbb0bfc40803796036d2ea2e8262e846ad4d345c0c0646e79d21b,65,,
fullcorpus,@1786072820,1fadc03779f2a246a9b5af5d4a93533511c837df,dd3c178ea9553004d7bf4c494e1b7fd80e7b6ae6,false,expansion,portable,c-programs,c-programs/unix-autobind-seqpacket,verify,e9patch,expansion,pass,1,1,adab29374a2e454a06823fd8e1ecc9ba038ed4be7ad9f95ae67cebeec58a3d8c,63,,
fullcorpus,@1786072820,1fadc03779f2a246a9b5af5d4a93533511c837df,dd3c178ea9553004d7bf4c494e1b7fd80e7b6ae6,false,expansion,portable,c-programs,c-programs/unix-autobind-stream,verify,e9patch,expansion,pass,1,1,91304ad318232da9ea6432240290691ddc20ad0ebf2e4c889c7ab6cd3f71db0c,55,,
fullcorpus,@1786072820,1fadc03779f2a246a9b5af5d4a93533511c837df,dd3c178ea9553004d7bf4c494e1b7fd80e7b6ae6,false,expansion,portable,c-programs,c-programs/ustat-enosys,verify,e9patch,expansion,pass,1,1,a3385f3800f1f726246c5551a73e98c6ae29a6dd2757326caac8afdf53bb90d3,57,,
fullcorpus,@1786072820,1fadc03779f2a246a9b5af5d4a93533511c837df,dd3c178ea9553004d7bf4c494e1b7fd80e7b6ae6,false,expansion,portable,c-programs,c-programs/vforkexec,verify,e9patch,expansion,pass,1,1,0b81d8eab80efacf70ba6424c9fd0f53d1403305f94b4b9e5672d5c85d1b7b83,70,,
fullcorpus,@1786072820,1fadc03779f2a246a9b5af5d4a93533511c837df,dd3c178ea9553004d7bf4c494e1b7fd80e7b6ae6,false,expansion,portable,c-programs,c-programs/vmsplice-enosys,verify,e9patch,expansion,pass,1,1,8f5a5d41aa1ad4af965f89cb80f73347c556f46f42dfaca5a32853b7798fe6f0,51,,
fullcorpus,@1786072820,1fadc03779f2a246a9b5af5d4a93533511c837df,dd3c178ea9553004d7bf4c494e1b7fd80e7b6ae6,false,expansion,portable,c-programs,c-programs/wait-on-child,verify,e9patch,expansion,pass,1,1,67184c0256b520d88626d2515c464e95a061da32eb566e7b72e70e19dda43ab4,55,,
fullcorpus,@1786072820,1fadc03779f2a246a9b5af5d4a93533511c837df,dd3c178ea9553004d7bf4c494e1b7fd80e7b6ae6,false,expansion,portable,c-programs,c-programs/writev-determinism,verify,e9patch,expansion,pass,1,1,eb8a913e793713b83b51c96ac1cd869341c248089de48b8cf986bcf3fa552493,87,,
fullcorpus,@1786072820,1fadc03779f2a246a9b5af5d4a93533511c837df,dd3c178ea9553004d7bf4c494e1b7fd80e7b6ae6,false,expansion,portable,data-handling,data-handling/archive-roundtrip,verify,e9patch,expansion,diverge,0,,e3b0c44298fc1c149afbf4c8996fb92427ae41e4649b934ca495991b7852b855,41,,e9patch-verify-fail-exit1
fullcorpus,@1786072820,1fadc03779f2a246a9b5af5d4a93533511c837df,dd3c178ea9553004d7bf4c494e1b7fd80e7b6ae6,false,expansion,portable,data-handling,data-handling/shell-pipeline,verify,e9patch,expansion,diverge,0,,e3b0c44298fc1c149afbf4c8996fb92427ae41e4649b934ca495991b7852b855,37,,e9patch-verify-fail-exit1
fullcorpus,@1786072820,1fadc03779f2a246a9b5af5d4a93533511c837df,dd3c178ea9553004d7bf4c494e1b7fd80e7b6ae6,false,expansion,portable,debugger-c,debugger-c/debuggee,verify,e9patch,expansion,pass,1,1,48d3d236efc470a63642ab7a23fc174f378f389d2f6738b84db4f7a550ce4192,47,,
fullcorpus,@1786072820,1fadc03779f2a246a9b5af5d4a93533511c837df,dd3c178ea9553004d7bf4c494e1b7fd80e7b6ae6,false,expansion,portable,determinism-stress-c,determinism-stress-c/fork-tree,verify,e9patch,expansion,pass,1,1,8ddf8b17d77780a3d7a236df0e42893354e51a485e840d08fc7906ef2207637f,436,,
fullcorpus,@1786072820,1fadc03779f2a246a9b5af5d4a93533511c837df,dd3c178ea9553004d7bf4c494e1b7fd80e7b6ae6,false,expansion,portable,determinism-stress-c,determinism-stress-c/lock-free,verify,e9patch,expansion,pass,1,1,b3bab857d371911d8565e55d6907439bd3c32995e2938f1ac285ce02884c9c54,90,,
fullcorpus,@1786072820,1fadc03779f2a246a9b5af5d4a93533511c837df,dd3c178ea9553004d7bf4c494e1b7fd80e7b6ae6,false,expansion,portable,determinism-stress-c,determinism-stress-c/mmap-fork-shared,verify,e9patch,expansion,pass,1,1,cc89b297383dff63af7b831f2ba6075fb65be2276ce33f47bbb000fc30b21a17,296,,
fullcorpus,@1786072820,1fadc03779f2a246a9b5af5d4a93533511c837df,dd3c178ea9553004d7bf4c494e1b7fd80e7b6ae6,false,expansion,portable,determinism-stress-c,determinism-stress-c/pid-tid,verify,e9patch,expansion,pass,1,1,384b77c5cf9f3306b8afccc60bc227b36e48d475a55ffb34099a2abeb98dec9b,82,,
fullcorpus,@1786072820,1fadc03779f2a246a9b5af5d4a93533511c837df,dd3c178ea9553004d7bf4c494e1b7fd80e7b6ae6,false,expansion,portable,determinism-stress-c,determinism-stress-c/pipe-chain,verify,e9patch,expansion,pass,1,1,46835a9f9f1301b70e85965ac99fdb8f14d2b4a1b9422ded59ac214abefd768d,87,,
fullcorpus,@1786072820,1fadc03779f2a246a9b5af5d4a93533511c837df,dd3c178ea9553004d7bf4c494e1b7fd80e7b6ae6,false,expansion,portable,determinism-stress-c,determinism-stress-c/pipe-prefill,verify,e9patch,expansion,pass,1,1,85f07bae7e5247a9311974855de758b431bedf55bf167fc173adc6e9877db1f6,57,,
fullcorpus,@1786072820,1fadc03779f2a246a9b5af5d4a93533511c837df,dd3c178ea9553004d7bf4c494e1b7fd80e7b6ae6,false,expansion,portable,determinism-stress-c,determinism-stress-c/producer-consumer,verify,e9patch,expansion,pass,1,1,4a1f3835471600bc0823a28a5669705a0e6864214ae213a1083b4c1bf10c50bf,135,,
fullcorpus,@1786072820,1fadc03779f2a246a9b5af5d4a93533511c837df,dd3c178ea9553004d7bf4c494e1b7fd80e7b6ae6,false,expansion,portable,determinism-stress-c,determinism-stress-c/signal-order,verify,e9patch,expansion,pass,1,1,e4b06b822726e5ff96ca7bcbbf59e764019be179d7b198987fd4c4216687561a,65,,
fullcorpus,@1786072820,1fadc03779f2a246a9b5af5d4a93533511c837df,dd3c178ea9553004d7bf4c494e1b7fd80e7b6ae6,false,expansion,portable,determinism-stress-c,determinism-stress-c/thread-contention,verify,e9patch,expansion,diverge,0,,e3b0c44298fc1c149afbf4c8996fb92427ae41e4649b934ca495991b7852b855,28,,e9patch-verify-fail-exit1
fullcorpus,@1786072820,1fadc03779f2a246a9b5af5d4a93533511c837df,dd3c178ea9553004d7bf4c494e1b7fd80e7b6ae6,false,expansion,portable,determinism-stress-c,determinism-stress-c/thread-stress,verify,e9patch,expansion,pass,1,1,5cc9e2f4adb1ce9d9da8fd455891107712ac699631b4d0b492f52be27a71ba73,242,,
fullcorpus,@1786072820,1fadc03779f2a246a9b5af5d4a93533511c837df,dd3c178ea9553004d7bf4c494e1b7fd80e7b6ae6,false,expansion,portable,determinism-stress,determinism-stress/example-race,verify,e9patch,expansion,pass,1,1,44f4a9c5837349cffaaf778ab4ddf4fc799d6bb3ef0d14b6fce4bc36f4000a93,296,,
fullcorpus,@1786072820,1fadc03779f2a246a9b5af5d4a93533511c837df,dd3c178ea9553004d7bf4c494e1b7fd80e7b6ae6,false,expansion,portable,determinism-stress,determinism-stress/order-violation,verify,e9patch,expansion,pass,1,1,0ba904eae8773b70c75333db4de2f3ac45a8ad4ddba1b242f0b3cfc199391dd8,60,,
fullcorpus,@1786072820,1fadc03779f2a246a9b5af5d4a93533511c837df,dd3c178ea9553004d7bf4c494e1b7fd80e7b6ae6,false,expansion,portable,determinism-stress,determinism-stress/process-chains,verify,e9patch,expansion,diverge,0,,e3b0c44298fc1c149afbf4c8996fb92427ae41e4649b934ca495991b7852b855,38,,e9patch-verify-fail-exit1
fullcorpus,@1786072820,1fadc03779f2a246a9b5af5d4a93533511c837df,dd3c178ea9553004d7bf4c494e1b7fd80e7b6ae6,false,expansion,portable,determinism-stress,determinism-stress/thread-contention,verify,e9patch,expansion,diverge,0,,e3b0c44298fc1c149afbf4c8996fb92427ae41e4649b934ca495991b7852b855,41,,e9patch-verify-fail-exit1
fullcorpus,@1786072820,1fadc03779f2a246a9b5af5d4a93533511c837df,dd3c178ea9553004d7bf4c494e1b7fd80e7b6ae6,false,expansion,portable,determinism-stress,determinism-stress/thread-output,verify,e9patch,expansion,pass,1,1,44f4a9c5837349cffaaf778ab4ddf4fc799d6bb3ef0d14b6fce4bc36f4000a93,333,,
fullcorpus,@1786072820,1fadc03779f2a246a9b5af5d4a93533511c837df,dd3c178ea9553004d7bf4c494e1b7fd80e7b6ae6,false,expansion,portable,language-runtimes,language-runtimes/bash-loop-pipe-time,verify,e9patch,expansion,pass,1,1,f92aefa4009814c72c38f61633a8317f4ae21d79044e81cd99a70b521e1101ad,556,,
fullcorpus,@1786072820,1fadc03779f2a246a9b5af5d4a93533511c837df,dd3c178ea9553004d7bf4c494e1b7fd80e7b6ae6,false,expansion,portable,language-runtimes,language-runtimes/example-python-random,verify,e9patch,expansion,pass,1,1,e1b8db378cfd66571bc2d0dbe0b45e1bd3eaecb5d6e0e4d51fd1c0ed053113b0,487,,
fullcorpus,@1786072820,1fadc03779f2a246a9b5af5d4a93533511c837df,dd3c178ea9553004d7bf4c494e1b7fd80e7b6ae6,false,expansion,portable,language-runtimes,language-runtimes/gawk-random,verify,e9patch,expansion,pass,1,1,04427acdbdc27dceba6e78a1623682e9363586e78bcd894100c7b1bf625e92fe,109,,
fullcorpus,@1786072820,1fadc03779f2a246a9b5af5d4a93533511c837df,dd3c178ea9553004d7bf4c494e1b7fd80e7b6ae6,false,expansion,portable,language-runtimes,language-runtimes/perl-io-subprocess-time,verify,e9patch,expansion,pass,1,1,53dbc0b69ea3186223f07b74596d960150f3e9e97bdb96874591838529a5097b,273,,
fullcorpus,@1786072820,1fadc03779f2a246a9b5af5d4a93533511c837df,dd3c178ea9553004d7bf4c494e1b7fd80e7b6ae6,false,expansion,portable,language-runtimes,language-runtimes/python-hash-determinism,verify,e9patch,expansion,pass,1,1,cea342868e9c8ddfed8b961d54db0727b257e72a5dfded2715d37011200820f2,475,,
fullcorpus,@1786072820,1fadc03779f2a246a9b5af5d4a93533511c837df,dd3c178ea9553004d7bf4c494e1b7fd80e7b6ae6,false,expansion,portable,language-runtimes,language-runtimes/python-io-subprocess-time,verify,e9patch,expansion,pass,1,1,a783f71fe61db97dbf05c33b3577be4e381b626f23ba565a5824cfb884a5a541,5371,,
fullcorpus,@1786072820,1fadc03779f2a246a9b5af5d4a93533511c837df,dd3c178ea9553004d7bf4c494e1b7fd80e7b6ae6,false,expansion,portable,language-runtimes,language-runtimes/python-random,verify,e9patch,expansion,pass,1,1,9a7611b282b9eacf3b13ff466a731f3b5c31619ddfe5665214ea8e8e5a97a950,572,,
fullcorpus,@1786072820,1fadc03779f2a246a9b5af5d4a93533511c837df,dd3c178ea9553004d7bf4c494e1b7fd80e7b6ae6,false,expansion,portable,shared-futex-c,shared-futex-c/qemu-exec-init,verify,e9patch,expansion,diverge,0,,f661f3a07a6eaf11cc84a517476a7fad235b90d6b017b27b1d196e7fc437abeb,615,,e9patch-verify-fail-exit1
fullcorpus,@1786072820,1fadc03779f2a246a9b5af5d4a93533511c837df,dd3c178ea9553004d7bf4c494e1b7fd80e7b6ae6,false,expansion,portable,shared-futex-c,shared-futex-c/qemu-hello,verify,e9patch,expansion,diverge,0,,9ea4709e7c24602ba619d6ae109051a4df65ce643d978faa5fcc1dfffc35acef,27,,e9patch-verify-fail-exit1
fullcorpus,@1786072820,1fadc03779f2a246a9b5af5d4a93533511c837df,dd3c178ea9553004d7bf4c494e1b7fd80e7b6ae6,false,expansion,portable,shared-futex-c,shared-futex-c/qemu-init,verify,e9patch,expansion,diverge,0,,89690eba82149c54a78009da0da3c9c71106a9ed870a5768376295473979b1bb,588,,e9patch-verify-fail-exit1
fullcorpus,@1786072820,1fadc03779f2a246a9b5af5d4a93533511c837df,dd3c178ea9553004d7bf4c494e1b7fd80e7b6ae6,false,expansion,portable,shared-futex-c,shared-futex-c/qemu-net-init,verify,e9patch,expansion,diverge,0,,6f2e575f700dd33f153625f87ce625f62c8ebbed42675e3c06ce63851fef2c8d,466,,e9patch-verify-fail-exit1
fullcorpus,@1786072820,1fadc03779f2a246a9b5af5d4a93533511c837df,dd3c178ea9553004d7bf4c494e1b7fd80e7b6ae6,false,expansion,portable,system-utils,system-utils/clock-determinism,verify,e9patch,expansion,pass,1,1,ae53c7f85ecd3f3e57c3b8c0f77f9d944873d0276aca6b0faad8d847063a5458,51,,
fullcorpus,@1786072820,1fadc03779f2a246a9b5af5d4a93533511c837df,dd3c178ea9553004d7bf4c494e1b7fd80e7b6ae6,false,expansion,portable,system-utils,system-utils/date-nanoseconds,verify,e9patch,expansion,pass,1,1,feead050fd92bfe6b0340fbe946c434012d445282574e6626db43d74978d1c82,132,,
fullcorpus,@1786072820,1fadc03779f2a246a9b5af5d4a93533511c837df,dd3c178ea9553004d7bf4c494e1b7fd80e7b6ae6,false,expansion,portable,system-utils,system-utils/example-date,verify,e9patch,expansion,pass,1,1,236de518ee060eaa8a77588e3f4e2c1caf3c9ee1768bc98a3522dabaf3160c70,79,,
fullcorpus,@1786072820,1fadc03779f2a246a9b5af5d4a93533511c837df,dd3c178ea9553004d7bf4c494e1b7fd80e7b6ae6,false,expansion,portable,system-utils,system-utils/example-devrand,verify,e9patch,expansion,pass,1,1,f5edcf77a8645391c7cdaa70592390c2365b1a0849dfc2729f9a6ca3ea874863,83,,
fullcorpus,@1786072820,1fadc03779f2a246a9b5af5d4a93533511c837df,dd3c178ea9553004d7bf4c494e1b7fd80e7b6ae6,false,expansion,portable,system-utils,system-utils/openssl-passwd,verify,e9patch,expansion,pass,1,1,48e619a6a440a23d7955fda2339654eccd96d4c32d4698a1fce8b365d2cc460b,132,,
fullcorpus,@1786072820,1fadc03779f2a246a9b5af5d4a93533511c837df,dd3c178ea9553004d7bf4c494e1b7fd80e7b6ae6,false,expansion,portable,system-utils,system-utils/proc-uptime,verify,e9patch,expansion,pass,1,1,1939fceb5dfe138fac75a533a27dc1c29280952cab0590481f55c3c58ebb0f4d,98,,
fullcorpus,@1786072820,1fadc03779f2a246a9b5af5d4a93533511c837df,dd3c178ea9553004d7bf4c494e1b7fd80e7b6ae6,false,expansion,portable,system-utils,system-utils/random-device,verify,e9patch,expansion,pass,1,1,f5edcf77a8645391c7cdaa70592390c2365b1a0849dfc2729f9a6ca3ea874863,129,,
fullcorpus,@1786072820,1fadc03779f2a246a9b5af5d4a93533511c837df,dd3c178ea9553004d7bf4c494e1b7fd80e7b6ae6,false,expansion,portable,system-utils,system-utils/record-getpid,verify,e9patch,expansion,pass,1,1,7d65259dd0f4861331834b3f73013d851b44389c6162f00a24a0176bba121251,47,,
fullcorpus,@1786072820,1fadc03779f2a246a9b5af5d4a93533511c837df,dd3c178ea9553004d7bf4c494e1b7fd80e7b6ae6,false,expansion,portable,util-c,util-c/pmu-skid,verify,e9patch,expansion,diverge,0,,e3b0c44298fc1c149afbf4c8996fb92427ae41e4649b934ca495991b7852b855,30,,e9patch-verify-fail-exit1
fullcorpus,@1786072820,1fadc03779f2a246a9b5af5d4a93533511c837df,dd3c178ea9553004d7bf4c494e1b7fd80e7b6ae6,false,expansion,portable,applications,applications/example-timed-progress-bar,verify,liteinst,expansion,pass,1,1,d8778ce336753d09dab6c6d94699898498ccbc31d6ec6b0b7b3d4bc559745b47,933,,
fullcorpus,@1786072820,1fadc03779f2a246a9b5af5d4a93533511c837df,dd3c178ea9553004d7bf4c494e1b7fd80e7b6ae6,false,expansion,portable,applications,applications/timed-progress-bar,verify,liteinst,expansion,diverge,0,,e3b0c44298fc1c149afbf4c8996fb92427ae41e4649b934ca495991b7852b855,23,,liteinst-verify-fail-exit1
fullcorpus,@1786072820,1fadc03779f2a246a9b5af5d4a93533511c837df,dd3c178ea9553004d7bf4c494e1b7fd80e7b6ae6,false,expansion,privileged,backend-parity-c,backend-parity-c/cpuid-probe,verify,liteinst,expansion,pass,1,1,86ff9718c1542322ee8165258f455b9774cc88c99e37cc57f30e74283a2d83c0,253,,
fullcorpus,@1786072820,1fadc03779f2a246a9b5af5d4a93533511c837df,dd3c178ea9553004d7bf4c494e1b7fd80e7b6ae6,false,expansion,portable,backend-parity-c,backend-parity-c/pid-probe,verify,liteinst,expansion,pass,1,1,342cc5c394f2bfe94370f4f30493c870f7877e1dd0646dc7c41af1fc9d14838c,249,,
fullcorpus,@1786072820,1fadc03779f2a246a9b5af5d4a93533511c837df,dd3c178ea9553004d7bf4c494e1b7fd80e7b6ae6,false,expansion,portable,backend-parity-c,backend-parity-c/pthread-lifecycle,verify,liteinst,expansion,diverge,0,0,e3b0c44298fc1c149afbf4c8996fb92427ae41e4649b934ca495991b7852b855,165,,liteinst-verify-fail-exit1
fullcorpus,@1786072820,1fadc03779f2a246a9b5af5d4a93533511c837df,dd3c178ea9553004d7bf4c494e1b7fd80e7b6ae6,false,expansion,portable,bin-c,bin-c/posix-timer-test,verify,liteinst,expansion,pass,1,1,73bc36274f961af2a8ad43917d15a87a59ead3cb7c6f54c81db28c45d5395fa1,247,,
fullcorpus,@1786072820,1fadc03779f2a246a9b5af5d4a93533511c837df,dd3c178ea9553004d7bf4c494e1b7fd80e7b6ae6,false,expansion,portable,bin-c,bin-c/robust-futex-test,verify,liteinst,expansion,diverge,0,,e3b0c44298fc1c149afbf4c8996fb92427ae41e4649b934ca495991b7852b855,153,,liteinst-verify-fail-exit1
fullcorpus,@1786072820,1fadc03779f2a246a9b5af5d4a93533511c837df,dd3c178ea9553004d7bf4c494e1b7fd80e7b6ae6,false,expansion,portable,chaos-c,chaos-c/lock-granularity,verify,liteinst,expansion,diverge,0,0,e3b0c44298fc1c149afbf4c8996fb92427ae41e4649b934ca495991b7852b855,164,,liteinst-verify-fail-exit1
fullcorpus,@1786072820,1fadc03779f2a246a9b5af5d4a93533511c837df,dd3c178ea9553004d7bf4c494e1b7fd80e7b6ae6,false,expansion,portable,c-programs,c-programs/acct-refusal-probe,verify,liteinst,expansion,pass,1,1,fb9a253ff29ae72ad120fbe932651dd0471ff759f020fcad04b62895c481980f,244,,
fullcorpus,@1786072820,1fadc03779f2a246a9b5af5d4a93533511c837df,dd3c178ea9553004d7bf4c494e1b7fd80e7b6ae6,false,expansion,portable,c-programs,c-programs/add-key-enosys,verify,liteinst,expansion,pass,1,1,392cdd6f142e243a9db3f8bd6d60cde54e983ffe6d072bf7ea3b03cc297cbf72,237,,
fullcorpus,@1786072820,1fadc03779f2a246a9b5af5d4a93533511c837df,dd3c178ea9553004d7bf4c494e1b7fd80e7b6ae6,false,expansion,portable,c-programs,c-programs/adjtimex-deterministic,verify,liteinst,expansion,pass,1,1,ea6836e27a3d5c63e79076c3c5c976a785aa833022022fc0f2e5361942c6579e,238,,
fullcorpus,@1786072820,1fadc03779f2a246a9b5af5d4a93533511c837df,dd3c178ea9553004d7bf4c494e1b7fd80e7b6ae6,false,expansion,portable,c-programs,c-programs/arch-prctl-determinism,verify,liteinst,expansion,diverge,0,0,e3b0c44298fc1c149afbf4c8996fb92427ae41e4649b934ca495991b7852b855,168,,liteinst-verify-fail-exit1
fullcorpus,@1786072820,1fadc03779f2a246a9b5af5d4a93533511c837df,dd3c178ea9553004d7bf4c494e1b7fd80e7b6ae6,false,expansion,portable,c-programs,c-programs/bpf-enosys,verify,liteinst,expansion,pass,1,1,00b8c2fc33f814bfeb2da739d302426f0122369289c96bb40f9a11ef86f4befe,270,,
fullcorpus,@1786072820,1fadc03779f2a246a9b5af5d4a93533511c837df,dd3c178ea9553004d7bf4c494e1b7fd80e7b6ae6,false,expansion,portable,c-programs,c-programs/cachestat-enosys,verify,liteinst,expansion,pass,1,1,c99ecc14f33146eb9b4b3c76f1fd310e0b0992a23465df5ce2715ead516e565e,261,,
fullcorpus,@1786072820,1fadc03779f2a246a9b5af5d4a93533511c837df,dd3c178ea9553004d7bf4c494e1b7fd80e7b6ae6,false,expansion,portable,c-programs,c-programs/clock-adjtime-deterministic,verify,liteinst,expansion,pass,1,1,f8df8f96682085b6719931fa985c994642bd388d6849e9c751941db746098343,246,,
fullcorpus,@1786072820,1fadc03779f2a246a9b5af5d4a93533511c837df,dd3c178ea9553004d7bf4c494e1b7fd80e7b6ae6,false,expansion,portable,c-programs,c-programs/clone,verify,liteinst,expansion,diverge,0,0,e3b0c44298fc1c149afbf4c8996fb92427ae41e4649b934ca495991b7852b855,4147,,liteinst-verify-fail-exit1
fullcorpus,@1786072820,1fadc03779f2a246a9b5af5d4a93533511c837df,dd3c178ea9553004d7bf4c494e1b7fd80e7b6ae6,false,expansion,portable,c-programs,c-programs/copy-file-range-refusal-probe,verify,liteinst,expansion,pass,1,1,eaf5a67ca844e6a832cd95774ecdb4c48e345e2b64e1c67092ad7fb6ac39777a,218,,
fullcorpus,@1786072820,1fadc03779f2a246a9b5af5d4a93533511c837df,dd3c178ea9553004d7bf4c494e1b7fd80e7b6ae6,false,expansion,portable,c-programs,c-programs/dbi-copied-tiocgpgrp,verify,liteinst,expansion,diverge,0,0,e3b0c44298fc1c149afbf4c8996fb92427ae41e4649b934ca495991b7852b855,4146,,liteinst-verify-fail-exit1
fullcorpus,@1786072820,1fadc03779f2a246a9b5af5d4a93533511c837df,dd3c178ea9553004d7bf4c494e1b7fd80e7b6ae6,false,expansion,portable,c-programs,c-programs/dbi-exec-failure,verify,liteinst,expansion,pass,1,1,d9255dd9cc061248208ec6fabc39e2695034a2f78b3a79675522090f004de84c,283,,
fullcorpus,@1786072820,1fadc03779f2a246a9b5af5d4a93533511c837df,dd3c178ea9553004d7bf4c494e1b7fd80e7b6ae6,false,expansion,portable,c-programs,c-programs/dbi-execveat-unsupported,verify,liteinst,expansion,diverge,0,0,e3b0c44298fc1c149afbf4c8996fb92427ae41e4649b934ca495991b7852b855,148,,liteinst-verify-fail-exit1
fullcorpus,@1786072820,1fadc03779f2a246a9b5af5d4a93533511c837df,dd3c178ea9553004d7bf4c494e1b7fd80e7b6ae6,false,expansion,portable,c-programs,c-programs/dbi-mmap-exec,verify,liteinst,expansion,pass,1,1,87ef25ed096b64f71e5581bf5d09a9bb24b8dca9402b010322037898b99a81cf,223,,
fullcorpus,@1786072820,1fadc03779f2a246a9b5af5d4a93533511c837df,dd3c178ea9553004d7bf4c494e1b7fd80e7b6ae6,false,expansion,portable,c-programs,c-programs/dbi-pid-virtualization,verify,liteinst,expansion,diverge,0,,982b5bb1720fbaf3b3f427c0423ea082707734691f1f6e8cc8409ae43b3595ee,4146,,liteinst-verify-fail-exit1
fullcorpus,@1786072820,1fadc03779f2a246a9b5af5d4a93533511c837df,dd3c178ea9553004d7bf4c494e1b7fd80e7b6ae6,false,expansion,portable,c-programs,c-programs/dbi-prlimit-self,verify,liteinst,expansion,pass,1,1,b5d0a733abb9b3694c70cc548fbd236ede0f60c1e06673b4e4999419c7721e12,223,,
fullcorpus,@1786072820,1fadc03779f2a246a9b5af5d4a93533511c837df,dd3c178ea9553004d7bf4c494e1b7fd80e7b6ae6,false,expansion,portable,c-programs,c-programs/dbi-self-sigqueue,verify,liteinst,expansion,pass,1,1,f4c3bb314cd68d7f8c7e053c24257d5eaf5369087b8c21ee95fd29727f460537,217,,
fullcorpus,@1786072820,1fadc03779f2a246a9b5af5d4a93533511c837df,dd3c178ea9553004d7bf4c494e1b7fd80e7b6ae6,false,expansion,portable,c-programs,c-programs/dbi-unsupported-syscall,verify,liteinst,expansion,pass,1,1,0dc9033cbe9bbe736c2e2105dd9ddb6f7c68ffe47d4146ffdb3e0e2f4a990531,231,,
fullcorpus,@1786072820,1fadc03779f2a246a9b5af5d4a93533511c837df,dd3c178ea9553004d7bf4c494e1b7fd80e7b6ae6,false,expansion,portable,c-programs,c-programs/dbi-wait-lifecycle,verify,liteinst,expansion,diverge,0,,e3b0c44298fc1c149afbf4c8996fb92427ae41e4649b934ca495991b7852b855,4150,,liteinst-verify-fail-exit1
fullcorpus,@1786072820,1fadc03779f2a246a9b5af5d4a93533511c837df,dd3c178ea9553004d7bf4c494e1b7fd80e7b6ae6,false,expansion,portable,c-programs,c-programs/epoll-determinism,verify,liteinst,expansion,diverge,0,,e3b0c44298fc1c149afbf4c8996fb92427ae41e4649b934ca495991b7852b855,241,,liteinst-verify-fail-exit1
fullcorpus,@1786072820,1fadc03779f2a246a9b5af5d4a93533511c837df,dd3c178ea9553004d7bf4c494e1b7fd80e7b6ae6,false,expansion,portable,c-programs,c-programs/fp-reduction-nondeterminism,verify,liteinst,expansion,diverge,0,0,e3b0c44298fc1c149afbf4c8996fb92427ae41e4649b934ca495991b7852b855,180,,liteinst-verify-fail-exit1
fullcorpus,@1786072820,1fadc03779f2a246a9b5af5d4a93533511c837df,dd3c178ea9553004d7bf4c494e1b7fd80e7b6ae6,false,expansion,portable,c-programs,c-programs/futex-requeue-enosys,verify,liteinst,expansion,pass,1,1,3a97289e82874a6de3f7329de461ff8e98aab222e591b44478b0cbfa224b778e,243,,
fullcorpus,@1786072820,1fadc03779f2a246a9b5af5d4a93533511c837df,dd3c178ea9553004d7bf4c494e1b7fd80e7b6ae6,false,expansion,portable,c-programs,c-programs/futex-waitv-enosys,verify,liteinst,expansion,pass,1,1,889b019ce9ffec65e091b4ebb00324388abe68095b3a9aebf5a6243a8d00540e,252,,
fullcorpus,@1786072820,1fadc03779f2a246a9b5af5d4a93533511c837df,dd3c178ea9553004d7bf4c494e1b7fd80e7b6ae6,false,expansion,portable,c-programs,c-programs/futex-wake-enosys,verify,liteinst,expansion,pass,1,1,d841d882ef04ba206243543971a6e2d842db22c3508947d6fb60095d878b0da9,237,,
fullcorpus,@1786072820,1fadc03779f2a246a9b5af5d4a93533511c837df,dd3c178ea9553004d7bf4c494e1b7fd80e7b6ae6,false,expansion,portable,c-programs,c-programs/getcpu,verify,liteinst,expansion,pass,1,1,345e84333a5805a44f38c499137ebb962d9e683e804aa45642afa84e41127f5d,234,,
fullcorpus,@1786072820,1fadc03779f2a246a9b5af5d4a93533511c837df,dd3c178ea9553004d7bf4c494e1b7fd80e7b6ae6,false,expansion,portable,c-programs,c-programs/getitimer-determinism-probe,verify,liteinst,expansion,pass,1,1,17720cebaa5ab1c96e7035832f98c160d4b41b2c32a7bd909ca74d855fa5aaf9,251,,
fullcorpus,@1786072820,1fadc03779f2a246a9b5af5d4a93533511c837df,dd3c178ea9553004d7bf4c494e1b7fd80e7b6ae6,false,expansion,portable,c-programs,c-programs/get-robust-list-child,verify,liteinst,expansion,diverge,0,0,e3b0c44298fc1c149afbf4c8996fb92427ae41e4649b934ca495991b7852b855,4147,,liteinst-verify-fail-exit1
fullcorpus,@1786072820,1fadc03779f2a246a9b5af5d4a93533511c837df,dd3c178ea9553004d7bf4c494e1b7fd80e7b6ae6,false,expansion,portable,c-programs,c-programs/get-robust-list-self,verify,liteinst,expansion,pass,1,1,8a606e83612b4b4c869cfae1cd2f9f03220d7fde25cc88f10079b81f9b3423d1,235,,
fullcorpus,@1786072820,1fadc03779f2a246a9b5af5d4a93533511c837df,dd3c178ea9553004d7bf4c494e1b7fd80e7b6ae6,false,expansion,portable,c-programs,c-programs/get-robust-list-thread,verify,liteinst,expansion,diverge,0,0,e3b0c44298fc1c149afbf4c8996fb92427ae41e4649b934ca495991b7852b855,146,,liteinst-verify-fail-exit1
fullcorpus,@1786072820,1fadc03779f2a246a9b5af5d4a93533511c837df,dd3c178ea9553004d7bf4c494e1b7fd80e7b6ae6,false,expansion,portable,c-programs,c-programs/getsockopt-null,verify,liteinst,expansion,pass,1,1,b8636471f62fb5c81c4b4a5bacf5f4ec2b3e3b4970bc0aded5f496dae6670bfd,232,,
fullcorpus,@1786072820,1fadc03779f2a246a9b5af5d4a93533511c837df,dd3c178ea9553004d7bf4c494e1b7fd80e7b6ae6,false,expansion,portable,c-programs,c-programs/hello-alarm,verify,liteinst,expansion,pass,1,1,69771519a00dad7a34964816b4a9d71896eed8707b6b8c7c3b2d901285fa09f8,233,,
fullcorpus,@1786072820,1fadc03779f2a246a9b5af5d4a93533511c837df,dd3c178ea9553004d7bf4c494e1b7fd80e7b6ae6,false,expansion,portable,c-programs,c-programs/hello-nostdlib,verify,liteinst,expansion,diverge,0,0,e3b0c44298fc1c149afbf4c8996fb92427ae41e4649b934ca495991b7852b855,111,,liteinst-verify-fail-exit1
fullcorpus,@1786072820,1fadc03779f2a246a9b5af5d4a93533511c837df,dd3c178ea9553004d7bf4c494e1b7fd80e7b6ae6,false,expansion,portable,c-programs,c-programs/hello-signals,verify,liteinst,expansion,pass,1,1,2b4df140dfdd472e4bde5c4d449c859ae4a83efe7f0372f448b95db8b40614d8,264,,
fullcorpus,@1786072820,1fadc03779f2a246a9b5af5d4a93533511c837df,dd3c178ea9553004d7bf4c494e1b7fd80e7b6ae6,false,expansion,portable,c-programs,c-programs/ioctl-fioclex,verify,liteinst,expansion,pass,1,1,ed203ed9433cb973a747cbe39690fecc753e9fd7c1e7688563d6f3a154eb0d5e,238,,
fullcorpus,@1786072820,1fadc03779f2a246a9b5af5d4a93533511c837df,dd3c178ea9553004d7bf4c494e1b7fd80e7b6ae6,false,expansion,portable,c-programs,c-programs/ioctl-siocethtool,verify,liteinst,expansion,pass,1,1,28f38ce93b6d5f0d279d4f3d619cc3fc7e134e190ae9ee4f652eeb6afe623291,239,,
fullcorpus,@1786072820,1fadc03779f2a246a9b5af5d4a93533511c837df,dd3c178ea9553004d7bf4c494e1b7fd80e7b6ae6,false,expansion,portable,c-programs,c-programs/io-uring-fallback,verify,liteinst,expansion,pass,1,1,8546e30d188b0b196b8d907e1289e7b830df6fd61ff9dd83f5165ba9bda77e7f,259,,
fullcorpus,@1786072820,1fadc03779f2a246a9b5af5d4a93533511c837df,dd3c178ea9553004d7bf4c494e1b7fd80e7b6ae6,false,expansion,portable,c-programs,c-programs/io-uring-ring-determinism,verify,liteinst,expansion,pass,1,1,5de332a6e2af5315f34ec08e21ca7f8c037a65ecbaee17efd47005a7f1809201,215,,
fullcorpus,@1786072820,1fadc03779f2a246a9b5af5d4a93533511c837df,dd3c178ea9553004d7bf4c494e1b7fd80e7b6ae6,false,expansion,portable,c-programs,c-programs/ipc-determinism,verify,liteinst,expansion,diverge,0,,e3b0c44298fc1c149afbf4c8996fb92427ae41e4649b934ca495991b7852b855,147,,liteinst-verify-fail-exit1
fullcorpus,@1786072820,1fadc03779f2a246a9b5af5d4a93533511c837df,dd3c178ea9553004d7bf4c494e1b7fd80e7b6ae6,false,expansion,portable,c-programs,c-programs/just-spin,verify,liteinst,expansion,diverge,0,0,e3b0c44298fc1c149afbf4c8996fb92427ae41e4649b934ca495991b7852b855,163,,liteinst-verify-fail-exit1
fullcorpus,@1786072820,1fadc03779f2a246a9b5af5d4a93533511c837df,dd3c178ea9553004d7bf4c494e1b7fd80e7b6ae6,false,expansion,portable,c-programs,c-programs/kcmp-eperm,verify,liteinst,expansion,pass,1,1,288278193317b71ec5d15a6dcc2239918b1eea39229a8ef5eb7ae1e6b0a72cce,245,,
fullcorpus,@1786072820,1fadc03779f2a246a9b5af5d4a93533511c837df,dd3c178ea9553004d7bf4c494e1b7fd80e7b6ae6,false,expansion,portable,c-programs,c-programs/keyctl-enosys,verify,liteinst,expansion,pass,1,1,83d9f2169baa0647471ca5f2e4e1c5b73ff2d356b322b7fcdd75d5cf129a292f,257,,
fullcorpus,@1786072820,1fadc03779f2a246a9b5af5d4a93533511c837df,dd3c178ea9553004d7bf4c494e1b7fd80e7b6ae6,false,expansion,portable,c-programs,c-programs/keyctl-passthrough,verify,liteinst,expansion,pass,1,1,decfa402c4223a34ee494253769befc420b46b13da25f3082c91dfe7f19a0310,260,,
fullcorpus,@1786072820,1fadc03779f2a246a9b5af5d4a93533511c837df,dd3c178ea9553004d7bf4c494e1b7fd80e7b6ae6,false,expansion,portable,c-programs,c-programs/listmount-enosys,verify,liteinst,expansion,pass,1,1,231c3dfcda497bd1b166dfb575578d2868721d30f15362cfabcad6f930e43713,262,,
fullcorpus,@1786072820,1fadc03779f2a246a9b5af5d4a93533511c837df,dd3c178ea9553004d7bf4c494e1b7fd80e7b6ae6,false,expansion,portable,c-programs,c-programs/liteinst-advanced,verify,liteinst,expansion,diverge,0,,e3b0c44298fc1c149afbf4c8996fb92427ae41e4649b934ca495991b7852b855,161,,liteinst-verify-fail-exit1
fullcorpus,@1786072820,1fadc03779f2a246a9b5af5d4a93533511c837df,dd3c178ea9553004d7bf4c494e1b7fd80e7b6ae6,false,expansion,portable,c-programs,c-programs/lsm-get-self-attr-enosys,verify,liteinst,expansion,pass,1,1,e83dcdfbdee854f34e05165d3a7aa7b774ca748bc96ee665789c63a32c593fe0,255,,
fullcorpus,@1786072820,1fadc03779f2a246a9b5af5d4a93533511c837df,dd3c178ea9553004d7bf4c494e1b7fd80e7b6ae6,false,expansion,portable,c-programs,c-programs/lsm-list-modules-enosys,verify,liteinst,expansion,pass,1,1,8f5862ec33defb2bf2625429444eaec8b64ce9b7d2c21635e7db07f99c92fc3d,240,,
fullcorpus,@1786072820,1fadc03779f2a246a9b5af5d4a93533511c837df,dd3c178ea9553004d7bf4c494e1b7fd80e7b6ae6,false,expansion,portable,c-programs,c-programs/lsm-set-self-attr-enosys,verify,liteinst,expansion,pass,1,1,326c5b270af2a116865e2690f44310bc17aa77c6cc96d4c83800615036e10e16,244,,
fullcorpus,@1786072820,1fadc03779f2a246a9b5af5d4a93533511c837df,dd3c178ea9553004d7bf4c494e1b7fd80e7b6ae6,false,expansion,portable,c-programs,c-programs/madvise-determinism,verify,liteinst,expansion,pass,1,1,c6053a1ebd42e4762ac34b01ed5d666e0b1f5f18b83ddca9d1b7f4ebef175e83,227,,
fullcorpus,@1786072820,1fadc03779f2a246a9b5af5d4a93533511c837df,dd3c178ea9553004d7bf4c494e1b7fd80e7b6ae6,false,expansion,portable,c-programs,c-programs/map-shadow-stack-enosys,verify,liteinst,expansion,pass,1,1,97ae187dd98c3d4b943dd9b69d472da499f0ef3ae9b2c66152d2ed5dc04bd569,242,,
fullcorpus,@1786072820,1fadc03779f2a246a9b5af5d4a93533511c837df,dd3c178ea9553004d7bf4c494e1b7fd80e7b6ae6,false,expansion,portable,c-programs,c-programs/memfd-secret-enosys,verify,liteinst,expansion,pass,1,1,dcbbb5f4e71889cba127631a6a9a2fce4d68defe8aa92a8d437fd6be6129d6dd,244,,
fullcorpus,@1786072820,1fadc03779f2a246a9b5af5d4a93533511c837df,dd3c178ea9553004d7bf4c494e1b7fd80e7b6ae6,false,expansion,portable,c-programs,c-programs/meminfo-available-deterministic,verify,liteinst,expansion,pass,1,1,7b76f77046d0c4bc8e2105f9850b009d269b48c26e0b7de4723c8adc25181af4,249,,
fullcorpus,@1786072820,1fadc03779f2a246a9b5af5d4a93533511c837df,dd3c178ea9553004d7bf4c494e1b7fd80e7b6ae6,false,expansion,portable,c-programs,c-programs/meminfo-cached-deterministic,verify,liteinst,expansion,pass,1,1,6a4a1ce51b1c48a3c39972e58451953b36a3a49ed40cdf242978e2c2da4cabe4,243,,
fullcorpus,@1786072820,1fadc03779f2a246a9b5af5d4a93533511c837df,dd3c178ea9553004d7bf4c494e1b7fd80e7b6ae6,false,expansion,portable,c-programs,c-programs/meminfo-free-deterministic,verify,liteinst,expansion,pass,1,1,b8a06902cd8245cc3d8acabb5118c81f14b6455c7e6d5da9cf2e59f0b0bcc9da,250,,
fullcorpus,@1786072820,1fadc03779f2a246a9b5af5d4a93533511c837df,dd3c178ea9553004d7bf4c494e1b7fd80e7b6ae6,false,expansion,portable,c-programs,c-programs/memorypress,verify,liteinst,expansion,pass,1,1,e3b0c44298fc1c149afbf4c8996fb92427ae41e4649b934ca495991b7852b855,228,,
fullcorpus,@1786072820,1fadc03779f2a246a9b5af5d4a93533511c837df,dd3c178ea9553004d7bf4c494e1b7fd80e7b6ae6,false,expansion,portable,c-programs,c-programs/mmap-determinism,verify,liteinst,expansion,diverge,0,,e3b0c44298fc1c149afbf4c8996fb92427ae41e4649b934ca495991b7852b855,143,,liteinst-verify-fail-exit1
fullcorpus,@1786072820,1fadc03779f2a246a9b5af5d4a93533511c837df,dd3c178ea9553004d7bf4c494e1b7fd80e7b6ae6,false,expansion,portable,c-programs,c-programs/mmap-stress-determinism,verify,liteinst,expansion,pass,1,1,890065cac586dbeaf7ae771f63d223dd2d04995b4e051040bdd9c9792019dec0,332,,
fullcorpus,@1786072820,1fadc03779f2a246a9b5af5d4a93533511c837df,dd3c178ea9553004d7bf4c494e1b7fd80e7b6ae6,false,expansion,portable,c-programs,c-programs/name-to-handle-at-eopnotsupp,verify,liteinst,expansion,pass,1,1,29e0c39b5f7ab315794d97b7e06e60cf737450deef4306dd8ad0ffd040a25cc0,225,,
fullcorpus,@1786072820,1fadc03779f2a246a9b5af5d4a93533511c837df,dd3c178ea9553004d7bf4c494e1b7fd80e7b6ae6,false,expansion,portable,c-programs,c-programs/name-to-handle-directory-eopnotsupp,verify,liteinst,expansion,pass,1,1,7e5656f3fa9831a9c1f43055b26f6f209b6549daeb42ef1ce12677b324adf310,220,,
fullcorpus,@1786072820,1fadc03779f2a246a9b5af5d4a93533511c837df,dd3c178ea9553004d7bf4c494e1b7fd80e7b6ae6,false,expansion,portable,c-programs,c-programs/name-to-handle-empty-path-eopnotsupp,verify,liteinst,expansion,pass,1,1,e3f9de47951c04e5f8349e7bb340fca6dcb76fffe659a12ab8f9e16fe48f72dd,238,,
fullcorpus,@1786072820,1fadc03779f2a246a9b5af5d4a93533511c837df,dd3c178ea9553004d7bf4c494e1b7fd80e7b6ae6,false,expansion,portable,c-programs,c-programs/name-to-handle-regular-eopnotsupp,verify,liteinst,expansion,pass,1,1,82b589b3f458bbdcffe0a9aaf1a18ab2cfe882ab232290e1ca113714923af2a0,229,,
fullcorpus,@1786072820,1fadc03779f2a246a9b5af5d4a93533511c837df,dd3c178ea9553004d7bf4c494e1b7fd80e7b6ae6,false,expansion,portable,c-programs,c-programs/nanosleep-par,verify,liteinst,expansion,diverge,0,0,e3b0c44298fc1c149afbf4c8996fb92427ae41e4649b934ca495991b7852b855,4157,,liteinst-verify-fail-exit1
fullcorpus,@1786072820,1fadc03779f2a246a9b5af5d4a93533511c837df,dd3c178ea9553004d7bf4c494e1b7fd80e7b6ae6,false,expansion,portable,c-programs,c-programs/nanosleep-threads-nocrash,verify,liteinst,expansion,diverge,0,0,e3b0c44298fc1c149afbf4c8996fb92427ae41e4649b934ca495991b7852b855,149,,liteinst-verify-fail-exit1
fullcorpus,@1786072820,1fadc03779f2a246a9b5af5d4a93533511c837df,dd3c178ea9553004d7bf4c494e1b7fd80e7b6ae6,false,expansion,portable,c-programs,c-programs/nanosleep-threads-simple,verify,liteinst,expansion,diverge,0,,e3b0c44298fc1c149afbf4c8996fb92427ae41e4649b934ca495991b7852b855,159,,liteinst-verify-fail-exit1
fullcorpus,@1786072820,1fadc03779f2a246a9b5af5d4a93533511c837df,dd3c178ea9553004d7bf4c494e1b7fd80e7b6ae6,false,expansion,portable,c-programs,c-programs/netlink-autobind-generic,verify,liteinst,expansion,pass,1,1,947db933d2beaaa7502b24b06bc2aa623116320e9099408e0714af30e877b237,240,,
fullcorpus,@1786072820,1fadc03779f2a246a9b5af5d4a93533511c837df,dd3c178ea9553004d7bf4c494e1b7fd80e7b6ae6,false,expansion,portable,c-programs,c-programs/netlink-autobind-route,verify,liteinst,expansion,pass,1,1,6b579b3015fa46b849f2c563d3caa3f1113b30eda45f2c376a535ade155a5264,220,,
fullcorpus,@1786072820,1fadc03779f2a246a9b5af5d4a93533511c837df,dd3c178ea9553004d7bf4c494e1b7fd80e7b6ae6,false,expansion,portable,c-programs,c-programs/netlink-autobind-usersock,verify,liteinst,expansion,pass,1,1,434cfac765f7a108d0f27c8b43ba45a2b7acff66219ef8104a01612dd7e70956,228,,
fullcorpus,@1786072820,1fadc03779f2a246a9b5af5d4a93533511c837df,dd3c178ea9553004d7bf4c494e1b7fd80e7b6ae6,false,expansion,portable,c-programs,c-programs/netns-cookie-tcp4,verify,liteinst,expansion,pass,1,1,69c87be106187443c99bd437315cc2bb5e8110445a962b89b9d3d9d5446a505e,231,,
fullcorpus,@1786072820,1fadc03779f2a246a9b5af5d4a93533511c837df,dd3c178ea9553004d7bf4c494e1b7fd80e7b6ae6,false,expansion,portable,c-programs,c-programs/netns-cookie-tcp6,verify,liteinst,expansion,pass,1,1,a6c1c996f6bed470020b9575b0884d32ba10a29938b56ce56dbcbce889a1c719,239,,
fullcorpus,@1786072820,1fadc03779f2a246a9b5af5d4a93533511c837df,dd3c178ea9553004d7bf4c494e1b7fd80e7b6ae6,false,expansion,portable,c-programs,c-programs/netns-cookie-udp4,verify,liteinst,expansion,pass,1,1,3f3599e44c7dcd4ec95cf8d9e67c01200ce6a491020b553a010b6ee754095bb0,239,,
fullcorpus,@1786072820,1fadc03779f2a246a9b5af5d4a93533511c837df,dd3c178ea9553004d7bf4c494e1b7fd80e7b6ae6,false,expansion,portable,c-programs,c-programs/perf-event-hardware-enosys,verify,liteinst,expansion,pass,1,1,c7ea49ae4eac3a1842c692e71eff658fde408e8ccb4b9a1efa9094b58a8d453a,260,,
fullcorpus,@1786072820,1fadc03779f2a246a9b5af5d4a93533511c837df,dd3c178ea9553004d7bf4c494e1b7fd80e7b6ae6,false,expansion,portable,c-programs,c-programs/perf-event-open-enosys,verify,liteinst,expansion,pass,1,1,2ce5d62fee05f49913ea9ac04a79850be9af6e16eae2083b3054c2186d1fd933,254,,
fullcorpus,@1786072820,1fadc03779f2a246a9b5af5d4a93533511c837df,dd3c178ea9553004d7bf4c494e1b7fd80e7b6ae6,false,expansion,portable,c-programs,c-programs/perf-event-software-enosys,verify,liteinst,expansion,pass,1,1,9dd8d0a9c51029d92fb24312cc38b62b647ab6e796f26f0670e2e54d062b54b6,259,,
fullcorpus,@1786072820,1fadc03779f2a246a9b5af5d4a93533511c837df,dd3c178ea9553004d7bf4c494e1b7fd80e7b6ae6,false,expansion,portable,c-programs,c-programs/perf-event-watchpoint-enosys,verify,liteinst,expansion,pass,1,1,a3c1e5e84ae8a1c634c0fd8ad162c35918124d312ed7e23f44555334e58daf40,265,,
fullcorpus,@1786072820,1fadc03779f2a246a9b5af5d4a93533511c837df,dd3c178ea9553004d7bf4c494e1b7fd80e7b6ae6,false,expansion,portable,c-programs,c-programs/periodic-setitimer-delivery,verify,liteinst,expansion,pass,1,1,db1d924766d35b4e879b61b7ca0256ae3656e1bcfb81e882ef4e754d9df0d87d,281,,
fullcorpus,@1786072820,1fadc03779f2a246a9b5af5d4a93533511c837df,dd3c178ea9553004d7bf4c494e1b7fd80e7b6ae6,false,expansion,portable,c-programs,c-programs/pidfd-open-self,verify,liteinst,expansion,pass,1,1,eb85b13112d24bf3eabf6dc998951dba694fd8a544d48d55b0243fcea3a30de9,283,,
fullcorpus,@1786072820,1fadc03779f2a246a9b5af5d4a93533511c837df,dd3c178ea9553004d7bf4c494e1b7fd80e7b6ae6,false,expansion,portable,c-programs,c-programs/pidfd-poll-self,verify,liteinst,expansion,pass,1,1,d9c4e30a92ce688e867036dd07e60be370ba398f888f35db4edc54730e9abe08,239,,
fullcorpus,@1786072820,1fadc03779f2a246a9b5af5d4a93533511c837df,dd3c178ea9553004d7bf4c494e1b7fd80e7b6ae6,false,expansion,portable,c-programs,c-programs/pidfd-waitid-child,verify,liteinst,expansion,diverge,0,0,e3b0c44298fc1c149afbf4c8996fb92427ae41e4649b934ca495991b7852b855,4156,,liteinst-verify-fail-exit1
fullcorpus,@1786072820,1fadc03779f2a246a9b5af5d4a93533511c837df,dd3c178ea9553004d7bf4c494e1b7fd80e7b6ae6,false,expansion,portable,c-programs,c-programs/ppoll-readv,verify,liteinst,expansion,pass,1,1,c03be617b251e1b37d3570212e2f93d6a815c70dfb73dca0dd25cef02468153a,267,,
fullcorpus,@1786072820,1fadc03779f2a246a9b5af5d4a93533511c837df,dd3c178ea9553004d7bf4c494e1b7fd80e7b6ae6,false,expansion,portable,c-programs,c-programs/ppoll-simulation,verify,liteinst,expansion,diverge,0,0,e3b0c44298fc1c149afbf4c8996fb92427ae41e4649b934ca495991b7852b855,173,,liteinst-verify-fail-exit1
fullcorpus,@1786072820,1fadc03779f2a246a9b5af5d4a93533511c837df,dd3c178ea9553004d7bf4c494e1b7fd80e7b6ae6,false,expansion,portable,c-programs,c-programs/prctl-dumpable,verify,liteinst,expansion,pass,1,1,789f3fd97e00c2b30751851b5bd08f2703b2539a14421d29dea17db83c379696,259,,
fullcorpus,@1786072820,1fadc03779f2a246a9b5af5d4a93533511c837df,dd3c178ea9553004d7bf4c494e1b7fd80e7b6ae6,false,expansion,portable,c-programs,c-programs/pread64-nostdlib,verify,liteinst,expansion,diverge,0,0,e3b0c44298fc1c149afbf4c8996fb92427ae41e4649b934ca495991b7852b855,105,,liteinst-verify-fail-exit1
fullcorpus,@1786072820,1fadc03779f2a246a9b5af5d4a93533511c837df,dd3c178ea9553004d7bf4c494e1b7fd80e7b6ae6,false,expansion,portable,c-programs,c-programs/printf-with-threads,verify,liteinst,expansion,diverge,0,0,e3b0c44298fc1c149afbf4c8996fb92427ae41e4649b934ca495991b7852b855,151,,liteinst-verify-fail-exit1
fullcorpus,@1786072820,1fadc03779f2a246a9b5af5d4a93533511c837df,dd3c178ea9553004d7bf4c494e1b7fd80e7b6ae6,false,expansion,portable,c-programs,c-programs/print-memaddrs,verify,liteinst,expansion,pass,1,0,b400309e019647287b6c5fa04e321db21e08323fc561d28c450f438963606821,250,,
fullcorpus,@1786072820,1fadc03779f2a246a9b5af5d4a93533511c837df,dd3c178ea9553004d7bf4c494e1b7fd80e7b6ae6,false,expansion,portable,c-programs,c-programs/process-mrelease-enosys,verify,liteinst,expansion,pass,1,1,c21e5000294b34b0a296fdceaa1377156cde383448706c80e1f4ad705bfdb076,231,,
fullcorpus,@1786072820,1fadc03779f2a246a9b5af5d4a93533511c837df,dd3c178ea9553004d7bf4c494e1b7fd80e7b6ae6,false,expansion,portable,c-programs,c-programs/process-vm-readv-refusal-probe,verify,liteinst,expansion,pass,1,1,50905f5ed2b6d9b2083dc16aabfd535f7c531aa42e72dc6c2b67f36e70e97a66,223,,
fullcorpus,@1786072820,1fadc03779f2a246a9b5af5d4a93533511c837df,dd3c178ea9553004d7bf4c494e1b7fd80e7b6ae6,false,expansion,portable,c-programs,c-programs/process-vm-writev-refusal-probe,verify,liteinst,expansion,pass,1,1,92c63d99c7bc830d36fb97a16d43febe7a7fcdca938131c9963f92c1b1a2b59d,243,,
fullcorpus,@1786072820,1fadc03779f2a246a9b5af5d4a93533511c837df,dd3c178ea9553004d7bf4c494e1b7fd80e7b6ae6,false,expansion,portable,c-programs,c-programs/proc-fdinfo,verify,liteinst,expansion,pass,1,0,a9f65739bca3deaed081e9926dd1193db80e35a6abd58d60374085d9d09d5b73,228,,
fullcorpus,@1786072820,1fadc03779f2a246a9b5af5d4a93533511c837df,dd3c178ea9553004d7bf4c494e1b7fd80e7b6ae6,false,expansion,portable,c-programs,c-programs/proc-fd-link-aliases,verify,liteinst,expansion,pass,1,1,a54aec5d7147422feac8782b9d053b8609b9f6a45b8b2ab71f16cca54da845a0,232,,
fullcorpus,@1786072820,1fadc03779f2a246a9b5af5d4a93533511c837df,dd3c178ea9553004d7bf4c494e1b7fd80e7b6ae6,false,expansion,portable,c-programs,c-programs/procfs-positioned-probe,verify,liteinst,expansion,pass,1,1,96c70ad84f7430a56bdf020c7e3c24dbbd8719d841a1cb616712b1b96ad38f03,231,,
fullcorpus,@1786072820,1fadc03779f2a246a9b5af5d4a93533511c837df,dd3c178ea9553004d7bf4c494e1b7fd80e7b6ae6,false,expansion,portable,c-programs,c-programs/proc-locks,verify,liteinst,expansion,pass,1,1,fa314d5543a63dd3d6317f97c24feb7b33c9a47fbeea304c79fbd732f5fea7a6,280,,
fullcorpus,@1786072820,1fadc03779f2a246a9b5af5d4a93533511c837df,dd3c178ea9553004d7bf4c494e1b7fd80e7b6ae6,false,expansion,portable,c-programs,c-programs/prodcons-determinism,verify,liteinst,expansion,diverge,0,0,e3b0c44298fc1c149afbf4c8996fb92427ae41e4649b934ca495991b7852b855,143,,liteinst-verify-fail-exit1
fullcorpus,@1786072820,1fadc03779f2a246a9b5af5d4a93533511c837df,dd3c178ea9553004d7bf4c494e1b7fd80e7b6ae6,false,expansion,portable,c-programs,c-programs/pselect6-simulation,verify,liteinst,expansion,diverge,0,0,e3b0c44298fc1c149afbf4c8996fb92427ae41e4649b934ca495991b7852b855,155,,liteinst-verify-fail-exit1
fullcorpus,@1786072820,1fadc03779f2a246a9b5af5d4a93533511c837df,dd3c178ea9553004d7bf4c494e1b7fd80e7b6ae6,false,expansion,portable,c-programs,c-programs/ptrace-attach-eperm,verify,liteinst,expansion,diverge,0,0,e3b0c44298fc1c149afbf4c8996fb92427ae41e4649b934ca495991b7852b855,4139,,liteinst-verify-fail-exit1
fullcorpus,@1786072820,1fadc03779f2a246a9b5af5d4a93533511c837df,dd3c178ea9553004d7bf4c494e1b7fd80e7b6ae6,false,expansion,portable,c-programs,c-programs/ptrace-eperm,verify,liteinst,expansion,pass,1,1,4357c8a18b9107c54242303395afea99ea744c6c288d8db499b4e1062383de17,215,,
fullcorpus,@1786072820,1fadc03779f2a246a9b5af5d4a93533511c837df,dd3c178ea9553004d7bf4c494e1b7fd80e7b6ae6,false,expansion,portable,c-programs,c-programs/ptrace-seize-eperm,verify,liteinst,expansion,diverge,0,0,e3b0c44298fc1c149afbf4c8996fb92427ae41e4649b934ca495991b7852b855,4147,,liteinst-verify-fail-exit1
fullcorpus,@1786072820,1fadc03779f2a246a9b5af5d4a93533511c837df,dd3c178ea9553004d7bf4c494e1b7fd80e7b6ae6,false,expansion,portable,c-programs,c-programs/ptrace-traceme-eperm,verify,liteinst,expansion,pass,1,1,7ceef18c073f15987e5d89441dc5bf378f7c1b50e8bf3ac626a6ea3eaa9cad56,228,,
fullcorpus,@1786072820,1fadc03779f2a246a9b5af5d4a93533511c837df,dd3c178ea9553004d7bf4c494e1b7fd80e7b6ae6,false,expansion,portable,c-programs,c-programs/pty-nr-count,verify,liteinst,expansion,pass,1,1,d6aa3c553b74b5052939893a096d0f320c69d79a52c3ed819d2c10f57ea6e3ac,275,,
fullcorpus,@1786072820,1fadc03779f2a246a9b5af5d4a93533511c837df,dd3c178ea9553004d7bf4c494e1b7fd80e7b6ae6,false,expansion,portable,c-programs,c-programs/racewrite-nostdlib,verify,liteinst,expansion,diverge,0,0,e3b0c44298fc1c149afbf4c8996fb92427ae41e4649b934ca495991b7852b855,104,,liteinst-verify-fail-exit1
fullcorpus,@1786072820,1fadc03779f2a246a9b5af5d4a93533511c837df,dd3c178ea9553004d7bf4c494e1b7fd80e7b6ae6,false,expansion,portable,c-programs,c-programs/random-sources,verify,liteinst,expansion,diverge,0,0,e3b0c44298fc1c149afbf4c8996fb92427ae41e4649b934ca495991b7852b855,155,,liteinst-verify-fail-exit1
fullcorpus,@1786072820,1fadc03779f2a246a9b5af5d4a93533511c837df,dd3c178ea9553004d7bf4c494e1b7fd80e7b6ae6,false,expansion,portable,c-programs,c-programs/rcx-canonicalization,verify,liteinst,expansion,pass,1,1,60ab39b068f20e83e1e12d5fc849301a3ee11bab51ddf3f0f8240e5c38b7ed25,232,,
fullcorpus,@1786072820,1fadc03779f2a246a9b5af5d4a93533511c837df,dd3c178ea9553004d7bf4c494e1b7fd80e7b6ae6,false,expansion,portable,c-programs,c-programs/record-replay-fd-close,verify,liteinst,expansion,diverge,0,0,e3b0c44298fc1c149afbf4c8996fb92427ae41e4649b934ca495991b7852b855,143,,liteinst-verify-fail-exit1
fullcorpus,@1786072820,1fadc03779f2a246a9b5af5d4a93533511c837df,dd3c178ea9553004d7bf4c494e1b7fd80e7b6ae6,false,expansion,portable,c-programs,c-programs/record-replay-file-state,verify,liteinst,expansion,diverge,0,0,e3b0c44298fc1c149afbf4c8996fb92427ae41e4649b934ca495991b7852b855,4143,,liteinst-verify-fail-exit1
fullcorpus,@1786072820,1fadc03779f2a246a9b5af5d4a93533511c837df,dd3c178ea9553004d7bf4c494e1b7fd80e7b6ae6,false,expansion,portable,c-programs,c-programs/record-replay-lseek-seek-cur,verify,liteinst,expansion,diverge,0,,e3b0c44298fc1c149afbf4c8996fb92427ae41e4649b934ca495991b7852b855,137,,liteinst-verify-fail-exit1
fullcorpus,@1786072820,1fadc03779f2a246a9b5af5d4a93533511c837df,dd3c178ea9553004d7bf4c494e1b7fd80e7b6ae6,false,expansion,portable,c-programs,c-programs/record-replay-setsockopt,verify,liteinst,expansion,pass,1,1,81a01674bdbc3ed8aff53344a3ca68dd615e08ff5a413f537980546e30757714,218,,
fullcorpus,@1786072820,1fadc03779f2a246a9b5af5d4a93533511c837df,dd3c178ea9553004d7bf4c494e1b7fd80e7b6ae6,false,expansion,portable,c-programs,c-programs/recvmsg-scm-rights-mmap,verify,liteinst,expansion,pass,1,1,50212370d90ce8b680af7c5a9448684c494dc504956193611b2f034831e5c80d,232,,
fullcorpus,@1786072820,1fadc03779f2a246a9b5af5d4a93533511c837df,dd3c178ea9553004d7bf4c494e1b7fd80e7b6ae6,false,expansion,portable,c-programs,c-programs/remap-file-pages-anonymous-enosys,verify,liteinst,expansion,pass,1,1,18b174a569bfacdfaa99b5ec11dec76b5c857e910913d52f2b0886ccf43c8de5,214,,
fullcorpus,@1786072820,1fadc03779f2a246a9b5af5d4a93533511c837df,dd3c178ea9553004d7bf4c494e1b7fd80e7b6ae6,false,expansion,portable,c-programs,c-programs/remap-file-pages-memfd-enosys,verify,liteinst,expansion,pass,1,1,bd053ef4819b7e8bcfbb6cae1bfce238da7007e770af9efcdd46419aedff5631,233,,
fullcorpus,@1786072820,1fadc03779f2a246a9b5af5d4a93533511c837df,dd3c178ea9553004d7bf4c494e1b7fd80e7b6ae6,false,expansion,portable,c-programs,c-programs/remap-file-pages-tmpfile-enosys,verify,liteinst,expansion,pass,1,1,86f8d7cfd95fa8053265e9077e7cefc2b5f36f9060c8719f7f2652421a984d31,227,,
fullcorpus,@1786072820,1fadc03779f2a246a9b5af5d4a93533511c837df,dd3c178ea9553004d7bf4c494e1b7fd80e7b6ae6,false,expansion,portable,c-programs,c-programs/request-key-enosys,verify,liteinst,expansion,pass,1,1,745b53ba9579787b43a3a4b6271a471d8915b07ef8be45f28360fc0fb683d9d1,223,,
fullcorpus,@1786072820,1fadc03779f2a246a9b5af5d4a93533511c837df,dd3c178ea9553004d7bf4c494e1b7fd80e7b6ae6,false,expansion,portable,c-programs,c-programs/resource-determinism,verify,liteinst,expansion,diverge,0,0,e3b0c44298fc1c149afbf4c8996fb92427ae41e4649b934ca495991b7852b855,4155,,liteinst-verify-fail-exit1
fullcorpus,@1786072820,1fadc03779f2a246a9b5af5d4a93533511c837df,dd3c178ea9553004d7bf4c494e1b7fd80e7b6ae6,false,expansion,portable,c-programs,c-programs/sched-setattr-batch,verify,liteinst,expansion,pass,1,1,99eac8d5cfe2b3c98d2a509ad3c4095f749dedf91bfe3a50c888ca25482ff328,221,,
fullcorpus,@1786072820,1fadc03779f2a246a9b5af5d4a93533511c837df,dd3c178ea9553004d7bf4c494e1b7fd80e7b6ae6,false,expansion,portable,c-programs,c-programs/sched-setattr-idle,verify,liteinst,expansion,pass,1,1,5ee4cb2f5210f1a5945af443dbb57effe1a8f04c69f632d2391781c6f900af7c,220,,
fullcorpus,@1786072820,1fadc03779f2a246a9b5af5d4a93533511c837df,dd3c178ea9553004d7bf4c494e1b7fd80e7b6ae6,false,expansion,portable,c-programs,c-programs/sched-setattr-other,verify,liteinst,expansion,pass,1,1,b9b3b39b4487c39eff3a18989355c0d25dae1bbef9c9eb9868729f3335163e9d,265,,
fullcorpus,@1786072820,1fadc03779f2a246a9b5af5d4a93533511c837df,dd3c178ea9553004d7bf4c494e1b7fd80e7b6ae6,false,expansion,portable,c-programs,c-programs/scheduler-policy-queries,verify,liteinst,expansion,pass,1,1,49a4292eaa9d835040b884177ac3fed11611ee037c7577af8a28d977675dde27,253,,
fullcorpus,@1786072820,1fadc03779f2a246a9b5af5d4a93533511c837df,dd3c178ea9553004d7bf4c494e1b7fd80e7b6ae6,false,expansion,portable,c-programs,c-programs/sched-yield-progress,verify,liteinst,expansion,diverge,0,0,e3b0c44298fc1c149afbf4c8996fb92427ae41e4649b934ca495991b7852b855,166,,liteinst-verify-fail-exit1
fullcorpus,@1786072820,1fadc03779f2a246a9b5af5d4a93533511c837df,dd3c178ea9553004d7bf4c494e1b7fd80e7b6ae6,false,expansion,portable,c-programs,c-programs/setitimer-determinism,verify,liteinst,expansion,pass,1,1,aa8afff1d4a0e29340065da47212a4ac237980d07744f94ed540f13789097ba5,258,,
fullcorpus,@1786072820,1fadc03779f2a246a9b5af5d4a93533511c837df,dd3c178ea9553004d7bf4c494e1b7fd80e7b6ae6,false,expansion,portable,c-programs,c-programs/sigmask-preemption,verify,liteinst,expansion,diverge,0,0,e3b0c44298fc1c149afbf4c8996fb92427ae41e4649b934ca495991b7852b855,159,,liteinst-verify-fail-exit1
fullcorpus,@1786072820,1fadc03779f2a246a9b5af5d4a93533511c837df,dd3c178ea9553004d7bf4c494e1b7fd80e7b6ae6,false,expansion,portable,c-programs,c-programs/signal-determinism,verify,liteinst,expansion,diverge,0,,e3b0c44298fc1c149afbf4c8996fb92427ae41e4649b934ca495991b7852b855,144,,liteinst-verify-fail-exit1
fullcorpus,@1786072820,1fadc03779f2a246a9b5af5d4a93533511c837df,dd3c178ea9553004d7bf4c494e1b7fd80e7b6ae6,false,expansion,portable,c-programs,c-programs/sigpipe-siginfo,verify,liteinst,expansion,pass,1,1,57183d003d231921d403a385a50ab1282fa28a31b248357f7c19d1071854e87c,288,,
fullcorpus,@1786072820,1fadc03779f2a246a9b5af5d4a93533511c837df,dd3c178ea9553004d7bf4c494e1b7fd80e7b6ae6,false,expansion,portable,c-programs,c-programs/sigtimedwait-no-timeout,verify,liteinst,expansion,diverge,0,0,e3b0c44298fc1c149afbf4c8996fb92427ae41e4649b934ca495991b7852b855,157,,liteinst-verify-fail-exit1
fullcorpus,@1786072820,1fadc03779f2a246a9b5af5d4a93533511c837df,dd3c178ea9553004d7bf4c494e1b7fd80e7b6ae6,false,expansion,portable,c-programs,c-programs/sigtimedwait-timeout-0s,verify,liteinst,expansion,diverge,0,0,e3b0c44298fc1c149afbf4c8996fb92427ae41e4649b934ca495991b7852b855,173,,liteinst-verify-fail-exit1
fullcorpus,@1786072820,1fadc03779f2a246a9b5af5d4a93533511c837df,dd3c178ea9553004d7bf4c494e1b7fd80e7b6ae6,false,expansion,portable,c-programs,c-programs/sigtimedwait-timeout-1s,verify,liteinst,expansion,diverge,0,0,e3b0c44298fc1c149afbf4c8996fb92427ae41e4649b934ca495991b7852b855,149,,liteinst-verify-fail-exit1
fullcorpus,@1786072820,1fadc03779f2a246a9b5af5d4a93533511c837df,dd3c178ea9553004d7bf4c494e1b7fd80e7b6ae6,false,expansion,portable,c-programs,c-programs/socket-cookie-tcp,verify,liteinst,expansion,pass,1,1,6180a36432851ee86fbec823dd6fe6c7588f786bfadefd70480438b246053b6b,249,,
fullcorpus,@1786072820,1fadc03779f2a246a9b5af5d4a93533511c837df,dd3c178ea9553004d7bf4c494e1b7fd80e7b6ae6,false,expansion,portable,c-programs,c-programs/socket-cookie-udp,verify,liteinst,expansion,pass,1,1,2d06feadf81160afca89105d6b83f0ce0a7296070a855b1b25b8b72d58e724be,231,,
fullcorpus,@1786072820,1fadc03779f2a246a9b5af5d4a93533511c837df,dd3c178ea9553004d7bf4c494e1b7fd80e7b6ae6,false,expansion,portable,c-programs,c-programs/socket-cookie-unix,verify,liteinst,expansion,pass,1,1,af2ebd36b3b776fa4c0c4c215288f5e66fa5241f8dfda47f8ef017ba351e3734,226,,
fullcorpus,@1786072820,1fadc03779f2a246a9b5af5d4a93533511c837df,dd3c178ea9553004d7bf4c494e1b7fd80e7b6ae6,false,expansion,portable,c-programs,c-programs/socket-ioctl-timestamp,verify,liteinst,expansion,diverge,0,,e3b0c44298fc1c149afbf4c8996fb92427ae41e4649b934ca495991b7852b855,157,,liteinst-verify-fail-exit1
fullcorpus,@1786072820,1fadc03779f2a246a9b5af5d4a93533511c837df,dd3c178ea9553004d7bf4c494e1b7fd80e7b6ae6,false,expansion,portable,c-programs,c-programs/socket-timestamp-edge-cases,verify,liteinst,expansion,pass,1,1,237ff1081253f64aba6ed9e84bad994c1c481d9bd2312ba4fe80afa1d959f9cc,242,,
fullcorpus,@1786072820,1fadc03779f2a246a9b5af5d4a93533511c837df,dd3c178ea9553004d7bf4c494e1b7fd80e7b6ae6,false,expansion,portable,c-programs,c-programs/socket-timestamp-timespec,verify,liteinst,expansion,pass,1,1,4a5eae51288da929c514799c22251bb18ec475d82ca4a648f9732da9a00cfd75,268,,
fullcorpus,@1786072820,1fadc03779f2a246a9b5af5d4a93533511c837df,dd3c178ea9553004d7bf4c494e1b7fd80e7b6ae6,false,expansion,portable,c-programs,c-programs/socket-timestamp-timeval,verify,liteinst,expansion,pass,1,1,2a6d69ec1e29905992985dd6131920efd96bd015b70cd2c003724b8065750683,251,,
fullcorpus,@1786072820,1fadc03779f2a246a9b5af5d4a93533511c837df,dd3c178ea9553004d7bf4c494e1b7fd80e7b6ae6,false,expansion,portable,c-programs,c-programs/so-incoming-cpu-tcp4,verify,liteinst,expansion,pass,1,1,37d9e0d38876a4913d49d1524721047328ff7d139c4bea030fc003d86325cb12,235,,
fullcorpus,@1786072820,1fadc03779f2a246a9b5af5d4a93533511c837df,dd3c178ea9553004d7bf4c494e1b7fd80e7b6ae6,false,expansion,portable,c-programs,c-programs/so-incoming-cpu-tcp6,verify,liteinst,expansion,pass,1,1,71986d6a252d40985852f55c3577bc0d86ae15e892c678bea20d0f320e584593,379,,
fullcorpus,@1786072820,1fadc03779f2a246a9b5af5d4a93533511c837df,dd3c178ea9553004d7bf4c494e1b7fd80e7b6ae6,false,expansion,portable,c-programs,c-programs/so-incoming-cpu-udp4,verify,liteinst,expansion,pass,1,1,b49fc8be9466892afd2c8ad552ba7b28128fc5ac32fc5d89f9a1146264aa4dc7,231,,
fullcorpus,@1786072820,1fadc03779f2a246a9b5af5d4a93533511c837df,dd3c178ea9553004d7bf4c494e1b7fd80e7b6ae6,false,expansion,portable,c-programs,c-programs/splice-enosys,verify,liteinst,expansion,pass,1,1,0bc4f64fe4ad2292443e402eba4830484779aeb4370264c9c0abfa7a78f95c8e,259,,
fullcorpus,@1786072820,1fadc03779f2a246a9b5af5d4a93533511c837df,dd3c178ea9553004d7bf4c494e1b7fd80e7b6ae6,false,expansion,portable,c-programs,c-programs/statmount-enosys,verify,liteinst,expansion,pass,1,1,84a55d7cfcd9fe81a459d4852c82ddf5ad78845213534c19fa6dcdef66cfdf95,270,,
fullcorpus,@1786072820,1fadc03779f2a246a9b5af5d4a93533511c837df,dd3c178ea9553004d7bf4c494e1b7fd80e7b6ae6,false,expansion,portable,c-programs,c-programs/syscall-file-io,verify,liteinst,expansion,pass,1,1,632d0f8b9698ef9868e243dd5432fca72d482ec38beb954c8af6f6ddf94e8e51,274,,
fullcorpus,@1786072820,1fadc03779f2a246a9b5af5d4a93533511c837df,dd3c178ea9553004d7bf4c494e1b7fd80e7b6ae6,false,expansion,portable,c-programs,c-programs/syscall-file-metadata,verify,liteinst,expansion,pass,1,1,57a74d78ecf93f4f8f188f946cdd5345bed2d126fc15a9f362d320bed2c5236a,269,,
fullcorpus,@1786072820,1fadc03779f2a246a9b5af5d4a93533511c837df,dd3c178ea9553004d7bf4c494e1b7fd80e7b6ae6,false,expansion,portable,c-programs,c-programs/syscall-quick-wins,verify,liteinst,expansion,pass,1,1,5d19b00a019f367eb9008a6429952f1970209bcf9d10ccae126091a6cdd87193,254,,
fullcorpus,@1786072820,1fadc03779f2a246a9b5af5d4a93533511c837df,dd3c178ea9553004d7bf4c494e1b7fd80e7b6ae6,false,expansion,portable,c-programs,c-programs/sysfs-enosys,verify,liteinst,expansion,pass,1,1,77a60c6b8a6c3c908333e6f4dfa94a2c397b1bd7c93991eebb8ed5915b0ad95f,243,,
fullcorpus,@1786072820,1fadc03779f2a246a9b5af5d4a93533511c837df,dd3c178ea9553004d7bf4c494e1b7fd80e7b6ae6,false,expansion,portable,c-programs,c-programs/sysinfo,verify,liteinst,expansion,pass,1,0,ea790aa7829fc88f80ace8722494f7f56d90a9da2d5125d230947d3feabd666e,230,,
fullcorpus,@1786072820,1fadc03779f2a246a9b5af5d4a93533511c837df,dd3c178ea9553004d7bf4c494e1b7fd80e7b6ae6,false,expansion,portable,c-programs,c-programs/sysinfo-uptime,verify,liteinst,expansion,diverge,0,0,e3b0c44298fc1c149afbf4c8996fb92427ae41e4649b934ca495991b7852b855,148,,liteinst-verify-fail-exit1
fullcorpus,@1786072820,1fadc03779f2a246a9b5af5d4a93533511c837df,dd3c178ea9553004d7bf4c494e1b7fd80e7b6ae6,false,expansion,portable,c-programs,c-programs/syslog-deterministic,verify,liteinst,expansion,pass,1,1,c23edf066d3bda360f91b47308f840e8b42b87278b5e379c8d71d8bf10a255d2,228,,
fullcorpus,@1786072820,1fadc03779f2a246a9b5af5d4a93533511c837df,dd3c178ea9553004d7bf4c494e1b7fd80e7b6ae6,false,expansion,portable,c-programs,c-programs/sysv-sem-enosys,verify,liteinst,expansion,pass,1,1,f024dd91d8c142074c08ff93925022b5acfeab0e3d58d7ea1fdbdee13ebada99,215,,
fullcorpus,@1786072820,1fadc03779f2a246a9b5af5d4a93533511c837df,dd3c178ea9553004d7bf4c494e1b7fd80e7b6ae6,false,expansion,portable,c-programs,c-programs/sysv-shm-enosys,verify,liteinst,expansion,pass,1,1,7b4564e64aa38d43273e5e7e1df8e80071b1c9219f7de2628fa37e6ab4da5794,246,,
fullcorpus,@1786072820,1fadc03779f2a246a9b5af5d4a93533511c837df,dd3c178ea9553004d7bf4c494e1b7fd80e7b6ae6,false,expansion,portable,c-programs,c-programs/tcp-info-accept4,verify,liteinst,expansion,pass,1,1,c830be750b315e97d977e5cc40104658ccccaf34f1b26068556c22b37f7cf950,225,,
fullcorpus,@1786072820,1fadc03779f2a246a9b5af5d4a93533511c837df,dd3c178ea9553004d7bf4c494e1b7fd80e7b6ae6,false,expansion,portable,c-programs,c-programs/tcp-info-accept6,verify,liteinst,expansion,pass,1,1,4b386d711c9c58617076dd9ffc01f4f517fc3f6d7d1a21c78d5b728fa66ad5ec,245,,
fullcorpus,@1786072820,1fadc03779f2a246a9b5af5d4a93533511c837df,dd3c178ea9553004d7bf4c494e1b7fd80e7b6ae6,false,expansion,portable,c-programs,c-programs/tcp-info-client4,verify,liteinst,expansion,pass,1,1,29047556927b663805202185a671154cc0f9331208fdb57bc9fefe51e26f9d74,231,,
fullcorpus,@1786072820,1fadc03779f2a246a9b5af5d4a93533511c837df,dd3c178ea9553004d7bf4c494e1b7fd80e7b6ae6,false,expansion,portable,c-programs,c-programs/tee-enosys,verify,liteinst,expansion,pass,1,1,1c8d3e5b5c25e921430729592b73be499a63f45dc355ac8686a3070d1e2f6108,225,,
fullcorpus,@1786072820,1fadc03779f2a246a9b5af5d4a93533511c837df,dd3c178ea9553004d7bf4c494e1b7fd80e7b6ae6,false,expansion,portable,c-programs,c-programs/threadexhaustion,verify,liteinst,expansion,diverge,0,0,e3b0c44298fc1c149afbf4c8996fb92427ae41e4649b934ca495991b7852b855,160,,liteinst-verify-fail-exit1
fullcorpus,@1786072820,1fadc03779f2a246a9b5af5d4a93533511c837df,dd3c178ea9553004d7bf4c494e1b7fd80e7b6ae6,false,expansion,portable,c-programs,c-programs/thread-self-procfs-handoff,verify,liteinst,expansion,diverge,0,0,e3b0c44298fc1c149afbf4c8996fb92427ae41e4649b934ca495991b7852b855,155,,liteinst-verify-fail-exit1
fullcorpus,@1786072820,1fadc03779f2a246a9b5af5d4a93533511c837df,dd3c178ea9553004d7bf4c494e1b7fd80e7b6ae6,false,expansion,portable,c-programs,c-programs/thread-sync-determinism,verify,liteinst,expansion,diverge,0,,e3b0c44298fc1c149afbf4c8996fb92427ae41e4649b934ca495991b7852b855,154,,liteinst-verify-fail-exit1
fullcorpus,@1786072820,1fadc03779f2a246a9b5af5d4a93533511c837df,dd3c178ea9553004d7bf4c494e1b7fd80e7b6ae6,false,expansion,portable,c-programs,c-programs/timer-create-determinism,verify,liteinst,expansion,pass,1,1,88d3c6bddc5cce602a98a315d6413f65c9be3b4af294699a8a553337ef4033ae,220,,
fullcorpus,@1786072820,1fadc03779f2a246a9b5af5d4a93533511c837df,dd3c178ea9553004d7bf4c494e1b7fd80e7b6ae6,false,expansion,portable,c-programs,c-programs/uname,verify,liteinst,expansion,pass,1,1,29a9d1c5f680e45d5fdca33498014a47ce0a123af49e3fecb74543db547788be,236,,
fullcorpus,@1786072820,1fadc03779f2a246a9b5af5d4a93533511c837df,dd3c178ea9553004d7bf4c494e1b7fd80e7b6ae6,false,expansion,portable,c-programs,c-programs/unix-autobind-dgram,verify,liteinst,expansion,pass,1,1,b3679cef7d4cbb0bfc40803796036d2ea2e8262e846ad4d345c0c0646e79d21b,226,,
fullcorpus,@1786072820,1fadc03779f2a246a9b5af5d4a93533511c837df,dd3c178ea9553004d7bf4c494e1b7fd80e7b6ae6,false,expansion,portable,c-programs,c-programs/unix-autobind-seqpacket,verify,liteinst,expansion,pass,1,1,adab29374a2e454a06823fd8e1ecc9ba038ed4be7ad9f95ae67cebeec58a3d8c,216,,
fullcorpus,@1786072820,1fadc03779f2a246a9b5af5d4a93533511c837df,dd3c178ea9553004d7bf4c494e1b7fd80e7b6ae6,false,expansion,portable,c-programs,c-programs/unix-autobind-stream,verify,liteinst,expansion,pass,1,1,91304ad318232da9ea6432240290691ddc20ad0ebf2e4c889c7ab6cd3f71db0c,227,,
fullcorpus,@1786072820,1fadc03779f2a246a9b5af5d4a93533511c837df,dd3c178ea9553004d7bf4c494e1b7fd80e7b6ae6,false,expansion,portable,c-programs,c-programs/ustat-enosys,verify,liteinst,expansion,pass,1,1,a3385f3800f1f726246c5551a73e98c6ae29a6dd2757326caac8afdf53bb90d3,225,,
fullcorpus,@1786072820,1fadc03779f2a246a9b5af5d4a93533511c837df,dd3c178ea9553004d7bf4c494e1b7fd80e7b6ae6,false,expansion,portable,c-programs,c-programs/vforkexec,verify,liteinst,expansion,diverge,0,0,e3b0c44298fc1c149afbf4c8996fb92427ae41e4649b934ca495991b7852b855,4152,,liteinst-verify-fail-exit1
fullcorpus,@1786072820,1fadc03779f2a246a9b5af5d4a93533511c837df,dd3c178ea9553004d7bf4c494e1b7fd80e7b6ae6,false,expansion,portable,c-programs,c-programs/vmsplice-enosys,verify,liteinst,expansion,pass,1,1,8f5a5d41aa1ad4af965f89cb80f73347c556f46f42dfaca5a32853b7798fe6f0,217,,
fullcorpus,@1786072820,1fadc03779f2a246a9b5af5d4a93533511c837df,dd3c178ea9553004d7bf4c494e1b7fd80e7b6ae6,false,expansion,portable,c-programs,c-programs/wait-on-child,verify,liteinst,expansion,diverge,0,0,e3b0c44298fc1c149afbf4c8996fb92427ae41e4649b934ca495991b7852b855,4157,,liteinst-verify-fail-exit1
fullcorpus,@1786072820,1fadc03779f2a246a9b5af5d4a93533511c837df,dd3c178ea9553004d7bf4c494e1b7fd80e7b6ae6,false,expansion,portable,c-programs,c-programs/writev-determinism,verify,liteinst,expansion,diverge,0,0,6512ed89795e96b012c9cc09575601e225bc7262464771a63048be921f5298c7,157,,liteinst-verify-fail-exit1
fullcorpus,@1786072820,1fadc03779f2a246a9b5af5d4a93533511c837df,dd3c178ea9553004d7bf4c494e1b7fd80e7b6ae6,false,expansion,portable,data-handling,data-handling/archive-roundtrip,verify,liteinst,expansion,diverge,0,,e3b0c44298fc1c149afbf4c8996fb92427ae41e4649b934ca495991b7852b855,136,,liteinst-verify-fail-exit1
fullcorpus,@1786072820,1fadc03779f2a246a9b5af5d4a93533511c837df,dd3c178ea9553004d7bf4c494e1b7fd80e7b6ae6,false,expansion,portable,data-handling,data-handling/shell-pipeline,verify,liteinst,expansion,diverge,0,,e3b0c44298fc1c149afbf4c8996fb92427ae41e4649b934ca495991b7852b855,160,,liteinst-verify-fail-exit1
fullcorpus,@1786072820,1fadc03779f2a246a9b5af5d4a93533511c837df,dd3c178ea9553004d7bf4c494e1b7fd80e7b6ae6,false,expansion,portable,debugger-c,debugger-c/debuggee,verify,liteinst,expansion,pass,1,1,48d3d236efc470a63642ab7a23fc174f378f389d2f6738b84db4f7a550ce4192,252,,
fullcorpus,@1786072820,1fadc03779f2a246a9b5af5d4a93533511c837df,dd3c178ea9553004d7bf4c494e1b7fd80e7b6ae6,false,expansion,portable,determinism-stress-c,determinism-stress-c/fork-tree,verify,liteinst,expansion,diverge,0,0,e3b0c44298fc1c149afbf4c8996fb92427ae41e4649b934ca495991b7852b855,4141,,liteinst-verify-fail-exit1
fullcorpus,@1786072820,1fadc03779f2a246a9b5af5d4a93533511c837df,dd3c178ea9553004d7bf4c494e1b7fd80e7b6ae6,false,expansion,portable,determinism-stress-c,determinism-stress-c/lock-free,verify,liteinst,expansion,diverge,0,0,e3b0c44298fc1c149afbf4c8996fb92427ae41e4649b934ca495991b7852b855,143,,liteinst-verify-fail-exit1
fullcorpus,@1786072820,1fadc03779f2a246a9b5af5d4a93533511c837df,dd3c178ea9553004d7bf4c494e1b7fd80e7b6ae6,false,expansion,portable,determinism-stress-c,determinism-stress-c/mmap-fork-shared,verify,liteinst,expansion,diverge,0,0,e3b0c44298fc1c149afbf4c8996fb92427ae41e4649b934ca495991b7852b855,4143,,liteinst-verify-fail-exit1
fullcorpus,@1786072820,1fadc03779f2a246a9b5af5d4a93533511c837df,dd3c178ea9553004d7bf4c494e1b7fd80e7b6ae6,false,expansion,portable,determinism-stress-c,determinism-stress-c/pid-tid,verify,liteinst,expansion,diverge,0,0,e3b0c44298fc1c149afbf4c8996fb92427ae41e4649b934ca495991b7852b855,162,,liteinst-verify-fail-exit1
fullcorpus,@1786072820,1fadc03779f2a246a9b5af5d4a93533511c837df,dd3c178ea9553004d7bf4c494e1b7fd80e7b6ae6,false,expansion,portable,determinism-stress-c,determinism-stress-c/pipe-chain,verify,liteinst,expansion,diverge,0,0,e3b0c44298fc1c149afbf4c8996fb92427ae41e4649b934ca495991b7852b855,4166,,liteinst-verify-fail-exit1
fullcorpus,@1786072820,1fadc03779f2a246a9b5af5d4a93533511c837df,dd3c178ea9553004d7bf4c494e1b7fd80e7b6ae6,false,expansion,portable,determinism-stress-c,determinism-stress-c/pipe-prefill,verify,liteinst,expansion,diverge,0,0,e3b0c44298fc1c149afbf4c8996fb92427ae41e4649b934ca495991b7852b855,4145,,liteinst-verify-fail-exit1
fullcorpus,@1786072820,1fadc03779f2a246a9b5af5d4a93533511c837df,dd3c178ea9553004d7bf4c494e1b7fd80e7b6ae6,false,expansion,portable,determinism-stress-c,determinism-stress-c/producer-consumer,verify,liteinst,expansion,diverge,0,0,e3b0c44298fc1c149afbf4c8996fb92427ae41e4649b934ca495991b7852b855,149,,liteinst-verify-fail-exit1
fullcorpus,@1786072820,1fadc03779f2a246a9b5af5d4a93533511c837df,dd3c178ea9553004d7bf4c494e1b7fd80e7b6ae6,false,expansion,portable,determinism-stress-c,determinism-stress-c/signal-order,verify,liteinst,expansion,diverge,0,0,e3b0c44298fc1c149afbf4c8996fb92427ae41e4649b934ca495991b7852b855,153,,liteinst-verify-fail-exit1
fullcorpus,@1786072820,1fadc03779f2a246a9b5af5d4a93533511c837df,dd3c178ea9553004d7bf4c494e1b7fd80e7b6ae6,false,expansion,portable,determinism-stress-c,determinism-stress-c/thread-contention,verify,liteinst,expansion,diverge,0,,e3b0c44298fc1c149afbf4c8996fb92427ae41e4649b934ca495991b7852b855,146,,liteinst-verify-fail-exit1
fullcorpus,@1786072820,1fadc03779f2a246a9b5af5d4a93533511c837df,dd3c178ea9553004d7bf4c494e1b7fd80e7b6ae6,false,expansion,portable,determinism-stress-c,determinism-stress-c/thread-stress,verify,liteinst,expansion,diverge,0,0,e3b0c44298fc1c149afbf4c8996fb92427ae41e4649b934ca495991b7852b855,137,,liteinst-verify-fail-exit1
fullcorpus,@1786072820,1fadc03779f2a246a9b5af5d4a93533511c837df,dd3c178ea9553004d7bf4c494e1b7fd80e7b6ae6,false,expansion,portable,determinism-stress,determinism-stress/example-race,verify,liteinst,expansion,diverge,0,0,e3b0c44298fc1c149afbf4c8996fb92427ae41e4649b934ca495991b7852b855,4188,,liteinst-verify-fail-exit1
fullcorpus,@1786072820,1fadc03779f2a246a9b5af5d4a93533511c837df,dd3c178ea9553004d7bf4c494e1b7fd80e7b6ae6,false,expansion,portable,determinism-stress,determinism-stress/order-violation,verify,liteinst,expansion,diverge,0,0,e3b0c44298fc1c149afbf4c8996fb92427ae41e4649b934ca495991b7852b855,151,,liteinst-verify-fail-exit1
fullcorpus,@1786072820,1fadc03779f2a246a9b5af5d4a93533511c837df,dd3c178ea9553004d7bf4c494e1b7fd80e7b6ae6,false,expansion,portable,determinism-stress,determinism-stress/process-chains,verify,liteinst,expansion,diverge,0,,e3b0c44298fc1c149afbf4c8996fb92427ae41e4649b934ca495991b7852b855,141,,liteinst-verify-fail-exit1
fullcorpus,@1786072820,1fadc03779f2a246a9b5af5d4a93533511c837df,dd3c178ea9553004d7bf4c494e1b7fd80e7b6ae6,false,expansion,portable,determinism-stress,determinism-stress/thread-contention,verify,liteinst,expansion,diverge,0,,e3b0c44298fc1c149afbf4c8996fb92427ae41e4649b934ca495991b7852b855,137,,liteinst-verify-fail-exit1
fullcorpus,@1786072820,1fadc03779f2a246a9b5af5d4a93533511c837df,dd3c178ea9553004d7bf4c494e1b7fd80e7b6ae6,false,expansion,portable,determinism-stress,determinism-stress/thread-output,verify,liteinst,expansion,diverge,0,0,e3b0c44298fc1c149afbf4c8996fb92427ae41e4649b934ca495991b7852b855,139,,liteinst-verify-fail-exit1
fullcorpus,@1786072820,1fadc03779f2a246a9b5af5d4a93533511c837df,dd3c178ea9553004d7bf4c494e1b7fd80e7b6ae6,false,expansion,portable,language-runtimes,language-runtimes/bash-loop-pipe-time,verify,liteinst,expansion,diverge,0,0,e3b0c44298fc1c149afbf4c8996fb92427ae41e4649b934ca495991b7852b855,132,,liteinst-verify-fail-exit1
fullcorpus,@1786072820,1fadc03779f2a246a9b5af5d4a93533511c837df,dd3c178ea9553004d7bf4c494e1b7fd80e7b6ae6,false,expansion,portable,language-runtimes,language-runtimes/example-python-random,verify,liteinst,expansion,pass,1,1,e1b8db378cfd66571bc2d0dbe0b45e1bd3eaecb5d6e0e4d51fd1c0ed053113b0,919,,
fullcorpus,@1786072820,1fadc03779f2a246a9b5af5d4a93533511c837df,dd3c178ea9553004d7bf4c494e1b7fd80e7b6ae6,false,expansion,portable,language-runtimes,language-runtimes/gawk-random,verify,liteinst,expansion,diverge,0,0,e3b0c44298fc1c149afbf4c8996fb92427ae41e4649b934ca495991b7852b855,144,,liteinst-verify-fail-exit1
fullcorpus,@1786072820,1fadc03779f2a246a9b5af5d4a93533511c837df,dd3c178ea9553004d7bf4c494e1b7fd80e7b6ae6,false,expansion,portable,language-runtimes,language-runtimes/perl-io-subprocess-time,verify,liteinst,expansion,diverge,0,0,e3b0c44298fc1c149afbf4c8996fb92427ae41e4649b934ca495991b7852b855,136,,liteinst-verify-fail-exit1
fullcorpus,@1786072820,1fadc03779f2a246a9b5af5d4a93533511c837df,dd3c178ea9553004d7bf4c494e1b7fd80e7b6ae6,false,expansion,portable,language-runtimes,language-runtimes/python-hash-determinism,verify,liteinst,expansion,diverge,0,0,e3b0c44298fc1c149afbf4c8996fb92427ae41e4649b934ca495991b7852b855,141,,liteinst-verify-fail-exit1
fullcorpus,@1786072820,1fadc03779f2a246a9b5af5d4a93533511c837df,dd3c178ea9553004d7bf4c494e1b7fd80e7b6ae6,false,expansion,portable,language-runtimes,language-runtimes/python-io-subprocess-time,verify,liteinst,expansion,diverge,0,0,e3b0c44298fc1c149afbf4c8996fb92427ae41e4649b934ca495991b7852b855,146,,liteinst-verify-fail-exit1
fullcorpus,@1786072820,1fadc03779f2a246a9b5af5d4a93533511c837df,dd3c178ea9553004d7bf4c494e1b7fd80e7b6ae6,false,expansion,portable,language-runtimes,language-runtimes/python-random,verify,liteinst,expansion,diverge,0,0,e3b0c44298fc1c149afbf4c8996fb92427ae41e4649b934ca495991b7852b855,140,,liteinst-verify-fail-exit1
fullcorpus,@1786072820,1fadc03779f2a246a9b5af5d4a93533511c837df,dd3c178ea9553004d7bf4c494e1b7fd80e7b6ae6,false,expansion,portable,shared-futex-c,shared-futex-c/qemu-exec-init,verify,liteinst,expansion,diverge,0,,e3b0c44298fc1c149afbf4c8996fb92427ae41e4649b934ca495991b7852b855,160,,liteinst-verify-fail-exit1
fullcorpus,@1786072820,1fadc03779f2a246a9b5af5d4a93533511c837df,dd3c178ea9553004d7bf4c494e1b7fd80e7b6ae6,false,expansion,portable,shared-futex-c,shared-futex-c/qemu-hello,verify,liteinst,expansion,diverge,0,,9ea4709e7c24602ba619d6ae109051a4df65ce643d978faa5fcc1dfffc35acef,148,,liteinst-verify-fail-exit1
fullcorpus,@1786072820,1fadc03779f2a246a9b5af5d4a93533511c837df,dd3c178ea9553004d7bf4c494e1b7fd80e7b6ae6,false,expansion,portable,shared-futex-c,shared-futex-c/qemu-init,verify,liteinst,expansion,diverge,0,,e3b0c44298fc1c149afbf4c8996fb92427ae41e4649b934ca495991b7852b855,116,,liteinst-verify-fail-exit1
fullcorpus,@1786072820,1fadc03779f2a246a9b5af5d4a93533511c837df,dd3c178ea9553004d7bf4c494e1b7fd80e7b6ae6,false,expansion,portable,shared-futex-c,shared-futex-c/qemu-net-init,verify,liteinst,expansion,diverge,0,,e3b0c44298fc1c149afbf4c8996fb92427ae41e4649b934ca495991b7852b855,115,,liteinst-verify-fail-exit1
fullcorpus,@1786072820,1fadc03779f2a246a9b5af5d4a93533511c837df,dd3c178ea9553004d7bf4c494e1b7fd80e7b6ae6,false,expansion,portable,system-utils,system-utils/clock-determinism,verify,liteinst,expansion,pass,1,1,ae53c7f85ecd3f3e57c3b8c0f77f9d944873d0276aca6b0faad8d847063a5458,234,,
fullcorpus,@1786072820,1fadc03779f2a246a9b5af5d4a93533511c837df,dd3c178ea9553004d7bf4c494e1b7fd80e7b6ae6,false,expansion,portable,system-utils,system-utils/date-nanoseconds,verify,liteinst,expansion,diverge,0,0,e3b0c44298fc1c149afbf4c8996fb92427ae41e4649b934ca495991b7852b855,138,,liteinst-verify-fail-exit1
fullcorpus,@1786072820,1fadc03779f2a246a9b5af5d4a93533511c837df,dd3c178ea9553004d7bf4c494e1b7fd80e7b6ae6,false,expansion,portable,system-utils,system-utils/example-date,verify,liteinst,expansion,diverge,0,0,e3b0c44298fc1c149afbf4c8996fb92427ae41e4649b934ca495991b7852b855,162,,liteinst-verify-fail-exit1
fullcorpus,@1786072820,1fadc03779f2a246a9b5af5d4a93533511c837df,dd3c178ea9553004d7bf4c494e1b7fd80e7b6ae6,false,expansion,portable,system-utils,system-utils/example-devrand,verify,liteinst,expansion,diverge,0,0,e3b0c44298fc1c149afbf4c8996fb92427ae41e4649b934ca495991b7852b855,171,,liteinst-verify-fail-exit1
fullcorpus,@1786072820,1fadc03779f2a246a9b5af5d4a93533511c837df,dd3c178ea9553004d7bf4c494e1b7fd80e7b6ae6,false,expansion,portable,system-utils,system-utils/openssl-passwd,verify,liteinst,expansion,diverge,0,0,e3b0c44298fc1c149afbf4c8996fb92427ae41e4649b934ca495991b7852b855,145,,liteinst-verify-fail-exit1
fullcorpus,@1786072820,1fadc03779f2a246a9b5af5d4a93533511c837df,dd3c178ea9553004d7bf4c494e1b7fd80e7b6ae6,false,expansion,portable,system-utils,system-utils/proc-uptime,verify,liteinst,expansion,diverge,0,0,e3b0c44298fc1c149afbf4c8996fb92427ae41e4649b934ca495991b7852b855,143,,liteinst-verify-fail-exit1
fullcorpus,@1786072820,1fadc03779f2a246a9b5af5d4a93533511c837df,dd3c178ea9553004d7bf4c494e1b7fd80e7b6ae6,false,expansion,portable,system-utils,system-utils/random-device,verify,liteinst,expansion,diverge,0,0,e3b0c44298fc1c149afbf4c8996fb92427ae41e4649b934ca495991b7852b855,143,,liteinst-verify-fail-exit1
fullcorpus,@1786072820,1fadc03779f2a246a9b5af5d4a93533511c837df,dd3c178ea9553004d7bf4c494e1b7fd80e7b6ae6,false,expansion,portable,system-utils,system-utils/record-getpid,verify,liteinst,expansion,pass,1,1,7d65259dd0f4861331834b3f73013d851b44389c6162f00a24a0176bba121251,223,,
fullcorpus,@1786072820,1fadc03779f2a246a9b5af5d4a93533511c837df,dd3c178ea9553004d7bf4c494e1b7fd80e7b6ae6,false,expansion,portable,util-c,util-c/pmu-skid,verify,liteinst,expansion,diverge,0,,e3b0c44298fc1c149afbf4c8996fb92427ae41e4649b934ca495991b7852b855,4166,,liteinst-verify-fail-exit1
fullcorpus,@1786069169,1fadc03779f2a246a9b5af5d4a93533511c837df,dd3c178ea9553004d7bf4c494e1b7fd80e7b6ae6,false,expansion,portable,applications,applications/example-timed-progress-bar,verify,ptrace,expansion,pass,1,,d8778ce336753d09dab6c6d94699898498ccbc31d6ec6b0b7b3d4bc559745b47,453,,
fullcorpus,@1786069169,1fadc03779f2a246a9b5af5d4a93533511c837df,dd3c178ea9553004d7bf4c494e1b7fd80e7b6ae6,false,expansion,portable,applications,applications/timed-progress-bar,verify,ptrace,expansion,diverge,0,,e3b0c44298fc1c149afbf4c8996fb92427ae41e4649b934ca495991b7852b855,10,,ptrace-verify-fail-exit1
fullcorpus,@1786069169,1fadc03779f2a246a9b5af5d4a93533511c837df,dd3c178ea9553004d7bf4c494e1b7fd80e7b6ae6,false,expansion,privileged,backend-parity-c,backend-parity-c/cpuid-probe,verify,ptrace,expansion,pass,1,,86ff9718c1542322ee8165258f455b9774cc88c99e37cc57f30e74283a2d83c0,110,,
fullcorpus,@1786069169,1fadc03779f2a246a9b5af5d4a93533511c837df,dd3c178ea9553004d7bf4c494e1b7fd80e7b6ae6,false,expansion,portable,backend-parity-c,backend-parity-c/pid-probe,verify,ptrace,expansion,pass,1,,342cc5c394f2bfe94370f4f30493c870f7877e1dd0646dc7c41af1fc9d14838c,106,,
fullcorpus,@1786069169,1fadc03779f2a246a9b5af5d4a93533511c837df,dd3c178ea9553004d7bf4c494e1b7fd80e7b6ae6,false,expansion,portable,backend-parity-c,backend-parity-c/pthread-lifecycle,verify,ptrace,expansion,pass,1,,6f916c392b593c2835823f98adada81a14b81ff8683b4045610a9a1cc0728563,128,,
fullcorpus,@1786069169,1fadc03779f2a246a9b5af5d4a93533511c837df,dd3c178ea9553004d7bf4c494e1b7fd80e7b6ae6,false,expansion,portable,bin-c,bin-c/posix-timer-test,verify,ptrace,expansion,pass,1,,73bc36274f961af2a8ad43917d15a87a59ead3cb7c6f54c81db28c45d5395fa1,109,,
fullcorpus,@1786069169,1fadc03779f2a246a9b5af5d4a93533511c837df,dd3c178ea9553004d7bf4c494e1b7fd80e7b6ae6,false,expansion,portable,bin-c,bin-c/robust-futex-test,verify,ptrace,expansion,timeout,0,,e3b0c44298fc1c149afbf4c8996fb92427ae41e4649b934ca495991b7852b855,120004,,ptrace-verify-timeout-120s
fullcorpus,@1786069169,1fadc03779f2a246a9b5af5d4a93533511c837df,dd3c178ea9553004d7bf4c494e1b7fd80e7b6ae6,false,expansion,portable,chaos-c,chaos-c/lock-granularity,verify,ptrace,expansion,pass,1,,1cd27b440cf0189a08ed714e62668d8ff37ae183e61d111b8ee14b2759ad2b2d,65,,
fullcorpus,@1786069169,1fadc03779f2a246a9b5af5d4a93533511c837df,dd3c178ea9553004d7bf4c494e1b7fd80e7b6ae6,false,expansion,portable,c-programs,c-programs/acct-refusal-probe,verify,ptrace,expansion,pass,1,,fb9a253ff29ae72ad120fbe932651dd0471ff759f020fcad04b62895c481980f,106,,
fullcorpus,@1786069169,1fadc03779f2a246a9b5af5d4a93533511c837df,dd3c178ea9553004d7bf4c494e1b7fd80e7b6ae6,false,expansion,portable,c-programs,c-programs/add-key-enosys,verify,ptrace,expansion,pass,1,,392cdd6f142e243a9db3f8bd6d60cde54e983ffe6d072bf7ea3b03cc297cbf72,102,,
fullcorpus,@1786069169,1fadc03779f2a246a9b5af5d4a93533511c837df,dd3c178ea9553004d7bf4c494e1b7fd80e7b6ae6,false,expansion,portable,c-programs,c-programs/adjtimex-deterministic,verify,ptrace,expansion,pass,1,,ea6836e27a3d5c63e79076c3c5c976a785aa833022022fc0f2e5361942c6579e,104,,
fullcorpus,@1786069169,1fadc03779f2a246a9b5af5d4a93533511c837df,dd3c178ea9553004d7bf4c494e1b7fd80e7b6ae6,false,expansion,portable,c-programs,c-programs/arch-prctl-determinism,verify,ptrace,expansion,pass,1,,8504ad2cf53c948ffdd59e277fe87ecf21f65ffa4fb543989366ec9cb40272fd,123,,
fullcorpus,@1786069169,1fadc03779f2a246a9b5af5d4a93533511c837df,dd3c178ea9553004d7bf4c494e1b7fd80e7b6ae6,false,expansion,portable,c-programs,c-programs/bpf-enosys,verify,ptrace,expansion,pass,1,,00b8c2fc33f814bfeb2da739d302426f0122369289c96bb40f9a11ef86f4befe,114,,
fullcorpus,@1786069169,1fadc03779f2a246a9b5af5d4a93533511c837df,dd3c178ea9553004d7bf4c494e1b7fd80e7b6ae6,false,expansion,portable,c-programs,c-programs/cachestat-enosys,verify,ptrace,expansion,pass,1,,c99ecc14f33146eb9b4b3c76f1fd310e0b0992a23465df5ce2715ead516e565e,118,,
fullcorpus,@1786069169,1fadc03779f2a246a9b5af5d4a93533511c837df,dd3c178ea9553004d7bf4c494e1b7fd80e7b6ae6,false,expansion,portable,c-programs,c-programs/clock-adjtime-deterministic,verify,ptrace,expansion,pass,1,,f8df8f96682085b6719931fa985c994642bd388d6849e9c751941db746098343,118,,
fullcorpus,@1786069169,1fadc03779f2a246a9b5af5d4a93533511c837df,dd3c178ea9553004d7bf4c494e1b7fd80e7b6ae6,false,expansion,portable,c-programs,c-programs/clone,verify,ptrace,expansion,pass,1,,6bed7c4e58faa0f69f82d7af16adcaa45cce6217b25a9cab2b709b1ac60b68de,115,,
fullcorpus,@1786069169,1fadc03779f2a246a9b5af5d4a93533511c837df,dd3c178ea9553004d7bf4c494e1b7fd80e7b6ae6,false,expansion,portable,c-programs,c-programs/copy-file-range-refusal-probe,verify,ptrace,expansion,pass,1,,eaf5a67ca844e6a832cd95774ecdb4c48e345e2b64e1c67092ad7fb6ac39777a,119,,
fullcorpus,@1786069169,1fadc03779f2a246a9b5af5d4a93533511c837df,dd3c178ea9553004d7bf4c494e1b7fd80e7b6ae6,false,expansion,portable,c-programs,c-programs/dbi-copied-tiocgpgrp,verify,ptrace,expansion,pass,1,,a72cc9796486e612c72fa45a187dc2c1d587ee69e27aaebf4771a60d8a743d79,115,,
fullcorpus,@1786069169,1fadc03779f2a246a9b5af5d4a93533511c837df,dd3c178ea9553004d7bf4c494e1b7fd80e7b6ae6,false,expansion,portable,c-programs,c-programs/dbi-exec-failure,verify,ptrace,expansion,pass,1,,d9255dd9cc061248208ec6fabc39e2695034a2f78b3a79675522090f004de84c,111,,
fullcorpus,@1786069169,1fadc03779f2a246a9b5af5d4a93533511c837df,dd3c178ea9553004d7bf4c494e1b7fd80e7b6ae6,false,expansion,portable,c-programs,c-programs/dbi-execveat-unsupported,verify,ptrace,expansion,pass,1,,e3b0c44298fc1c149afbf4c8996fb92427ae41e4649b934ca495991b7852b855,76,,
fullcorpus,@1786069169,1fadc03779f2a246a9b5af5d4a93533511c837df,dd3c178ea9553004d7bf4c494e1b7fd80e7b6ae6,false,expansion,portable,c-programs,c-programs/dbi-mmap-exec,verify,ptrace,expansion,pass,1,,87ef25ed096b64f71e5581bf5d09a9bb24b8dca9402b010322037898b99a81cf,56,,
fullcorpus,@1786069169,1fadc03779f2a246a9b5af5d4a93533511c837df,dd3c178ea9553004d7bf4c494e1b7fd80e7b6ae6,false,expansion,portable,c-programs,c-programs/dbi-pid-virtualization,verify,ptrace,expansion,pass,1,,e3b0c44298fc1c149afbf4c8996fb92427ae41e4649b934ca495991b7852b855,109,,ptrace-run-fail-exit124
fullcorpus,@1786069169,1fadc03779f2a246a9b5af5d4a93533511c837df,dd3c178ea9553004d7bf4c494e1b7fd80e7b6ae6,false,expansion,portable,c-programs,c-programs/dbi-prlimit-self,verify,ptrace,expansion,pass,1,,b5d0a733abb9b3694c70cc548fbd236ede0f60c1e06673b4e4999419c7721e12,61,,
fullcorpus,@1786069169,1fadc03779f2a246a9b5af5d4a93533511c837df,dd3c178ea9553004d7bf4c494e1b7fd80e7b6ae6,false,expansion,portable,c-programs,c-programs/dbi-self-sigqueue,verify,ptrace,expansion,pass,1,,f4c3bb314cd68d7f8c7e053c24257d5eaf5369087b8c21ee95fd29727f460537,61,,
fullcorpus,@1786069169,1fadc03779f2a246a9b5af5d4a93533511c837df,dd3c178ea9553004d7bf4c494e1b7fd80e7b6ae6,false,expansion,portable,c-programs,c-programs/dbi-unsupported-syscall,verify,ptrace,expansion,pass,1,,0dc9033cbe9bbe736c2e2105dd9ddb6f7c68ffe47d4146ffdb3e0e2f4a990531,60,,
fullcorpus,@1786069169,1fadc03779f2a246a9b5af5d4a93533511c837df,dd3c178ea9553004d7bf4c494e1b7fd80e7b6ae6,false,expansion,portable,c-programs,c-programs/dbi-wait-lifecycle,verify,ptrace,expansion,diverge,0,,e3b0c44298fc1c149afbf4c8996fb92427ae41e4649b934ca495991b7852b855,33,,ptrace-verify-fail-exit1
fullcorpus,@1786069169,1fadc03779f2a246a9b5af5d4a93533511c837df,dd3c178ea9553004d7bf4c494e1b7fd80e7b6ae6,false,expansion,portable,c-programs,c-programs/epoll-determinism,verify,ptrace,expansion,diverge,0,,e3b0c44298fc1c149afbf4c8996fb92427ae41e4649b934ca495991b7852b855,28,,ptrace-verify-fail-exit1
fullcorpus,@1786069169,1fadc03779f2a246a9b5af5d4a93533511c837df,dd3c178ea9553004d7bf4c494e1b7fd80e7b6ae6,false,expansion,portable,c-programs,c-programs/fp-reduction-nondeterminism,verify,ptrace,expansion,pass,1,,14e2bd92d74bd578c2f3968692ed94951fc432c8a0eb79cb59bf437fbd987598,181,,
fullcorpus,@1786069169,1fadc03779f2a246a9b5af5d4a93533511c837df,dd3c178ea9553004d7bf4c494e1b7fd80e7b6ae6,false,expansion,portable,c-programs,c-programs/futex-requeue-enosys,verify,ptrace,expansion,pass,1,,3a97289e82874a6de3f7329de461ff8e98aab222e591b44478b0cbfa224b778e,84,,
fullcorpus,@1786069169,1fadc03779f2a246a9b5af5d4a93533511c837df,dd3c178ea9553004d7bf4c494e1b7fd80e7b6ae6,false,expansion,portable,c-programs,c-programs/futex-waitv-enosys,verify,ptrace,expansion,pass,1,,889b019ce9ffec65e091b4ebb00324388abe68095b3a9aebf5a6243a8d00540e,82,,
fullcorpus,@1786069169,1fadc03779f2a246a9b5af5d4a93533511c837df,dd3c178ea9553004d7bf4c494e1b7fd80e7b6ae6,false,expansion,portable,c-programs,c-programs/futex-wake-enosys,verify,ptrace,expansion,pass,1,,d841d882ef04ba206243543971a6e2d842db22c3508947d6fb60095d878b0da9,82,,
fullcorpus,@1786069169,1fadc03779f2a246a9b5af5d4a93533511c837df,dd3c178ea9553004d7bf4c494e1b7fd80e7b6ae6,false,expansion,portable,c-programs,c-programs/getcpu,verify,ptrace,expansion,pass,1,,345e84333a5805a44f38c499137ebb962d9e683e804aa45642afa84e41127f5d,60,,
fullcorpus,@1786069169,1fadc03779f2a246a9b5af5d4a93533511c837df,dd3c178ea9553004d7bf4c494e1b7fd80e7b6ae6,false,expansion,portable,c-programs,c-programs/getitimer-determinism-probe,verify,ptrace,expansion,pass,1,,17720cebaa5ab1c96e7035832f98c160d4b41b2c32a7bd909ca74d855fa5aaf9,57,,
fullcorpus,@1786069169,1fadc03779f2a246a9b5af5d4a93533511c837df,dd3c178ea9553004d7bf4c494e1b7fd80e7b6ae6,false,expansion,portable,c-programs,c-programs/get-robust-list-child,verify,ptrace,expansion,pass,1,,379982e3aff5bd3550ff784c6a8e1b9116997dd882bf426aa10fd41e713fc526,81,,
fullcorpus,@1786069169,1fadc03779f2a246a9b5af5d4a93533511c837df,dd3c178ea9553004d7bf4c494e1b7fd80e7b6ae6,false,expansion,portable,c-programs,c-programs/get-robust-list-self,verify,ptrace,expansion,pass,1,,8a606e83612b4b4c869cfae1cd2f9f03220d7fde25cc88f10079b81f9b3423d1,70,,
fullcorpus,@1786069169,1fadc03779f2a246a9b5af5d4a93533511c837df,dd3c178ea9553004d7bf4c494e1b7fd80e7b6ae6,false,expansion,portable,c-programs,c-programs/get-robust-list-thread,verify,ptrace,expansion,pass,1,,281d743aba1e1247003f2ad95dda0456f103ab208c1d960079fd0ac272560d4c,66,,
fullcorpus,@1786069169,1fadc03779f2a246a9b5af5d4a93533511c837df,dd3c178ea9553004d7bf4c494e1b7fd80e7b6ae6,false,expansion,portable,c-programs,c-programs/getsockopt-null,verify,ptrace,expansion,pass,1,,b8636471f62fb5c81c4b4a5bacf5f4ec2b3e3b4970bc0aded5f496dae6670bfd,53,,
fullcorpus,@1786069169,1fadc03779f2a246a9b5af5d4a93533511c837df,dd3c178ea9553004d7bf4c494e1b7fd80e7b6ae6,false,expansion,portable,c-programs,c-programs/hello-alarm,verify,ptrace,expansion,pass,1,,69771519a00dad7a34964816b4a9d71896eed8707b6b8c7c3b2d901285fa09f8,54,,
fullcorpus,@1786069169,1fadc03779f2a246a9b5af5d4a93533511c837df,dd3c178ea9553004d7bf4c494e1b7fd80e7b6ae6,false,expansion,portable,c-programs,c-programs/hello-nostdlib,verify,ptrace,expansion,pass,1,,e3b0c44298fc1c149afbf4c8996fb92427ae41e4649b934ca495991b7852b855,41,,
fullcorpus,@1786069169,1fadc03779f2a246a9b5af5d4a93533511c837df,dd3c178ea9553004d7bf4c494e1b7fd80e7b6ae6,false,expansion,portable,c-programs,c-programs/hello-signals,verify,ptrace,expansion,pass,1,,2b4df140dfdd472e4bde5c4d449c859ae4a83efe7f0372f448b95db8b40614d8,54,,
fullcorpus,@1786069169,1fadc03779f2a246a9b5af5d4a93533511c837df,dd3c178ea9553004d7bf4c494e1b7fd80e7b6ae6,false,expansion,portable,c-programs,c-programs/ioctl-fioclex,verify,ptrace,expansion,pass,1,,ed203ed9433cb973a747cbe39690fecc753e9fd7c1e7688563d6f3a154eb0d5e,66,,
fullcorpus,@1786069169,1fadc03779f2a246a9b5af5d4a93533511c837df,dd3c178ea9553004d7bf4c494e1b7fd80e7b6ae6,false,expansion,portable,c-programs,c-programs/ioctl-siocethtool,verify,ptrace,expansion,pass,1,,28f38ce93b6d5f0d279d4f3d619cc3fc7e134e190ae9ee4f652eeb6afe623291,59,,
fullcorpus,@1786069169,1fadc03779f2a246a9b5af5d4a93533511c837df,dd3c178ea9553004d7bf4c494e1b7fd80e7b6ae6,false,expansion,portable,c-programs,c-programs/io-uring-fallback,verify,ptrace,expansion,pass,1,,8546e30d188b0b196b8d907e1289e7b830df6fd61ff9dd83f5165ba9bda77e7f,55,,
fullcorpus,@1786069169,1fadc03779f2a246a9b5af5d4a93533511c837df,dd3c178ea9553004d7bf4c494e1b7fd80e7b6ae6,false,expansion,portable,c-programs,c-programs/io-uring-ring-determinism,verify,ptrace,expansion,pass,1,,5de332a6e2af5315f34ec08e21ca7f8c037a65ecbaee17efd47005a7f1809201,56,,
fullcorpus,@1786069169,1fadc03779f2a246a9b5af5d4a93533511c837df,dd3c178ea9553004d7bf4c494e1b7fd80e7b6ae6,false,expansion,portable,c-programs,c-programs/ipc-determinism,verify,ptrace,expansion,diverge,0,,e3b0c44298fc1c149afbf4c8996fb92427ae41e4649b934ca495991b7852b855,28,,ptrace-verify-fail-exit1
fullcorpus,@1786069169,1fadc03779f2a246a9b5af5d4a93533511c837df,dd3c178ea9553004d7bf4c494e1b7fd80e7b6ae6,false,expansion,portable,c-programs,c-programs/just-spin,verify,ptrace,expansion,pass,1,,e3b0c44298fc1c149afbf4c8996fb92427ae41e4649b934ca495991b7852b855,153,,
fullcorpus,@1786069169,1fadc03779f2a246a9b5af5d4a93533511c837df,dd3c178ea9553004d7bf4c494e1b7fd80e7b6ae6,false,expansion,portable,c-programs,c-programs/kcmp-eperm,verify,ptrace,expansion,pass,1,,288278193317b71ec5d15a6dcc2239918b1eea39229a8ef5eb7ae1e6b0a72cce,59,,
fullcorpus,@1786069169,1fadc03779f2a246a9b5af5d4a93533511c837df,dd3c178ea9553004d7bf4c494e1b7fd80e7b6ae6,false,expansion,portable,c-programs,c-programs/keyctl-enosys,verify,ptrace,expansion,pass,1,,83d9f2169baa0647471ca5f2e4e1c5b73ff2d356b322b7fcdd75d5cf129a292f,66,,
fullcorpus,@1786069169,1fadc03779f2a246a9b5af5d4a93533511c837df,dd3c178ea9553004d7bf4c494e1b7fd80e7b6ae6,false,expansion,portable,c-programs,c-programs/keyctl-passthrough,verify,ptrace,expansion,pass,1,,decfa402c4223a34ee494253769befc420b46b13da25f3082c91dfe7f19a0310,62,,
fullcorpus,@1786069169,1fadc03779f2a246a9b5af5d4a93533511c837df,dd3c178ea9553004d7bf4c494e1b7fd80e7b6ae6,false,expansion,portable,c-programs,c-programs/listmount-enosys,verify,ptrace,expansion,pass,1,,231c3dfcda497bd1b166dfb575578d2868721d30f15362cfabcad6f930e43713,68,,
fullcorpus,@1786069169,1fadc03779f2a246a9b5af5d4a93533511c837df,dd3c178ea9553004d7bf4c494e1b7fd80e7b6ae6,false,expansion,portable,c-programs,c-programs/liteinst-advanced,verify,ptrace,expansion,diverge,0,,e3b0c44298fc1c149afbf4c8996fb92427ae41e4649b934ca495991b7852b855,37,,ptrace-verify-fail-exit1
fullcorpus,@1786069169,1fadc03779f2a246a9b5af5d4a93533511c837df,dd3c178ea9553004d7bf4c494e1b7fd80e7b6ae6,false,expansion,portable,c-programs,c-programs/lsm-get-self-attr-enosys,verify,ptrace,expansion,pass,1,,e83dcdfbdee854f34e05165d3a7aa7b774ca748bc96ee665789c63a32c593fe0,70,,
fullcorpus,@1786069169,1fadc03779f2a246a9b5af5d4a93533511c837df,dd3c178ea9553004d7bf4c494e1b7fd80e7b6ae6,false,expansion,portable,c-programs,c-programs/lsm-list-modules-enosys,verify,ptrace,expansion,pass,1,,8f5862ec33defb2bf2625429444eaec8b64ce9b7d2c21635e7db07f99c92fc3d,74,,
fullcorpus,@1786069169,1fadc03779f2a246a9b5af5d4a93533511c837df,dd3c178ea9553004d7bf4c494e1b7fd80e7b6ae6,false,expansion,portable,c-programs,c-programs/lsm-set-self-attr-enosys,verify,ptrace,expansion,pass,1,,326c5b270af2a116865e2690f44310bc17aa77c6cc96d4c83800615036e10e16,73,,
fullcorpus,@1786069169,1fadc03779f2a246a9b5af5d4a93533511c837df,dd3c178ea9553004d7bf4c494e1b7fd80e7b6ae6,false,expansion,portable,c-programs,c-programs/madvise-determinism,verify,ptrace,expansion,pass,1,,c6053a1ebd42e4762ac34b01ed5d666e0b1f5f18b83ddca9d1b7f4ebef175e83,70,,
fullcorpus,@1786069169,1fadc03779f2a246a9b5af5d4a93533511c837df,dd3c178ea9553004d7bf4c494e1b7fd80e7b6ae6,false,expansion,portable,c-programs,c-programs/map-shadow-stack-enosys,verify,ptrace,expansion,pass,1,,97ae187dd98c3d4b943dd9b69d472da499f0ef3ae9b2c66152d2ed5dc04bd569,67,,
fullcorpus,@1786069169,1fadc03779f2a246a9b5af5d4a93533511c837df,dd3c178ea9553004d7bf4c494e1b7fd80e7b6ae6,false,expansion,portable,c-programs,c-programs/memfd-secret-enosys,verify,ptrace,expansion,pass,1,,dcbbb5f4e71889cba127631a6a9a2fce4d68defe8aa92a8d437fd6be6129d6dd,69,,
fullcorpus,@1786069169,1fadc03779f2a246a9b5af5d4a93533511c837df,dd3c178ea9553004d7bf4c494e1b7fd80e7b6ae6,false,expansion,portable,c-programs,c-programs/meminfo-available-deterministic,verify,ptrace,expansion,pass,1,,7b76f77046d0c4bc8e2105f9850b009d269b48c26e0b7de4723c8adc25181af4,69,,
fullcorpus,@1786069169,1fadc03779f2a246a9b5af5d4a93533511c837df,dd3c178ea9553004d7bf4c494e1b7fd80e7b6ae6,false,expansion,portable,c-programs,c-programs/meminfo-cached-deterministic,verify,ptrace,expansion,pass,1,,6a4a1ce51b1c48a3c39972e58451953b36a3a49ed40cdf242978e2c2da4cabe4,74,,
fullcorpus,@1786069169,1fadc03779f2a246a9b5af5d4a93533511c837df,dd3c178ea9553004d7bf4c494e1b7fd80e7b6ae6,false,expansion,portable,c-programs,c-programs/meminfo-free-deterministic,verify,ptrace,expansion,pass,1,,b8a06902cd8245cc3d8acabb5118c81f14b6455c7e6d5da9cf2e59f0b0bcc9da,79,,
fullcorpus,@1786069169,1fadc03779f2a246a9b5af5d4a93533511c837df,dd3c178ea9553004d7bf4c494e1b7fd80e7b6ae6,false,expansion,portable,c-programs,c-programs/memorypress,verify,ptrace,expansion,pass,1,,e3b0c44298fc1c149afbf4c8996fb92427ae41e4649b934ca495991b7852b855,70,,
fullcorpus,@1786069169,1fadc03779f2a246a9b5af5d4a93533511c837df,dd3c178ea9553004d7bf4c494e1b7fd80e7b6ae6,false,expansion,portable,c-programs,c-programs/mmap-determinism,verify,ptrace,expansion,diverge,0,,e3b0c44298fc1c149afbf4c8996fb92427ae41e4649b934ca495991b7852b855,39,,ptrace-verify-fail-exit1
fullcorpus,@1786069169,1fadc03779f2a246a9b5af5d4a93533511c837df,dd3c178ea9553004d7bf4c494e1b7fd80e7b6ae6,false,expansion,portable,c-programs,c-programs/mmap-stress-determinism,verify,ptrace,expansion,pass,1,,890065cac586dbeaf7ae771f63d223dd2d04995b4e051040bdd9c9792019dec0,125,,
fullcorpus,@1786069169,1fadc03779f2a246a9b5af5d4a93533511c837df,dd3c178ea9553004d7bf4c494e1b7fd80e7b6ae6,false,expansion,portable,c-programs,c-programs/name-to-handle-at-eopnotsupp,verify,ptrace,expansion,pass,1,,29e0c39b5f7ab315794d97b7e06e60cf737450deef4306dd8ad0ffd040a25cc0,69,,
fullcorpus,@1786069169,1fadc03779f2a246a9b5af5d4a93533511c837df,dd3c178ea9553004d7bf4c494e1b7fd80e7b6ae6,false,expansion,portable,c-programs,c-programs/name-to-handle-directory-eopnotsupp,verify,ptrace,expansion,pass,1,,7e5656f3fa9831a9c1f43055b26f6f209b6549daeb42ef1ce12677b324adf310,65,,
fullcorpus,@1786069169,1fadc03779f2a246a9b5af5d4a93533511c837df,dd3c178ea9553004d7bf4c494e1b7fd80e7b6ae6,false,expansion,portable,c-programs,c-programs/name-to-handle-empty-path-eopnotsupp,verify,ptrace,expansion,pass,1,,e3f9de47951c04e5f8349e7bb340fca6dcb76fffe659a12ab8f9e16fe48f72dd,63,,
fullcorpus,@1786069169,1fadc03779f2a246a9b5af5d4a93533511c837df,dd3c178ea9553004d7bf4c494e1b7fd80e7b6ae6,false,expansion,portable,c-programs,c-programs/name-to-handle-regular-eopnotsupp,verify,ptrace,expansion,pass,1,,82b589b3f458bbdcffe0a9aaf1a18ab2cfe882ab232290e1ca113714923af2a0,56,,
fullcorpus,@1786069169,1fadc03779f2a246a9b5af5d4a93533511c837df,dd3c178ea9553004d7bf4c494e1b7fd80e7b6ae6,false,expansion,portable,c-programs,c-programs/nanosleep-par,verify,ptrace,expansion,pass,1,,bf8aa1c7b00aeb67d9ce84b6efe29c410ef142938a5c71a932bbe34e2cf09f91,349,,
fullcorpus,@1786069169,1fadc03779f2a246a9b5af5d4a93533511c837df,dd3c178ea9553004d7bf4c494e1b7fd80e7b6ae6,false,expansion,portable,c-programs,c-programs/nanosleep-threads-nocrash,verify,ptrace,expansion,pass,1,,e3b0c44298fc1c149afbf4c8996fb92427ae41e4649b934ca495991b7852b855,58,,
fullcorpus,@1786069169,1fadc03779f2a246a9b5af5d4a93533511c837df,dd3c178ea9553004d7bf4c494e1b7fd80e7b6ae6,false,expansion,portable,c-programs,c-programs/nanosleep-threads-simple,verify,ptrace,expansion,diverge,0,,e3b0c44298fc1c149afbf4c8996fb92427ae41e4649b934ca495991b7852b855,811,,ptrace-verify-fail-exit1
fullcorpus,@1786069169,1fadc03779f2a246a9b5af5d4a93533511c837df,dd3c178ea9553004d7bf4c494e1b7fd80e7b6ae6,false,expansion,portable,c-programs,c-programs/netlink-autobind-generic,verify,ptrace,expansion,pass,1,,947db933d2beaaa7502b24b06bc2aa623116320e9099408e0714af30e877b237,56,,
fullcorpus,@1786069169,1fadc03779f2a246a9b5af5d4a93533511c837df,dd3c178ea9553004d7bf4c494e1b7fd80e7b6ae6,false,expansion,portable,c-programs,c-programs/netlink-autobind-route,verify,ptrace,expansion,pass,1,,6b579b3015fa46b849f2c563d3caa3f1113b30eda45f2c376a535ade155a5264,60,,
fullcorpus,@1786069169,1fadc03779f2a246a9b5af5d4a93533511c837df,dd3c178ea9553004d7bf4c494e1b7fd80e7b6ae6,false,expansion,portable,c-programs,c-programs/netlink-autobind-usersock,verify,ptrace,expansion,pass,1,,434cfac765f7a108d0f27c8b43ba45a2b7acff66219ef8104a01612dd7e70956,57,,
fullcorpus,@1786069169,1fadc03779f2a246a9b5af5d4a93533511c837df,dd3c178ea9553004d7bf4c494e1b7fd80e7b6ae6,false,expansion,portable,c-programs,c-programs/netns-cookie-tcp4,verify,ptrace,expansion,pass,1,,69c87be106187443c99bd437315cc2bb5e8110445a962b89b9d3d9d5446a505e,57,,
fullcorpus,@1786069169,1fadc03779f2a246a9b5af5d4a93533511c837df,dd3c178ea9553004d7bf4c494e1b7fd80e7b6ae6,false,expansion,portable,c-programs,c-programs/netns-cookie-tcp6,verify,ptrace,expansion,pass,1,,a6c1c996f6bed470020b9575b0884d32ba10a29938b56ce56dbcbce889a1c719,58,,
fullcorpus,@1786069169,1fadc03779f2a246a9b5af5d4a93533511c837df,dd3c178ea9553004d7bf4c494e1b7fd80e7b6ae6,false,expansion,portable,c-programs,c-programs/netns-cookie-udp4,verify,ptrace,expansion,pass,1,,3f3599e44c7dcd4ec95cf8d9e67c01200ce6a491020b553a010b6ee754095bb0,56,,
fullcorpus,@1786069169,1fadc03779f2a246a9b5af5d4a93533511c837df,dd3c178ea9553004d7bf4c494e1b7fd80e7b6ae6,false,expansion,portable,c-programs,c-programs/perf-event-hardware-enosys,verify,ptrace,expansion,pass,1,,c7ea49ae4eac3a1842c692e71eff658fde408e8ccb4b9a1efa9094b58a8d453a,57,,
fullcorpus,@1786069169,1fadc03779f2a246a9b5af5d4a93533511c837df,dd3c178ea9553004d7bf4c494e1b7fd80e7b6ae6,false,expansion,portable,c-programs,c-programs/perf-event-open-enosys,verify,ptrace,expansion,pass,1,,2ce5d62fee05f49913ea9ac04a79850be9af6e16eae2083b3054c2186d1fd933,59,,
fullcorpus,@1786069169,1fadc03779f2a246a9b5af5d4a93533511c837df,dd3c178ea9553004d7bf4c494e1b7fd80e7b6ae6,false,expansion,portable,c-programs,c-programs/perf-event-software-enosys,verify,ptrace,expansion,pass,1,,9dd8d0a9c51029d92fb24312cc38b62b647ab6e796f26f0670e2e54d062b54b6,55,,
fullcorpus,@1786069169,1fadc03779f2a246a9b5af5d4a93533511c837df,dd3c178ea9553004d7bf4c494e1b7fd80e7b6ae6,false,expansion,portable,c-programs,c-programs/perf-event-watchpoint-enosys,verify,ptrace,expansion,pass,1,,a3c1e5e84ae8a1c634c0fd8ad162c35918124d312ed7e23f44555334e58daf40,60,,
fullcorpus,@1786069169,1fadc03779f2a246a9b5af5d4a93533511c837df,dd3c178ea9553004d7bf4c494e1b7fd80e7b6ae6,false,expansion,portable,c-programs,c-programs/periodic-setitimer-delivery,verify,ptrace,expansion,pass,1,,db1d924766d35b4e879b61b7ca0256ae3656e1bcfb81e882ef4e754d9df0d87d,54,,
fullcorpus,@1786069169,1fadc03779f2a246a9b5af5d4a93533511c837df,dd3c178ea9553004d7bf4c494e1b7fd80e7b6ae6,false,expansion,portable,c-programs,c-programs/pidfd-open-self,verify,ptrace,expansion,pass,1,,eb85b13112d24bf3eabf6dc998951dba694fd8a544d48d55b0243fcea3a30de9,58,,
fullcorpus,@1786069169,1fadc03779f2a246a9b5af5d4a93533511c837df,dd3c178ea9553004d7bf4c494e1b7fd80e7b6ae6,false,expansion,portable,c-programs,c-programs/pidfd-poll-self,verify,ptrace,expansion,pass,1,,d9c4e30a92ce688e867036dd07e60be370ba398f888f35db4edc54730e9abe08,60,,
fullcorpus,@1786069169,1fadc03779f2a246a9b5af5d4a93533511c837df,dd3c178ea9553004d7bf4c494e1b7fd80e7b6ae6,false,expansion,portable,c-programs,c-programs/pidfd-waitid-child,verify,ptrace,expansion,pass,1,,a5312c9bad9f61e041807833d0d2381242569ed832c394aebb4f57e50e475a80,68,,
fullcorpus,@1786069169,1fadc03779f2a246a9b5af5d4a93533511c837df,dd3c178ea9553004d7bf4c494e1b7fd80e7b6ae6,false,expansion,portable,c-programs,c-programs/ppoll-readv,verify,ptrace,expansion,pass,1,,c03be617b251e1b37d3570212e2f93d6a815c70dfb73dca0dd25cef02468153a,60,,
fullcorpus,@1786069169,1fadc03779f2a246a9b5af5d4a93533511c837df,dd3c178ea9553004d7bf4c494e1b7fd80e7b6ae6,false,expansion,portable,c-programs,c-programs/ppoll-simulation,verify,ptrace,expansion,pass,1,,8ed6c0a2fbe8457da0a0b394c05e4ce42009f4631451de6c41e371d77a9068f5,74,,
fullcorpus,@1786069169,1fadc03779f2a246a9b5af5d4a93533511c837df,dd3c178ea9553004d7bf4c494e1b7fd80e7b6ae6,false,expansion,portable,c-programs,c-programs/prctl-dumpable,verify,ptrace,expansion,pass,1,,789f3fd97e00c2b30751851b5bd08f2703b2539a14421d29dea17db83c379696,57,,
fullcorpus,@1786069169,1fadc03779f2a246a9b5af5d4a93533511c837df,dd3c178ea9553004d7bf4c494e1b7fd80e7b6ae6,false,expansion,portable,c-programs,c-programs/pread64-nostdlib,verify,ptrace,expansion,pass,1,,e3b0c44298fc1c149afbf4c8996fb92427ae41e4649b934ca495991b7852b855,43,,
fullcorpus,@1786069169,1fadc03779f2a246a9b5af5d4a93533511c837df,dd3c178ea9553004d7bf4c494e1b7fd80e7b6ae6,false,expansion,portable,c-programs,c-programs/printf-with-threads,verify,ptrace,expansion,pass,1,,e36a044d5d2a2be76cbf0550fa744da4e751c78870cf3712ebc061f1a2c55f83,70,,
fullcorpus,@1786069169,1fadc03779f2a246a9b5af5d4a93533511c837df,dd3c178ea9553004d7bf4c494e1b7fd80e7b6ae6,false,expansion,portable,c-programs,c-programs/print-memaddrs,verify,ptrace,expansion,pass,1,,8c41c9eed262c4c4b912eb97c8d1bf826df826c661182a7c302516610c1bd35e,54,,
fullcorpus,@1786069169,1fadc03779f2a246a9b5af5d4a93533511c837df,dd3c178ea9553004d7bf4c494e1b7fd80e7b6ae6,false,expansion,portable,c-programs,c-programs/process-mrelease-enosys,verify,ptrace,expansion,pass,1,,c21e5000294b34b0a296fdceaa1377156cde383448706c80e1f4ad705bfdb076,57,,
fullcorpus,@1786069169,1fadc03779f2a246a9b5af5d4a93533511c837df,dd3c178ea9553004d7bf4c494e1b7fd80e7b6ae6,false,expansion,portable,c-programs,c-programs/process-vm-readv-refusal-probe,verify,ptrace,expansion,pass,1,,50905f5ed2b6d9b2083dc16aabfd535f7c531aa42e72dc6c2b67f36e70e97a66,68,,
fullcorpus,@1786069169,1fadc03779f2a246a9b5af5d4a93533511c837df,dd3c178ea9553004d7bf4c494e1b7fd80e7b6ae6,false,expansion,portable,c-programs,c-programs/process-vm-writev-refusal-probe,verify,ptrace,expansion,pass,1,,92c63d99c7bc830d36fb97a16d43febe7a7fcdca938131c9963f92c1b1a2b59d,69,,
fullcorpus,@1786069169,1fadc03779f2a246a9b5af5d4a93533511c837df,dd3c178ea9553004d7bf4c494e1b7fd80e7b6ae6,false,expansion,portable,c-programs,c-programs/proc-fdinfo,verify,ptrace,expansion,pass,1,,09c8d421c9e02c39d1a9a12743b93cf3c835778ba9d531ad35625cb8f1699033,62,,
fullcorpus,@1786069169,1fadc03779f2a246a9b5af5d4a93533511c837df,dd3c178ea9553004d7bf4c494e1b7fd80e7b6ae6,false,expansion,portable,c-programs,c-programs/proc-fd-link-aliases,verify,ptrace,expansion,pass,1,,a54aec5d7147422feac8782b9d053b8609b9f6a45b8b2ab71f16cca54da845a0,62,,
fullcorpus,@1786069169,1fadc03779f2a246a9b5af5d4a93533511c837df,dd3c178ea9553004d7bf4c494e1b7fd80e7b6ae6,false,expansion,portable,c-programs,c-programs/procfs-positioned-probe,verify,ptrace,expansion,pass,1,,96c70ad84f7430a56bdf020c7e3c24dbbd8719d841a1cb616712b1b96ad38f03,58,,
fullcorpus,@1786069169,1fadc03779f2a246a9b5af5d4a93533511c837df,dd3c178ea9553004d7bf4c494e1b7fd80e7b6ae6,false,expansion,portable,c-programs,c-programs/proc-locks,verify,ptrace,expansion,pass,1,,fa314d5543a63dd3d6317f97c24feb7b33c9a47fbeea304c79fbd732f5fea7a6,66,,
fullcorpus,@1786069169,1fadc03779f2a246a9b5af5d4a93533511c837df,dd3c178ea9553004d7bf4c494e1b7fd80e7b6ae6,false,expansion,portable,c-programs,c-programs/prodcons-determinism,verify,ptrace,expansion,pass,1,,81282a1fb8147d5cf198f784f93142129205c96b3a1587329eda16ce1581673e,940,,
fullcorpus,@1786069169,1fadc03779f2a246a9b5af5d4a93533511c837df,dd3c178ea9553004d7bf4c494e1b7fd80e7b6ae6,false,expansion,portable,c-programs,c-programs/pselect6-simulation,verify,ptrace,expansion,pass,1,,67433759fd492e6d24f38014b07747f5145be3843ab00c35b80be9adf9d9ccc3,86,,
fullcorpus,@1786069169,1fadc03779f2a246a9b5af5d4a93533511c837df,dd3c178ea9553004d7bf4c494e1b7fd80e7b6ae6,false,expansion,portable,c-programs,c-programs/ptrace-attach-eperm,verify,ptrace,expansion,pass,1,,25f63715123ddf1c4ec3e946e92d0fe151f168922dab1aa17b85c2b2a4135871,67,,
fullcorpus,@1786069169,1fadc03779f2a246a9b5af5d4a93533511c837df,dd3c178ea9553004d7bf4c494e1b7fd80e7b6ae6,false,expansion,portable,c-programs,c-programs/ptrace-eperm,verify,ptrace,expansion,pass,1,,4357c8a18b9107c54242303395afea99ea744c6c288d8db499b4e1062383de17,59,,
fullcorpus,@1786069169,1fadc03779f2a246a9b5af5d4a93533511c837df,dd3c178ea9553004d7bf4c494e1b7fd80e7b6ae6,false,expansion,portable,c-programs,c-programs/ptrace-seize-eperm,verify,ptrace,expansion,pass,1,,e0f7562eb309e0d62386261143dc59d4f0f39aac77c2584423beb7b5546e112a,70,,
fullcorpus,@1786069169,1fadc03779f2a246a9b5af5d4a93533511c837df,dd3c178ea9553004d7bf4c494e1b7fd80e7b6ae6,false,expansion,portable,c-programs,c-programs/ptrace-traceme-eperm,verify,ptrace,expansion,pass,1,,7ceef18c073f15987e5d89441dc5bf378f7c1b50e8bf3ac626a6ea3eaa9cad56,63,,
fullcorpus,@1786069169,1fadc03779f2a246a9b5af5d4a93533511c837df,dd3c178ea9553004d7bf4c494e1b7fd80e7b6ae6,false,expansion,portable,c-programs,c-programs/pty-nr-count,verify,ptrace,expansion,pass,1,,d6aa3c553b74b5052939893a096d0f320c69d79a52c3ed819d2c10f57ea6e3ac,68,,
fullcorpus,@1786069169,1fadc03779f2a246a9b5af5d4a93533511c837df,dd3c178ea9553004d7bf4c494e1b7fd80e7b6ae6,false,expansion,portable,c-programs,c-programs/racewrite-nostdlib,verify,ptrace,expansion,pass,1,,e3b0c44298fc1c149afbf4c8996fb92427ae41e4649b934ca495991b7852b855,50,,
fullcorpus,@1786069169,1fadc03779f2a246a9b5af5d4a93533511c837df,dd3c178ea9553004d7bf4c494e1b7fd80e7b6ae6,false,expansion,portable,c-programs,c-programs/random-sources,verify,ptrace,expansion,pass,1,,746f1f2a57646ced78a941eadf43495e1e81bdfde837288b562043c60103d89c,96,,
fullcorpus,@1786069169,1fadc03779f2a246a9b5af5d4a93533511c837df,dd3c178ea9553004d7bf4c494e1b7fd80e7b6ae6,false,expansion,portable,c-programs,c-programs/rcx-canonicalization,verify,ptrace,expansion,pass,1,,60ab39b068f20e83e1e12d5fc849301a3ee11bab51ddf3f0f8240e5c38b7ed25,62,,
fullcorpus,@1786069169,1fadc03779f2a246a9b5af5d4a93533511c837df,dd3c178ea9553004d7bf4c494e1b7fd80e7b6ae6,false,expansion,portable,c-programs,c-programs/record-replay-fd-close,verify,ptrace,expansion,pass,1,,e3b0c44298fc1c149afbf4c8996fb92427ae41e4649b934ca495991b7852b855,81,,
fullcorpus,@1786069169,1fadc03779f2a246a9b5af5d4a93533511c837df,dd3c178ea9553004d7bf4c494e1b7fd80e7b6ae6,false,expansion,portable,c-programs,c-programs/record-replay-file-state,verify,ptrace,expansion,pass,1,,d268fdbcb2aaea519d6f8b15d5e78ce369dd8ebf69be7c2941316f26c0e02471,74,,
fullcorpus,@1786069169,1fadc03779f2a246a9b5af5d4a93533511c837df,dd3c178ea9553004d7bf4c494e1b7fd80e7b6ae6,false,expansion,portable,c-programs,c-programs/record-replay-lseek-seek-cur,verify,ptrace,expansion,diverge,0,,e3b0c44298fc1c149afbf4c8996fb92427ae41e4649b934ca495991b7852b855,31,,ptrace-verify-fail-exit1
fullcorpus,@1786069169,1fadc03779f2a246a9b5af5d4a93533511c837df,dd3c178ea9553004d7bf4c494e1b7fd80e7b6ae6,false,expansion,portable,c-programs,c-programs/record-replay-setsockopt,verify,ptrace,expansion,pass,1,,81a01674bdbc3ed8aff53344a3ca68dd615e08ff5a413f537980546e30757714,61,,
fullcorpus,@1786069169,1fadc03779f2a246a9b5af5d4a93533511c837df,dd3c178ea9553004d7bf4c494e1b7fd80e7b6ae6,false,expansion,portable,c-programs,c-programs/recvmsg-scm-rights-mmap,verify,ptrace,expansion,pass,1,,50212370d90ce8b680af7c5a9448684c494dc504956193611b2f034831e5c80d,59,,
fullcorpus,@1786069169,1fadc03779f2a246a9b5af5d4a93533511c837df,dd3c178ea9553004d7bf4c494e1b7fd80e7b6ae6,false,expansion,portable,c-programs,c-programs/remap-file-pages-anonymous-enosys,verify,ptrace,expansion,pass,1,,18b174a569bfacdfaa99b5ec11dec76b5c857e910913d52f2b0886ccf43c8de5,57,,
fullcorpus,@1786069169,1fadc03779f2a246a9b5af5d4a93533511c837df,dd3c178ea9553004d7bf4c494e1b7fd80e7b6ae6,false,expansion,portable,c-programs,c-programs/remap-file-pages-memfd-enosys,verify,ptrace,expansion,pass,1,,bd053ef4819b7e8bcfbb6cae1bfce238da7007e770af9efcdd46419aedff5631,53,,
fullcorpus,@1786069169,1fadc03779f2a246a9b5af5d4a93533511c837df,dd3c178ea9553004d7bf4c494e1b7fd80e7b6ae6,false,expansion,portable,c-programs,c-programs/remap-file-pages-tmpfile-enosys,verify,ptrace,expansion,pass,1,,86f8d7cfd95fa8053265e9077e7cefc2b5f36f9060c8719f7f2652421a984d31,56,,
fullcorpus,@1786069169,1fadc03779f2a246a9b5af5d4a93533511c837df,dd3c178ea9553004d7bf4c494e1b7fd80e7b6ae6,false,expansion,portable,c-programs,c-programs/request-key-enosys,verify,ptrace,expansion,pass,1,,745b53ba9579787b43a3a4b6271a471d8915b07ef8be45f28360fc0fb683d9d1,49,,
fullcorpus,@1786069169,1fadc03779f2a246a9b5af5d4a93533511c837df,dd3c178ea9553004d7bf4c494e1b7fd80e7b6ae6,false,expansion,portable,c-programs,c-programs/resource-determinism,verify,ptrace,expansion,pass,1,,d939fdf0e7157cda2644875f2fc86540e5490e88697639d6b6cc96e66a573ae9,818,,
fullcorpus,@1786069169,1fadc03779f2a246a9b5af5d4a93533511c837df,dd3c178ea9553004d7bf4c494e1b7fd80e7b6ae6,false,expansion,portable,c-programs,c-programs/sched-setattr-batch,verify,ptrace,expansion,pass,1,,99eac8d5cfe2b3c98d2a509ad3c4095f749dedf91bfe3a50c888ca25482ff328,51,,
fullcorpus,@1786069169,1fadc03779f2a246a9b5af5d4a93533511c837df,dd3c178ea9553004d7bf4c494e1b7fd80e7b6ae6,false,expansion,portable,c-programs,c-programs/sched-setattr-idle,verify,ptrace,expansion,pass,1,,5ee4cb2f5210f1a5945af443dbb57effe1a8f04c69f632d2391781c6f900af7c,54,,
fullcorpus,@1786069169,1fadc03779f2a246a9b5af5d4a93533511c837df,dd3c178ea9553004d7bf4c494e1b7fd80e7b6ae6,false,expansion,portable,c-programs,c-programs/sched-setattr-other,verify,ptrace,expansion,pass,1,,b9b3b39b4487c39eff3a18989355c0d25dae1bbef9c9eb9868729f3335163e9d,50,,
fullcorpus,@1786069169,1fadc03779f2a246a9b5af5d4a93533511c837df,dd3c178ea9553004d7bf4c494e1b7fd80e7b6ae6,false,expansion,portable,c-programs,c-programs/scheduler-policy-queries,verify,ptrace,expansion,pass,1,,49a4292eaa9d835040b884177ac3fed11611ee037c7577af8a28d977675dde27,60,,
fullcorpus,@1786069169,1fadc03779f2a246a9b5af5d4a93533511c837df,dd3c178ea9553004d7bf4c494e1b7fd80e7b6ae6,false,expansion,portable,c-programs,c-programs/sched-yield-progress,verify,ptrace,expansion,pass,1,,0cf05b84c117bf29ad0908b6ed54b07ab9fd5cd576bd8e2c42ac2411eec42a5e,69,,
fullcorpus,@1786069169,1fadc03779f2a246a9b5af5d4a93533511c837df,dd3c178ea9553004d7bf4c494e1b7fd80e7b6ae6,false,expansion,portable,c-programs,c-programs/setitimer-determinism,verify,ptrace,expansion,pass,1,,aa8afff1d4a0e29340065da47212a4ac237980d07744f94ed540f13789097ba5,65,,
fullcorpus,@1786069169,1fadc03779f2a246a9b5af5d4a93533511c837df,dd3c178ea9553004d7bf4c494e1b7fd80e7b6ae6,false,expansion,portable,c-programs,c-programs/sigmask-preemption,verify,ptrace,expansion,pass,1,,33120d6f8e5896b4921d592649470484fdfb0c3438aedd6f7a19dc625829cb76,883,,
fullcorpus,@1786069169,1fadc03779f2a246a9b5af5d4a93533511c837df,dd3c178ea9553004d7bf4c494e1b7fd80e7b6ae6,false,expansion,portable,c-programs,c-programs/signal-determinism,verify,ptrace,expansion,diverge,0,,e3b0c44298fc1c149afbf4c8996fb92427ae41e4649b934ca495991b7852b855,35,,ptrace-verify-fail-exit1
fullcorpus,@1786069169,1fadc03779f2a246a9b5af5d4a93533511c837df,dd3c178ea9553004d7bf4c494e1b7fd80e7b6ae6,false,expansion,portable,c-programs,c-programs/sigpipe-siginfo,verify,ptrace,expansion,pass,1,,57183d003d231921d403a385a50ab1282fa28a31b248357f7c19d1071854e87c,71,,
fullcorpus,@1786069169,1fadc03779f2a246a9b5af5d4a93533511c837df,dd3c178ea9553004d7bf4c494e1b7fd80e7b6ae6,false,expansion,portable,c-programs,c-programs/sigtimedwait-no-timeout,verify,ptrace,expansion,pass,1,,879d7ab11fa7ee8fb9ef0480411cf236c70259b0e020427b92a7c3bb89fbb729,70,,
fullcorpus,@1786069169,1fadc03779f2a246a9b5af5d4a93533511c837df,dd3c178ea9553004d7bf4c494e1b7fd80e7b6ae6,false,expansion,portable,c-programs,c-programs/sigtimedwait-timeout-0s,verify,ptrace,expansion,pass,1,,1fdb5bc221fec017d7d094e8aeef5164e5684040b75235798955040a2cae9573,69,,
fullcorpus,@1786069169,1fadc03779f2a246a9b5af5d4a93533511c837df,dd3c178ea9553004d7bf4c494e1b7fd80e7b6ae6,false,expansion,portable,c-programs,c-programs/sigtimedwait-timeout-1s,verify,ptrace,expansion,pass,1,,879d7ab11fa7ee8fb9ef0480411cf236c70259b0e020427b92a7c3bb89fbb729,69,,
fullcorpus,@1786069169,1fadc03779f2a246a9b5af5d4a93533511c837df,dd3c178ea9553004d7bf4c494e1b7fd80e7b6ae6,false,expansion,portable,c-programs,c-programs/socket-cookie-tcp,verify,ptrace,expansion,pass,1,,6180a36432851ee86fbec823dd6fe6c7588f786bfadefd70480438b246053b6b,54,,
fullcorpus,@1786069169,1fadc03779f2a246a9b5af5d4a93533511c837df,dd3c178ea9553004d7bf4c494e1b7fd80e7b6ae6,false,expansion,portable,c-programs,c-programs/socket-cookie-udp,verify,ptrace,expansion,pass,1,,2d06feadf81160afca89105d6b83f0ce0a7296070a855b1b25b8b72d58e724be,56,,
fullcorpus,@1786069169,1fadc03779f2a246a9b5af5d4a93533511c837df,dd3c178ea9553004d7bf4c494e1b7fd80e7b6ae6,false,expansion,portable,c-programs,c-programs/socket-cookie-unix,verify,ptrace,expansion,pass,1,,af2ebd36b3b776fa4c0c4c215288f5e66fa5241f8dfda47f8ef017ba351e3734,55,,
fullcorpus,@1786069169,1fadc03779f2a246a9b5af5d4a93533511c837df,dd3c178ea9553004d7bf4c494e1b7fd80e7b6ae6,false,expansion,portable,c-programs,c-programs/socket-ioctl-timestamp,verify,ptrace,expansion,diverge,0,,e3b0c44298fc1c149afbf4c8996fb92427ae41e4649b934ca495991b7852b855,28,,ptrace-verify-fail-exit1
fullcorpus,@1786069169,1fadc03779f2a246a9b5af5d4a93533511c837df,dd3c178ea9553004d7bf4c494e1b7fd80e7b6ae6,false,expansion,portable,c-programs,c-programs/socket-timestamp-edge-cases,verify,ptrace,expansion,pass,1,,237ff1081253f64aba6ed9e84bad994c1c481d9bd2312ba4fe80afa1d959f9cc,57,,
fullcorpus,@1786069169,1fadc03779f2a246a9b5af5d4a93533511c837df,dd3c178ea9553004d7bf4c494e1b7fd80e7b6ae6,false,expansion,portable,c-programs,c-programs/socket-timestamp-timespec,verify,ptrace,expansion,pass,1,,4a5eae51288da929c514799c22251bb18ec475d82ca4a648f9732da9a00cfd75,54,,
fullcorpus,@1786069169,1fadc03779f2a246a9b5af5d4a93533511c837df,dd3c178ea9553004d7bf4c494e1b7fd80e7b6ae6,false,expansion,portable,c-programs,c-programs/socket-timestamp-timeval,verify,ptrace,expansion,pass,1,,2a6d69ec1e29905992985dd6131920efd96bd015b70cd2c003724b8065750683,55,,
fullcorpus,@1786069169,1fadc03779f2a246a9b5af5d4a93533511c837df,dd3c178ea9553004d7bf4c494e1b7fd80e7b6ae6,false,expansion,portable,c-programs,c-programs/so-incoming-cpu-tcp4,verify,ptrace,expansion,pass,1,,37d9e0d38876a4913d49d1524721047328ff7d139c4bea030fc003d86325cb12,59,,
fullcorpus,@1786069169,1fadc03779f2a246a9b5af5d4a93533511c837df,dd3c178ea9553004d7bf4c494e1b7fd80e7b6ae6,false,expansion,portable,c-programs,c-programs/so-incoming-cpu-tcp6,verify,ptrace,expansion,pass,1,,71986d6a252d40985852f55c3577bc0d86ae15e892c678bea20d0f320e584593,57,,
fullcorpus,@1786069169,1fadc03779f2a246a9b5af5d4a93533511c837df,dd3c178ea9553004d7bf4c494e1b7fd80e7b6ae6,false,expansion,portable,c-programs,c-programs/so-incoming-cpu-udp4,verify,ptrace,expansion,pass,1,,b49fc8be9466892afd2c8ad552ba7b28128fc5ac32fc5d89f9a1146264aa4dc7,57,,
fullcorpus,@1786069169,1fadc03779f2a246a9b5af5d4a93533511c837df,dd3c178ea9553004d7bf4c494e1b7fd80e7b6ae6,false,expansion,portable,c-programs,c-programs/splice-enosys,verify,ptrace,expansion,pass,1,,0bc4f64fe4ad2292443e402eba4830484779aeb4370264c9c0abfa7a78f95c8e,59,,
fullcorpus,@1786069169,1fadc03779f2a246a9b5af5d4a93533511c837df,dd3c178ea9553004d7bf4c494e1b7fd80e7b6ae6,false,expansion,portable,c-programs,c-programs/statmount-enosys,verify,ptrace,expansion,pass,1,,84a55d7cfcd9fe81a459d4852c82ddf5ad78845213534c19fa6dcdef66cfdf95,54,,
fullcorpus,@1786069169,1fadc03779f2a246a9b5af5d4a93533511c837df,dd3c178ea9553004d7bf4c494e1b7fd80e7b6ae6,false,expansion,portable,c-programs,c-programs/syscall-file-io,verify,ptrace,expansion,pass,1,,632d0f8b9698ef9868e243dd5432fca72d482ec38beb954c8af6f6ddf94e8e51,61,,
fullcorpus,@1786069169,1fadc03779f2a246a9b5af5d4a93533511c837df,dd3c178ea9553004d7bf4c494e1b7fd80e7b6ae6,false,expansion,portable,c-programs,c-programs/syscall-file-metadata,verify,ptrace,expansion,pass,1,,57a74d78ecf93f4f8f188f946cdd5345bed2d126fc15a9f362d320bed2c5236a,66,,
fullcorpus,@1786069169,1fadc03779f2a246a9b5af5d4a93533511c837df,dd3c178ea9553004d7bf4c494e1b7fd80e7b6ae6,false,expansion,portable,c-programs,c-programs/syscall-quick-wins,verify,ptrace,expansion,pass,1,,5d19b00a019f367eb9008a6429952f1970209bcf9d10ccae126091a6cdd87193,66,,
fullcorpus,@1786069169,1fadc03779f2a246a9b5af5d4a93533511c837df,dd3c178ea9553004d7bf4c494e1b7fd80e7b6ae6,false,expansion,portable,c-programs,c-programs/sysfs-enosys,verify,ptrace,expansion,pass,1,,77a60c6b8a6c3c908333e6f4dfa94a2c397b1bd7c93991eebb8ed5915b0ad95f,56,,
fullcorpus,@1786069169,1fadc03779f2a246a9b5af5d4a93533511c837df,dd3c178ea9553004d7bf4c494e1b7fd80e7b6ae6,false,expansion,portable,c-programs,c-programs/sysinfo,verify,ptrace,expansion,pass,1,,7b4654508d1dfe4e29de224f81e166df64b50b35536913d1d2a50458db4ae83b,56,,
fullcorpus,@1786069169,1fadc03779f2a246a9b5af5d4a93533511c837df,dd3c178ea9553004d7bf4c494e1b7fd80e7b6ae6,false,expansion,portable,c-programs,c-programs/sysinfo-uptime,verify,ptrace,expansion,pass,1,,7a87cf51451bc706975be3eeb1cbced496425dafbf2f623076b8a64b0a5ea8e3,600,,
fullcorpus,@1786069169,1fadc03779f2a246a9b5af5d4a93533511c837df,dd3c178ea9553004d7bf4c494e1b7fd80e7b6ae6,false,expansion,portable,c-programs,c-programs/syslog-deterministic,verify,ptrace,expansion,pass,1,,c23edf066d3bda360f91b47308f840e8b42b87278b5e379c8d71d8bf10a255d2,58,,
fullcorpus,@1786069169,1fadc03779f2a246a9b5af5d4a93533511c837df,dd3c178ea9553004d7bf4c494e1b7fd80e7b6ae6,false,expansion,portable,c-programs,c-programs/sysv-sem-enosys,verify,ptrace,expansion,pass,1,,f024dd91d8c142074c08ff93925022b5acfeab0e3d58d7ea1fdbdee13ebada99,63,,
fullcorpus,@1786069169,1fadc03779f2a246a9b5af5d4a93533511c837df,dd3c178ea9553004d7bf4c494e1b7fd80e7b6ae6,false,expansion,portable,c-programs,c-programs/sysv-shm-enosys,verify,ptrace,expansion,pass,1,,7b4564e64aa38d43273e5e7e1df8e80071b1c9219f7de2628fa37e6ab4da5794,61,,
fullcorpus,@1786069169,1fadc03779f2a246a9b5af5d4a93533511c837df,dd3c178ea9553004d7bf4c494e1b7fd80e7b6ae6,false,expansion,portable,c-programs,c-programs/tcp-info-accept4,verify,ptrace,expansion,pass,1,,c830be750b315e97d977e5cc40104658ccccaf34f1b26068556c22b37f7cf950,62,,
fullcorpus,@1786069169,1fadc03779f2a246a9b5af5d4a93533511c837df,dd3c178ea9553004d7bf4c494e1b7fd80e7b6ae6,false,expansion,portable,c-programs,c-programs/tcp-info-accept6,verify,ptrace,expansion,pass,1,,4b386d711c9c58617076dd9ffc01f4f517fc3f6d7d1a21c78d5b728fa66ad5ec,65,,
fullcorpus,@1786069169,1fadc03779f2a246a9b5af5d4a93533511c837df,dd3c178ea9553004d7bf4c494e1b7fd80e7b6ae6,false,expansion,portable,c-programs,c-programs/tcp-info-client4,verify,ptrace,expansion,pass,1,,29047556927b663805202185a671154cc0f9331208fdb57bc9fefe51e26f9d74,58,,
fullcorpus,@1786069169,1fadc03779f2a246a9b5af5d4a93533511c837df,dd3c178ea9553004d7bf4c494e1b7fd80e7b6ae6,false,expansion,portable,c-programs,c-programs/tee-enosys,verify,ptrace,expansion,pass,1,,1c8d3e5b5c25e921430729592b73be499a63f45dc355ac8686a3070d1e2f6108,61,,
fullcorpus,@1786069169,1fadc03779f2a246a9b5af5d4a93533511c837df,dd3c178ea9553004d7bf4c494e1b7fd80e7b6ae6,false,expansion,portable,c-programs,c-programs/threadexhaustion,verify,ptrace,expansion,pass,1,,6ed164be2f904840f8cd736bc12bac0858d8d7238d37fbebd539fbac7d14d0ed,91,,
fullcorpus,@1786069169,1fadc03779f2a246a9b5af5d4a93533511c837df,dd3c178ea9553004d7bf4c494e1b7fd80e7b6ae6,false,expansion,portable,c-programs,c-programs/thread-self-procfs-handoff,verify,ptrace,expansion,pass,1,,4ec014d923f7213d78fc3fe481bb1e5a1afe2966878e2967593bac452513edd6,78,,
fullcorpus,@1786069169,1fadc03779f2a246a9b5af5d4a93533511c837df,dd3c178ea9553004d7bf4c494e1b7fd80e7b6ae6,false,expansion,portable,c-programs,c-programs/thread-sync-determinism,verify,ptrace,expansion,diverge,0,,e3b0c44298fc1c149afbf4c8996fb92427ae41e4649b934ca495991b7852b855,32,,ptrace-verify-fail-exit1
fullcorpus,@1786069169,1fadc03779f2a246a9b5af5d4a93533511c837df,dd3c178ea9553004d7bf4c494e1b7fd80e7b6ae6,false,expansion,portable,c-programs,c-programs/timer-create-determinism,verify,ptrace,expansion,pass,1,,88d3c6bddc5cce602a98a315d6413f65c9be3b4af294699a8a553337ef4033ae,59,,
fullcorpus,@1786069169,1fadc03779f2a246a9b5af5d4a93533511c837df,dd3c178ea9553004d7bf4c494e1b7fd80e7b6ae6,false,expansion,portable,c-programs,c-programs/uname,verify,ptrace,expansion,pass,1,,29a9d1c5f680e45d5fdca33498014a47ce0a123af49e3fecb74543db547788be,57,,
fullcorpus,@1786069169,1fadc03779f2a246a9b5af5d4a93533511c837df,dd3c178ea9553004d7bf4c494e1b7fd80e7b6ae6,false,expansion,portable,c-programs,c-programs/unix-autobind-dgram,verify,ptrace,expansion,pass,1,,b3679cef7d4cbb0bfc40803796036d2ea2e8262e846ad4d345c0c0646e79d21b,64,,
fullcorpus,@1786069169,1fadc03779f2a246a9b5af5d4a93533511c837df,dd3c178ea9553004d7bf4c494e1b7fd80e7b6ae6,false,expansion,portable,c-programs,c-programs/unix-autobind-seqpacket,verify,ptrace,expansion,pass,1,,adab29374a2e454a06823fd8e1ecc9ba038ed4be7ad9f95ae67cebeec58a3d8c,61,,
fullcorpus,@1786069169,1fadc03779f2a246a9b5af5d4a93533511c837df,dd3c178ea9553004d7bf4c494e1b7fd80e7b6ae6,false,expansion,portable,c-programs,c-programs/unix-autobind-stream,verify,ptrace,expansion,pass,1,,91304ad318232da9ea6432240290691ddc20ad0ebf2e4c889c7ab6cd3f71db0c,59,,
fullcorpus,@1786069169,1fadc03779f2a246a9b5af5d4a93533511c837df,dd3c178ea9553004d7bf4c494e1b7fd80e7b6ae6,false,expansion,portable,c-programs,c-programs/ustat-enosys,verify,ptrace,expansion,pass,1,,a3385f3800f1f726246c5551a73e98c6ae29a6dd2757326caac8afdf53bb90d3,59,,
fullcorpus,@1786069169,1fadc03779f2a246a9b5af5d4a93533511c837df,dd3c178ea9553004d7bf4c494e1b7fd80e7b6ae6,false,expansion,portable,c-programs,c-programs/vforkexec,verify,ptrace,expansion,pass,1,,0b81d8eab80efacf70ba6424c9fd0f53d1403305f94b4b9e5672d5c85d1b7b83,79,,
fullcorpus,@1786069169,1fadc03779f2a246a9b5af5d4a93533511c837df,dd3c178ea9553004d7bf4c494e1b7fd80e7b6ae6,false,expansion,portable,c-programs,c-programs/vmsplice-enosys,verify,ptrace,expansion,pass,1,,8f5a5d41aa1ad4af965f89cb80f73347c556f46f42dfaca5a32853b7798fe6f0,53,,
fullcorpus,@1786069169,1fadc03779f2a246a9b5af5d4a93533511c837df,dd3c178ea9553004d7bf4c494e1b7fd80e7b6ae6,false,expansion,portable,c-programs,c-programs/wait-on-child,verify,ptrace,expansion,pass,1,,67184c0256b520d88626d2515c464e95a061da32eb566e7b72e70e19dda43ab4,59,,
fullcorpus,@1786069169,1fadc03779f2a246a9b5af5d4a93533511c837df,dd3c178ea9553004d7bf4c494e1b7fd80e7b6ae6,false,expansion,portable,c-programs,c-programs/writev-determinism,verify,ptrace,expansion,pass,1,,eb8a913e793713b83b51c96ac1cd869341c248089de48b8cf986bcf3fa552493,82,,
fullcorpus,@1786069169,1fadc03779f2a246a9b5af5d4a93533511c837df,dd3c178ea9553004d7bf4c494e1b7fd80e7b6ae6,false,expansion,portable,data-handling,data-handling/archive-roundtrip,verify,ptrace,expansion,diverge,0,,e3b0c44298fc1c149afbf4c8996fb92427ae41e4649b934ca495991b7852b855,44,,ptrace-verify-fail-exit1
fullcorpus,@1786069169,1fadc03779f2a246a9b5af5d4a93533511c837df,dd3c178ea9553004d7bf4c494e1b7fd80e7b6ae6,false,expansion,portable,data-handling,data-handling/shell-pipeline,verify,ptrace,expansion,diverge,0,,e3b0c44298fc1c149afbf4c8996fb92427ae41e4649b934ca495991b7852b855,38,,ptrace-verify-fail-exit1
fullcorpus,@1786069169,1fadc03779f2a246a9b5af5d4a93533511c837df,dd3c178ea9553004d7bf4c494e1b7fd80e7b6ae6,false,expansion,portable,debugger-c,debugger-c/debuggee,verify,ptrace,expansion,pass,1,,48d3d236efc470a63642ab7a23fc174f378f389d2f6738b84db4f7a550ce4192,51,,
fullcorpus,@1786069169,1fadc03779f2a246a9b5af5d4a93533511c837df,dd3c178ea9553004d7bf4c494e1b7fd80e7b6ae6,false,expansion,portable,determinism-stress-c,determinism-stress-c/fork-tree,verify,ptrace,expansion,pass,1,,8ddf8b17d77780a3d7a236df0e42893354e51a485e840d08fc7906ef2207637f,354,,
fullcorpus,@1786069169,1fadc03779f2a246a9b5af5d4a93533511c837df,dd3c178ea9553004d7bf4c494e1b7fd80e7b6ae6,false,expansion,portable,determinism-stress-c,determinism-stress-c/lock-free,verify,ptrace,expansion,pass,1,,b3bab857d371911d8565e55d6907439bd3c32995e2938f1ac285ce02884c9c54,73,,
fullcorpus,@1786069169,1fadc03779f2a246a9b5af5d4a93533511c837df,dd3c178ea9553004d7bf4c494e1b7fd80e7b6ae6,false,expansion,portable,determinism-stress-c,determinism-stress-c/mmap-fork-shared,verify,ptrace,expansion,pass,1,,cc89b297383dff63af7b831f2ba6075fb65be2276ce33f47bbb000fc30b21a17,319,,
fullcorpus,@1786069169,1fadc03779f2a246a9b5af5d4a93533511c837df,dd3c178ea9553004d7bf4c494e1b7fd80e7b6ae6,false,expansion,portable,determinism-stress-c,determinism-stress-c/pid-tid,verify,ptrace,expansion,pass,1,,384b77c5cf9f3306b8afccc60bc227b36e48d475a55ffb34099a2abeb98dec9b,81,,
fullcorpus,@1786069169,1fadc03779f2a246a9b5af5d4a93533511c837df,dd3c178ea9553004d7bf4c494e1b7fd80e7b6ae6,false,expansion,portable,determinism-stress-c,determinism-stress-c/pipe-chain,verify,ptrace,expansion,pass,1,,46835a9f9f1301b70e85965ac99fdb8f14d2b4a1b9422ded59ac214abefd768d,94,,
fullcorpus,@1786069169,1fadc03779f2a246a9b5af5d4a93533511c837df,dd3c178ea9553004d7bf4c494e1b7fd80e7b6ae6,false,expansion,portable,determinism-stress-c,determinism-stress-c/pipe-prefill,verify,ptrace,expansion,pass,1,,85f07bae7e5247a9311974855de758b431bedf55bf167fc173adc6e9877db1f6,56,,
fullcorpus,@1786069169,1fadc03779f2a246a9b5af5d4a93533511c837df,dd3c178ea9553004d7bf4c494e1b7fd80e7b6ae6,false,expansion,portable,determinism-stress-c,determinism-stress-c/producer-consumer,verify,ptrace,expansion,pass,1,,4a1f3835471600bc0823a28a5669705a0e6864214ae213a1083b4c1bf10c50bf,149,,
fullcorpus,@1786069169,1fadc03779f2a246a9b5af5d4a93533511c837df,dd3c178ea9553004d7bf4c494e1b7fd80e7b6ae6,false,expansion,portable,determinism-stress-c,determinism-stress-c/signal-order,verify,ptrace,expansion,pass,1,,e4b06b822726e5ff96ca7bcbbf59e764019be179d7b198987fd4c4216687561a,67,,
fullcorpus,@1786069169,1fadc03779f2a246a9b5af5d4a93533511c837df,dd3c178ea9553004d7bf4c494e1b7fd80e7b6ae6,false,expansion,portable,determinism-stress-c,determinism-stress-c/thread-contention,verify,ptrace,expansion,diverge,0,,e3b0c44298fc1c149afbf4c8996fb92427ae41e4649b934ca495991b7852b855,25,,ptrace-verify-fail-exit1
fullcorpus,@1786069169,1fadc03779f2a246a9b5af5d4a93533511c837df,dd3c178ea9553004d7bf4c494e1b7fd80e7b6ae6,false,expansion,portable,determinism-stress-c,determinism-stress-c/thread-stress,verify,ptrace,expansion,pass,1,,5cc9e2f4adb1ce9d9da8fd455891107712ac699631b4d0b492f52be27a71ba73,279,,
fullcorpus,@1786069169,1fadc03779f2a246a9b5af5d4a93533511c837df,dd3c178ea9553004d7bf4c494e1b7fd80e7b6ae6,false,expansion,portable,determinism-stress,determinism-stress/example-race,verify,ptrace,expansion,pass,1,,44f4a9c5837349cffaaf778ab4ddf4fc799d6bb3ef0d14b6fce4bc36f4000a93,307,,
fullcorpus,@1786069169,1fadc03779f2a246a9b5af5d4a93533511c837df,dd3c178ea9553004d7bf4c494e1b7fd80e7b6ae6,false,expansion,portable,determinism-stress,determinism-stress/order-violation,verify,ptrace,expansion,pass,1,,0ba904eae8773b70c75333db4de2f3ac45a8ad4ddba1b242f0b3cfc199391dd8,66,,
fullcorpus,@1786069169,1fadc03779f2a246a9b5af5d4a93533511c837df,dd3c178ea9553004d7bf4c494e1b7fd80e7b6ae6,false,expansion,portable,determinism-stress,determinism-stress/process-chains,verify,ptrace,expansion,diverge,0,,e3b0c44298fc1c149afbf4c8996fb92427ae41e4649b934ca495991b7852b855,40,,ptrace-verify-fail-exit1
fullcorpus,@1786069169,1fadc03779f2a246a9b5af5d4a93533511c837df,dd3c178ea9553004d7bf4c494e1b7fd80e7b6ae6,false,expansion,portable,determinism-stress,determinism-stress/thread-contention,verify,ptrace,expansion,diverge,0,,e3b0c44298fc1c149afbf4c8996fb92427ae41e4649b934ca495991b7852b855,39,,ptrace-verify-fail-exit1
fullcorpus,@1786069169,1fadc03779f2a246a9b5af5d4a93533511c837df,dd3c178ea9553004d7bf4c494e1b7fd80e7b6ae6,false,expansion,portable,determinism-stress,determinism-stress/thread-output,verify,ptrace,expansion,pass,1,,44f4a9c5837349cffaaf778ab4ddf4fc799d6bb3ef0d14b6fce4bc36f4000a93,376,,
fullcorpus,@1786069169,1fadc03779f2a246a9b5af5d4a93533511c837df,dd3c178ea9553004d7bf4c494e1b7fd80e7b6ae6,false,expansion,portable,language-runtimes,language-runtimes/bash-loop-pipe-time,verify,ptrace,expansion,pass,1,,f92aefa4009814c72c38f61633a8317f4ae21d79044e81cd99a70b521e1101ad,538,,
fullcorpus,@1786069169,1fadc03779f2a246a9b5af5d4a93533511c837df,dd3c178ea9553004d7bf4c494e1b7fd80e7b6ae6,false,expansion,portable,language-runtimes,language-runtimes/example-python-random,verify,ptrace,expansion,pass,1,,e1b8db378cfd66571bc2d0dbe0b45e1bd3eaecb5d6e0e4d51fd1c0ed053113b0,435,,
fullcorpus,@1786069169,1fadc03779f2a246a9b5af5d4a93533511c837df,dd3c178ea9553004d7bf4c494e1b7fd80e7b6ae6,false,expansion,portable,language-runtimes,language-runtimes/gawk-random,verify,ptrace,expansion,pass,1,,04427acdbdc27dceba6e78a1623682e9363586e78bcd894100c7b1bf625e92fe,123,,
fullcorpus,@1786069169,1fadc03779f2a246a9b5af5d4a93533511c837df,dd3c178ea9553004d7bf4c494e1b7fd80e7b6ae6,false,expansion,portable,language-runtimes,language-runtimes/perl-io-subprocess-time,verify,ptrace,expansion,pass,1,,53dbc0b69ea3186223f07b74596d960150f3e9e97bdb96874591838529a5097b,277,,
fullcorpus,@1786069169,1fadc03779f2a246a9b5af5d4a93533511c837df,dd3c178ea9553004d7bf4c494e1b7fd80e7b6ae6,false,expansion,portable,language-runtimes,language-runtimes/python-hash-determinism,verify,ptrace,expansion,pass,1,,cea342868e9c8ddfed8b961d54db0727b257e72a5dfded2715d37011200820f2,444,,
fullcorpus,@1786069169,1fadc03779f2a246a9b5af5d4a93533511c837df,dd3c178ea9553004d7bf4c494e1b7fd80e7b6ae6,false,expansion,portable,language-runtimes,language-runtimes/python-io-subprocess-time,verify,ptrace,expansion,pass,1,,a783f71fe61db97dbf05c33b3577be4e381b626f23ba565a5824cfb884a5a541,4786,,
fullcorpus,@1786069169,1fadc03779f2a246a9b5af5d4a93533511c837df,dd3c178ea9553004d7bf4c494e1b7fd80e7b6ae6,false,expansion,portable,language-runtimes,language-runtimes/python-random,verify,ptrace,expansion,pass,1,,9a7611b282b9eacf3b13ff466a731f3b5c31619ddfe5665214ea8e8e5a97a950,503,,
fullcorpus,@1786069169,1fadc03779f2a246a9b5af5d4a93533511c837df,dd3c178ea9553004d7bf4c494e1b7fd80e7b6ae6,false,expansion,portable,shared-futex-c,shared-futex-c/qemu-exec-init,verify,ptrace,expansion,diverge,0,,e3b0c44298fc1c149afbf4c8996fb92427ae41e4649b934ca495991b7852b855,998,,ptrace-verify-fail-exit1
fullcorpus,@1786069169,1fadc03779f2a246a9b5af5d4a93533511c837df,dd3c178ea9553004d7bf4c494e1b7fd80e7b6ae6,false,expansion,portable,shared-futex-c,shared-futex-c/qemu-hello,verify,ptrace,expansion,diverge,0,,e3b0c44298fc1c149afbf4c8996fb92427ae41e4649b934ca495991b7852b855,28,,ptrace-verify-fail-exit1
fullcorpus,@1786069169,1fadc03779f2a246a9b5af5d4a93533511c837df,dd3c178ea9553004d7bf4c494e1b7fd80e7b6ae6,false,expansion,portable,shared-futex-c,shared-futex-c/qemu-init,verify,ptrace,expansion,diverge,0,,e3b0c44298fc1c149afbf4c8996fb92427ae41e4649b934ca495991b7852b855,1001,,ptrace-verify-fail-exit1
fullcorpus,@1786069169,1fadc03779f2a246a9b5af5d4a93533511c837df,dd3c178ea9553004d7bf4c494e1b7fd80e7b6ae6,false,expansion,portable,shared-futex-c,shared-futex-c/qemu-net-init,verify,ptrace,expansion,diverge,0,,e3b0c44298fc1c149afbf4c8996fb92427ae41e4649b934ca495991b7852b855,441,,ptrace-verify-fail-exit1
fullcorpus,@1786069169,1fadc03779f2a246a9b5af5d4a93533511c837df,dd3c178ea9553004d7bf4c494e1b7fd80e7b6ae6,false,expansion,portable,system-utils,system-utils/clock-determinism,verify,ptrace,expansion,pass,1,,ae53c7f85ecd3f3e57c3b8c0f77f9d944873d0276aca6b0faad8d847063a5458,55,,
fullcorpus,@1786069169,1fadc03779f2a246a9b5af5d4a93533511c837df,dd3c178ea9553004d7bf4c494e1b7fd80e7b6ae6,false,expansion,portable,system-utils,system-utils/date-nanoseconds,verify,ptrace,expansion,pass,1,,feead050fd92bfe6b0340fbe946c434012d445282574e6626db43d74978d1c82,139,,
fullcorpus,@1786069169,1fadc03779f2a246a9b5af5d4a93533511c837df,dd3c178ea9553004d7bf4c494e1b7fd80e7b6ae6,false,expansion,portable,system-utils,system-utils/example-date,verify,ptrace,expansion,pass,1,,236de518ee060eaa8a77588e3f4e2c1caf3c9ee1768bc98a3522dabaf3160c70,85,,
fullcorpus,@1786069169,1fadc03779f2a246a9b5af5d4a93533511c837df,dd3c178ea9553004d7bf4c494e1b7fd80e7b6ae6,false,expansion,portable,system-utils,system-utils/example-devrand,verify,ptrace,expansion,pass,1,,f5edcf77a8645391c7cdaa70592390c2365b1a0849dfc2729f9a6ca3ea874863,85,,
fullcorpus,@1786069169,1fadc03779f2a246a9b5af5d4a93533511c837df,dd3c178ea9553004d7bf4c494e1b7fd80e7b6ae6,false,expansion,portable,system-utils,system-utils/openssl-passwd,verify,ptrace,expansion,pass,1,,48e619a6a440a23d7955fda2339654eccd96d4c32d4698a1fce8b365d2cc460b,130,,
fullcorpus,@1786069169,1fadc03779f2a246a9b5af5d4a93533511c837df,dd3c178ea9553004d7bf4c494e1b7fd80e7b6ae6,false,expansion,portable,system-utils,system-utils/proc-uptime,verify,ptrace,expansion,pass,1,,1939fceb5dfe138fac75a533a27dc1c29280952cab0590481f55c3c58ebb0f4d,107,,
fullcorpus,@1786069169,1fadc03779f2a246a9b5af5d4a93533511c837df,dd3c178ea9553004d7bf4c494e1b7fd80e7b6ae6,false,expansion,portable,system-utils,system-utils/random-device,verify,ptrace,expansion,pass,1,,f5edcf77a8645391c7cdaa70592390c2365b1a0849dfc2729f9a6ca3ea874863,142,,
fullcorpus,@1786069169,1fadc03779f2a246a9b5af5d4a93533511c837df,dd3c178ea9553004d7bf4c494e1b7fd80e7b6ae6,false,expansion,portable,system-utils,system-utils/record-getpid,verify,ptrace,expansion,pass,1,,7d65259dd0f4861331834b3f73013d851b44389c6162f00a24a0176bba121251,51,,
fullcorpus,@1786069169,1fadc03779f2a246a9b5af5d4a93533511c837df,dd3c178ea9553004d7bf4c494e1b7fd80e7b6ae6,false,expansion,portable,util-c,util-c/pmu-skid,verify,ptrace,expansion,diverge,0,,e3b0c44298fc1c149afbf4c8996fb92427ae41e4649b934ca495991b7852b855,24,,ptrace-verify-fail-exit1
fullcorpus,@1786072820,1fadc03779f2a246a9b5af5d4a93533511c837df,dd3c178ea9553004d7bf4c494e1b7fd80e7b6ae6,false,expansion,portable,applications,applications/example-timed-progress-bar,verify,sabre,expansion,pass,1,1,d8778ce336753d09dab6c6d94699898498ccbc31d6ec6b0b7b3d4bc559745b47,4316,,
fullcorpus,@1786072820,1fadc03779f2a246a9b5af5d4a93533511c837df,dd3c178ea9553004d7bf4c494e1b7fd80e7b6ae6,false,expansion,portable,applications,applications/timed-progress-bar,verify,sabre,expansion,diverge,0,,e3b0c44298fc1c149afbf4c8996fb92427ae41e4649b934ca495991b7852b855,5,,sabre-verify-fail-exit1
fullcorpus,@1786072820,1fadc03779f2a246a9b5af5d4a93533511c837df,dd3c178ea9553004d7bf4c494e1b7fd80e7b6ae6,false,expansion,privileged,backend-parity-c,backend-parity-c/cpuid-probe,verify,sabre,expansion,diverge,0,0,e3b0c44298fc1c149afbf4c8996fb92427ae41e4649b934ca495991b7852b855,204,,sabre-verify-fail-exit1
fullcorpus,@1786072820,1fadc03779f2a246a9b5af5d4a93533511c837df,dd3c178ea9553004d7bf4c494e1b7fd80e7b6ae6,false,expansion,portable,backend-parity-c,backend-parity-c/pid-probe,verify,sabre,expansion,pass,1,1,342cc5c394f2bfe94370f4f30493c870f7877e1dd0646dc7c41af1fc9d14838c,390,,
fullcorpus,@1786072820,1fadc03779f2a246a9b5af5d4a93533511c837df,dd3c178ea9553004d7bf4c494e1b7fd80e7b6ae6,false,expansion,portable,backend-parity-c,backend-parity-c/pthread-lifecycle,verify,sabre,expansion,pass,1,1,6f916c392b593c2835823f98adada81a14b81ff8683b4045610a9a1cc0728563,469,,
fullcorpus,@1786072820,1fadc03779f2a246a9b5af5d4a93533511c837df,dd3c178ea9553004d7bf4c494e1b7fd80e7b6ae6,false,expansion,portable,bin-c,bin-c/posix-timer-test,verify,sabre,expansion,pass,1,1,73bc36274f961af2a8ad43917d15a87a59ead3cb7c6f54c81db28c45d5395fa1,399,,
fullcorpus,@1786072820,1fadc03779f2a246a9b5af5d4a93533511c837df,dd3c178ea9553004d7bf4c494e1b7fd80e7b6ae6,false,expansion,portable,bin-c,bin-c/robust-futex-test,verify,sabre,expansion,timeout,0,,e3b0c44298fc1c149afbf4c8996fb92427ae41e4649b934ca495991b7852b855,120006,,sabre-verify-timeout-120s
fullcorpus,@1786072820,1fadc03779f2a246a9b5af5d4a93533511c837df,dd3c178ea9553004d7bf4c494e1b7fd80e7b6ae6,false,expansion,portable,chaos-c,chaos-c/lock-granularity,verify,sabre,expansion,pass,1,1,1cd27b440cf0189a08ed714e62668d8ff37ae183e61d111b8ee14b2759ad2b2d,419,,
fullcorpus,@1786072820,1fadc03779f2a246a9b5af5d4a93533511c837df,dd3c178ea9553004d7bf4c494e1b7fd80e7b6ae6,false,expansion,portable,c-programs,c-programs/acct-refusal-probe,verify,sabre,expansion,pass,1,1,fb9a253ff29ae72ad120fbe932651dd0471ff759f020fcad04b62895c481980f,384,,
fullcorpus,@1786072820,1fadc03779f2a246a9b5af5d4a93533511c837df,dd3c178ea9553004d7bf4c494e1b7fd80e7b6ae6,false,expansion,portable,c-programs,c-programs/add-key-enosys,verify,sabre,expansion,pass,1,1,392cdd6f142e243a9db3f8bd6d60cde54e983ffe6d072bf7ea3b03cc297cbf72,363,,
fullcorpus,@1786072820,1fadc03779f2a246a9b5af5d4a93533511c837df,dd3c178ea9553004d7bf4c494e1b7fd80e7b6ae6,false,expansion,portable,c-programs,c-programs/adjtimex-deterministic,verify,sabre,expansion,pass,1,1,ea6836e27a3d5c63e79076c3c5c976a785aa833022022fc0f2e5361942c6579e,357,,
fullcorpus,@1786072820,1fadc03779f2a246a9b5af5d4a93533511c837df,dd3c178ea9553004d7bf4c494e1b7fd80e7b6ae6,false,expansion,portable,c-programs,c-programs/arch-prctl-determinism,verify,sabre,expansion,pass,1,1,8504ad2cf53c948ffdd59e277fe87ecf21f65ffa4fb543989366ec9cb40272fd,396,,
fullcorpus,@1786072820,1fadc03779f2a246a9b5af5d4a93533511c837df,dd3c178ea9553004d7bf4c494e1b7fd80e7b6ae6,false,expansion,portable,c-programs,c-programs/bpf-enosys,verify,sabre,expansion,pass,1,1,00b8c2fc33f814bfeb2da739d302426f0122369289c96bb40f9a11ef86f4befe,377,,
fullcorpus,@1786072820,1fadc03779f2a246a9b5af5d4a93533511c837df,dd3c178ea9553004d7bf4c494e1b7fd80e7b6ae6,false,expansion,portable,c-programs,c-programs/cachestat-enosys,verify,sabre,expansion,pass,1,1,c99ecc14f33146eb9b4b3c76f1fd310e0b0992a23465df5ce2715ead516e565e,364,,
fullcorpus,@1786072820,1fadc03779f2a246a9b5af5d4a93533511c837df,dd3c178ea9553004d7bf4c494e1b7fd80e7b6ae6,false,expansion,portable,c-programs,c-programs/clock-adjtime-deterministic,verify,sabre,expansion,pass,1,1,f8df8f96682085b6719931fa985c994642bd388d6849e9c751941db746098343,357,,
fullcorpus,@1786072820,1fadc03779f2a246a9b5af5d4a93533511c837df,dd3c178ea9553004d7bf4c494e1b7fd80e7b6ae6,false,expansion,portable,c-programs,c-programs/clone,verify,sabre,expansion,timeout,0,0,e3b0c44298fc1c149afbf4c8996fb92427ae41e4649b934ca495991b7852b855,120005,,sabre-verify-timeout-120s
fullcorpus,@1786072820,1fadc03779f2a246a9b5af5d4a93533511c837df,dd3c178ea9553004d7bf4c494e1b7fd80e7b6ae6,false,expansion,portable,c-programs,c-programs/copy-file-range-refusal-probe,verify,sabre,expansion,pass,1,1,eaf5a67ca844e6a832cd95774ecdb4c48e345e2b64e1c67092ad7fb6ac39777a,365,,
fullcorpus,@1786072820,1fadc03779f2a246a9b5af5d4a93533511c837df,dd3c178ea9553004d7bf4c494e1b7fd80e7b6ae6,false,expansion,portable,c-programs,c-programs/dbi-copied-tiocgpgrp,verify,sabre,expansion,diverge,0,0,e3b0c44298fc1c149afbf4c8996fb92427ae41e4649b934ca495991b7852b855,178,,sabre-verify-fail-exit1
fullcorpus,@1786072820,1fadc03779f2a246a9b5af5d4a93533511c837df,dd3c178ea9553004d7bf4c494e1b7fd80e7b6ae6,false,expansion,portable,c-programs,c-programs/dbi-exec-failure,verify,sabre,expansion,pass,1,1,d9255dd9cc061248208ec6fabc39e2695034a2f78b3a79675522090f004de84c,368,,
fullcorpus,@1786072820,1fadc03779f2a246a9b5af5d4a93533511c837df,dd3c178ea9553004d7bf4c494e1b7fd80e7b6ae6,false,expansion,portable,c-programs,c-programs/dbi-execveat-unsupported,verify,sabre,expansion,pass,1,1,e3b0c44298fc1c149afbf4c8996fb92427ae41e4649b934ca495991b7852b855,1272,,
fullcorpus,@1786072820,1fadc03779f2a246a9b5af5d4a93533511c837df,dd3c178ea9553004d7bf4c494e1b7fd80e7b6ae6,false,expansion,portable,c-programs,c-programs/dbi-mmap-exec,verify,sabre,expansion,pass,1,1,87ef25ed096b64f71e5581bf5d09a9bb24b8dca9402b010322037898b99a81cf,361,,
fullcorpus,@1786072820,1fadc03779f2a246a9b5af5d4a93533511c837df,dd3c178ea9553004d7bf4c494e1b7fd80e7b6ae6,false,expansion,portable,c-programs,c-programs/dbi-pid-virtualization,verify,sabre,expansion,diverge,0,,8af335ac43dfe39410524279af642da4f57ce57f60eeeee150a2658041fcbe04,634,,sabre-verify-fail-exit1
fullcorpus,@1786072820,1fadc03779f2a246a9b5af5d4a93533511c837df,dd3c178ea9553004d7bf4c494e1b7fd80e7b6ae6,false,expansion,portable,c-programs,c-programs/dbi-prlimit-self,verify,sabre,expansion,pass,1,1,b5d0a733abb9b3694c70cc548fbd236ede0f60c1e06673b4e4999419c7721e12,359,,
fullcorpus,@1786072820,1fadc03779f2a246a9b5af5d4a93533511c837df,dd3c178ea9553004d7bf4c494e1b7fd80e7b6ae6,false,expansion,portable,c-programs,c-programs/dbi-self-sigqueue,verify,sabre,expansion,pass,1,1,f4c3bb314cd68d7f8c7e053c24257d5eaf5369087b8c21ee95fd29727f460537,347,,
fullcorpus,@1786072820,1fadc03779f2a246a9b5af5d4a93533511c837df,dd3c178ea9553004d7bf4c494e1b7fd80e7b6ae6,false,expansion,portable,c-programs,c-programs/dbi-unsupported-syscall,verify,sabre,expansion,diverge,0,0,e3b0c44298fc1c149afbf4c8996fb92427ae41e4649b934ca495991b7852b855,170,,sabre-verify-fail-exit1
fullcorpus,@1786072820,1fadc03779f2a246a9b5af5d4a93533511c837df,dd3c178ea9553004d7bf4c494e1b7fd80e7b6ae6,false,expansion,portable,c-programs,c-programs/dbi-wait-lifecycle,verify,sabre,expansion,diverge,0,,e3b0c44298fc1c149afbf4c8996fb92427ae41e4649b934ca495991b7852b855,212,,sabre-verify-fail-exit1
fullcorpus,@1786072820,1fadc03779f2a246a9b5af5d4a93533511c837df,dd3c178ea9553004d7bf4c494e1b7fd80e7b6ae6,false,expansion,portable,c-programs,c-programs/epoll-determinism,verify,sabre,expansion,diverge,0,,e3b0c44298fc1c149afbf4c8996fb92427ae41e4649b934ca495991b7852b855,178,,sabre-verify-fail-exit1
fullcorpus,@1786072820,1fadc03779f2a246a9b5af5d4a93533511c837df,dd3c178ea9553004d7bf4c494e1b7fd80e7b6ae6,false,expansion,portable,c-programs,c-programs/fp-reduction-nondeterminism,verify,sabre,expansion,timeout,0,0,e3b0c44298fc1c149afbf4c8996fb92427ae41e4649b934ca495991b7852b855,120004,,sabre-verify-timeout-120s
fullcorpus,@1786072820,1fadc03779f2a246a9b5af5d4a93533511c837df,dd3c178ea9553004d7bf4c494e1b7fd80e7b6ae6,false,expansion,portable,c-programs,c-programs/futex-requeue-enosys,verify,sabre,expansion,pass,1,1,3a97289e82874a6de3f7329de461ff8e98aab222e591b44478b0cbfa224b778e,488,,
fullcorpus,@1786072820,1fadc03779f2a246a9b5af5d4a93533511c837df,dd3c178ea9553004d7bf4c494e1b7fd80e7b6ae6,false,expansion,portable,c-programs,c-programs/futex-waitv-enosys,verify,sabre,expansion,pass,1,1,889b019ce9ffec65e091b4ebb00324388abe68095b3a9aebf5a6243a8d00540e,496,,
fullcorpus,@1786072820,1fadc03779f2a246a9b5af5d4a93533511c837df,dd3c178ea9553004d7bf4c494e1b7fd80e7b6ae6,false,expansion,portable,c-programs,c-programs/futex-wake-enosys,verify,sabre,expansion,pass,1,1,d841d882ef04ba206243543971a6e2d842db22c3508947d6fb60095d878b0da9,416,,
fullcorpus,@1786072820,1fadc03779f2a246a9b5af5d4a93533511c837df,dd3c178ea9553004d7bf4c494e1b7fd80e7b6ae6,false,expansion,portable,c-programs,c-programs/getcpu,verify,sabre,expansion,pass,1,1,345e84333a5805a44f38c499137ebb962d9e683e804aa45642afa84e41127f5d,386,,
fullcorpus,@1786072820,1fadc03779f2a246a9b5af5d4a93533511c837df,dd3c178ea9553004d7bf4c494e1b7fd80e7b6ae6,false,expansion,portable,c-programs,c-programs/getitimer-determinism-probe,verify,sabre,expansion,pass,1,1,17720cebaa5ab1c96e7035832f98c160d4b41b2c32a7bd909ca74d855fa5aaf9,545,,
fullcorpus,@1786072820,1fadc03779f2a246a9b5af5d4a93533511c837df,dd3c178ea9553004d7bf4c494e1b7fd80e7b6ae6,false,expansion,portable,c-programs,c-programs/get-robust-list-child,verify,sabre,expansion,diverge,0,0,e3b0c44298fc1c149afbf4c8996fb92427ae41e4649b934ca495991b7852b855,287,,sabre-verify-fail-exit1
fullcorpus,@1786072820,1fadc03779f2a246a9b5af5d4a93533511c837df,dd3c178ea9553004d7bf4c494e1b7fd80e7b6ae6,false,expansion,portable,c-programs,c-programs/get-robust-list-self,verify,sabre,expansion,pass,1,1,8a606e83612b4b4c869cfae1cd2f9f03220d7fde25cc88f10079b81f9b3423d1,497,,
fullcorpus,@1786072820,1fadc03779f2a246a9b5af5d4a93533511c837df,dd3c178ea9553004d7bf4c494e1b7fd80e7b6ae6,false,expansion,portable,c-programs,c-programs/get-robust-list-thread,verify,sabre,expansion,pass,1,1,281d743aba1e1247003f2ad95dda0456f103ab208c1d960079fd0ac272560d4c,470,,
fullcorpus,@1786072820,1fadc03779f2a246a9b5af5d4a93533511c837df,dd3c178ea9553004d7bf4c494e1b7fd80e7b6ae6,false,expansion,portable,c-programs,c-programs/getsockopt-null,verify,sabre,expansion,pass,1,1,b8636471f62fb5c81c4b4a5bacf5f4ec2b3e3b4970bc0aded5f496dae6670bfd,618,,
fullcorpus,@1786072820,1fadc03779f2a246a9b5af5d4a93533511c837df,dd3c178ea9553004d7bf4c494e1b7fd80e7b6ae6,false,expansion,portable,c-programs,c-programs/hello-alarm,verify,sabre,expansion,pass,1,1,69771519a00dad7a34964816b4a9d71896eed8707b6b8c7c3b2d901285fa09f8,379,,
fullcorpus,@1786072820,1fadc03779f2a246a9b5af5d4a93533511c837df,dd3c178ea9553004d7bf4c494e1b7fd80e7b6ae6,false,expansion,portable,c-programs,c-programs/hello-nostdlib,verify,sabre,expansion,diverge,0,0,e3b0c44298fc1c149afbf4c8996fb92427ae41e4649b934ca495991b7852b855,393,,sabre-verify-fail-exit1
fullcorpus,@1786072820,1fadc03779f2a246a9b5af5d4a93533511c837df,dd3c178ea9553004d7bf4c494e1b7fd80e7b6ae6,false,expansion,portable,c-programs,c-programs/hello-signals,verify,sabre,expansion,pass,1,1,2b4df140dfdd472e4bde5c4d449c859ae4a83efe7f0372f448b95db8b40614d8,408,,
fullcorpus,@1786072820,1fadc03779f2a246a9b5af5d4a93533511c837df,dd3c178ea9553004d7bf4c494e1b7fd80e7b6ae6,false,expansion,portable,c-programs,c-programs/ioctl-fioclex,verify,sabre,expansion,pass,1,1,ed203ed9433cb973a747cbe39690fecc753e9fd7c1e7688563d6f3a154eb0d5e,374,,
fullcorpus,@1786072820,1fadc03779f2a246a9b5af5d4a93533511c837df,dd3c178ea9553004d7bf4c494e1b7fd80e7b6ae6,false,expansion,portable,c-programs,c-programs/ioctl-siocethtool,verify,sabre,expansion,pass,1,1,28f38ce93b6d5f0d279d4f3d619cc3fc7e134e190ae9ee4f652eeb6afe623291,343,,
fullcorpus,@1786072820,1fadc03779f2a246a9b5af5d4a93533511c837df,dd3c178ea9553004d7bf4c494e1b7fd80e7b6ae6,false,expansion,portable,c-programs,c-programs/io-uring-fallback,verify,sabre,expansion,pass,1,1,8546e30d188b0b196b8d907e1289e7b830df6fd61ff9dd83f5165ba9bda77e7f,422,,
fullcorpus,@1786072820,1fadc03779f2a246a9b5af5d4a93533511c837df,dd3c178ea9553004d7bf4c494e1b7fd80e7b6ae6,false,expansion,portable,c-programs,c-programs/io-uring-ring-determinism,verify,sabre,expansion,pass,1,1,5de332a6e2af5315f34ec08e21ca7f8c037a65ecbaee17efd47005a7f1809201,381,,
fullcorpus,@1786072820,1fadc03779f2a246a9b5af5d4a93533511c837df,dd3c178ea9553004d7bf4c494e1b7fd80e7b6ae6,false,expansion,portable,c-programs,c-programs/ipc-determinism,verify,sabre,expansion,diverge,0,,e3b0c44298fc1c149afbf4c8996fb92427ae41e4649b934ca495991b7852b855,183,,sabre-verify-fail-exit1
fullcorpus,@1786072820,1fadc03779f2a246a9b5af5d4a93533511c837df,dd3c178ea9553004d7bf4c494e1b7fd80e7b6ae6,false,expansion,portable,c-programs,c-programs/just-spin,verify,sabre,expansion,pass,1,1,e3b0c44298fc1c149afbf4c8996fb92427ae41e4649b934ca495991b7852b855,465,,
fullcorpus,@1786072820,1fadc03779f2a246a9b5af5d4a93533511c837df,dd3c178ea9553004d7bf4c494e1b7fd80e7b6ae6,false,expansion,portable,c-programs,c-programs/kcmp-eperm,verify,sabre,expansion,pass,1,1,288278193317b71ec5d15a6dcc2239918b1eea39229a8ef5eb7ae1e6b0a72cce,405,,
fullcorpus,@1786072820,1fadc03779f2a246a9b5af5d4a93533511c837df,dd3c178ea9553004d7bf4c494e1b7fd80e7b6ae6,false,expansion,portable,c-programs,c-programs/keyctl-enosys,verify,sabre,expansion,pass,1,1,83d9f2169baa0647471ca5f2e4e1c5b73ff2d356b322b7fcdd75d5cf129a292f,358,,
fullcorpus,@1786072820,1fadc03779f2a246a9b5af5d4a93533511c837df,dd3c178ea9553004d7bf4c494e1b7fd80e7b6ae6,false,expansion,portable,c-programs,c-programs/keyctl-passthrough,verify,sabre,expansion,pass,1,1,decfa402c4223a34ee494253769befc420b46b13da25f3082c91dfe7f19a0310,334,,
fullcorpus,@1786072820,1fadc03779f2a246a9b5af5d4a93533511c837df,dd3c178ea9553004d7bf4c494e1b7fd80e7b6ae6,false,expansion,portable,c-programs,c-programs/listmount-enosys,verify,sabre,expansion,pass,1,1,231c3dfcda497bd1b166dfb575578d2868721d30f15362cfabcad6f930e43713,355,,
fullcorpus,@1786072820,1fadc03779f2a246a9b5af5d4a93533511c837df,dd3c178ea9553004d7bf4c494e1b7fd80e7b6ae6,false,expansion,portable,c-programs,c-programs/liteinst-advanced,verify,sabre,expansion,diverge,0,,e3b0c44298fc1c149afbf4c8996fb92427ae41e4649b934ca495991b7852b855,264,,sabre-verify-fail-exit1
fullcorpus,@1786072820,1fadc03779f2a246a9b5af5d4a93533511c837df,dd3c178ea9553004d7bf4c494e1b7fd80e7b6ae6,false,expansion,portable,c-programs,c-programs/lsm-get-self-attr-enosys,verify,sabre,expansion,pass,1,1,e83dcdfbdee854f34e05165d3a7aa7b774ca748bc96ee665789c63a32c593fe0,345,,
fullcorpus,@1786072820,1fadc03779f2a246a9b5af5d4a93533511c837df,dd3c178ea9553004d7bf4c494e1b7fd80e7b6ae6,false,expansion,portable,c-programs,c-programs/lsm-list-modules-enosys,verify,sabre,expansion,pass,1,1,8f5862ec33defb2bf2625429444eaec8b64ce9b7d2c21635e7db07f99c92fc3d,338,,
fullcorpus,@1786072820,1fadc03779f2a246a9b5af5d4a93533511c837df,dd3c178ea9553004d7bf4c494e1b7fd80e7b6ae6,false,expansion,portable,c-programs,c-programs/lsm-set-self-attr-enosys,verify,sabre,expansion,pass,1,1,326c5b270af2a116865e2690f44310bc17aa77c6cc96d4c83800615036e10e16,341,,
fullcorpus,@1786072820,1fadc03779f2a246a9b5af5d4a93533511c837df,dd3c178ea9553004d7bf4c494e1b7fd80e7b6ae6,false,expansion,portable,c-programs,c-programs/madvise-determinism,verify,sabre,expansion,pass,1,1,c6053a1ebd42e4762ac34b01ed5d666e0b1f5f18b83ddca9d1b7f4ebef175e83,407,,
fullcorpus,@1786072820,1fadc03779f2a246a9b5af5d4a93533511c837df,dd3c178ea9553004d7bf4c494e1b7fd80e7b6ae6,false,expansion,portable,c-programs,c-programs/map-shadow-stack-enosys,verify,sabre,expansion,pass,1,1,97ae187dd98c3d4b943dd9b69d472da499f0ef3ae9b2c66152d2ed5dc04bd569,347,,
fullcorpus,@1786072820,1fadc03779f2a246a9b5af5d4a93533511c837df,dd3c178ea9553004d7bf4c494e1b7fd80e7b6ae6,false,expansion,portable,c-programs,c-programs/memfd-secret-enosys,verify,sabre,expansion,pass,1,1,dcbbb5f4e71889cba127631a6a9a2fce4d68defe8aa92a8d437fd6be6129d6dd,343,,
fullcorpus,@1786072820,1fadc03779f2a246a9b5af5d4a93533511c837df,dd3c178ea9553004d7bf4c494e1b7fd80e7b6ae6,false,expansion,portable,c-programs,c-programs/meminfo-available-deterministic,verify,sabre,expansion,pass,1,1,7b76f77046d0c4bc8e2105f9850b009d269b48c26e0b7de4723c8adc25181af4,360,,
fullcorpus,@1786072820,1fadc03779f2a246a9b5af5d4a93533511c837df,dd3c178ea9553004d7bf4c494e1b7fd80e7b6ae6,false,expansion,portable,c-programs,c-programs/meminfo-cached-deterministic,verify,sabre,expansion,pass,1,1,6a4a1ce51b1c48a3c39972e58451953b36a3a49ed40cdf242978e2c2da4cabe4,388,,
fullcorpus,@1786072820,1fadc03779f2a246a9b5af5d4a93533511c837df,dd3c178ea9553004d7bf4c494e1b7fd80e7b6ae6,false,expansion,portable,c-programs,c-programs/meminfo-free-deterministic,verify,sabre,expansion,pass,1,1,b8a06902cd8245cc3d8acabb5118c81f14b6455c7e6d5da9cf2e59f0b0bcc9da,359,,
fullcorpus,@1786072820,1fadc03779f2a246a9b5af5d4a93533511c837df,dd3c178ea9553004d7bf4c494e1b7fd80e7b6ae6,false,expansion,portable,c-programs,c-programs/memorypress,verify,sabre,expansion,pass,1,1,e3b0c44298fc1c149afbf4c8996fb92427ae41e4649b934ca495991b7852b855,354,,
fullcorpus,@1786072820,1fadc03779f2a246a9b5af5d4a93533511c837df,dd3c178ea9553004d7bf4c494e1b7fd80e7b6ae6,false,expansion,portable,c-programs,c-programs/mmap-determinism,verify,sabre,expansion,diverge,0,,e3b0c44298fc1c149afbf4c8996fb92427ae41e4649b934ca495991b7852b855,164,,sabre-verify-fail-exit1
fullcorpus,@1786072820,1fadc03779f2a246a9b5af5d4a93533511c837df,dd3c178ea9553004d7bf4c494e1b7fd80e7b6ae6,false,expansion,portable,c-programs,c-programs/mmap-stress-determinism,verify,sabre,expansion,pass,1,1,890065cac586dbeaf7ae771f63d223dd2d04995b4e051040bdd9c9792019dec0,752,,
fullcorpus,@1786072820,1fadc03779f2a246a9b5af5d4a93533511c837df,dd3c178ea9553004d7bf4c494e1b7fd80e7b6ae6,false,expansion,portable,c-programs,c-programs/name-to-handle-at-eopnotsupp,verify,sabre,expansion,pass,1,1,29e0c39b5f7ab315794d97b7e06e60cf737450deef4306dd8ad0ffd040a25cc0,331,,
fullcorpus,@1786072820,1fadc03779f2a246a9b5af5d4a93533511c837df,dd3c178ea9553004d7bf4c494e1b7fd80e7b6ae6,false,expansion,portable,c-programs,c-programs/name-to-handle-directory-eopnotsupp,verify,sabre,expansion,pass,1,1,7e5656f3fa9831a9c1f43055b26f6f209b6549daeb42ef1ce12677b324adf310,349,,
fullcorpus,@1786072820,1fadc03779f2a246a9b5af5d4a93533511c837df,dd3c178ea9553004d7bf4c494e1b7fd80e7b6ae6,false,expansion,portable,c-programs,c-programs/name-to-handle-empty-path-eopnotsupp,verify,sabre,expansion,pass,1,1,e3f9de47951c04e5f8349e7bb340fca6dcb76fffe659a12ab8f9e16fe48f72dd,344,,
fullcorpus,@1786072820,1fadc03779f2a246a9b5af5d4a93533511c837df,dd3c178ea9553004d7bf4c494e1b7fd80e7b6ae6,false,expansion,portable,c-programs,c-programs/name-to-handle-regular-eopnotsupp,verify,sabre,expansion,pass,1,1,82b589b3f458bbdcffe0a9aaf1a18ab2cfe882ab232290e1ca113714923af2a0,360,,
fullcorpus,@1786072820,1fadc03779f2a246a9b5af5d4a93533511c837df,dd3c178ea9553004d7bf4c494e1b7fd80e7b6ae6,false,expansion,portable,c-programs,c-programs/nanosleep-par,verify,sabre,expansion,pass,1,1,bf8aa1c7b00aeb67d9ce84b6efe29c410ef142938a5c71a932bbe34e2cf09f91,660,,
fullcorpus,@1786072820,1fadc03779f2a246a9b5af5d4a93533511c837df,dd3c178ea9553004d7bf4c494e1b7fd80e7b6ae6,false,expansion,portable,c-programs,c-programs/nanosleep-threads-nocrash,verify,sabre,expansion,pass,1,1,e3b0c44298fc1c149afbf4c8996fb92427ae41e4649b934ca495991b7852b855,414,,
fullcorpus,@1786072820,1fadc03779f2a246a9b5af5d4a93533511c837df,dd3c178ea9553004d7bf4c494e1b7fd80e7b6ae6,false,expansion,portable,c-programs,c-programs/nanosleep-threads-simple,verify,sabre,expansion,diverge,0,,e3b0c44298fc1c149afbf4c8996fb92427ae41e4649b934ca495991b7852b855,1325,,sabre-verify-fail-exit1
fullcorpus,@1786072820,1fadc03779f2a246a9b5af5d4a93533511c837df,dd3c178ea9553004d7bf4c494e1b7fd80e7b6ae6,false,expansion,portable,c-programs,c-programs/netlink-autobind-generic,verify,sabre,expansion,pass,1,1,947db933d2beaaa7502b24b06bc2aa623116320e9099408e0714af30e877b237,368,,
fullcorpus,@1786072820,1fadc03779f2a246a9b5af5d4a93533511c837df,dd3c178ea9553004d7bf4c494e1b7fd80e7b6ae6,false,expansion,portable,c-programs,c-programs/netlink-autobind-route,verify,sabre,expansion,pass,1,1,6b579b3015fa46b849f2c563d3caa3f1113b30eda45f2c376a535ade155a5264,384,,
fullcorpus,@1786072820,1fadc03779f2a246a9b5af5d4a93533511c837df,dd3c178ea9553004d7bf4c494e1b7fd80e7b6ae6,false,expansion,portable,c-programs,c-programs/netlink-autobind-usersock,verify,sabre,expansion,pass,1,1,434cfac765f7a108d0f27c8b43ba45a2b7acff66219ef8104a01612dd7e70956,345,,
fullcorpus,@1786072820,1fadc03779f2a246a9b5af5d4a93533511c837df,dd3c178ea9553004d7bf4c494e1b7fd80e7b6ae6,false,expansion,portable,c-programs,c-programs/netns-cookie-tcp4,verify,sabre,expansion,pass,1,1,69c87be106187443c99bd437315cc2bb5e8110445a962b89b9d3d9d5446a505e,353,,
fullcorpus,@1786072820,1fadc03779f2a246a9b5af5d4a93533511c837df,dd3c178ea9553004d7bf4c494e1b7fd80e7b6ae6,false,expansion,portable,c-programs,c-programs/netns-cookie-tcp6,verify,sabre,expansion,pass,1,1,a6c1c996f6bed470020b9575b0884d32ba10a29938b56ce56dbcbce889a1c719,349,,
fullcorpus,@1786072820,1fadc03779f2a246a9b5af5d4a93533511c837df,dd3c178ea9553004d7bf4c494e1b7fd80e7b6ae6,false,expansion,portable,c-programs,c-programs/netns-cookie-udp4,verify,sabre,expansion,pass,1,1,3f3599e44c7dcd4ec95cf8d9e67c01200ce6a491020b553a010b6ee754095bb0,366,,
fullcorpus,@1786072820,1fadc03779f2a246a9b5af5d4a93533511c837df,dd3c178ea9553004d7bf4c494e1b7fd80e7b6ae6,false,expansion,portable,c-programs,c-programs/perf-event-hardware-enosys,verify,sabre,expansion,pass,1,1,c7ea49ae4eac3a1842c692e71eff658fde408e8ccb4b9a1efa9094b58a8d453a,359,,
fullcorpus,@1786072820,1fadc03779f2a246a9b5af5d4a93533511c837df,dd3c178ea9553004d7bf4c494e1b7fd80e7b6ae6,false,expansion,portable,c-programs,c-programs/perf-event-open-enosys,verify,sabre,expansion,pass,1,1,2ce5d62fee05f49913ea9ac04a79850be9af6e16eae2083b3054c2186d1fd933,347,,
fullcorpus,@1786072820,1fadc03779f2a246a9b5af5d4a93533511c837df,dd3c178ea9553004d7bf4c494e1b7fd80e7b6ae6,false,expansion,portable,c-programs,c-programs/perf-event-software-enosys,verify,sabre,expansion,pass,1,1,9dd8d0a9c51029d92fb24312cc38b62b647ab6e796f26f0670e2e54d062b54b6,375,,
fullcorpus,@1786072820,1fadc03779f2a246a9b5af5d4a93533511c837df,dd3c178ea9553004d7bf4c494e1b7fd80e7b6ae6,false,expansion,portable,c-programs,c-programs/perf-event-watchpoint-enosys,verify,sabre,expansion,pass,1,1,a3c1e5e84ae8a1c634c0fd8ad162c35918124d312ed7e23f44555334e58daf40,404,,
fullcorpus,@1786072820,1fadc03779f2a246a9b5af5d4a93533511c837df,dd3c178ea9553004d7bf4c494e1b7fd80e7b6ae6,false,expansion,portable,c-programs,c-programs/periodic-setitimer-delivery,verify,sabre,expansion,pass,1,1,db1d924766d35b4e879b61b7ca0256ae3656e1bcfb81e882ef4e754d9df0d87d,357,,
fullcorpus,@1786072820,1fadc03779f2a246a9b5af5d4a93533511c837df,dd3c178ea9553004d7bf4c494e1b7fd80e7b6ae6,false,expansion,portable,c-programs,c-programs/pidfd-open-self,verify,sabre,expansion,pass,1,1,eb85b13112d24bf3eabf6dc998951dba694fd8a544d48d55b0243fcea3a30de9,348,,
fullcorpus,@1786072820,1fadc03779f2a246a9b5af5d4a93533511c837df,dd3c178ea9553004d7bf4c494e1b7fd80e7b6ae6,false,expansion,portable,c-programs,c-programs/pidfd-poll-self,verify,sabre,expansion,pass,1,1,d9c4e30a92ce688e867036dd07e60be370ba398f888f35db4edc54730e9abe08,333,,
fullcorpus,@1786072820,1fadc03779f2a246a9b5af5d4a93533511c837df,dd3c178ea9553004d7bf4c494e1b7fd80e7b6ae6,false,expansion,portable,c-programs,c-programs/pidfd-waitid-child,verify,sabre,expansion,diverge,0,0,e3b0c44298fc1c149afbf4c8996fb92427ae41e4649b934ca495991b7852b855,194,,sabre-verify-fail-exit1
fullcorpus,@1786072820,1fadc03779f2a246a9b5af5d4a93533511c837df,dd3c178ea9553004d7bf4c494e1b7fd80e7b6ae6,false,expansion,portable,c-programs,c-programs/ppoll-readv,verify,sabre,expansion,pass,1,1,c03be617b251e1b37d3570212e2f93d6a815c70dfb73dca0dd25cef02468153a,370,,
fullcorpus,@1786072820,1fadc03779f2a246a9b5af5d4a93533511c837df,dd3c178ea9553004d7bf4c494e1b7fd80e7b6ae6,false,expansion,portable,c-programs,c-programs/ppoll-simulation,verify,sabre,expansion,pass,1,1,8ed6c0a2fbe8457da0a0b394c05e4ce42009f4631451de6c41e371d77a9068f5,391,,
fullcorpus,@1786072820,1fadc03779f2a246a9b5af5d4a93533511c837df,dd3c178ea9553004d7bf4c494e1b7fd80e7b6ae6,false,expansion,portable,c-programs,c-programs/prctl-dumpable,verify,sabre,expansion,pass,1,1,789f3fd97e00c2b30751851b5bd08f2703b2539a14421d29dea17db83c379696,348,,
fullcorpus,@1786072820,1fadc03779f2a246a9b5af5d4a93533511c837df,dd3c178ea9553004d7bf4c494e1b7fd80e7b6ae6,false,expansion,portable,c-programs,c-programs/pread64-nostdlib,verify,sabre,expansion,diverge,0,0,e3b0c44298fc1c149afbf4c8996fb92427ae41e4649b934ca495991b7852b855,698,,sabre-verify-fail-exit1
fullcorpus,@1786072820,1fadc03779f2a246a9b5af5d4a93533511c837df,dd3c178ea9553004d7bf4c494e1b7fd80e7b6ae6,false,expansion,portable,c-programs,c-programs/printf-with-threads,verify,sabre,expansion,pass,1,1,e36a044d5d2a2be76cbf0550fa744da4e751c78870cf3712ebc061f1a2c55f83,370,,
fullcorpus,@1786072820,1fadc03779f2a246a9b5af5d4a93533511c837df,dd3c178ea9553004d7bf4c494e1b7fd80e7b6ae6,false,expansion,portable,c-programs,c-programs/print-memaddrs,verify,sabre,expansion,pass,1,0,79595534c3a839ae2d683b8a9b35c9a71d8d03681c89f963e982eba431f80b80,347,,
fullcorpus,@1786072820,1fadc03779f2a246a9b5af5d4a93533511c837df,dd3c178ea9553004d7bf4c494e1b7fd80e7b6ae6,false,expansion,portable,c-programs,c-programs/process-mrelease-enosys,verify,sabre,expansion,pass,1,1,c21e5000294b34b0a296fdceaa1377156cde383448706c80e1f4ad705bfdb076,332,,
fullcorpus,@1786072820,1fadc03779f2a246a9b5af5d4a93533511c837df,dd3c178ea9553004d7bf4c494e1b7fd80e7b6ae6,false,expansion,portable,c-programs,c-programs/process-vm-readv-refusal-probe,verify,sabre,expansion,pass,1,1,50905f5ed2b6d9b2083dc16aabfd535f7c531aa42e72dc6c2b67f36e70e97a66,336,,
fullcorpus,@1786072820,1fadc03779f2a246a9b5af5d4a93533511c837df,dd3c178ea9553004d7bf4c494e1b7fd80e7b6ae6,false,expansion,portable,c-programs,c-programs/process-vm-writev-refusal-probe,verify,sabre,expansion,pass,1,1,92c63d99c7bc830d36fb97a16d43febe7a7fcdca938131c9963f92c1b1a2b59d,340,,
fullcorpus,@1786072820,1fadc03779f2a246a9b5af5d4a93533511c837df,dd3c178ea9553004d7bf4c494e1b7fd80e7b6ae6,false,expansion,portable,c-programs,c-programs/proc-fdinfo,verify,sabre,expansion,pass,1,0,a7a19be3773f504673068f0e13217bac2630ddc837f103d48f8fd981e36f8ff5,354,,
fullcorpus,@1786072820,1fadc03779f2a246a9b5af5d4a93533511c837df,dd3c178ea9553004d7bf4c494e1b7fd80e7b6ae6,false,expansion,portable,c-programs,c-programs/proc-fd-link-aliases,verify,sabre,expansion,pass,1,1,a54aec5d7147422feac8782b9d053b8609b9f6a45b8b2ab71f16cca54da845a0,389,,
fullcorpus,@1786072820,1fadc03779f2a246a9b5af5d4a93533511c837df,dd3c178ea9553004d7bf4c494e1b7fd80e7b6ae6,false,expansion,portable,c-programs,c-programs/procfs-positioned-probe,verify,sabre,expansion,pass,1,1,96c70ad84f7430a56bdf020c7e3c24dbbd8719d841a1cb616712b1b96ad38f03,348,,
fullcorpus,@1786072820,1fadc03779f2a246a9b5af5d4a93533511c837df,dd3c178ea9553004d7bf4c494e1b7fd80e7b6ae6,false,expansion,portable,c-programs,c-programs/proc-locks,verify,sabre,expansion,pass,1,1,fa314d5543a63dd3d6317f97c24feb7b33c9a47fbeea304c79fbd732f5fea7a6,430,,
fullcorpus,@1786072820,1fadc03779f2a246a9b5af5d4a93533511c837df,dd3c178ea9553004d7bf4c494e1b7fd80e7b6ae6,false,expansion,portable,c-programs,c-programs/prodcons-determinism,verify,sabre,expansion,pass,1,1,81282a1fb8147d5cf198f784f93142129205c96b3a1587329eda16ce1581673e,7540,,
fullcorpus,@1786072820,1fadc03779f2a246a9b5af5d4a93533511c837df,dd3c178ea9553004d7bf4c494e1b7fd80e7b6ae6,false,expansion,portable,c-programs,c-programs/pselect6-simulation,verify,sabre,expansion,diverge,0,0,e3b0c44298fc1c149afbf4c8996fb92427ae41e4649b934ca495991b7852b855,421,,sabre-verify-fail-exit1
fullcorpus,@1786072820,1fadc03779f2a246a9b5af5d4a93533511c837df,dd3c178ea9553004d7bf4c494e1b7fd80e7b6ae6,false,expansion,portable,c-programs,c-programs/ptrace-attach-eperm,verify,sabre,expansion,diverge,0,0,e3b0c44298fc1c149afbf4c8996fb92427ae41e4649b934ca495991b7852b855,177,,sabre-verify-fail-exit1
fullcorpus,@1786072820,1fadc03779f2a246a9b5af5d4a93533511c837df,dd3c178ea9553004d7bf4c494e1b7fd80e7b6ae6,false,expansion,portable,c-programs,c-programs/ptrace-eperm,verify,sabre,expansion,pass,1,1,4357c8a18b9107c54242303395afea99ea744c6c288d8db499b4e1062383de17,363,,
fullcorpus,@1786072820,1fadc03779f2a246a9b5af5d4a93533511c837df,dd3c178ea9553004d7bf4c494e1b7fd80e7b6ae6,false,expansion,portable,c-programs,c-programs/ptrace-seize-eperm,verify,sabre,expansion,diverge,0,0,e3b0c44298fc1c149afbf4c8996fb92427ae41e4649b934ca495991b7852b855,194,,sabre-verify-fail-exit1
fullcorpus,@1786072820,1fadc03779f2a246a9b5af5d4a93533511c837df,dd3c178ea9553004d7bf4c494e1b7fd80e7b6ae6,false,expansion,portable,c-programs,c-programs/ptrace-traceme-eperm,verify,sabre,expansion,pass,1,1,7ceef18c073f15987e5d89441dc5bf378f7c1b50e8bf3ac626a6ea3eaa9cad56,330,,
fullcorpus,@1786072820,1fadc03779f2a246a9b5af5d4a93533511c837df,dd3c178ea9553004d7bf4c494e1b7fd80e7b6ae6,false,expansion,portable,c-programs,c-programs/pty-nr-count,verify,sabre,expansion,pass,1,1,d6aa3c553b74b5052939893a096d0f320c69d79a52c3ed819d2c10f57ea6e3ac,407,,
fullcorpus,@1786072820,1fadc03779f2a246a9b5af5d4a93533511c837df,dd3c178ea9553004d7bf4c494e1b7fd80e7b6ae6,false,expansion,portable,c-programs,c-programs/racewrite-nostdlib,verify,sabre,expansion,diverge,0,0,e3b0c44298fc1c149afbf4c8996fb92427ae41e4649b934ca495991b7852b855,419,,sabre-verify-fail-exit1
fullcorpus,@1786072820,1fadc03779f2a246a9b5af5d4a93533511c837df,dd3c178ea9553004d7bf4c494e1b7fd80e7b6ae6,false,expansion,portable,c-programs,c-programs/random-sources,verify,sabre,expansion,pass,1,0,7f94bd8d7d7ccdd0693b92657f2f783aa5730e8ef9b4ea78436698ef6e3e145e,508,,
fullcorpus,@1786072820,1fadc03779f2a246a9b5af5d4a93533511c837df,dd3c178ea9553004d7bf4c494e1b7fd80e7b6ae6,false,expansion,portable,c-programs,c-programs/rcx-canonicalization,verify,sabre,expansion,pass,1,1,60ab39b068f20e83e1e12d5fc849301a3ee11bab51ddf3f0f8240e5c38b7ed25,340,,
fullcorpus,@1786072820,1fadc03779f2a246a9b5af5d4a93533511c837df,dd3c178ea9553004d7bf4c494e1b7fd80e7b6ae6,false,expansion,portable,c-programs,c-programs/record-replay-fd-close,verify,sabre,expansion,pass,1,1,e3b0c44298fc1c149afbf4c8996fb92427ae41e4649b934ca495991b7852b855,1198,,
fullcorpus,@1786072820,1fadc03779f2a246a9b5af5d4a93533511c837df,dd3c178ea9553004d7bf4c494e1b7fd80e7b6ae6,false,expansion,portable,c-programs,c-programs/record-replay-file-state,verify,sabre,expansion,diverge,0,0,e3b0c44298fc1c149afbf4c8996fb92427ae41e4649b934ca495991b7852b855,178,,sabre-verify-fail-exit1
fullcorpus,@1786072820,1fadc03779f2a246a9b5af5d4a93533511c837df,dd3c178ea9553004d7bf4c494e1b7fd80e7b6ae6,false,expansion,portable,c-programs,c-programs/record-replay-lseek-seek-cur,verify,sabre,expansion,diverge,0,,e3b0c44298fc1c149afbf4c8996fb92427ae41e4649b934ca495991b7852b855,171,,sabre-verify-fail-exit1
fullcorpus,@1786072820,1fadc03779f2a246a9b5af5d4a93533511c837df,dd3c178ea9553004d7bf4c494e1b7fd80e7b6ae6,false,expansion,portable,c-programs,c-programs/record-replay-setsockopt,verify,sabre,expansion,pass,1,1,81a01674bdbc3ed8aff53344a3ca68dd615e08ff5a413f537980546e30757714,372,,
fullcorpus,@1786072820,1fadc03779f2a246a9b5af5d4a93533511c837df,dd3c178ea9553004d7bf4c494e1b7fd80e7b6ae6,false,expansion,portable,c-programs,c-programs/recvmsg-scm-rights-mmap,verify,sabre,expansion,pass,1,1,50212370d90ce8b680af7c5a9448684c494dc504956193611b2f034831e5c80d,354,,
fullcorpus,@1786072820,1fadc03779f2a246a9b5af5d4a93533511c837df,dd3c178ea9553004d7bf4c494e1b7fd80e7b6ae6,false,expansion,portable,c-programs,c-programs/remap-file-pages-anonymous-enosys,verify,sabre,expansion,pass,1,1,18b174a569bfacdfaa99b5ec11dec76b5c857e910913d52f2b0886ccf43c8de5,332,,
fullcorpus,@1786072820,1fadc03779f2a246a9b5af5d4a93533511c837df,dd3c178ea9553004d7bf4c494e1b7fd80e7b6ae6,false,expansion,portable,c-programs,c-programs/remap-file-pages-memfd-enosys,verify,sabre,expansion,pass,1,1,bd053ef4819b7e8bcfbb6cae1bfce238da7007e770af9efcdd46419aedff5631,352,,
fullcorpus,@1786072820,1fadc03779f2a246a9b5af5d4a93533511c837df,dd3c178ea9553004d7bf4c494e1b7fd80e7b6ae6,false,expansion,portable,c-programs,c-programs/remap-file-pages-tmpfile-enosys,verify,sabre,expansion,pass,1,1,86f8d7cfd95fa8053265e9077e7cefc2b5f36f9060c8719f7f2652421a984d31,352,,
fullcorpus,@1786072820,1fadc03779f2a246a9b5af5d4a93533511c837df,dd3c178ea9553004d7bf4c494e1b7fd80e7b6ae6,false,expansion,portable,c-programs,c-programs/request-key-enosys,verify,sabre,expansion,pass,1,1,745b53ba9579787b43a3a4b6271a471d8915b07ef8be45f28360fc0fb683d9d1,336,,
fullcorpus,@1786072820,1fadc03779f2a246a9b5af5d4a93533511c837df,dd3c178ea9553004d7bf4c494e1b7fd80e7b6ae6,false,expansion,portable,c-programs,c-programs/resource-determinism,verify,sabre,expansion,diverge,0,0,94cd3ecd41a4326f0acf2973470d3f55f78344f9a65cc76fb0f73dc657e35175,207,,sabre-verify-fail-exit1
fullcorpus,@1786072820,1fadc03779f2a246a9b5af5d4a93533511c837df,dd3c178ea9553004d7bf4c494e1b7fd80e7b6ae6,false,expansion,portable,c-programs,c-programs/sched-setattr-batch,verify,sabre,expansion,pass,1,1,99eac8d5cfe2b3c98d2a509ad3c4095f749dedf91bfe3a50c888ca25482ff328,332,,
fullcorpus,@1786072820,1fadc03779f2a246a9b5af5d4a93533511c837df,dd3c178ea9553004d7bf4c494e1b7fd80e7b6ae6,false,expansion,portable,c-programs,c-programs/sched-setattr-idle,verify,sabre,expansion,pass,1,1,5ee4cb2f5210f1a5945af443dbb57effe1a8f04c69f632d2391781c6f900af7c,348,,
fullcorpus,@1786072820,1fadc03779f2a246a9b5af5d4a93533511c837df,dd3c178ea9553004d7bf4c494e1b7fd80e7b6ae6,false,expansion,portable,c-programs,c-programs/sched-setattr-other,verify,sabre,expansion,pass,1,1,b9b3b39b4487c39eff3a18989355c0d25dae1bbef9c9eb9868729f3335163e9d,359,,
fullcorpus,@1786072820,1fadc03779f2a246a9b5af5d4a93533511c837df,dd3c178ea9553004d7bf4c494e1b7fd80e7b6ae6,false,expansion,portable,c-programs,c-programs/scheduler-policy-queries,verify,sabre,expansion,pass,1,1,49a4292eaa9d835040b884177ac3fed11611ee037c7577af8a28d977675dde27,354,,
fullcorpus,@1786072820,1fadc03779f2a246a9b5af5d4a93533511c837df,dd3c178ea9553004d7bf4c494e1b7fd80e7b6ae6,false,expansion,portable,c-programs,c-programs/sched-yield-progress,verify,sabre,expansion,pass,1,1,0cf05b84c117bf29ad0908b6ed54b07ab9fd5cd576bd8e2c42ac2411eec42a5e,409,,
fullcorpus,@1786072820,1fadc03779f2a246a9b5af5d4a93533511c837df,dd3c178ea9553004d7bf4c494e1b7fd80e7b6ae6,false,expansion,portable,c-programs,c-programs/setitimer-determinism,verify,sabre,expansion,pass,1,0,dec0f81b3ccdd745a926ed8ff7a2f50ee1391a7c50bd1f28dcb7d5ed1e1b6a6c,387,,
fullcorpus,@1786072820,1fadc03779f2a246a9b5af5d4a93533511c837df,dd3c178ea9553004d7bf4c494e1b7fd80e7b6ae6,false,expansion,portable,c-programs,c-programs/sigmask-preemption,verify,sabre,expansion,pass,1,1,33120d6f8e5896b4921d592649470484fdfb0c3438aedd6f7a19dc625829cb76,4588,,
fullcorpus,@1786072820,1fadc03779f2a246a9b5af5d4a93533511c837df,dd3c178ea9553004d7bf4c494e1b7fd80e7b6ae6,false,expansion,portable,c-programs,c-programs/signal-determinism,verify,sabre,expansion,diverge,0,,e3b0c44298fc1c149afbf4c8996fb92427ae41e4649b934ca495991b7852b855,177,,sabre-verify-fail-exit1
fullcorpus,@1786072820,1fadc03779f2a246a9b5af5d4a93533511c837df,dd3c178ea9553004d7bf4c494e1b7fd80e7b6ae6,false,expansion,portable,c-programs,c-programs/sigpipe-siginfo,verify,sabre,expansion,diverge,0,0,e3b0c44298fc1c149afbf4c8996fb92427ae41e4649b934ca495991b7852b855,171,,sabre-verify-fail-exit1
fullcorpus,@1786072820,1fadc03779f2a246a9b5af5d4a93533511c837df,dd3c178ea9553004d7bf4c494e1b7fd80e7b6ae6,false,expansion,portable,c-programs,c-programs/sigtimedwait-no-timeout,verify,sabre,expansion,timeout,0,0,9e8ecb96a8c91d2a751a3aa82a29618bf0fd890f295d8bb4d8b121e3be3add3f,120005,,sabre-verify-timeout-120s
fullcorpus,@1786072820,1fadc03779f2a246a9b5af5d4a93533511c837df,dd3c178ea9553004d7bf4c494e1b7fd80e7b6ae6,false,expansion,portable,c-programs,c-programs/sigtimedwait-timeout-0s,verify,sabre,expansion,pass,1,1,1fdb5bc221fec017d7d094e8aeef5164e5684040b75235798955040a2cae9573,451,,
fullcorpus,@1786072820,1fadc03779f2a246a9b5af5d4a93533511c837df,dd3c178ea9553004d7bf4c494e1b7fd80e7b6ae6,false,expansion,portable,c-programs,c-programs/sigtimedwait-timeout-1s,verify,sabre,expansion,pass,1,0,0deea4ab8c6a65bc294aca5c071bf834e90d7c105ca30869347ca4d4852b2a69,938,,
fullcorpus,@1786072820,1fadc03779f2a246a9b5af5d4a93533511c837df,dd3c178ea9553004d7bf4c494e1b7fd80e7b6ae6,false,expansion,portable,c-programs,c-programs/socket-cookie-tcp,verify,sabre,expansion,pass,1,1,6180a36432851ee86fbec823dd6fe6c7588f786bfadefd70480438b246053b6b,358,,
fullcorpus,@1786072820,1fadc03779f2a246a9b5af5d4a93533511c837df,dd3c178ea9553004d7bf4c494e1b7fd80e7b6ae6,false,expansion,portable,c-programs,c-programs/socket-cookie-udp,verify,sabre,expansion,pass,1,1,2d06feadf81160afca89105d6b83f0ce0a7296070a855b1b25b8b72d58e724be,499,,
fullcorpus,@1786072820,1fadc03779f2a246a9b5af5d4a93533511c837df,dd3c178ea9553004d7bf4c494e1b7fd80e7b6ae6,false,expansion,portable,c-programs,c-programs/socket-cookie-unix,verify,sabre,expansion,pass,1,1,af2ebd36b3b776fa4c0c4c215288f5e66fa5241f8dfda47f8ef017ba351e3734,494,,
fullcorpus,@1786072820,1fadc03779f2a246a9b5af5d4a93533511c837df,dd3c178ea9553004d7bf4c494e1b7fd80e7b6ae6,false,expansion,portable,c-programs,c-programs/socket-ioctl-timestamp,verify,sabre,expansion,diverge,0,,e3b0c44298fc1c149afbf4c8996fb92427ae41e4649b934ca495991b7852b855,201,,sabre-verify-fail-exit1
fullcorpus,@1786072820,1fadc03779f2a246a9b5af5d4a93533511c837df,dd3c178ea9553004d7bf4c494e1b7fd80e7b6ae6,false,expansion,portable,c-programs,c-programs/socket-timestamp-edge-cases,verify,sabre,expansion,pass,1,1,237ff1081253f64aba6ed9e84bad994c1c481d9bd2312ba4fe80afa1d959f9cc,388,,
fullcorpus,@1786072820,1fadc03779f2a246a9b5af5d4a93533511c837df,dd3c178ea9553004d7bf4c494e1b7fd80e7b6ae6,false,expansion,portable,c-programs,c-programs/socket-timestamp-timespec,verify,sabre,expansion,pass,1,1,4a5eae51288da929c514799c22251bb18ec475d82ca4a648f9732da9a00cfd75,391,,
fullcorpus,@1786072820,1fadc03779f2a246a9b5af5d4a93533511c837df,dd3c178ea9553004d7bf4c494e1b7fd80e7b6ae6,false,expansion,portable,c-programs,c-programs/socket-timestamp-timeval,verify,sabre,expansion,pass,1,1,2a6d69ec1e29905992985dd6131920efd96bd015b70cd2c003724b8065750683,383,,
fullcorpus,@1786072820,1fadc03779f2a246a9b5af5d4a93533511c837df,dd3c178ea9553004d7bf4c494e1b7fd80e7b6ae6,false,expansion,portable,c-programs,c-programs/so-incoming-cpu-tcp4,verify,sabre,expansion,pass,1,1,37d9e0d38876a4913d49d1524721047328ff7d139c4bea030fc003d86325cb12,370,,
fullcorpus,@1786072820,1fadc03779f2a246a9b5af5d4a93533511c837df,dd3c178ea9553004d7bf4c494e1b7fd80e7b6ae6,false,expansion,portable,c-programs,c-programs/so-incoming-cpu-tcp6,verify,sabre,expansion,pass,1,1,71986d6a252d40985852f55c3577bc0d86ae15e892c678bea20d0f320e584593,368,,
fullcorpus,@1786072820,1fadc03779f2a246a9b5af5d4a93533511c837df,dd3c178ea9553004d7bf4c494e1b7fd80e7b6ae6,false,expansion,portable,c-programs,c-programs/so-incoming-cpu-udp4,verify,sabre,expansion,pass,1,1,b49fc8be9466892afd2c8ad552ba7b28128fc5ac32fc5d89f9a1146264aa4dc7,375,,
fullcorpus,@1786072820,1fadc03779f2a246a9b5af5d4a93533511c837df,dd3c178ea9553004d7bf4c494e1b7fd80e7b6ae6,false,expansion,portable,c-programs,c-programs/splice-enosys,verify,sabre,expansion,pass,1,1,0bc4f64fe4ad2292443e402eba4830484779aeb4370264c9c0abfa7a78f95c8e,400,,
fullcorpus,@1786072820,1fadc03779f2a246a9b5af5d4a93533511c837df,dd3c178ea9553004d7bf4c494e1b7fd80e7b6ae6,false,expansion,portable,c-programs,c-programs/statmount-enosys,verify,sabre,expansion,pass,1,1,84a55d7cfcd9fe81a459d4852c82ddf5ad78845213534c19fa6dcdef66cfdf95,377,,
fullcorpus,@1786072820,1fadc03779f2a246a9b5af5d4a93533511c837df,dd3c178ea9553004d7bf4c494e1b7fd80e7b6ae6,false,expansion,portable,c-programs,c-programs/syscall-file-io,verify,sabre,expansion,pass,1,1,632d0f8b9698ef9868e243dd5432fca72d482ec38beb954c8af6f6ddf94e8e51,396,,
fullcorpus,@1786072820,1fadc03779f2a246a9b5af5d4a93533511c837df,dd3c178ea9553004d7bf4c494e1b7fd80e7b6ae6,false,expansion,portable,c-programs,c-programs/syscall-file-metadata,verify,sabre,expansion,pass,1,1,57a74d78ecf93f4f8f188f946cdd5345bed2d126fc15a9f362d320bed2c5236a,563,,
fullcorpus,@1786072820,1fadc03779f2a246a9b5af5d4a93533511c837df,dd3c178ea9553004d7bf4c494e1b7fd80e7b6ae6,false,expansion,portable,c-programs,c-programs/syscall-quick-wins,verify,sabre,expansion,pass,1,1,5d19b00a019f367eb9008a6429952f1970209bcf9d10ccae126091a6cdd87193,585,,
fullcorpus,@1786072820,1fadc03779f2a246a9b5af5d4a93533511c837df,dd3c178ea9553004d7bf4c494e1b7fd80e7b6ae6,false,expansion,portable,c-programs,c-programs/sysfs-enosys,verify,sabre,expansion,pass,1,1,77a60c6b8a6c3c908333e6f4dfa94a2c397b1bd7c93991eebb8ed5915b0ad95f,557,,
fullcorpus,@1786072820,1fadc03779f2a246a9b5af5d4a93533511c837df,dd3c178ea9553004d7bf4c494e1b7fd80e7b6ae6,false,expansion,portable,c-programs,c-programs/sysinfo,verify,sabre,expansion,pass,1,0,906d8e561c1c66638de700d08a85dc6b087a48cd409ac283c0a3089242559966,468,,
fullcorpus,@1786072820,1fadc03779f2a246a9b5af5d4a93533511c837df,dd3c178ea9553004d7bf4c494e1b7fd80e7b6ae6,false,expansion,portable,c-programs,c-programs/sysinfo-uptime,verify,sabre,expansion,pass,1,0,1429541a342182baeb957e7490636685d8d6bcb5011ec02e4260a42020c3c5f5,4850,,
fullcorpus,@1786072820,1fadc03779f2a246a9b5af5d4a93533511c837df,dd3c178ea9553004d7bf4c494e1b7fd80e7b6ae6,false,expansion,portable,c-programs,c-programs/syslog-deterministic,verify,sabre,expansion,pass,1,1,c23edf066d3bda360f91b47308f840e8b42b87278b5e379c8d71d8bf10a255d2,485,,
fullcorpus,@1786072820,1fadc03779f2a246a9b5af5d4a93533511c837df,dd3c178ea9553004d7bf4c494e1b7fd80e7b6ae6,false,expansion,portable,c-programs,c-programs/sysv-sem-enosys,verify,sabre,expansion,pass,1,1,f024dd91d8c142074c08ff93925022b5acfeab0e3d58d7ea1fdbdee13ebada99,425,,
fullcorpus,@1786072820,1fadc03779f2a246a9b5af5d4a93533511c837df,dd3c178ea9553004d7bf4c494e1b7fd80e7b6ae6,false,expansion,portable,c-programs,c-programs/sysv-shm-enosys,verify,sabre,expansion,pass,1,1,7b4564e64aa38d43273e5e7e1df8e80071b1c9219f7de2628fa37e6ab4da5794,429,,
fullcorpus,@1786072820,1fadc03779f2a246a9b5af5d4a93533511c837df,dd3c178ea9553004d7bf4c494e1b7fd80e7b6ae6,false,expansion,portable,c-programs,c-programs/tcp-info-accept4,verify,sabre,expansion,pass,1,1,c830be750b315e97d977e5cc40104658ccccaf34f1b26068556c22b37f7cf950,421,,
fullcorpus,@1786072820,1fadc03779f2a246a9b5af5d4a93533511c837df,dd3c178ea9553004d7bf4c494e1b7fd80e7b6ae6,false,expansion,portable,c-programs,c-programs/tcp-info-accept6,verify,sabre,expansion,pass,1,1,4b386d711c9c58617076dd9ffc01f4f517fc3f6d7d1a21c78d5b728fa66ad5ec,424,,
fullcorpus,@1786072820,1fadc03779f2a246a9b5af5d4a93533511c837df,dd3c178ea9553004d7bf4c494e1b7fd80e7b6ae6,false,expansion,portable,c-programs,c-programs/tcp-info-client4,verify,sabre,expansion,pass,1,1,29047556927b663805202185a671154cc0f9331208fdb57bc9fefe51e26f9d74,408,,
fullcorpus,@1786072820,1fadc03779f2a246a9b5af5d4a93533511c837df,dd3c178ea9553004d7bf4c494e1b7fd80e7b6ae6,false,expansion,portable,c-programs,c-programs/tee-enosys,verify,sabre,expansion,pass,1,1,1c8d3e5b5c25e921430729592b73be499a63f45dc355ac8686a3070d1e2f6108,414,,
fullcorpus,@1786072820,1fadc03779f2a246a9b5af5d4a93533511c837df,dd3c178ea9553004d7bf4c494e1b7fd80e7b6ae6,false,expansion,portable,c-programs,c-programs/threadexhaustion,verify,sabre,expansion,pass,1,1,6ed164be2f904840f8cd736bc12bac0858d8d7238d37fbebd539fbac7d14d0ed,510,,
fullcorpus,@1786072820,1fadc03779f2a246a9b5af5d4a93533511c837df,dd3c178ea9553004d7bf4c494e1b7fd80e7b6ae6,false,expansion,portable,c-programs,c-programs/thread-self-procfs-handoff,verify,sabre,expansion,pass,1,1,4ec014d923f7213d78fc3fe481bb1e5a1afe2966878e2967593bac452513edd6,468,,
fullcorpus,@1786072820,1fadc03779f2a246a9b5af5d4a93533511c837df,dd3c178ea9553004d7bf4c494e1b7fd80e7b6ae6,false,expansion,portable,c-programs,c-programs/thread-sync-determinism,verify,sabre,expansion,diverge,0,,e3b0c44298fc1c149afbf4c8996fb92427ae41e4649b934ca495991b7852b855,189,,sabre-verify-fail-exit1
fullcorpus,@1786072820,1fadc03779f2a246a9b5af5d4a93533511c837df,dd3c178ea9553004d7bf4c494e1b7fd80e7b6ae6,false,expansion,portable,c-programs,c-programs/timer-create-determinism,verify,sabre,expansion,pass,1,1,88d3c6bddc5cce602a98a315d6413f65c9be3b4af294699a8a553337ef4033ae,380,,
fullcorpus,@1786072820,1fadc03779f2a246a9b5af5d4a93533511c837df,dd3c178ea9553004d7bf4c494e1b7fd80e7b6ae6,false,expansion,portable,c-programs,c-programs/uname,verify,sabre,expansion,pass,1,1,29a9d1c5f680e45d5fdca33498014a47ce0a123af49e3fecb74543db547788be,481,,
fullcorpus,@1786072820,1fadc03779f2a246a9b5af5d4a93533511c837df,dd3c178ea9553004d7bf4c494e1b7fd80e7b6ae6,false,expansion,portable,c-programs,c-programs/unix-autobind-dgram,verify,sabre,expansion,pass,1,1,b3679cef7d4cbb0bfc40803796036d2ea2e8262e846ad4d345c0c0646e79d21b,417,,
fullcorpus,@1786072820,1fadc03779f2a246a9b5af5d4a93533511c837df,dd3c178ea9553004d7bf4c494e1b7fd80e7b6ae6,false,expansion,portable,c-programs,c-programs/unix-autobind-seqpacket,verify,sabre,expansion,pass,1,1,adab29374a2e454a06823fd8e1ecc9ba038ed4be7ad9f95ae67cebeec58a3d8c,396,,
fullcorpus,@1786072820,1fadc03779f2a246a9b5af5d4a93533511c837df,dd3c178ea9553004d7bf4c494e1b7fd80e7b6ae6,false,expansion,portable,c-programs,c-programs/unix-autobind-stream,verify,sabre,expansion,pass,1,1,91304ad318232da9ea6432240290691ddc20ad0ebf2e4c889c7ab6cd3f71db0c,369,,
fullcorpus,@1786072820,1fadc03779f2a246a9b5af5d4a93533511c837df,dd3c178ea9553004d7bf4c494e1b7fd80e7b6ae6,false,expansion,portable,c-programs,c-programs/ustat-enosys,verify,sabre,expansion,pass,1,1,a3385f3800f1f726246c5551a73e98c6ae29a6dd2757326caac8afdf53bb90d3,386,,
fullcorpus,@1786072820,1fadc03779f2a246a9b5af5d4a93533511c837df,dd3c178ea9553004d7bf4c494e1b7fd80e7b6ae6,false,expansion,portable,c-programs,c-programs/vforkexec,verify,sabre,expansion,timeout,0,0,e3b0c44298fc1c149afbf4c8996fb92427ae41e4649b934ca495991b7852b855,120005,,sabre-verify-timeout-120s
fullcorpus,@1786072820,1fadc03779f2a246a9b5af5d4a93533511c837df,dd3c178ea9553004d7bf4c494e1b7fd80e7b6ae6,false,expansion,portable,c-programs,c-programs/vmsplice-enosys,verify,sabre,expansion,pass,1,1,8f5a5d41aa1ad4af965f89cb80f73347c556f46f42dfaca5a32853b7798fe6f0,388,,
fullcorpus,@1786072820,1fadc03779f2a246a9b5af5d4a93533511c837df,dd3c178ea9553004d7bf4c494e1b7fd80e7b6ae6,false,expansion,portable,c-programs,c-programs/wait-on-child,verify,sabre,expansion,diverge,0,0,9dfc3ecee4cb5ff1f7581a7ec70f1e9db05545a837dc8df916a6711835b8bc8e,218,,sabre-verify-fail-exit1
fullcorpus,@1786072820,1fadc03779f2a246a9b5af5d4a93533511c837df,dd3c178ea9553004d7bf4c494e1b7fd80e7b6ae6,false,expansion,portable,c-programs,c-programs/writev-determinism,verify,sabre,expansion,timeout,0,0,6512ed89795e96b012c9cc09575601e225bc7262464771a63048be921f5298c7,120005,,sabre-verify-timeout-120s
fullcorpus,@1786072820,1fadc03779f2a246a9b5af5d4a93533511c837df,dd3c178ea9553004d7bf4c494e1b7fd80e7b6ae6,false,expansion,portable,data-handling,data-handling/archive-roundtrip,verify,sabre,expansion,diverge,0,,e3b0c44298fc1c149afbf4c8996fb92427ae41e4649b934ca495991b7852b855,1082,,sabre-verify-fail-exit1
fullcorpus,@1786072820,1fadc03779f2a246a9b5af5d4a93533511c837df,dd3c178ea9553004d7bf4c494e1b7fd80e7b6ae6,false,expansion,portable,data-handling,data-handling/shell-pipeline,verify,sabre,expansion,diverge,0,,e3b0c44298fc1c149afbf4c8996fb92427ae41e4649b934ca495991b7852b855,1091,,sabre-verify-fail-exit1
fullcorpus,@1786072820,1fadc03779f2a246a9b5af5d4a93533511c837df,dd3c178ea9553004d7bf4c494e1b7fd80e7b6ae6,false,expansion,portable,debugger-c,debugger-c/debuggee,verify,sabre,expansion,pass,1,1,48d3d236efc470a63642ab7a23fc174f378f389d2f6738b84db4f7a550ce4192,357,,
fullcorpus,@1786072820,1fadc03779f2a246a9b5af5d4a93533511c837df,dd3c178ea9553004d7bf4c494e1b7fd80e7b6ae6,false,expansion,portable,determinism-stress-c,determinism-stress-c/fork-tree,verify,sabre,expansion,diverge,0,0,e3b0c44298fc1c149afbf4c8996fb92427ae41e4649b934ca495991b7852b855,648,,sabre-verify-fail-exit1
fullcorpus,@1786072820,1fadc03779f2a246a9b5af5d4a93533511c837df,dd3c178ea9553004d7bf4c494e1b7fd80e7b6ae6,false,expansion,portable,determinism-stress-c,determinism-stress-c/lock-free,verify,sabre,expansion,pass,1,1,b3bab857d371911d8565e55d6907439bd3c32995e2938f1ac285ce02884c9c54,457,,
fullcorpus,@1786072820,1fadc03779f2a246a9b5af5d4a93533511c837df,dd3c178ea9553004d7bf4c494e1b7fd80e7b6ae6,false,expansion,portable,determinism-stress-c,determinism-stress-c/mmap-fork-shared,verify,sabre,expansion,diverge,0,0,e3b0c44298fc1c149afbf4c8996fb92427ae41e4649b934ca495991b7852b855,1864,,sabre-verify-fail-exit1
fullcorpus,@1786072820,1fadc03779f2a246a9b5af5d4a93533511c837df,dd3c178ea9553004d7bf4c494e1b7fd80e7b6ae6,false,expansion,portable,determinism-stress-c,determinism-stress-c/pid-tid,verify,sabre,expansion,diverge,0,0,5466b41608f8b4593fc81cab33d27ff7b3f3ec399c44bc981d0eca0ec649051f,248,,sabre-verify-fail-exit1
fullcorpus,@1786072820,1fadc03779f2a246a9b5af5d4a93533511c837df,dd3c178ea9553004d7bf4c494e1b7fd80e7b6ae6,false,expansion,portable,determinism-stress-c,determinism-stress-c/pipe-chain,verify,sabre,expansion,diverge,0,0,e3b0c44298fc1c149afbf4c8996fb92427ae41e4649b934ca495991b7852b855,278,,sabre-verify-fail-exit1
fullcorpus,@1786072820,1fadc03779f2a246a9b5af5d4a93533511c837df,dd3c178ea9553004d7bf4c494e1b7fd80e7b6ae6,false,expansion,portable,determinism-stress-c,determinism-stress-c/pipe-prefill,verify,sabre,expansion,diverge,0,0,e3b0c44298fc1c149afbf4c8996fb92427ae41e4649b934ca495991b7852b855,183,,sabre-verify-fail-exit1
fullcorpus,@1786072820,1fadc03779f2a246a9b5af5d4a93533511c837df,dd3c178ea9553004d7bf4c494e1b7fd80e7b6ae6,false,expansion,portable,determinism-stress-c,determinism-stress-c/producer-consumer,verify,sabre,expansion,pass,1,1,4a1f3835471600bc0823a28a5669705a0e6864214ae213a1083b4c1bf10c50bf,1070,,
fullcorpus,@1786072820,1fadc03779f2a246a9b5af5d4a93533511c837df,dd3c178ea9553004d7bf4c494e1b7fd80e7b6ae6,false,expansion,portable,determinism-stress-c,determinism-stress-c/signal-order,verify,sabre,expansion,pass,1,1,e4b06b822726e5ff96ca7bcbbf59e764019be179d7b198987fd4c4216687561a,429,,
fullcorpus,@1786072820,1fadc03779f2a246a9b5af5d4a93533511c837df,dd3c178ea9553004d7bf4c494e1b7fd80e7b6ae6,false,expansion,portable,determinism-stress-c,determinism-stress-c/thread-contention,verify,sabre,expansion,diverge,0,,e3b0c44298fc1c149afbf4c8996fb92427ae41e4649b934ca495991b7852b855,187,,sabre-verify-fail-exit1
fullcorpus,@1786072820,1fadc03779f2a246a9b5af5d4a93533511c837df,dd3c178ea9553004d7bf4c494e1b7fd80e7b6ae6,false,expansion,portable,determinism-stress-c,determinism-stress-c/thread-stress,verify,sabre,expansion,pass,1,1,5cc9e2f4adb1ce9d9da8fd455891107712ac699631b4d0b492f52be27a71ba73,1278,,
fullcorpus,@1786072820,1fadc03779f2a246a9b5af5d4a93533511c837df,dd3c178ea9553004d7bf4c494e1b7fd80e7b6ae6,false,expansion,portable,determinism-stress,determinism-stress/example-race,verify,sabre,expansion,pass,1,1,44f4a9c5837349cffaaf778ab4ddf4fc799d6bb3ef0d14b6fce4bc36f4000a93,2499,,
fullcorpus,@1786072820,1fadc03779f2a246a9b5af5d4a93533511c837df,dd3c178ea9553004d7bf4c494e1b7fd80e7b6ae6,false,expansion,portable,determinism-stress,determinism-stress/order-violation,verify,sabre,expansion,pass,1,1,0ba904eae8773b70c75333db4de2f3ac45a8ad4ddba1b242f0b3cfc199391dd8,412,,
fullcorpus,@1786072820,1fadc03779f2a246a9b5af5d4a93533511c837df,dd3c178ea9553004d7bf4c494e1b7fd80e7b6ae6,false,expansion,portable,determinism-stress,determinism-stress/process-chains,verify,sabre,expansion,diverge,0,,e3b0c44298fc1c149afbf4c8996fb92427ae41e4649b934ca495991b7852b855,1039,,sabre-verify-fail-exit1
fullcorpus,@1786072820,1fadc03779f2a246a9b5af5d4a93533511c837df,dd3c178ea9553004d7bf4c494e1b7fd80e7b6ae6,false,expansion,portable,determinism-stress,determinism-stress/thread-contention,verify,sabre,expansion,diverge,0,,e3b0c44298fc1c149afbf4c8996fb92427ae41e4649b934ca495991b7852b855,1026,,sabre-verify-fail-exit1
fullcorpus,@1786072820,1fadc03779f2a246a9b5af5d4a93533511c837df,dd3c178ea9553004d7bf4c494e1b7fd80e7b6ae6,false,expansion,portable,determinism-stress,determinism-stress/thread-output,verify,sabre,expansion,pass,1,1,44f4a9c5837349cffaaf778ab4ddf4fc799d6bb3ef0d14b6fce4bc36f4000a93,5425,,
fullcorpus,@1786072820,1fadc03779f2a246a9b5af5d4a93533511c837df,dd3c178ea9553004d7bf4c494e1b7fd80e7b6ae6,false,expansion,portable,language-runtimes,language-runtimes/bash-loop-pipe-time,verify,sabre,expansion,diverge,0,0,e3b0c44298fc1c149afbf4c8996fb92427ae41e4649b934ca495991b7852b855,6538,,sabre-verify-fail-exit1
fullcorpus,@1786072820,1fadc03779f2a246a9b5af5d4a93533511c837df,dd3c178ea9553004d7bf4c494e1b7fd80e7b6ae6,false,expansion,portable,language-runtimes,language-runtimes/example-python-random,verify,sabre,expansion,diverge,0,1,e1b8db378cfd66571bc2d0dbe0b45e1bd3eaecb5d6e0e4d51fd1c0ed053113b0,3198,,sabre-verify-fail-exit1
fullcorpus,@1786072820,1fadc03779f2a246a9b5af5d4a93533511c837df,dd3c178ea9553004d7bf4c494e1b7fd80e7b6ae6,false,expansion,portable,language-runtimes,language-runtimes/gawk-random,verify,sabre,expansion,pass,1,1,04427acdbdc27dceba6e78a1623682e9363586e78bcd894100c7b1bf625e92fe,3521,,
fullcorpus,@1786072820,1fadc03779f2a246a9b5af5d4a93533511c837df,dd3c178ea9553004d7bf4c494e1b7fd80e7b6ae6,false,expansion,portable,language-runtimes,language-runtimes/perl-io-subprocess-time,verify,sabre,expansion,pass,1,0,4e862c9f1ee4bb771cdcbeb254fd533b5bd8d2fcfcaadfc39447c1a3d2e58c57,5703,,
fullcorpus,@1786072820,1fadc03779f2a246a9b5af5d4a93533511c837df,dd3c178ea9553004d7bf4c494e1b7fd80e7b6ae6,false,expansion,portable,language-runtimes,language-runtimes/python-hash-determinism,verify,sabre,expansion,pass,1,0,ac363b10f5e4ccd3c3ae5974974a12f3eb7ebf684f774da9e5e39335e53f5b89,5526,,
fullcorpus,@1786072820,1fadc03779f2a246a9b5af5d4a93533511c837df,dd3c178ea9553004d7bf4c494e1b7fd80e7b6ae6,false,expansion,portable,language-runtimes,language-runtimes/python-io-subprocess-time,verify,sabre,expansion,timeout,0,0,e3b0c44298fc1c149afbf4c8996fb92427ae41e4649b934ca495991b7852b855,120007,,sabre-verify-timeout-120s
fullcorpus,@1786072820,1fadc03779f2a246a9b5af5d4a93533511c837df,dd3c178ea9553004d7bf4c494e1b7fd80e7b6ae6,false,expansion,portable,language-runtimes,language-runtimes/python-random,verify,sabre,expansion,diverge,0,0,e1b8db378cfd66571bc2d0dbe0b45e1bd3eaecb5d6e0e4d51fd1c0ed053113b0,6723,,sabre-verify-fail-exit1
fullcorpus,@1786072820,1fadc03779f2a246a9b5af5d4a93533511c837df,dd3c178ea9553004d7bf4c494e1b7fd80e7b6ae6,false,expansion,portable,shared-futex-c,shared-futex-c/qemu-exec-init,verify,sabre,expansion,diverge,0,,f661f3a07a6eaf11cc84a517476a7fad235b90d6b017b27b1d196e7fc437abeb,1299,,sabre-verify-fail-exit1
fullcorpus,@1786072820,1fadc03779f2a246a9b5af5d4a93533511c837df,dd3c178ea9553004d7bf4c494e1b7fd80e7b6ae6,false,expansion,portable,shared-futex-c,shared-futex-c/qemu-hello,verify,sabre,expansion,diverge,0,,9ea4709e7c24602ba619d6ae109051a4df65ce643d978faa5fcc1dfffc35acef,184,,sabre-verify-fail-exit1
fullcorpus,@1786072820,1fadc03779f2a246a9b5af5d4a93533511c837df,dd3c178ea9553004d7bf4c494e1b7fd80e7b6ae6,false,expansion,portable,shared-futex-c,shared-futex-c/qemu-init,verify,sabre,expansion,diverge,0,,e3b0c44298fc1c149afbf4c8996fb92427ae41e4649b934ca495991b7852b855,440,,sabre-verify-fail-exit1
fullcorpus,@1786072820,1fadc03779f2a246a9b5af5d4a93533511c837df,dd3c178ea9553004d7bf4c494e1b7fd80e7b6ae6,false,expansion,portable,shared-futex-c,shared-futex-c/qemu-net-init,verify,sabre,expansion,diverge,0,,e3b0c44298fc1c149afbf4c8996fb92427ae41e4649b934ca495991b7852b855,1148,,sabre-verify-fail-exit1
fullcorpus,@1786072820,1fadc03779f2a246a9b5af5d4a93533511c837df,dd3c178ea9553004d7bf4c494e1b7fd80e7b6ae6,false,expansion,portable,system-utils,system-utils/clock-determinism,verify,sabre,expansion,pass,1,0,d8c3255f65c14d3b569712bc033c756c805dc4948084b6631b7bc002a1d60a6e,468,,
fullcorpus,@1786072820,1fadc03779f2a246a9b5af5d4a93533511c837df,dd3c178ea9553004d7bf4c494e1b7fd80e7b6ae6,false,expansion,portable,system-utils,system-utils/date-nanoseconds,verify,sabre,expansion,diverge,0,0,e3b0c44298fc1c149afbf4c8996fb92427ae41e4649b934ca495991b7852b855,2107,,sabre-verify-fail-exit1
fullcorpus,@1786072820,1fadc03779f2a246a9b5af5d4a93533511c837df,dd3c178ea9553004d7bf4c494e1b7fd80e7b6ae6,false,expansion,portable,system-utils,system-utils/example-date,verify,sabre,expansion,pass,1,0,ab705dd69c820e9a4c48d7fb9d45109e1f8799a01ee86fe5c98fe37deddc5131,1422,,
fullcorpus,@1786072820,1fadc03779f2a246a9b5af5d4a93533511c837df,dd3c178ea9553004d7bf4c494e1b7fd80e7b6ae6,false,expansion,portable,system-utils,system-utils/example-devrand,verify,sabre,expansion,pass,1,1,f5edcf77a8645391c7cdaa70592390c2365b1a0849dfc2729f9a6ca3ea874863,1948,,
fullcorpus,@1786072820,1fadc03779f2a246a9b5af5d4a93533511c837df,dd3c178ea9553004d7bf4c494e1b7fd80e7b6ae6,false,expansion,portable,system-utils,system-utils/openssl-passwd,verify,sabre,expansion,pass,1,0,5f12ae51206cb90930222c9758bb40169979e34abddc4681b50f7dfaa07181d7,3882,,
fullcorpus,@1786072820,1fadc03779f2a246a9b5af5d4a93533511c837df,dd3c178ea9553004d7bf4c494e1b7fd80e7b6ae6,false,expansion,portable,system-utils,system-utils/proc-uptime,verify,sabre,expansion,pass,1,1,1939fceb5dfe138fac75a533a27dc1c29280952cab0590481f55c3c58ebb0f4d,3247,,
fullcorpus,@1786072820,1fadc03779f2a246a9b5af5d4a93533511c837df,dd3c178ea9553004d7bf4c494e1b7fd80e7b6ae6,false,expansion,portable,system-utils,system-utils/random-device,verify,sabre,expansion,pass,1,1,f5edcf77a8645391c7cdaa70592390c2365b1a0849dfc2729f9a6ca3ea874863,4473,,
fullcorpus,@1786072820,1fadc03779f2a246a9b5af5d4a93533511c837df,dd3c178ea9553004d7bf4c494e1b7fd80e7b6ae6,false,expansion,portable,system-utils,system-utils/record-getpid,verify,sabre,expansion,pass,1,1,7d65259dd0f4861331834b3f73013d851b44389c6162f00a24a0176bba121251,347,,
fullcorpus,@1786072820,1fadc03779f2a246a9b5af5d4a93533511c837df,dd3c178ea9553004d7bf4c494e1b7fd80e7b6ae6,false,expansion,portable,util-c,util-c/pmu-skid,verify,sabre,expansion,diverge,0,,e3b0c44298fc1c149afbf4c8996fb92427ae41e4649b934ca495991b7852b855,179,,sabre-verify-fail-exit1
