counter2-local thread=1343528 syscalls=181
counter2-local thread=1343530 syscalls=131
counter2-local thread=1343526 syscalls=103
counter2-local thread=1343522 syscalls=204
counter2-local thread=1343536 syscalls=175
counter2-local thread=1343538 syscalls=177
counter2-local thread=1343534 syscalls=41
counter2-local thread=1343540 syscalls=182
Extracting Bazel installation...
Starting local Bazel server and connecting to it...
counter2-local thread=1343893 syscalls=169
counter2-local thread=1344022 syscalls=5392
counter2-local thread=1344019 syscalls=5229
counter2-local thread=1345402 syscalls=2518
counter2-local thread=1345791 syscalls=678
counter2-local thread=1345788 syscalls=654
counter2-local thread=1345675 syscalls=39
counter2-local thread=1345915 syscalls=32
counter2-local thread=1346054 syscalls=1406
counter2-local thread=1346015 syscalls=1349
counter2-local thread=1346360 syscalls=35
counter2-local thread=1346362 syscalls=36
counter2-local thread=1346340 syscalls=40
counter2-local thread=1346323 syscalls=42
counter2-local thread=1346329 syscalls=39
counter2-local thread=1346317 syscalls=41
counter2-local thread=1346344 syscalls=38
counter2-local thread=1346356 syscalls=33
counter2-local thread=1346346 syscalls=41
counter2-local thread=1346315 syscalls=51
counter2-local thread=1346342 syscalls=33
counter2-local thread=1346349 syscalls=37
counter2-local thread=1346332 syscalls=38
counter2-local thread=1346336 syscalls=34
counter2-local thread=1346365 syscalls=37
counter2-local thread=1346354 syscalls=36
counter2-local thread=1346319 syscalls=55
counter2-local thread=1346326 syscalls=35
counter2-local thread=1346367 syscalls=36
counter2-local thread=1346369 syscalls=39
counter2-local thread=1346358 syscalls=37
counter2-local thread=1346334 syscalls=43
counter2-local thread=1346352 syscalls=38
counter2-local thread=1346338 syscalls=36
counter2-local thread=1346378 syscalls=41
counter2-local thread=1346374 syscalls=1024
counter2-local thread=1346460 syscalls=31
counter2-local thread=1346457 syscalls=56
counter2-local thread=1345599 syscalls=6602
counter2-local thread=1343999 syscalls=15892
counter2-local thread=1346576 syscalls=34
counter2-local thread=1346486 syscalls=33
counter2-local thread=1346808 syscalls=33
counter2-local thread=1347492 syscalls=36
counter2-local thread=1346568 syscalls=35
counter2-local thread=1346537 syscalls=36
counter2-local thread=1346848 syscalls=35
counter2-local thread=1347506 syscalls=36
counter2-local thread=1346679 syscalls=35
counter2-local thread=1346835 syscalls=41
counter2-local thread=1346548 syscalls=46
counter2-local thread=1346497 syscalls=40
counter2-local thread=1346721 syscalls=37
counter2-local thread=1346512 syscalls=32
counter2-local thread=1347395 syscalls=37
counter2-local thread=1347391 syscalls=33
counter2-local thread=1346714 syscalls=46
counter2-local thread=1346592 syscalls=33
counter2-local thread=1346493 syscalls=32
counter2-local thread=1346705 syscalls=34
counter2-local thread=1346783 syscalls=32
counter2-local thread=1346878 syscalls=43
counter2-local thread=1346691 syscalls=35
counter2-local thread=1346655 syscalls=33
counter2-local thread=1346763 syscalls=41
counter2-local thread=1346574 syscalls=35
counter2-local thread=1347433 syscalls=31
counter2-local thread=1346545 syscalls=34
counter2-local thread=1346881 syscalls=35
counter2-local thread=1347389 syscalls=33
counter2-local thread=1347414 syscalls=41
counter2-local thread=1346887 syscalls=39
counter2-local thread=1346630 syscalls=35
counter2-local thread=1346709 syscalls=35
counter2-local thread=1346844 syscalls=38
counter2-local thread=1346564 syscalls=37
counter2-local thread=1346837 syscalls=40
counter2-local thread=1347486 syscalls=34
counter2-local thread=1347479 syscalls=37
counter2-local thread=1346584 syscalls=31
counter2-local thread=1346588 syscalls=39
counter2-local thread=1347499 syscalls=36
counter2-local thread=1346855 syscalls=38
counter2-local thread=1346572 syscalls=38
counter2-local thread=1347481 syscalls=39
counter2-local thread=1346603 syscalls=35
counter2-local thread=1346581 syscalls=36
counter2-local thread=1346610 syscalls=39
counter2-local thread=1346643 syscalls=37
counter2-local thread=1347451 syscalls=45
counter2-local thread=1346871 syscalls=35
counter2-local thread=1346510 syscalls=39
counter2-local thread=1346816 syscalls=39
counter2-local thread=1346675 syscalls=34
counter2-local thread=1346766 syscalls=40
counter2-local thread=1346480 syscalls=33
counter2-local thread=1346673 syscalls=38
counter2-local thread=1346614 syscalls=34
counter2-local thread=1346596 syscalls=37
counter2-local thread=1346824 syscalls=47
counter2-local thread=1346561 syscalls=34
counter2-local thread=1346857 syscalls=40
counter2-local thread=1347448 syscalls=39
counter2-local thread=1346779 syscalls=35
counter2-local thread=1346744 syscalls=38
counter2-local thread=1347417 syscalls=34
counter2-local thread=1347444 syscalls=37
counter2-local thread=1346885 syscalls=39
counter2-local thread=1346873 syscalls=38
counter2-local thread=1346524 syscalls=34
counter2-local thread=1346477 syscalls=38
counter2-local thread=1346625 syscalls=37
counter2-local thread=1346774 syscalls=46
counter2-local thread=1346852 syscalls=38
counter2-local thread=1346535 syscalls=41
counter2-local thread=1346570 syscalls=35
counter2-local thread=1346841 syscalls=36
counter2-local thread=1346752 syscalls=41
counter2-local thread=1346798 syscalls=36
counter2-local thread=1346863 syscalls=38
counter2-local thread=1346566 syscalls=44
counter2-local thread=1347429 syscalls=36
counter2-local thread=1346890 syscalls=39
counter2-local thread=1346652 syscalls=37
counter2-local thread=1346539 syscalls=39
counter2-local thread=1346859 syscalls=38
counter2-local thread=1346637 syscalls=44
counter2-local thread=1346557 syscalls=37
counter2-local thread=1347393 syscalls=37
counter2-local thread=1346553 syscalls=40
counter2-local thread=1346663 syscalls=39
counter2-local thread=1347420 syscalls=54
counter2-local thread=1346530 syscalls=34
counter2-local thread=1346794 syscalls=50
counter2-local thread=1346712 syscalls=37
counter2-local thread=1346669 syscalls=45
counter2-local thread=1346724 syscalls=37
counter2-local thread=1346528 syscalls=34
counter2-local thread=1346633 syscalls=39
counter2-local thread=1346734 syscalls=45
counter2-local thread=1347484 syscalls=35
counter2-local thread=1346846 syscalls=36
counter2-local thread=1346502 syscalls=35
counter2-local thread=1346491 syscalls=36
counter2-local thread=1346666 syscalls=37
counter2-local thread=1346869 syscalls=38
counter2-local thread=1346730 syscalls=37
counter2-local thread=1346622 syscalls=37
counter2-local thread=1346850 syscalls=39
counter2-local thread=1346861 syscalls=39
counter2-local thread=1347458 syscalls=53
counter2-local thread=1347472 syscalls=36
counter2-local thread=1347409 syscalls=35
counter2-local thread=1347477 syscalls=50
counter2-local thread=1346543 syscalls=49
counter2-local thread=1346489 syscalls=34
counter2-local thread=1346754 syscalls=38
counter2-local thread=1346688 syscalls=36
counter2-local thread=1346647 syscalls=41
counter2-local thread=1347424 syscalls=38
counter2-local thread=1346541 syscalls=39
counter2-local thread=1346758 syscalls=44
counter2-local thread=1347404 syscalls=45
counter2-local thread=1346694 syscalls=40
counter2-local thread=1346883 syscalls=37
counter2-local thread=1346484 syscalls=44
counter2-local thread=1347406 syscalls=36
counter2-local thread=1346839 syscalls=41
counter2-local thread=1346518 syscalls=37
counter2-local thread=1346532 syscalls=35
counter2-local thread=1346607 syscalls=43
counter2-local thread=1346738 syscalls=37
counter2-local thread=1346732 syscalls=39
counter2-local thread=1346599 syscalls=40
counter2-local thread=1346727 syscalls=39
counter2-local thread=1347465 syscalls=38
counter2-local thread=1346516 syscalls=35
counter2-local thread=1346748 syscalls=38
counter2-local thread=1346833 syscalls=35
counter2-local thread=1346827 syscalls=37
counter2-local thread=1347427 syscalls=42
counter2-local thread=1346682 syscalls=40
counter2-local thread=1347503 syscalls=39
counter2-local thread=1346508 syscalls=32
counter2-local thread=1346522 syscalls=37
counter2-local thread=1346555 syscalls=38
counter2-local thread=1346550 syscalls=42
counter2-local thread=1347422 syscalls=37
counter2-local thread=1346756 syscalls=37
counter2-local thread=1347385 syscalls=39
counter2-local thread=1346658 syscalls=39
counter2-local thread=1346617 syscalls=38
counter2-local thread=1346865 syscalls=37
counter2-local thread=1346499 syscalls=36
counter2-local thread=1346776 syscalls=44
counter2-local thread=1346579 syscalls=35
counter2-local thread=1347401 syscalls=39
counter2-local thread=1347435 syscalls=40
counter2-local thread=1346514 syscalls=39
counter2-local thread=1347441 syscalls=37
counter2-local thread=1346482 syscalls=44
counter2-local thread=1346876 syscalls=39
counter2-local thread=1346505 syscalls=36
counter2-local thread=1346831 syscalls=45
counter2-local thread=1348322 syscalls=26
counter2-local thread=1348320 syscalls=34
counter2-local thread=1348317 syscalls=42
counter2-local thread=1348324 syscalls=25
counter2-local thread=1348414 syscalls=27
counter2-local thread=1348419 syscalls=28
counter2-local thread=1348412 syscalls=30
counter2-local thread=1348421 syscalls=28
counter2-local thread=1348416 syscalls=30
counter2-local thread=1348424 syscalls=28
counter2-local thread=1348426 syscalls=25
counter2-local thread=1348531 syscalls=25
counter2-local thread=1348533 syscalls=25
counter2-local thread=1348535 syscalls=25
counter2-local thread=1348690 syscalls=25
counter2-local thread=1348706 syscalls=25
counter2-local thread=1348713 syscalls=25
counter2-local thread=1348936 syscalls=25
counter2-local thread=1348940 syscalls=25
counter2-local thread=1348944 syscalls=25
WARNING: For repository 'bazel_skylib', the root module requires module version bazel_skylib@1.5.0, but got bazel_skylib@1.6.1 in the resolved dependency graph.
counter2-local thread=1349188 syscalls=25
counter2-local thread=1349191 syscalls=27
counter2-local thread=1349194 syscalls=25
counter2-local thread=1347727 syscalls=3056
counter2-local thread=1348910 syscalls=237
counter2-local thread=1347704 syscalls=2924
counter2-local thread=1347716 syscalls=296
counter2-local thread=1347574 syscalls=5771
counter2-local thread=1348912 syscalls=815
counter2-local thread=1347707 syscalls=1578
counter2-local thread=1347699 syscalls=687
counter2-local thread=1348386 syscalls=545
counter2-local thread=1348908 syscalls=322
counter2-local thread=1348393 syscalls=1038
counter2-local thread=1347701 syscalls=10095
counter2-local thread=1347729 syscalls=5038
counter2-local thread=1347722 syscalls=941
counter2-local thread=1348391 syscalls=2017
counter2-local thread=1347711 syscalls=10185
counter2-local thread=1347718 syscalls=477
counter2-local thread=1348380 syscalls=989
counter2-local thread=1348383 syscalls=694
counter2-local thread=1347580 syscalls=8488
counter2-local thread=1348389 syscalls=663
counter2-local thread=1347714 syscalls=625
counter2-local thread=1347723 syscalls=7569
counter2-local thread=1350159 syscalls=25
counter2-local thread=1350260 syscalls=3229
counter2-local thread=1350272 syscalls=4798
counter2-local thread=1350249 syscalls=939
counter2-local thread=1350392 syscalls=1043
counter2-local thread=1350390 syscalls=983
counter2-local thread=1350411 syscalls=336
counter2-local thread=1350386 syscalls=305
counter2-local thread=1350281 syscalls=816
counter2-local thread=1350408 syscalls=1489
counter2-local thread=1350258 syscalls=247
counter2-local thread=1350241 syscalls=165
counter2-local thread=1350307 syscalls=270
counter2-local thread=1350364 syscalls=440
counter2-local thread=1350542 syscalls=227
counter2-local thread=1350376 syscalls=134
counter2-local thread=1350309 syscalls=182
counter2-local thread=1350399 syscalls=231
counter2-local thread=1350395 syscalls=107
counter2-local thread=1350378 syscalls=47
counter2-local thread=1350265 syscalls=281
counter2-local thread=1350221 syscalls=769
counter2-local thread=1350305 syscalls=151
counter2-local thread=1350383 syscalls=76
counter2-local thread=1350219 syscalls=1381
counter2-local thread=1350263 syscalls=252
counter2-local thread=1350642 syscalls=48
counter2-local thread=1350311 syscalls=85
counter2-local thread=1350406 syscalls=94
counter2-local thread=1350401 syscalls=166
counter2-local thread=1350539 syscalls=85
counter2-local thread=1350413 syscalls=57
counter2-local thread=1350530 syscalls=100
counter2-local thread=1350270 syscalls=136
counter2-local thread=1350548 syscalls=37
counter2-local thread=1350632 syscalls=40
counter2-local thread=1350640 syscalls=33
counter2-local thread=1350314 syscalls=76
counter2-local thread=1350256 syscalls=158
counter2-local thread=1350372 syscalls=152
counter2-local thread=1350527 syscalls=50
counter2-local thread=1350268 syscalls=120
counter2-local thread=1350216 syscalls=274
counter2-local thread=1350388 syscalls=94
counter2-local thread=1350397 syscalls=94
counter2-local thread=1350289 syscalls=109
counter2-local thread=1350620 syscalls=39
counter2-local thread=1350509 syscalls=37
counter2-local thread=1350181 syscalls=2400
counter2-local thread=1350501 syscalls=31
counter2-local thread=1350368 syscalls=63
counter2-local thread=1350296 syscalls=75
counter2-local thread=1350491 syscalls=33
counter2-local thread=1350362 syscalls=46
counter2-local thread=1350291 syscalls=60
counter2-local thread=1350476 syscalls=30
counter2-local thread=1350345 syscalls=89
counter2-local thread=1350474 syscalls=32
counter2-local thread=1350285 syscalls=141
counter2-local thread=1350470 syscalls=35
counter2-local thread=1350468 syscalls=40
counter2-local thread=1350196 syscalls=367
counter2-local thread=1350460 syscalls=34
counter2-local thread=1350347 syscalls=60
counter2-local thread=1350283 syscalls=67
counter2-local thread=1350298 syscalls=70
counter2-local thread=1350243 syscalls=85
counter2-local thread=1350277 syscalls=74
counter2-local thread=1350434 syscalls=31
counter2-local thread=1350516 syscalls=56
counter2-local thread=1350426 syscalls=32
counter2-local thread=1350420 syscalls=30
counter2-local thread=1350422 syscalls=34
counter2-local thread=1350417 syscalls=34
counter2-local thread=1350237 syscalls=117
counter2-local thread=1350525 syscalls=37
counter2-local thread=1350404 syscalls=64
counter2-local thread=1350293 syscalls=59
counter2-local thread=1350512 syscalls=35
counter2-local thread=1350489 syscalls=35
counter2-local thread=1350486 syscalls=34
counter2-local thread=1350359 syscalls=46
counter2-local thread=1350522 syscalls=67
counter2-local thread=1350254 syscalls=155
counter2-local thread=1350355 syscalls=50
counter2-local thread=1350380 syscalls=49
counter2-local thread=1350483 syscalls=35
counter2-local thread=1350479 syscalls=34
counter2-local thread=1350300 syscalls=59
counter2-local thread=1350245 syscalls=92
counter2-local thread=1350370 syscalls=99
counter2-local thread=1350351 syscalls=66
counter2-local thread=1350514 syscalls=42
counter2-local thread=1350472 syscalls=33
counter2-local thread=1350445 syscalls=140
counter2-local thread=1350438 syscalls=162
counter2-local thread=1350247 syscalls=67
counter2-local thread=1350499 syscalls=87
counter2-local thread=1350465 syscalls=32
counter2-local thread=1350353 syscalls=51
counter2-local thread=1350349 syscalls=46
counter2-local thread=1350537 syscalls=47
counter2-local thread=1350456 syscalls=52
counter2-local thread=1350463 syscalls=35
counter2-local thread=1350452 syscalls=56
counter2-local thread=1350287 syscalls=49
counter2-local thread=1350519 syscalls=40
counter2-local thread=1350330 syscalls=116
counter2-local thread=1350454 syscalls=70
counter2-local thread=1350505 syscalls=35
counter2-local thread=1350449 syscalls=32
counter2-local thread=1350343 syscalls=45
counter2-local thread=1350441 syscalls=107
counter2-local thread=1350507 syscalls=34
counter2-local thread=1350341 syscalls=55
counter2-local thread=1350447 syscalls=33
counter2-local thread=1350235 syscalls=128
counter2-local thread=1350316 syscalls=131
counter2-local thread=1350338 syscalls=69
counter2-local thread=1350532 syscalls=52
counter2-local thread=1350374 syscalls=53
counter2-local thread=1350336 syscalls=47
counter2-local thread=1350436 syscalls=38
counter2-local thread=1350497 syscalls=43
counter2-local thread=1350428 syscalls=45
counter2-local thread=1350432 syscalls=32
counter2-local thread=1350328 syscalls=54
counter2-local thread=1350279 syscalls=61
counter2-local thread=1350430 syscalls=39
counter2-local thread=1350534 syscalls=71
counter2-local thread=1350424 syscalls=35
counter2-local thread=1350323 syscalls=48
counter2-local thread=1350495 syscalls=67
counter2-local thread=1350318 syscalls=44
counter2-local thread=1350274 syscalls=61
counter2-local thread=1350303 syscalls=167
counter2-local thread=1350251 syscalls=75
counter2-local thread=1350415 syscalls=32
counter2-local thread=1350493 syscalls=36
counter2-local thread=1350853 syscalls=100
counter2-local thread=1350848 syscalls=112
counter2-local thread=1350843 syscalls=374
counter2-local thread=1350661 syscalls=2361
counter2-local thread=1350321 syscalls=2612
counter2-local thread=1347719 syscalls=11439
counter2-local thread=1350876 syscalls=28
counter2-local thread=1350880 syscalls=28
counter2-local thread=1350886 syscalls=79
counter2-local thread=1350890 syscalls=28
counter2-local thread=1350882 syscalls=107
counter2-local thread=1350884 syscalls=47
counter2-local thread=1350888 syscalls=33
counter2-local thread=1350896 syscalls=1257
counter2-local thread=1350899 syscalls=31
counter2-local thread=1350948 syscalls=456
counter2-local thread=1347709 syscalls=12279
counter2-local thread=1351089 syscalls=906
counter2-local thread=1351924 syscalls=214
counter2-local thread=1351911 syscalls=963
counter2-local thread=1352606 syscalls=876
counter2-local thread=1352896 syscalls=2484
counter2-local thread=1352396 syscalls=5316
counter2-local thread=1352389 syscalls=5638
counter2-local thread=1353958 syscalls=239
counter2-local thread=1353800 syscalls=478
counter2-local thread=1355155 syscalls=171
counter2-local thread=1355143 syscalls=306
counter2-local thread=1355169 syscalls=171
counter2-local thread=1355162 syscalls=306
counter2-local thread=1355292 syscalls=364
counter2-local thread=1355311 syscalls=171
counter2-local thread=1355322 syscalls=392
counter2-local thread=1355270 syscalls=382
counter2-local thread=1355248 syscalls=304
counter2-local thread=1355395 syscalls=364
counter2-local thread=1355439 syscalls=171
counter2-local thread=1355461 syscalls=394
counter2-local thread=1355451 syscalls=351
counter2-local thread=1355372 syscalls=382
counter2-local thread=1355336 syscalls=304
counter2-local thread=1354906 syscalls=1282
counter2-local thread=1355480 syscalls=326
counter2-local thread=1355491 syscalls=146
counter2-local thread=1355497 syscalls=401
counter2-local thread=1355493 syscalls=268
counter2-local thread=1355477 syscalls=314
counter2-local thread=1355470 syscalls=304
counter2-local thread=1352330 syscalls=9535
counter2-local thread=1355516 syscalls=326
counter2-local thread=1355525 syscalls=146
counter2-local thread=1355533 syscalls=401
counter2-local thread=1355529 syscalls=268
counter2-local thread=1355512 syscalls=314
counter2-local thread=1355508 syscalls=304
counter2-local thread=1355556 syscalls=160
counter2-local thread=1355552 syscalls=296
counter2-local thread=1355575 syscalls=291
counter2-local thread=1355582 syscalls=172
counter2-local thread=1355573 syscalls=218
counter2-local thread=1355560 syscalls=296
counter2-local thread=1355593 syscalls=228
counter2-local thread=1355590 syscalls=223
counter2-local thread=1355586 syscalls=296
counter2-local thread=1355611 syscalls=301
counter2-local thread=1355607 syscalls=225
counter2-local thread=1355604 syscalls=296
counter2-local thread=1355622 syscalls=171
counter2-local thread=1355619 syscalls=296
counter2-local thread=1355638 syscalls=210
counter2-local thread=1355634 syscalls=224
counter2-local thread=1355630 syscalls=296
counter2-local thread=1355653 syscalls=266
counter2-local thread=1355648 syscalls=226
counter2-local thread=1355644 syscalls=296
counter2-local thread=1355671 syscalls=171
counter2-local thread=1355665 syscalls=296
counter2-local thread=1355689 syscalls=171
counter2-local thread=1355682 syscalls=296
counter2-local thread=1353995 syscalls=1640
counter2-local thread=1355700 syscalls=161
counter2-local thread=1355692 syscalls=296
counter2-local thread=1355710 syscalls=160
counter2-local thread=1355704 syscalls=296
counter2-local thread=1355718 syscalls=160
counter2-local thread=1355714 syscalls=296
counter2-local thread=1355850 syscalls=326
counter2-local thread=1355860 syscalls=172
counter2-local thread=1355847 syscalls=218
counter2-local thread=1355748 syscalls=296
counter2-local thread=1355874 syscalls=326
counter2-local thread=1355882 syscalls=172
counter2-local thread=1355869 syscalls=218
counter2-local thread=1355864 syscalls=296
counter2-local thread=1355902 syscalls=160
counter2-local thread=1355888 syscalls=296
counter2-local thread=1355930 syscalls=326
counter2-local thread=1355939 syscalls=146
counter2-local thread=1355957 syscalls=401
counter2-local thread=1355947 syscalls=268
counter2-local thread=1355923 syscalls=314
counter2-local thread=1355910 syscalls=296
counter2-local thread=1356000 syscalls=326
counter2-local thread=1356016 syscalls=172
counter2-local thread=1355993 syscalls=218
counter2-local thread=1355979 syscalls=296
counter2-local thread=1356119 syscalls=326
counter2-local thread=1356129 syscalls=146
counter2-local thread=1356140 syscalls=401
counter2-local thread=1356135 syscalls=268
counter2-local thread=1356114 syscalls=315
counter2-local thread=1356030 syscalls=296
counter2-local thread=1353971 syscalls=1616
counter2-local thread=1356212 syscalls=291
counter2-local thread=1356229 syscalls=172
counter2-local thread=1356196 syscalls=218
counter2-local thread=1356167 syscalls=296
counter2-local thread=1356272 syscalls=280
counter2-local thread=1356260 syscalls=327
counter2-local thread=1357190 syscalls=359
counter2-local thread=1357486 syscalls=492
counter2-local thread=1357479 syscalls=1287
counter2-local thread=1357468 syscalls=1182
counter2-local thread=1357462 syscalls=1495
counter2-local thread=1357434 syscalls=1416
counter2-local thread=1357409 syscalls=1253
counter2-local thread=1357449 syscalls=1449
counter2-local thread=1357403 syscalls=1634
counter2-local thread=1357398 syscalls=1697
counter2-local thread=1348347 syscalls=193
counter2-local thread=1358709 syscalls=284
counter2-local thread=1359087 syscalls=260
counter2-local thread=1358672 syscalls=798
counter2-local thread=1357417 syscalls=1781
counter2-local thread=1360810 syscalls=424
counter2-local thread=1361714 syscalls=522
counter2-local thread=1357412 syscalls=2070
counter2-local thread=1362513 syscalls=155
counter2-local thread=1361459 syscalls=223
counter2-local thread=1361396 syscalls=125
counter2-local thread=1361195 syscalls=368
counter2-local thread=1361451 syscalls=305
counter2-local thread=1361550 syscalls=411
counter2-local thread=1360028 syscalls=1485
counter2-local thread=1362404 syscalls=498
counter2-local thread=1362064 syscalls=140
counter2-local thread=1361832 syscalls=219
counter2-local thread=1361718 syscalls=125
counter2-local thread=1361346 syscalls=368
counter2-local thread=1362523 syscalls=522
counter2-local thread=1361218 syscalls=1933
counter2-local thread=1361156 syscalls=138
counter2-local thread=1361051 syscalls=219
counter2-local thread=1361005 syscalls=125
counter2-local thread=1360780 syscalls=368
counter2-local thread=1362822 syscalls=155
counter2-local thread=1362395 syscalls=222
counter2-local thread=1362106 syscalls=125
counter2-local thread=1362601 syscalls=134
counter2-local thread=1361561 syscalls=368
counter2-local thread=1361268 syscalls=1960
counter2-local thread=1363120 syscalls=154
counter2-local thread=1361164 syscalls=220
counter2-local thread=1361126 syscalls=125
counter2-local thread=1360855 syscalls=368
counter2-local thread=1361402 syscalls=1961
counter2-local thread=1363291 syscalls=154
counter2-local thread=1361330 syscalls=220
counter2-local thread=1361278 syscalls=125
counter2-local thread=1361050 syscalls=369
counter2-local thread=1362725 syscalls=2041
counter2-local thread=1363170 syscalls=1696
counter2-local thread=1363105 syscalls=140
counter2-local thread=1353908 syscalls=5495
counter2-local thread=1362897 syscalls=219
counter2-local thread=1362748 syscalls=125
counter2-local thread=1353672 syscalls=5053
counter2-local thread=1362578 syscalls=368
counter2-local thread=1363978 syscalls=155
counter2-local thread=1362665 syscalls=222
counter2-local thread=1362635 syscalls=125
counter2-local thread=1362364 syscalls=369
counter2-local thread=1363213 syscalls=2034
counter2-local thread=1364538 syscalls=155
counter2-local thread=1363125 syscalls=222
counter2-local thread=1363006 syscalls=125
counter2-local thread=1362691 syscalls=369
counter2-local thread=1353032 syscalls=6418
counter2-local thread=1364087 syscalls=686
counter2-local thread=1363399 syscalls=2092
counter2-local thread=1363592 syscalls=1693
counter2-local thread=1363531 syscalls=140
counter2-local thread=1363449 syscalls=2086
counter2-local thread=1363466 syscalls=219
counter2-local thread=1363435 syscalls=125
counter2-local thread=1363195 syscalls=368
counter2-local thread=1364951 syscalls=151
counter2-local thread=1364963 syscalls=152
counter2-local thread=1364395 syscalls=683
counter2-local thread=1363931 syscalls=222
counter2-local thread=1363794 syscalls=125
counter2-local thread=1363639 syscalls=368
counter2-local thread=1363277 syscalls=222
counter2-local thread=1363178 syscalls=125
counter2-local thread=1362811 syscalls=368
counter2-local thread=1364988 syscalls=129
counter2-local thread=1363614 syscalls=1819
counter2-local thread=1365112 syscalls=153
counter2-local thread=1363407 syscalls=222
counter2-local thread=1363374 syscalls=125
counter2-local thread=1363048 syscalls=369
counter2-local thread=1365258 syscalls=151
counter2-local thread=1364158 syscalls=222
counter2-local thread=1364067 syscalls=125
counter2-local thread=1363748 syscalls=368
counter2-local thread=1365352 syscalls=163
counter2-local thread=1363691 syscalls=1815
counter2-local thread=1363549 syscalls=222
counter2-local thread=1363493 syscalls=125
counter2-local thread=1363388 syscalls=368
counter2-local thread=1365557 syscalls=163
counter2-local thread=1364980 syscalls=660
counter2-local thread=1363953 syscalls=1695
counter2-local thread=1364847 syscalls=140
counter2-local thread=1363625 syscalls=222
counter2-local thread=1363593 syscalls=125
counter2-local thread=1363444 syscalls=368
counter2-local thread=1364585 syscalls=219
counter2-local thread=1364492 syscalls=125
counter2-local thread=1363817 syscalls=140
counter2-local thread=1364034 syscalls=368
counter2-local thread=1363712 syscalls=219
counter2-local thread=1363672 syscalls=125
counter2-local thread=1363532 syscalls=368
counter2-local thread=1365512 syscalls=295
counter2-local thread=1365566 syscalls=278
counter2-local thread=1365472 syscalls=125
counter2-local thread=1365052 syscalls=368
counter2-local thread=1365976 syscalls=404
counter2-local thread=1366187 syscalls=269
counter2-local thread=1366110 syscalls=125
counter2-local thread=1365711 syscalls=370
counter2-local thread=1366353 syscalls=143
counter2-local thread=1365779 syscalls=220
counter2-local thread=1365689 syscalls=125
counter2-local thread=1365325 syscalls=368
counter2-local thread=1366357 syscalls=269
counter2-local thread=1366282 syscalls=125
counter2-local thread=1365954 syscalls=370
counter2-local thread=1366763 syscalls=269
counter2-local thread=1366684 syscalls=125
counter2-local thread=1366304 syscalls=368
counter2-local thread=1365064 syscalls=2262
counter2-local thread=1365476 syscalls=2004
counter2-local thread=1365371 syscalls=140
counter2-local thread=1365123 syscalls=219
counter2-local thread=1364993 syscalls=125
counter2-local thread=1364520 syscalls=368
counter2-local thread=1367120 syscalls=269
counter2-local thread=1367054 syscalls=125
counter2-local thread=1366712 syscalls=368
counter2-local thread=1367024 syscalls=446
counter2-local thread=1366807 syscalls=258
counter2-local thread=1366550 syscalls=291
counter2-local thread=1366439 syscalls=125
counter2-local thread=1366128 syscalls=368
counter2-local thread=1367230 syscalls=192
counter2-local thread=1364869 syscalls=222
counter2-local thread=1364756 syscalls=125
counter2-local thread=1364254 syscalls=369
counter2-local thread=1367221 syscalls=293
counter2-local thread=1365543 syscalls=2263
counter2-local thread=1348498 syscalls=21479
counter2-local thread=1368053 syscalls=192
counter2-local thread=1367349 syscalls=446
counter2-local thread=1367156 syscalls=258
counter2-local thread=1365391 syscalls=222
counter2-local thread=1365302 syscalls=125
counter2-local thread=1366993 syscalls=291
counter2-local thread=1366854 syscalls=125
counter2-local thread=1364803 syscalls=368
counter2-local thread=1366458 syscalls=371
counter2-local thread=1365992 syscalls=365
counter2-local thread=1368355 syscalls=460
counter2-local thread=1368179 syscalls=258
counter2-local thread=1367642 syscalls=300
counter2-local thread=1367436 syscalls=125
counter2-local thread=1367076 syscalls=368
counter2-local thread=1369650 syscalls=292
counter2-local thread=1369713 syscalls=277
counter2-local thread=1369623 syscalls=125
counter2-local thread=1369385 syscalls=368
counter2-local thread=1348496 syscalls=22278
counter2-local thread=1370306 syscalls=278
counter2-local thread=1370278 syscalls=125
counter2-local thread=1370145 syscalls=370
counter2-local thread=1368468 syscalls=2249
counter2-local thread=1370391 syscalls=269
counter2-local thread=1370340 syscalls=125
counter2-local thread=1370229 syscalls=368
counter2-local thread=1370320 syscalls=446
counter2-local thread=1370260 syscalls=258
counter2-local thread=1370188 syscalls=291
counter2-local thread=1370035 syscalls=125
counter2-local thread=1369481 syscalls=368
counter2-local thread=1370549 syscalls=151
counter2-local thread=1368279 syscalls=229
counter2-local thread=1368205 syscalls=125
counter2-local thread=1367458 syscalls=371
counter2-local thread=1370561 syscalls=295
counter2-local thread=1370506 syscalls=125
counter2-local thread=1370284 syscalls=368
counter2-local thread=1348494 syscalls=22022
counter2-local thread=1347760 syscalls=27174
counter2-local thread=1370766 syscalls=294
counter2-local thread=1370718 syscalls=125
counter2-local thread=1370517 syscalls=368
counter2-local thread=1343995 syscalls=44624
counter2-local thread=1347757 syscalls=27239
counter2-local thread=1369214 syscalls=2627
counter2-local thread=1369013 syscalls=2940
counter2-local thread=1370371 syscalls=944
counter2-local thread=1370860 syscalls=269
counter2-local thread=1370821 syscalls=125
counter2-local thread=1370630 syscalls=368
counter2-local thread=1367588 syscalls=3349
counter2-local thread=1371124 syscalls=203
counter2-local thread=1371162 syscalls=180
counter2-local thread=1369045 syscalls=228
counter2-local thread=1368955 syscalls=125
counter2-local thread=1368256 syscalls=368
counter2-local thread=1368553 syscalls=228
counter2-local thread=1371097 syscalls=278
counter2-local thread=1368433 syscalls=125
counter2-local thread=1371057 syscalls=125
counter2-local thread=1368077 syscalls=368
counter2-local thread=1370943 syscalls=446
counter2-local thread=1370734 syscalls=368
counter2-local thread=1370783 syscalls=258
counter2-local thread=1370673 syscalls=291
counter2-local thread=1370618 syscalls=125
counter2-local thread=1370357 syscalls=368
counter2-local thread=1371441 syscalls=141
counter2-local thread=1369519 syscalls=2676
counter2-local thread=1371295 syscalls=567
counter2-local thread=1371857 syscalls=283
counter2-local thread=1371516 syscalls=125
counter2-local thread=1367281 syscalls=228
counter2-local thread=1371067 syscalls=368
counter2-local thread=1367202 syscalls=125
counter2-local thread=1366869 syscalls=368
counter2-local thread=1372492 syscalls=283
counter2-local thread=1372359 syscalls=125
counter2-local thread=1371211 syscalls=368
counter2-local thread=1372582 syscalls=280
counter2-local thread=1369415 syscalls=228
counter2-local thread=1369371 syscalls=125
counter2-local thread=1368972 syscalls=368
counter2-local thread=1372565 syscalls=446
counter2-local thread=1372251 syscalls=258
counter2-local thread=1371305 syscalls=291
counter2-local thread=1371192 syscalls=125
counter2-local thread=1370831 syscalls=368
counter2-local thread=1369396 syscalls=3407
counter2-local thread=1371236 syscalls=317
counter2-local thread=1371370 syscalls=194
counter2-local thread=1373230 syscalls=327
counter2-local thread=1369274 syscalls=228
counter2-local thread=1369143 syscalls=125
counter2-local thread=1368466 syscalls=368
counter2-local thread=1369697 syscalls=3322
counter2-local thread=1373320 syscalls=446
counter2-local thread=1373126 syscalls=258
counter2-local thread=1372978 syscalls=291
counter2-local thread=1372752 syscalls=125
counter2-local thread=1371654 syscalls=371
counter2-local thread=1373592 syscalls=321
counter2-local thread=1369533 syscalls=228
counter2-local thread=1369454 syscalls=125
counter2-local thread=1369172 syscalls=368
counter2-local thread=1373980 syscalls=214
counter2-local thread=1373879 syscalls=315
counter2-local thread=1372982 syscalls=657
counter2-local thread=1372450 syscalls=725
counter2-local thread=1373180 syscalls=2717
counter2-local thread=1373598 syscalls=2100
counter2-local thread=1376355 syscalls=227
counter2-local thread=1376401 syscalls=186
counter2-local thread=1373094 syscalls=228
counter2-local thread=1373052 syscalls=125
counter2-local thread=1372410 syscalls=368
counter2-local thread=1373536 syscalls=228
counter2-local thread=1373505 syscalls=125
counter2-local thread=1373171 syscalls=368
counter2-local thread=1375880 syscalls=446
counter2-local thread=1375334 syscalls=258
counter2-local thread=1374988 syscalls=291
counter2-local thread=1374857 syscalls=125
counter2-local thread=1374566 syscalls=368
counter2-local thread=1373455 syscalls=2819
counter2-local thread=1373521 syscalls=2903
counter2-local thread=1377013 syscalls=250
counter2-local thread=1377093 syscalls=198
counter2-local thread=1373209 syscalls=228
counter2-local thread=1373147 syscalls=125
counter2-local thread=1372821 syscalls=368
counter2-local thread=1373465 syscalls=228
counter2-local thread=1373365 syscalls=125
counter2-local thread=1373065 syscalls=368
counter2-local thread=1373686 syscalls=2647
counter2-local thread=1373975 syscalls=2727
counter2-local thread=1377323 syscalls=244
counter2-local thread=1373612 syscalls=228
counter2-local thread=1373570 syscalls=125
counter2-local thread=1373427 syscalls=368
counter2-local thread=1374415 syscalls=2628
counter2-local thread=1374228 syscalls=2621
counter2-local thread=1377544 syscalls=223
counter2-local thread=1373734 syscalls=228
counter2-local thread=1373655 syscalls=125
counter2-local thread=1373511 syscalls=368
counter2-local thread=1377748 syscalls=185
counter2-local thread=1374282 syscalls=228
counter2-local thread=1374168 syscalls=125
counter2-local thread=1373671 syscalls=368
counter2-local thread=1374940 syscalls=2260
counter2-local thread=1377837 syscalls=285
counter2-local thread=1373993 syscalls=228
counter2-local thread=1373882 syscalls=125
counter2-local thread=1373582 syscalls=368
counter2-local thread=1374582 syscalls=2704
counter2-local thread=1378277 syscalls=150
counter2-local thread=1374781 syscalls=228
counter2-local thread=1374699 syscalls=125
counter2-local thread=1374390 syscalls=369
counter2-local thread=1374769 syscalls=2721
counter2-local thread=1374980 syscalls=45
counter2-local thread=1352904 syscalls=4324
counter2-local thread=1378618 syscalls=282
counter2-local thread=1374464 syscalls=228
counter2-local thread=1374362 syscalls=125
counter2-local thread=1373968 syscalls=368
counter2-local thread=1376319 syscalls=2073
counter2-local thread=1378950 syscalls=198
counter2-local thread=1374625 syscalls=228
counter2-local thread=1374555 syscalls=125
counter2-local thread=1374210 syscalls=368
counter2-local thread=1379630 syscalls=159
counter2-local thread=1375813 syscalls=228
counter2-local thread=1375613 syscalls=125
counter2-local thread=1374960 syscalls=372
counter2-local thread=1375639 syscalls=3224
counter2-local thread=1381956 syscalls=548
counter2-local thread=1375223 syscalls=228
counter2-local thread=1375132 syscalls=125
counter2-local thread=1374718 syscalls=368
counter2-local thread=1381486 syscalls=1912
counter2-local thread=1381357 syscalls=140
counter2-local thread=1380694 syscalls=219
counter2-local thread=1380633 syscalls=125
counter2-local thread=1380159 syscalls=368
counter2-local thread=1380656 syscalls=2386
counter2-local thread=1382353 syscalls=151
counter2-local thread=1380607 syscalls=222
counter2-local thread=1380598 syscalls=125
counter2-local thread=1379703 syscalls=368
counter2-local thread=1380604 syscalls=2855
counter2-local thread=1382830 syscalls=214
counter2-local thread=1380104 syscalls=76
counter2-local thread=1380562 syscalls=221
counter2-local thread=1380128 syscalls=125
counter2-local thread=1378875 syscalls=368
counter2-local thread=1380039 syscalls=114
counter2-local thread=1379865 syscalls=349
counter2-local thread=1379809 syscalls=388
counter2-local thread=1383181 syscalls=307
counter2-local thread=1379696 syscalls=573
counter2-local thread=1378186 syscalls=689
counter2-local thread=1383331 syscalls=2320
counter2-local thread=1384412 syscalls=167
counter2-local thread=1383232 syscalls=221
counter2-local thread=1383169 syscalls=125
counter2-local thread=1382903 syscalls=370
counter2-local thread=1383685 syscalls=2226
counter2-local thread=1383577 syscalls=140
counter2-local thread=1383508 syscalls=219
counter2-local thread=1383496 syscalls=125
counter2-local thread=1383308 syscalls=370
counter2-local thread=1383426 syscalls=2884
counter2-local thread=1384514 syscalls=155
counter2-local thread=1383340 syscalls=220
counter2-local thread=1383299 syscalls=125
counter2-local thread=1383041 syscalls=371
counter2-local thread=1384151 syscalls=2725
counter2-local thread=1383878 syscalls=140
counter2-local thread=1383588 syscalls=219
counter2-local thread=1383534 syscalls=125
counter2-local thread=1383401 syscalls=368
counter2-local thread=1385386 syscalls=296
counter2-local thread=1385168 syscalls=283
counter2-local thread=1386268 syscalls=1984
counter2-local thread=1386179 syscalls=140
counter2-local thread=1385881 syscalls=219
counter2-local thread=1385737 syscalls=125
counter2-local thread=1384915 syscalls=368
counter2-local thread=1386450 syscalls=2218
counter2-local thread=1386630 syscalls=2022
counter2-local thread=1386408 syscalls=140
counter2-local thread=1386510 syscalls=140
counter2-local thread=1386342 syscalls=219
counter2-local thread=1386409 syscalls=219
counter2-local thread=1386279 syscalls=125
counter2-local thread=1386374 syscalls=125
counter2-local thread=1385794 syscalls=370
counter2-local thread=1386133 syscalls=368
counter2-local thread=1388220 syscalls=587
counter2-local thread=1388104 syscalls=140
counter2-local thread=1386704 syscalls=2199
counter2-local thread=1387595 syscalls=219
counter2-local thread=1387507 syscalls=125
counter2-local thread=1387085 syscalls=368
counter2-local thread=1386657 syscalls=138
counter2-local thread=1386542 syscalls=219
counter2-local thread=1386440 syscalls=125
counter2-local thread=1386286 syscalls=368
counter2-local thread=1379488 syscalls=893
counter2-local thread=1379190 syscalls=987
counter2-local thread=1372417 syscalls=1900
counter2-local thread=1372296 syscalls=2440
counter2-local thread=1371143 syscalls=2622
counter2-local thread=1386736 syscalls=2382
counter2-local thread=1388823 syscalls=175
counter2-local thread=1386668 syscalls=222
counter2-local thread=1386638 syscalls=125
counter2-local thread=1386394 syscalls=368
counter2-local thread=1387162 syscalls=2246
counter2-local thread=1386980 syscalls=2507
counter2-local thread=1386913 syscalls=138
counter2-local thread=1389119 syscalls=143
counter2-local thread=1387565 syscalls=1970
counter2-local thread=1386830 syscalls=219
counter2-local thread=1386924 syscalls=222
counter2-local thread=1386798 syscalls=125
counter2-local thread=1386872 syscalls=125
counter2-local thread=1386642 syscalls=368
counter2-local thread=1386730 syscalls=369
counter2-local thread=1386863 syscalls=2741
counter2-local thread=1386828 syscalls=138
counter2-local thread=1386761 syscalls=219
counter2-local thread=1386717 syscalls=125
counter2-local thread=1386465 syscalls=369
counter2-local thread=1389174 syscalls=168
counter2-local thread=1387469 syscalls=222
counter2-local thread=1387410 syscalls=125
counter2-local thread=1386882 syscalls=368
counter2-local thread=1389155 syscalls=650
counter2-local thread=1389113 syscalls=140
counter2-local thread=1388948 syscalls=219
counter2-local thread=1388896 syscalls=125
counter2-local thread=1388619 syscalls=368
counter2-local thread=1387439 syscalls=2452
counter2-local thread=1388247 syscalls=2289
counter2-local thread=1389314 syscalls=360
counter2-local thread=1387368 syscalls=222
counter2-local thread=1386979 syscalls=125
counter2-local thread=1386813 syscalls=368
counter2-local thread=1389367 syscalls=168
counter2-local thread=1388475 syscalls=2223
counter2-local thread=1388117 syscalls=222
counter2-local thread=1387828 syscalls=125
counter2-local thread=1387423 syscalls=368
counter2-local thread=1388387 syscalls=138
counter2-local thread=1388275 syscalls=219
counter2-local thread=1388227 syscalls=125
counter2-local thread=1387555 syscalls=368
counter2-local thread=1388529 syscalls=2384
counter2-local thread=1388794 syscalls=2213
counter2-local thread=1388654 syscalls=138
counter2-local thread=1388555 syscalls=219
counter2-local thread=1388480 syscalls=125
counter2-local thread=1388243 syscalls=368
counter2-local thread=1389441 syscalls=180
counter2-local thread=1388399 syscalls=222
counter2-local thread=1388329 syscalls=125
counter2-local thread=1388054 syscalls=368
counter2-local thread=1388976 syscalls=2269
counter2-local thread=1388940 syscalls=138
counter2-local thread=1388839 syscalls=219
counter2-local thread=1388792 syscalls=125
counter2-local thread=1388511 syscalls=368
counter2-local thread=1388900 syscalls=2751
counter2-local thread=1388838 syscalls=138
counter2-local thread=1388661 syscalls=219
counter2-local thread=1388607 syscalls=125
counter2-local thread=1388357 syscalls=368
counter2-local thread=1392406 syscalls=131
counter2-local thread=1392225 syscalls=373
counter2-local thread=1391887 syscalls=262
counter2-local thread=1391744 syscalls=331
counter2-local thread=1391826 syscalls=288
counter2-local thread=1391657 syscalls=326
counter2-local thread=1394177 syscalls=610
counter2-local thread=1394688 syscalls=143
counter2-local thread=1394022 syscalls=222
counter2-local thread=1393841 syscalls=125
counter2-local thread=1392891 syscalls=370
counter2-local thread=1391499 syscalls=346
counter2-local thread=1391393 syscalls=368
counter2-local thread=1352840 syscalls=6175
counter2-local thread=1351121 syscalls=329
counter2-local thread=1394903 syscalls=550
counter2-local thread=1394829 syscalls=140
counter2-local thread=1394778 syscalls=219
counter2-local thread=1394753 syscalls=125
counter2-local thread=1394527 syscalls=370
counter2-local thread=1388779 syscalls=424
counter2-local thread=1388715 syscalls=445
counter2-local thread=1388667 syscalls=462
counter2-local thread=1393759 syscalls=2549
counter2-local thread=1393511 syscalls=138
counter2-local thread=1392958 syscalls=219
counter2-local thread=1392546 syscalls=125
counter2-local thread=1391468 syscalls=370
counter2-local thread=1394096 syscalls=2809
counter2-local thread=1393989 syscalls=138
counter2-local thread=1393677 syscalls=219
counter2-local thread=1393338 syscalls=125
counter2-local thread=1392073 syscalls=368
counter2-local thread=1394750 syscalls=2205
counter2-local thread=1394691 syscalls=138
counter2-local thread=1394624 syscalls=219
counter2-local thread=1394491 syscalls=125
counter2-local thread=1394113 syscalls=368
counter2-local thread=1396231 syscalls=304
counter2-local thread=1394763 syscalls=2632
counter2-local thread=1394617 syscalls=3003
counter2-local thread=1395134 syscalls=2209
counter2-local thread=1395041 syscalls=140
counter2-local thread=1394839 syscalls=219
counter2-local thread=1394810 syscalls=125
counter2-local thread=1394683 syscalls=369
counter2-local thread=1397153 syscalls=207
counter2-local thread=1394694 syscalls=220
counter2-local thread=1395151 syscalls=2275
counter2-local thread=1394657 syscalls=125
counter2-local thread=1396444 syscalls=866
counter2-local thread=1394278 syscalls=368
counter2-local thread=1396315 syscalls=140
counter2-local thread=1397162 syscalls=278
counter2-local thread=1396145 syscalls=219
counter2-local thread=1396112 syscalls=125
counter2-local thread=1395656 syscalls=368
counter2-local thread=1394420 syscalls=220
counter2-local thread=1394268 syscalls=125
counter2-local thread=1393864 syscalls=368
counter2-local thread=1397312 syscalls=183
counter2-local thread=1395060 syscalls=220
counter2-local thread=1394958 syscalls=125
counter2-local thread=1394767 syscalls=368
counter2-local thread=1395641 syscalls=2205
counter2-local thread=1395482 syscalls=140
counter2-local thread=1395301 syscalls=219
counter2-local thread=1395239 syscalls=125
counter2-local thread=1394977 syscalls=368
counter2-local thread=1395281 syscalls=2680
counter2-local thread=1397759 syscalls=159
counter2-local thread=1395168 syscalls=223
counter2-local thread=1395126 syscalls=125
counter2-local thread=1394814 syscalls=368
counter2-local thread=1396187 syscalls=2053
counter2-local thread=1397237 syscalls=1151
counter2-local thread=1396139 syscalls=140
counter2-local thread=1396047 syscalls=219
counter2-local thread=1396015 syscalls=125
counter2-local thread=1395372 syscalls=368
counter2-local thread=1398162 syscalls=160
counter2-local thread=1397134 syscalls=222
counter2-local thread=1397105 syscalls=125
counter2-local thread=1396537 syscalls=370
counter2-local thread=1396758 syscalls=1935
counter2-local thread=1396626 syscalls=140
counter2-local thread=1396320 syscalls=219
counter2-local thread=1396183 syscalls=125
counter2-local thread=1396025 syscalls=368
counter2-local thread=1395682 syscalls=2884
counter2-local thread=1397036 syscalls=1896
counter2-local thread=1396877 syscalls=140
counter2-local thread=1396634 syscalls=219
counter2-local thread=1396431 syscalls=125
counter2-local thread=1396121 syscalls=368
counter2-local thread=1398233 syscalls=202
counter2-local thread=1395506 syscalls=222
counter2-local thread=1395366 syscalls=125
counter2-local thread=1395144 syscalls=368
counter2-local thread=1396033 syscalls=2895
counter2-local thread=1398308 syscalls=239
counter2-local thread=1395713 syscalls=221
counter2-local thread=1395601 syscalls=125
counter2-local thread=1395266 syscalls=368
counter2-local thread=1397472 syscalls=2023
counter2-local thread=1397365 syscalls=140
counter2-local thread=1397254 syscalls=219
counter2-local thread=1397201 syscalls=125
counter2-local thread=1396810 syscalls=368
counter2-local thread=1397499 syscalls=2564
counter2-local thread=1398467 syscalls=217
counter2-local thread=1397405 syscalls=220
counter2-local thread=1397318 syscalls=125
counter2-local thread=1397108 syscalls=368
counter2-local thread=1399037 syscalls=593
counter2-local thread=1399012 syscalls=140
counter2-local thread=1398972 syscalls=219
counter2-local thread=1398958 syscalls=125
counter2-local thread=1398842 syscalls=368
counter2-local thread=1398873 syscalls=119
counter2-local thread=1388633 syscalls=695
counter2-local thread=1386963 syscalls=702
counter2-local thread=1399034 syscalls=856
counter2-local thread=1399381 syscalls=143
counter2-local thread=1399005 syscalls=222
counter2-local thread=1398990 syscalls=125
counter2-local thread=1398912 syscalls=368
counter2-local thread=1399361 syscalls=304
counter2-local thread=1399115 syscalls=1071
counter2-local thread=1399089 syscalls=140
counter2-local thread=1399051 syscalls=219
counter2-local thread=1399028 syscalls=125
counter2-local thread=1398961 syscalls=368
counter2-local thread=1399358 syscalls=891
counter2-local thread=1399593 syscalls=143
counter2-local thread=1399281 syscalls=222
counter2-local thread=1399249 syscalls=125
counter2-local thread=1399074 syscalls=368
counter2-local thread=1399513 syscalls=623
counter2-local thread=1399492 syscalls=140
counter2-local thread=1399440 syscalls=219
counter2-local thread=1399403 syscalls=125
counter2-local thread=1399273 syscalls=368
counter2-local thread=1399248 syscalls=2047
counter2-local thread=1394327 syscalls=6304
counter2-local thread=1399134 syscalls=138
counter2-local thread=1399091 syscalls=219
counter2-local thread=1399061 syscalls=125
counter2-local thread=1398994 syscalls=368
counter2-local thread=1399276 syscalls=2355
counter2-local thread=1400238 syscalls=194
counter2-local thread=1399138 syscalls=220
counter2-local thread=1399113 syscalls=125
counter2-local thread=1399031 syscalls=368
counter2-local thread=1399473 syscalls=2199
counter2-local thread=1399438 syscalls=138
counter2-local thread=1399373 syscalls=219
counter2-local thread=1399337 syscalls=125
counter2-local thread=1399124 syscalls=368
counter2-local thread=1399573 syscalls=2291
counter2-local thread=1401213 syscalls=168
counter2-local thread=1399538 syscalls=223
counter2-local thread=1399516 syscalls=125
counter2-local thread=1399426 syscalls=370
counter2-local thread=1399657 syscalls=2448
counter2-local thread=1399920 syscalls=2319
counter2-local thread=1399795 syscalls=2706
counter2-local thread=1401824 syscalls=360
counter2-local thread=1399591 syscalls=222
counter2-local thread=1399563 syscalls=125
counter2-local thread=1399480 syscalls=368
counter2-local thread=1402096 syscalls=172
counter2-local thread=1399876 syscalls=220
counter2-local thread=1399844 syscalls=125
counter2-local thread=1399630 syscalls=369
counter2-local thread=1402128 syscalls=212
counter2-local thread=1399725 syscalls=220
counter2-local thread=1399617 syscalls=125
counter2-local thread=1399524 syscalls=368
counter2-local thread=1400018 syscalls=2478
counter2-local thread=1402766 syscalls=172
counter2-local thread=1399943 syscalls=220
counter2-local thread=1399902 syscalls=125
counter2-local thread=1399779 syscalls=368
counter2-local thread=1400205 syscalls=2883
counter2-local thread=1399965 syscalls=3992
counter2-local thread=1394209 syscalls=220
counter2-local thread=1394091 syscalls=125
counter2-local thread=1393494 syscalls=368
counter2-local thread=1400463 syscalls=2786
counter2-local thread=1403954 syscalls=159
counter2-local thread=1401119 syscalls=2261
counter2-local thread=1400065 syscalls=220
counter2-local thread=1400001 syscalls=125
counter2-local thread=1399858 syscalls=368
counter2-local thread=1401296 syscalls=2246
counter2-local thread=1404198 syscalls=144
counter2-local thread=1400827 syscalls=2731
counter2-local thread=1400880 syscalls=222
counter2-local thread=1400804 syscalls=125
counter2-local thread=1400399 syscalls=368
counter2-local thread=1400643 syscalls=2895
counter2-local thread=1404087 syscalls=290
counter2-local thread=1400213 syscalls=220
counter2-local thread=1400171 syscalls=125
counter2-local thread=1399930 syscalls=369
counter2-local thread=1403892 syscalls=610
counter2-local thread=1404433 syscalls=143
counter2-local thread=1401147 syscalls=222
counter2-local thread=1400960 syscalls=125
counter2-local thread=1404417 syscalls=80
counter2-local thread=1400648 syscalls=368
counter2-local thread=1401540 syscalls=2275
counter2-local thread=1404525 syscalls=188
counter2-local thread=1400706 syscalls=220
counter2-local thread=1400632 syscalls=125
counter2-local thread=1400190 syscalls=368
counter2-local thread=1404488 syscalls=229
counter2-local thread=1405025 syscalls=143
counter2-local thread=1404642 syscalls=238
counter2-local thread=1404233 syscalls=297
counter2-local thread=1403570 syscalls=222
counter2-local thread=1404192 syscalls=238
counter2-local thread=1403052 syscalls=125
counter2-local thread=1400539 syscalls=220
counter2-local thread=1402456 syscalls=368
counter2-local thread=1400272 syscalls=125
counter2-local thread=1399995 syscalls=368
counter2-local thread=1405289 syscalls=183
counter2-local thread=1401346 syscalls=220
counter2-local thread=1401271 syscalls=125
counter2-local thread=1400825 syscalls=368
counter2-local thread=1404004 syscalls=857
counter2-local thread=1399856 syscalls=4843
counter2-local thread=1402012 syscalls=2230
counter2-local thread=1401780 syscalls=2600
counter2-local thread=1406155 syscalls=143
counter2-local thread=1403911 syscalls=222
counter2-local thread=1403861 syscalls=125
counter2-local thread=1406181 syscalls=142
counter2-local thread=1402829 syscalls=368
counter2-local thread=1401814 syscalls=222
counter2-local thread=1401693 syscalls=125
counter2-local thread=1401286 syscalls=368
counter2-local thread=1406372 syscalls=172
counter2-local thread=1404384 syscalls=377
counter2-local thread=1401582 syscalls=220
counter2-local thread=1406171 syscalls=401
counter2-local thread=1401466 syscalls=125
counter2-local thread=1401040 syscalls=368
counter2-local thread=1399823 syscalls=222
counter2-local thread=1399759 syscalls=125
counter2-local thread=1399571 syscalls=368
counter2-local thread=1403085 syscalls=1968
counter2-local thread=1405491 syscalls=889
counter2-local thread=1402208 syscalls=2567
counter2-local thread=1402765 syscalls=2384
counter2-local thread=1407072 syscalls=168
counter2-local thread=1402934 syscalls=222
counter2-local thread=1402744 syscalls=125
counter2-local thread=1402101 syscalls=368
counter2-local thread=1407296 syscalls=143
counter2-local thread=1404363 syscalls=377
counter2-local thread=1405163 syscalls=222
counter2-local thread=1404710 syscalls=125
counter2-local thread=1403988 syscalls=368
counter2-local thread=1404311 syscalls=373
counter2-local thread=1407402 syscalls=221
counter2-local thread=1402059 syscalls=220
counter2-local thread=1401974 syscalls=125
counter2-local thread=1401496 syscalls=368
counter2-local thread=1407581 syscalls=175
counter2-local thread=1402477 syscalls=222
counter2-local thread=1402263 syscalls=125
counter2-local thread=1401881 syscalls=368
counter2-local thread=1407272 syscalls=1145
counter2-local thread=1404893 syscalls=2381
counter2-local thread=1404342 syscalls=2680
counter2-local thread=1408619 syscalls=160
counter2-local thread=1406862 syscalls=222
counter2-local thread=1406727 syscalls=125
counter2-local thread=1406135 syscalls=369
counter2-local thread=1408692 syscalls=184
counter2-local thread=1404393 syscalls=222
counter2-local thread=1404224 syscalls=125
counter2-local thread=1403868 syscalls=368
counter2-local thread=1408844 syscalls=155
counter2-local thread=1404050 syscalls=222
counter2-local thread=1403965 syscalls=125
counter2-local thread=1403067 syscalls=368
counter2-local thread=1406144 syscalls=2355
counter2-local thread=1409324 syscalls=194
counter2-local thread=1405679 syscalls=220
counter2-local thread=1405355 syscalls=125
counter2-local thread=1404339 syscalls=370
counter2-local thread=1407082 syscalls=2349
counter2-local thread=1406824 syscalls=142
counter2-local thread=1406416 syscalls=219
counter2-local thread=1406279 syscalls=125
counter2-local thread=1405474 syscalls=368
counter2-local thread=1406368 syscalls=2888
counter2-local thread=1408133 syscalls=77
counter2-local thread=1408461 syscalls=79
counter2-local thread=1407844 syscalls=82
counter2-local thread=1408263 syscalls=66
counter2-local thread=1408915 syscalls=58
counter2-local thread=1410095 syscalls=38
counter2-local thread=1407966 syscalls=68
counter2-local thread=1408779 syscalls=56
counter2-local thread=1410055 syscalls=38
counter2-local thread=1409880 syscalls=40
counter2-local thread=1409641 syscalls=39
counter2-local thread=1407948 syscalls=89
counter2-local thread=1409966 syscalls=41
counter2-local thread=1408245 syscalls=64
counter2-local thread=1409918 syscalls=40
counter2-local thread=1408955 syscalls=69
counter2-local thread=1409551 syscalls=42
counter2-local thread=1409585 syscalls=38
counter2-local thread=1409571 syscalls=36
counter2-local thread=1408896 syscalls=59
counter2-local thread=1408687 syscalls=51
counter2-local thread=1408672 syscalls=51
counter2-local thread=1409478 syscalls=39
counter2-local thread=1409373 syscalls=36
counter2-local thread=1409503 syscalls=37
counter2-local thread=1408569 syscalls=54
counter2-local thread=1409530 syscalls=37
counter2-local thread=1408547 syscalls=43
counter2-local thread=1407818 syscalls=74
counter2-local thread=1408525 syscalls=57
counter2-local thread=1408411 syscalls=66
counter2-local thread=1408602 syscalls=50
counter2-local thread=1409232 syscalls=34
counter2-local thread=1409998 syscalls=44
counter2-local thread=1407909 syscalls=71
counter2-local thread=1409695 syscalls=37
counter2-local thread=1408318 syscalls=76
counter2-local thread=1407704 syscalls=103
counter2-local thread=1409907 syscalls=38
counter2-local thread=1408237 syscalls=61
counter2-local thread=1408937 syscalls=53
counter2-local thread=1409396 syscalls=44
counter2-local thread=1408009 syscalls=81
counter2-local thread=1407988 syscalls=76
counter2-local thread=1409292 syscalls=38
counter2-local thread=1408276 syscalls=60
counter2-local thread=1409193 syscalls=56
counter2-local thread=1408377 syscalls=69
counter2-local thread=1408182 syscalls=73
counter2-local thread=1408718 syscalls=49
counter2-local thread=1409332 syscalls=37
counter2-local thread=1409432 syscalls=46
counter2-local thread=1408296 syscalls=57
counter2-local thread=1409262 syscalls=40
counter2-local thread=1409036 syscalls=57
counter2-local thread=1352906 syscalls=283
counter2-local thread=1409121 syscalls=55
counter2-local thread=1408348 syscalls=68
counter2-local thread=1409947 syscalls=42
counter2-local thread=1407730 syscalls=121
counter2-local thread=1409611 syscalls=45
counter2-local thread=1407657 syscalls=134
counter2-local thread=1408964 syscalls=53
counter2-local thread=1408539 syscalls=55
counter2-local thread=1407801 syscalls=110
counter2-local thread=1408645 syscalls=54
counter2-local thread=1408062 syscalls=75
counter2-local thread=1409515 syscalls=38
counter2-local thread=1408561 syscalls=51
counter2-local thread=1410022 syscalls=42
counter2-local thread=1409249 syscalls=43
counter2-local thread=1408930 syscalls=46
counter2-local thread=1409487 syscalls=45
counter2-local thread=1410108 syscalls=202
counter2-local thread=1408598 syscalls=58
counter2-local thread=1409989 syscalls=51
counter2-local thread=1408867 syscalls=54
counter2-local thread=1409595 syscalls=46
counter2-local thread=1409205 syscalls=43
counter2-local thread=1408584 syscalls=66
counter2-local thread=1406166 syscalls=222
counter2-local thread=1409756 syscalls=43
counter2-local thread=1408082 syscalls=87
counter2-local thread=1406118 syscalls=125
counter2-local thread=1408628 syscalls=50
counter2-local thread=1404894 syscalls=369
counter2-local thread=1408882 syscalls=62
counter2-local thread=1363292 syscalls=63
counter2-local thread=1370210 syscalls=40
counter2-local thread=1358423 syscalls=143
counter2-local thread=1358906 syscalls=57
counter2-local thread=1370250 syscalls=44
counter2-local thread=1361296 syscalls=44
counter2-local thread=1367601 syscalls=64
counter2-local thread=1364190 syscalls=44
counter2-local thread=1369178 syscalls=48
counter2-local thread=1361255 syscalls=79
counter2-local thread=1369150 syscalls=111
counter2-local thread=1361720 syscalls=66
counter2-local thread=1360790 syscalls=79
counter2-local thread=1364544 syscalls=54
counter2-local thread=1364937 syscalls=52
counter2-local thread=1358556 syscalls=67
counter2-local thread=1369410 syscalls=39
counter2-local thread=1359121 syscalls=70
counter2-local thread=1363875 syscalls=59
counter2-local thread=1370257 syscalls=44
counter2-local thread=1368274 syscalls=69
counter2-local thread=1360862 syscalls=76
counter2-local thread=1360897 syscalls=46
counter2-local thread=1370185 syscalls=42
counter2-local thread=1358364 syscalls=92
counter2-local thread=1360321 syscalls=44
counter2-local thread=1358784 syscalls=77
counter2-local thread=1361546 syscalls=69
counter2-local thread=1360084 syscalls=53
counter2-local thread=1364056 syscalls=42
counter2-local thread=1365232 syscalls=45
counter2-local thread=1364324 syscalls=43
counter2-local thread=1364824 syscalls=53
counter2-local thread=1363669 syscalls=54
counter2-local thread=1358396 syscalls=181
counter2-local thread=1369452 syscalls=40
counter2-local thread=1360126 syscalls=47
counter2-local thread=1362745 syscalls=68
counter2-local thread=1358675 syscalls=74
counter2-local thread=1370347 syscalls=44
counter2-local thread=1360577 syscalls=67
counter2-local thread=1362027 syscalls=42
counter2-local thread=1363403 syscalls=69
counter2-local thread=1370687 syscalls=78
counter2-local thread=1361074 syscalls=42
counter2-local thread=1368153 syscalls=62
counter2-local thread=1363069 syscalls=51
counter2-local thread=1364876 syscalls=54
counter2-local thread=1364373 syscalls=53
counter2-local thread=1358318 syscalls=96
counter2-local thread=1360930 syscalls=41
counter2-local thread=1365505 syscalls=111
counter2-local thread=1363812 syscalls=70
counter2-local thread=1358322 syscalls=90
counter2-local thread=1365409 syscalls=43
counter2-local thread=1358492 syscalls=80
counter2-local thread=1361023 syscalls=79
counter2-local thread=1365045 syscalls=46
counter2-local thread=1359203 syscalls=56
counter2-local thread=1360263 syscalls=120
counter2-local thread=1369419 syscalls=52
counter2-local thread=1360812 syscalls=44
counter2-local thread=1362631 syscalls=46
counter2-local thread=1360431 syscalls=43
counter2-local thread=1358332 syscalls=103
counter2-local thread=1369115 syscalls=57
counter2-local thread=1360718 syscalls=50
counter2-local thread=1358645 syscalls=64
counter2-local thread=1359342 syscalls=65
counter2-local thread=1363351 syscalls=68
counter2-local thread=1363122 syscalls=84
counter2-local thread=1368344 syscalls=66
counter2-local thread=1363181 syscalls=69
counter2-local thread=1358386 syscalls=84
counter2-local thread=1358843 syscalls=59
counter2-local thread=1364283 syscalls=56
counter2-local thread=1365650 syscalls=55
counter2-local thread=1368633 syscalls=65
counter2-local thread=1361394 syscalls=78
counter2-local thread=1363390 syscalls=68
counter2-local thread=1368238 syscalls=630
counter2-local thread=1365975 syscalls=62
counter2-local thread=1410467 syscalls=292
counter2-local thread=1358640 syscalls=81
counter2-local thread=1358431 syscalls=89
counter2-local thread=1363383 syscalls=73
counter2-local thread=1362970 syscalls=81
counter2-local thread=1363413 syscalls=56
counter2-local thread=1369583 syscalls=42
counter2-local thread=1364856 syscalls=49
counter2-local thread=1358607 syscalls=56
counter2-local thread=1358566 syscalls=86
counter2-local thread=1367900 syscalls=66
counter2-local thread=1359764 syscalls=87
counter2-local thread=1363578 syscalls=68
counter2-local thread=1358573 syscalls=58
counter2-local thread=1359182 syscalls=107
counter2-local thread=1358590 syscalls=106
counter2-local thread=1363710 syscalls=515
counter2-local thread=1370204 syscalls=43
counter2-local thread=1363089 syscalls=68
counter2-local thread=1361636 syscalls=65
counter2-local thread=1367467 syscalls=78
counter2-local thread=1364088 syscalls=56
counter2-local thread=1369367 syscalls=45
counter2-local thread=1360609 syscalls=77
counter2-local thread=1363766 syscalls=85
counter2-local thread=1358505 syscalls=83
counter2-local thread=1358523 syscalls=78
counter2-local thread=1361979 syscalls=55
counter2-local thread=1362568 syscalls=43
counter2-local thread=1359647 syscalls=77
counter2-local thread=1362377 syscalls=72
counter2-local thread=1368406 syscalls=50
counter2-local thread=1369754 syscalls=44
counter2-local thread=1367061 syscalls=69
counter2-local thread=1365335 syscalls=72
counter2-local thread=1358961 syscalls=54
counter2-local thread=1370222 syscalls=48
counter2-local thread=1367763 syscalls=42
counter2-local thread=1364634 syscalls=52
counter2-local thread=1367078 syscalls=54
counter2-local thread=1363136 syscalls=74
counter2-local thread=1363146 syscalls=66
counter2-local thread=1358798 syscalls=55
counter2-local thread=1361381 syscalls=54
counter2-local thread=1360820 syscalls=42
counter2-local thread=1363230 syscalls=76
counter2-local thread=1369628 syscalls=38
counter2-local thread=1362700 syscalls=77
counter2-local thread=1359659 syscalls=91
counter2-local thread=1369728 syscalls=39
counter2-local thread=1364507 syscalls=57
counter2-local thread=1370333 syscalls=41
counter2-local thread=1362734 syscalls=58
counter2-local thread=1364412 syscalls=53
counter2-local thread=1364899 syscalls=58
counter2-local thread=1364438 syscalls=55
counter2-local thread=1365600 syscalls=53
counter2-local thread=1363611 syscalls=115
counter2-local thread=1368563 syscalls=53
counter2-local thread=1359666 syscalls=58
counter2-local thread=1358426 syscalls=58
counter2-local thread=1358554 syscalls=87
counter2-local thread=1369838 syscalls=45
counter2-local thread=1370272 syscalls=42
counter2-local thread=1370324 syscalls=41
counter2-local thread=1365311 syscalls=65
counter2-local thread=1359591 syscalls=58
counter2-local thread=1369459 syscalls=44
counter2-local thread=1359075 syscalls=92
counter2-local thread=1358706 syscalls=57
counter2-local thread=1361311 syscalls=46
counter2-local thread=1358360 syscalls=105
counter2-local thread=1368886 syscalls=74
counter2-local thread=1358594 syscalls=67
counter2-local thread=1359164 syscalls=87
counter2-local thread=1362350 syscalls=57
counter2-local thread=1358404 syscalls=71
counter2-local thread=1362393 syscalls=69
counter2-local thread=1358771 syscalls=91
counter2-local thread=1370154 syscalls=45
counter2-local thread=1370072 syscalls=40
counter2-local thread=1365108 syscalls=46
counter2-local thread=1358437 syscalls=116
counter2-local thread=1358454 syscalls=59
counter2-local thread=1361466 syscalls=67
counter2-local thread=1370573 syscalls=92
counter2-local thread=1370619 syscalls=63
counter2-local thread=1361943 syscalls=68
counter2-local thread=1361341 syscalls=330
counter2-local thread=1358483 syscalls=65
counter2-local thread=1358617 syscalls=120
counter2-local thread=1360329 syscalls=50
counter2-local thread=1360306 syscalls=43
counter2-local thread=1362516 syscalls=70
counter2-local thread=1360999 syscalls=70
counter2-local thread=1364020 syscalls=61
counter2-local thread=1359449 syscalls=83
counter2-local thread=1358679 syscalls=57
counter2-local thread=1361191 syscalls=48
counter2-local thread=1360394 syscalls=43
counter2-local thread=1361686 syscalls=44
counter2-local thread=1358346 syscalls=91
counter2-local thread=1358856 syscalls=61
counter2-local thread=1365138 syscalls=45
counter2-local thread=1358636 syscalls=72
counter2-local thread=1358649 syscalls=85
counter2-local thread=1360776 syscalls=65
counter2-local thread=1358373 syscalls=54
counter2-local thread=1364792 syscalls=50
counter2-local thread=1364149 syscalls=61
counter2-local thread=1368024 syscalls=73
counter2-local thread=1369400 syscalls=46
counter2-local thread=1358351 syscalls=93
counter2-local thread=1370217 syscalls=43
counter2-local thread=1361223 syscalls=66
counter2-local thread=1364458 syscalls=54
counter2-local thread=1364486 syscalls=56
counter2-local thread=1369614 syscalls=48
counter2-local thread=1358600 syscalls=70
counter2-local thread=1369002 syscalls=43
counter2-local thread=1369508 syscalls=47
counter2-local thread=1358690 syscalls=73
counter2-local thread=1358735 syscalls=78
counter2-local thread=1369710 syscalls=46
counter2-local thread=1370361 syscalls=43
counter2-local thread=1362646 syscalls=69
counter2-local thread=1358301 syscalls=237
counter2-local thread=1358546 syscalls=102
counter2-local thread=1369490 syscalls=37
counter2-local thread=1362689 syscalls=64
counter2-local thread=1369334 syscalls=45
counter2-local thread=1358534 syscalls=97
counter2-local thread=1360840 syscalls=71
counter2-local thread=1359057 syscalls=81
counter2-local thread=1362955 syscalls=58
counter2-local thread=1358702 syscalls=73
counter2-local thread=1363783 syscalls=71
counter2-local thread=1363689 syscalls=58
counter2-local thread=1361136 syscalls=83
counter2-local thread=1370710 syscalls=52
counter2-local thread=1370178 syscalls=41
counter2-local thread=1360476 syscalls=49
counter2-local thread=1364747 syscalls=60
counter2-local thread=1363523 syscalls=124
counter2-local thread=1410996 syscalls=298
counter2-local thread=1369687 syscalls=43
counter2-local thread=1358335 syscalls=90
counter2-local thread=1359409 syscalls=84
counter2-local thread=1370303 syscalls=43
counter2-local thread=1365172 syscalls=47
counter2-local thread=1363495 syscalls=84
counter2-local thread=1369429 syscalls=42
counter2-local thread=1369318 syscalls=44
counter2-local thread=1364720 syscalls=53
counter2-local thread=1358368 syscalls=82
counter2-local thread=1364130 syscalls=44
counter2-local thread=1361805 syscalls=70
counter2-local thread=1370265 syscalls=42
counter2-local thread=1358563 syscalls=55
counter2-local thread=1365006 syscalls=46
counter2-local thread=1363617 syscalls=68
counter2-local thread=1358729 syscalls=78
counter2-local thread=1358340 syscalls=77
counter2-local thread=1370387 syscalls=41
counter2-local thread=1370235 syscalls=43
counter2-local thread=1358744 syscalls=60
counter2-local thread=1360741 syscalls=44
counter2-local thread=1368474 syscalls=47
counter2-local thread=1364175 syscalls=60
counter2-local thread=1363482 syscalls=46
counter2-local thread=1365552 syscalls=45
counter2-local thread=1360060 syscalls=65
counter2-local thread=1361363 syscalls=67
counter2-local thread=1369447 syscalls=43
counter2-local thread=1369642 syscalls=43
counter2-local thread=1370197 syscalls=45
counter2-local thread=1360096 syscalls=83
counter2-local thread=1362723 syscalls=75
counter2-local thread=1370513 syscalls=56
counter2-local thread=1359992 syscalls=92
counter2-local thread=1360110 syscalls=64
counter2-local thread=1363453 syscalls=65
counter2-local thread=1370281 syscalls=40
counter2-local thread=1364246 syscalls=64
counter2-local thread=1361592 syscalls=74
counter2-local thread=1362856 syscalls=53
counter2-local thread=1370242 syscalls=47
counter2-local thread=1363590 syscalls=81
counter2-local thread=1365718 syscalls=123
counter2-local thread=1360163 syscalls=66
counter2-local thread=1368210 syscalls=73
counter2-local thread=1361059 syscalls=50
counter2-local thread=1369609 syscalls=49
counter2-local thread=1362529 syscalls=66
counter2-local thread=1368127 syscalls=64
counter2-local thread=1370488 syscalls=43
counter2-local thread=1368259 syscalls=51
counter2-local thread=1369547 syscalls=44
counter2-local thread=1370723 syscalls=39
counter2-local thread=1364684 syscalls=59
counter2-local thread=1364968 syscalls=46
counter2-local thread=1367634 syscalls=35
counter2-local thread=1361735 syscalls=67
counter2-local thread=1383198 syscalls=38
counter2-local thread=1358487 syscalls=88
counter2-local thread=1358389 syscalls=39
counter2-local thread=1358354 syscalls=83
counter2-local thread=1361369 syscalls=55
counter2-local thread=1363655 syscalls=37
counter2-local thread=1371367 syscalls=41
counter2-local thread=1383292 syscalls=38
counter2-local thread=1363565 syscalls=38
counter2-local thread=1370313 syscalls=43
counter2-local thread=1400716 syscalls=37
counter2-local thread=1363395 syscalls=36
counter2-local thread=1358927 syscalls=59
counter2-local thread=1361116 syscalls=76
counter2-local thread=1360046 syscalls=42
counter2-local thread=1401659 syscalls=41
counter2-local thread=1370451 syscalls=77
counter2-local thread=1358853 syscalls=59
counter2-local thread=1363329 syscalls=40
counter2-local thread=1370536 syscalls=39
counter2-local thread=1367548 syscalls=65
counter2-local thread=1401538 syscalls=34
counter2-local thread=1383305 syscalls=37
counter2-local thread=1362495 syscalls=35
counter2-local thread=1401329 syscalls=37
counter2-local thread=1361456 syscalls=67
counter2-local thread=1360443 syscalls=68
counter2-local thread=1358610 syscalls=84
counter2-local thread=1383351 syscalls=39
counter2-local thread=1373091 syscalls=44
counter2-local thread=1370854 syscalls=43
counter2-local thread=1383316 syscalls=36
counter2-local thread=1361434 syscalls=39
counter2-local thread=1406430 syscalls=36
counter2-local thread=1400902 syscalls=35
counter2-local thread=1385516 syscalls=39
counter2-local thread=1386273 syscalls=49
counter2-local thread=1383373 syscalls=41
counter2-local thread=1368174 syscalls=65
counter2-local thread=1373626 syscalls=41
counter2-local thread=1358463 syscalls=38
counter2-local thread=1406392 syscalls=45
counter2-local thread=1372961 syscalls=37
counter2-local thread=1362765 syscalls=42
counter2-local thread=1369389 syscalls=39
counter2-local thread=1373507 syscalls=39
counter2-local thread=1400798 syscalls=40
counter2-local thread=1371083 syscalls=39
counter2-local thread=1362710 syscalls=39
counter2-local thread=1363197 syscalls=83
counter2-local thread=1362469 syscalls=39
counter2-local thread=1362549 syscalls=47
counter2-local thread=1370768 syscalls=42
counter2-local thread=1368307 syscalls=39
counter2-local thread=1362669 syscalls=38
counter2-local thread=1400925 syscalls=36
counter2-local thread=1401433 syscalls=37
counter2-local thread=1383473 syscalls=35
counter2-local thread=1358420 syscalls=39
counter2-local thread=1358695 syscalls=61
counter2-local thread=1372980 syscalls=40
counter2-local thread=1400810 syscalls=48
counter2-local thread=1372311 syscalls=38
counter2-local thread=1370805 syscalls=41
counter2-local thread=1372507 syscalls=40
counter2-local thread=1383214 syscalls=40
counter2-local thread=1369264 syscalls=37
counter2-local thread=1362093 syscalls=41
counter2-local thread=1400882 syscalls=40
counter2-local thread=1401311 syscalls=35
counter2-local thread=1366816 syscalls=67
counter2-local thread=1362638 syscalls=43
counter2-local thread=1372755 syscalls=39
counter2-local thread=1411344 syscalls=298
counter2-local thread=1373448 syscalls=38
counter2-local thread=1360116 syscalls=36
counter2-local thread=1360144 syscalls=36
counter2-local thread=1368372 syscalls=36
counter2-local thread=1368144 syscalls=37
counter2-local thread=1365075 syscalls=50
counter2-local thread=1358585 syscalls=104
counter2-local thread=1358666 syscalls=38
counter2-local thread=1359679 syscalls=58
counter2-local thread=1361420 syscalls=41
counter2-local thread=1368504 syscalls=41
counter2-local thread=1363468 syscalls=44
counter2-local thread=1401369 syscalls=39
counter2-local thread=1363756 syscalls=34
counter2-local thread=1367693 syscalls=33
counter2-local thread=1364109 syscalls=60
counter2-local thread=1385280 syscalls=38
counter2-local thread=1363647 syscalls=75
counter2-local thread=1373633 syscalls=40
counter2-local thread=1363956 syscalls=39
counter2-local thread=1373501 syscalls=35
counter2-local thread=1365360 syscalls=40
counter2-local thread=1370752 syscalls=41
counter2-local thread=1373746 syscalls=38
counter2-local thread=1359091 syscalls=48
counter2-local thread=1369137 syscalls=36
counter2-local thread=1373048 syscalls=38
counter2-local thread=1360804 syscalls=53
counter2-local thread=1373964 syscalls=42
counter2-local thread=1373337 syscalls=45
counter2-local thread=1360759 syscalls=38
counter2-local thread=1372872 syscalls=40
counter2-local thread=1362813 syscalls=39
counter2-local thread=1358411 syscalls=40
counter2-local thread=1369351 syscalls=74
counter2-local thread=1363460 syscalls=41
counter2-local thread=1361280 syscalls=51
counter2-local thread=1401630 syscalls=44
counter2-local thread=1374587 syscalls=40
counter2-local thread=1363635 syscalls=37
counter2-local thread=1358758 syscalls=42
counter2-local thread=1371108 syscalls=37
counter2-local thread=1360958 syscalls=41
counter2-local thread=1372350 syscalls=40
counter2-local thread=1401264 syscalls=39
counter2-local thread=1400943 syscalls=38
counter2-local thread=1386819 syscalls=42
counter2-local thread=1359008 syscalls=46
counter2-local thread=1368191 syscalls=43
counter2-local thread=1358656 syscalls=36
counter2-local thread=1359723 syscalls=51
counter2-local thread=1373565 syscalls=38
counter2-local thread=1361043 syscalls=37
counter2-local thread=1400728 syscalls=34
counter2-local thread=1358580 syscalls=38
counter2-local thread=1358820 syscalls=85
counter2-local thread=1362459 syscalls=40
counter2-local thread=1401353 syscalls=38
counter2-local thread=1359629 syscalls=37
counter2-local thread=1372486 syscalls=39
counter2-local thread=1373134 syscalls=39
counter2-local thread=1369287 syscalls=39
counter2-local thread=1368294 syscalls=33
counter2-local thread=1363154 syscalls=37
counter2-local thread=1401403 syscalls=39
counter2-local thread=1386262 syscalls=38
counter2-local thread=1373664 syscalls=36
counter2-local thread=1365451 syscalls=37
counter2-local thread=1383430 syscalls=39
counter2-local thread=1406298 syscalls=38
counter2-local thread=1359662 syscalls=38
counter2-local thread=1368963 syscalls=38
counter2-local thread=1400687 syscalls=41
counter2-local thread=1360289 syscalls=36
counter2-local thread=1367661 syscalls=41
counter2-local thread=1368438 syscalls=37
counter2-local thread=1400770 syscalls=37
counter2-local thread=1383240 syscalls=40
counter2-local thread=1373255 syscalls=43
counter2-local thread=1401106 syscalls=36
counter2-local thread=1363040 syscalls=41
counter2-local thread=1363917 syscalls=38
counter2-local thread=1385215 syscalls=38
counter2-local thread=1406254 syscalls=33
counter2-local thread=1370402 syscalls=42
counter2-local thread=1360500 syscalls=39
counter2-local thread=1386826 syscalls=41
counter2-local thread=1400629 syscalls=36
counter2-local thread=1383332 syscalls=40
counter2-local thread=1362696 syscalls=38
counter2-local thread=1358393 syscalls=45
counter2-local thread=1373123 syscalls=41
counter2-local thread=1371607 syscalls=39
counter2-local thread=1368984 syscalls=41
counter2-local thread=1361409 syscalls=39
counter2-local thread=1373436 syscalls=38
counter2-local thread=1362484 syscalls=39
counter2-local thread=1400753 syscalls=34
counter2-local thread=1401155 syscalls=38
counter2-local thread=1358662 syscalls=37
counter2-local thread=1373102 syscalls=42
counter2-local thread=1400636 syscalls=39
counter2-local thread=1361158 syscalls=45
counter2-local thread=1362540 syscalls=39
counter2-local thread=1400841 syscalls=39
counter2-local thread=1372415 syscalls=42
counter2-local thread=1400653 syscalls=36
counter2-local thread=1361871 syscalls=36
counter2-local thread=1373588 syscalls=40
counter2-local thread=1358740 syscalls=37
counter2-local thread=1365279 syscalls=55
counter2-local thread=1363486 syscalls=37
counter2-local thread=1401204 syscalls=42
counter2-local thread=1383259 syscalls=37
counter2-local thread=1370650 syscalls=43
counter2-local thread=1369954 syscalls=44
counter2-local thread=1372126 syscalls=37
counter2-local thread=1373061 syscalls=39
counter2-local thread=1361204 syscalls=44
counter2-local thread=1362716 syscalls=75
counter2-local thread=1358712 syscalls=38
counter2-local thread=1406585 syscalls=43
counter2-local thread=1372940 syscalls=39
counter2-local thread=1400828 syscalls=39
counter2-local thread=1371178 syscalls=39
counter2-local thread=1369092 syscalls=42
counter2-local thread=1371247 syscalls=37
counter2-local thread=1364568 syscalls=59
counter2-local thread=1406341 syscalls=33
counter2-local thread=1358414 syscalls=37
counter2-local thread=1360639 syscalls=34
counter2-local thread=1373839 syscalls=37
INFO: Analyzed 61 targets (85 packages loaded, 1019 targets configured).
counter2-local thread=1358719 syscalls=39
counter2-local thread=1373851 syscalls=45
counter2-local thread=1372543 syscalls=39
counter2-local thread=1401765 syscalls=41
counter2-local thread=1373981 syscalls=40
counter2-local thread=1368751 syscalls=40
counter2-local thread=1383384 syscalls=45
counter2-local thread=1400861 syscalls=42
counter2-local thread=1371282 syscalls=39
counter2-local thread=1363440 syscalls=40
counter2-local thread=1385644 syscalls=43
counter2-local thread=1372618 syscalls=43
counter2-local thread=1358569 syscalls=42
counter2-local thread=1363941 syscalls=37
counter2-local thread=1370288 syscalls=49
counter2-local thread=1359275 syscalls=38
counter2-local thread=1361319 syscalls=41
counter2-local thread=1370847 syscalls=40
counter2-local thread=1363429 syscalls=36
counter2-local thread=1371061 syscalls=40
counter2-local thread=1358612 syscalls=40
counter2-local thread=1362436 syscalls=43
counter2-local thread=1373475 syscalls=40
counter2-local thread=1358518 syscalls=39
counter2-local thread=1401678 syscalls=43
counter2-local thread=1363477 syscalls=44
counter2-local thread=1358381 syscalls=41
counter2-local thread=1358416 syscalls=48
counter2-local thread=1400782 syscalls=37
counter2-local thread=1371116 syscalls=40
counter2-local thread=1370662 syscalls=39
counter2-local thread=1358448 syscalls=52
counter2-local thread=1401232 syscalls=36
counter2-local thread=1373712 syscalls=45
counter2-local thread=1400675 syscalls=36
counter2-local thread=1371207 syscalls=38
counter2-local thread=1373545 syscalls=40
counter2-local thread=1362922 syscalls=40
counter2-local thread=1362980 syscalls=39
counter2-local thread=1373111 syscalls=39
counter2-local thread=1385425 syscalls=36
counter2-local thread=1360868 syscalls=38
counter2-local thread=1363130 syscalls=36
counter2-local thread=1358806 syscalls=44
counter2-local thread=1401511 syscalls=41
counter2-local thread=1371936 syscalls=45
counter2-local thread=1358623 syscalls=40
counter2-local thread=1358795 syscalls=39
counter2-local thread=1401043 syscalls=39
counter2-local thread=1362584 syscalls=61
counter2-local thread=1406405 syscalls=39
counter2-local thread=1373150 syscalls=37
counter2-local thread=1374567 syscalls=39
counter2-local thread=1362661 syscalls=40
counter2-local thread=1360090 syscalls=44
counter2-local thread=1370836 syscalls=40
counter2-local thread=1358469 syscalls=38
counter2-local thread=1373040 syscalls=40
counter2-local thread=1362655 syscalls=38
counter2-local thread=1365740 syscalls=39
counter2-local thread=1370545 syscalls=38
counter2-local thread=1369038 syscalls=39
counter2-local thread=1373514 syscalls=39
counter2-local thread=1373190 syscalls=36
counter2-local thread=1386289 syscalls=38
counter2-local thread=1365673 syscalls=37
counter2-local thread=1370294 syscalls=42
counter2-local thread=1401572 syscalls=40
counter2-local thread=1369053 syscalls=40
counter2-local thread=1401294 syscalls=49
counter2-local thread=1373168 syscalls=40
counter2-local thread=1358357 syscalls=45
counter2-local thread=1361764 syscalls=42
counter2-local thread=1362883 syscalls=40
counter2-local thread=1373644 syscalls=44
counter2-local thread=1401273 syscalls=41
counter2-local thread=1358828 syscalls=142
counter2-local thread=1373067 syscalls=42
counter2-local thread=1373553 syscalls=40
counter2-local thread=1361992 syscalls=42
counter2-local thread=1358399 syscalls=38
counter2-local thread=1373606 syscalls=37
counter2-local thread=1358442 syscalls=38
counter2-local thread=1364163 syscalls=53
counter2-local thread=1406375 syscalls=38
counter2-local thread=1383405 syscalls=39
counter2-local thread=1358631 syscalls=44
counter2-local thread=1370919 syscalls=45
counter2-local thread=1358444 syscalls=41
counter2-local thread=1372570 syscalls=40
counter2-local thread=1368531 syscalls=39
counter2-local thread=1373228 syscalls=37
counter2-local thread=1401601 syscalls=37
counter2-local thread=1358668 syscalls=44
counter2-local thread=1373533 syscalls=39
counter2-local thread=1363446 syscalls=44
counter2-local thread=1383368 syscalls=41
counter2-local thread=1373526 syscalls=45
counter2-local thread=1360467 syscalls=41
counter2-local thread=1401800 syscalls=43
counter2-local thread=1400722 syscalls=32
counter2-local thread=1370597 syscalls=58
counter2-local thread=1370813 syscalls=40
counter2-local thread=1363259 syscalls=38
counter2-local thread=1358457 syscalls=42
counter2-local thread=1363418 syscalls=38
counter2-local thread=1400997 syscalls=39
counter2-local thread=1363243 syscalls=40
counter2-local thread=1359367 syscalls=49
counter2-local thread=1358544 syscalls=41
counter2-local thread=1361841 syscalls=41
counter2-local thread=1358560 syscalls=38
counter2-local thread=1408257 syscalls=4282
counter2-local thread=1383228 syscalls=40
counter2-local thread=1401180 syscalls=34
counter2-local thread=1373079 syscalls=38
counter2-local thread=1360836 syscalls=36
counter2-local thread=1408615 syscalls=3895
counter2-local thread=1383437 syscalls=37
counter2-local thread=1374610 syscalls=36
counter2-local thread=1361145 syscalls=39
counter2-local thread=1401718 syscalls=37
counter2-local thread=1383418 syscalls=39
counter2-local thread=1371326 syscalls=39
counter2-local thread=1394019 syscalls=39
counter2-local thread=1402046 syscalls=36
counter2-local thread=1392564 syscalls=40
counter2-local thread=1360185 syscalls=42
counter2-local thread=1373889 syscalls=39
counter2-local thread=1401972 syscalls=39
counter2-local thread=1374319 syscalls=42
counter2-local thread=1368101 syscalls=39
counter2-local thread=1402974 syscalls=43
counter2-local thread=1361901 syscalls=40
counter2-local thread=1362610 syscalls=40
counter2-local thread=1371843 syscalls=40
counter2-local thread=1373492 syscalls=39
counter2-local thread=1388627 syscalls=37
counter2-local thread=1359354 syscalls=53
counter2-local thread=1391675 syscalls=42
counter2-local thread=1359424 syscalls=42
counter2-local thread=1406998 syscalls=41
counter2-local thread=1371489 syscalls=41
counter2-local thread=1401477 syscalls=39
counter2-local thread=1358861 syscalls=37
counter2-local thread=1378863 syscalls=40
counter2-local thread=1402277 syscalls=40
counter2-local thread=1361352 syscalls=38
counter2-local thread=1403901 syscalls=42
counter2-local thread=1385867 syscalls=43
counter2-local thread=1386108 syscalls=42
counter2-local thread=1402195 syscalls=43
counter2-local thread=1407632 syscalls=4890
counter2-local thread=1378944 syscalls=37
counter2-local thread=1370792 syscalls=43
counter2-local thread=1378968 syscalls=36
counter2-local thread=1358824 syscalls=39
counter2-local thread=1359071 syscalls=39
counter2-local thread=1370497 syscalls=36
counter2-local thread=1365528 syscalls=38
counter2-local thread=1361101 syscalls=41
counter2-local thread=1370883 syscalls=37
counter2-local thread=1403921 syscalls=36
counter2-local thread=1373576 syscalls=40
counter2-local thread=1373562 syscalls=40
counter2-local thread=1360593 syscalls=37
counter2-local thread=1363739 syscalls=39
counter2-local thread=1407030 syscalls=36
counter2-local thread=1374816 syscalls=36
counter2-local thread=1380132 syscalls=37
counter2-local thread=1380084 syscalls=38
counter2-local thread=1365629 syscalls=35
counter2-local thread=1374877 syscalls=36
counter2-local thread=1358849 syscalls=38
counter2-local thread=1379182 syscalls=36
counter2-local thread=1388675 syscalls=38
counter2-local thread=1385897 syscalls=35
counter2-local thread=1359035 syscalls=37
counter2-local thread=1359653 syscalls=36
counter2-local thread=1393088 syscalls=43
counter2-local thread=1374491 syscalls=40
counter2-local thread=1373244 syscalls=40
counter2-local thread=1407477 syscalls=38
counter2-local thread=1373400 syscalls=35
counter2-local thread=1366361 syscalls=43
counter2-local thread=1385320 syscalls=39
counter2-local thread=1359146 syscalls=37
counter2-local thread=1403017 syscalls=39
counter2-local thread=1359617 syscalls=40
counter2-local thread=1393542 syscalls=42
counter2-local thread=1403836 syscalls=40
counter2-local thread=1406770 syscalls=33
counter2-local thread=1374686 syscalls=38
counter2-local thread=1371073 syscalls=40
counter2-local thread=1363971 syscalls=42
counter2-local thread=1406475 syscalls=41
counter2-local thread=1383475 syscalls=45
counter2-local thread=1402645 syscalls=41
counter2-local thread=1400698 syscalls=40
counter2-local thread=1385728 syscalls=46
counter2-local thread=1374467 syscalls=40
counter2-local thread=1382924 syscalls=38
counter2-local thread=1388735 syscalls=44
counter2-local thread=1369220 syscalls=41
counter2-local thread=1385770 syscalls=39
counter2-local thread=1388778 syscalls=43
counter2-local thread=1373997 syscalls=40
counter2-local thread=1391735 syscalls=39
counter2-local thread=1403060 syscalls=41
counter2-local thread=1373800 syscalls=41
counter2-local thread=1358835 syscalls=41
counter2-local thread=1412177 syscalls=253
counter2-local thread=1374298 syscalls=43
counter2-local thread=1374365 syscalls=41
counter2-local thread=1407542 syscalls=39
counter2-local thread=1378888 syscalls=44
counter2-local thread=1385087 syscalls=39
counter2-local thread=1385883 syscalls=42
counter2-local thread=1374843 syscalls=39
counter2-local thread=1407271 syscalls=40
counter2-local thread=1408535 syscalls=231
counter2-local thread=1402119 syscalls=40
counter2-local thread=1408370 syscalls=125
counter2-local thread=1385468 syscalls=41
counter2-local thread=1386151 syscalls=40
counter2-local thread=1407958 syscalls=369
counter2-local thread=1412096 syscalls=331
counter2-local thread=1391495 syscalls=43
counter2-local thread=1402954 syscalls=42
counter2-local thread=1386216 syscalls=38
counter2-local thread=1374172 syscalls=40
counter2-local thread=1402768 syscalls=43
counter2-local thread=1386406 syscalls=40
counter2-local thread=1408043 syscalls=230
counter2-local thread=1358791 syscalls=41
counter2-local thread=1407905 syscalls=125
counter2-local thread=1402719 syscalls=37
counter2-local thread=1386371 syscalls=42
counter2-local thread=1407328 syscalls=369
counter2-local thread=1374522 syscalls=38
counter2-local thread=1363424 syscalls=42
counter2-local thread=1386321 syscalls=43
counter2-local thread=1359320 syscalls=44
counter2-local thread=1412306 syscalls=237
counter2-local thread=1391937 syscalls=41
counter2-local thread=1386242 syscalls=40
counter2-local thread=1358776 syscalls=46
counter2-local thread=1359561 syscalls=42
counter2-local thread=1401996 syscalls=40
counter2-local thread=1386734 syscalls=39
counter2-local thread=1382992 syscalls=40
counter2-local thread=1363599 syscalls=38
counter2-local thread=1407387 syscalls=230
counter2-local thread=1407102 syscalls=125
counter2-local thread=1392800 syscalls=39
counter2-local thread=1406330 syscalls=369
counter2-local thread=1374454 syscalls=35
counter2-local thread=1374203 syscalls=45
counter2-local thread=1359079 syscalls=41
counter2-local thread=1374651 syscalls=41
counter2-local thread=1407980 syscalls=4925
counter2-local thread=1402151 syscalls=40
counter2-local thread=1371703 syscalls=44
counter2-local thread=1403079 syscalls=41
counter2-local thread=1374015 syscalls=44
counter2-local thread=1383166 syscalls=38
counter2-local thread=1388665 syscalls=39
counter2-local thread=1383048 syscalls=41
counter2-local thread=1383456 syscalls=43
counter2-local thread=1386367 syscalls=42
counter2-local thread=1365765 syscalls=41
counter2-local thread=1374402 syscalls=37
counter2-local thread=1385932 syscalls=43
counter2-local thread=1363696 syscalls=40
counter2-local thread=1371163 syscalls=39
counter2-local thread=1403326 syscalls=42
counter2-local thread=1386412 syscalls=39
counter2-local thread=1371139 syscalls=43
counter2-local thread=1403957 syscalls=44
counter2-local thread=1385589 syscalls=42
counter2-local thread=1379677 syscalls=53
counter2-local thread=1370984 syscalls=40
counter2-local thread=1361129 syscalls=44
counter2-local thread=1379955 syscalls=45
counter2-local thread=1404040 syscalls=43
counter2-local thread=1404006 syscalls=42
counter2-local thread=1402827 syscalls=39
counter2-local thread=1374126 syscalls=40
counter2-local thread=1358832 syscalls=38
counter2-local thread=1370777 syscalls=42
counter2-local thread=1358538 syscalls=42
counter2-local thread=1365698 syscalls=43
counter2-local thread=1379024 syscalls=42
counter2-local thread=1358893 syscalls=36
counter2-local thread=1386189 syscalls=44
counter2-local thread=1402448 syscalls=47
counter2-local thread=1402559 syscalls=43
counter2-local thread=1374750 syscalls=42
counter2-local thread=1402933 syscalls=44
counter2-local thread=1361239 syscalls=48
counter2-local thread=1402013 syscalls=42
counter2-local thread=1358986 syscalls=40
counter2-local thread=1370675 syscalls=42
counter2-local thread=1391392 syscalls=40
counter2-local thread=1401860 syscalls=45
counter2-local thread=1383484 syscalls=43
counter2-local thread=1374796 syscalls=48
counter2-local thread=1401941 syscalls=45
counter2-local thread=1373482 syscalls=39
counter2-local thread=1391825 syscalls=40
counter2-local thread=1403116 syscalls=42
counter2-local thread=1403846 syscalls=40
counter2-local thread=1363660 syscalls=39
counter2-local thread=1374706 syscalls=39
counter2-local thread=1372389 syscalls=38
counter2-local thread=1374627 syscalls=40
counter2-local thread=1361007 syscalls=38
counter2-local thread=1371440 syscalls=38
counter2-local thread=1382972 syscalls=42
counter2-local thread=1370524 syscalls=39
counter2-local thread=1367421 syscalls=38
counter2-local thread=1386014 syscalls=38
counter2-local thread=1386336 syscalls=37
counter2-local thread=1383142 syscalls=42
counter2-local thread=1403034 syscalls=59
counter2-local thread=1370737 syscalls=41
counter2-local thread=1403927 syscalls=37
counter2-local thread=1386381 syscalls=42
counter2-local thread=1373652 syscalls=43
counter2-local thread=1385833 syscalls=43
counter2-local thread=1365388 syscalls=38
counter2-local thread=1394452 syscalls=33
counter2-local thread=1371094 syscalls=40
counter2-local thread=1365426 syscalls=37
counter2-local thread=1384928 syscalls=41
counter2-local thread=1358917 syscalls=34
counter2-local thread=1371036 syscalls=37
counter2-local thread=1402063 syscalls=39
counter2-local thread=1383277 syscalls=39
counter2-local thread=1379076 syscalls=39
counter2-local thread=1373031 syscalls=37
counter2-local thread=1370745 syscalls=32
counter2-local thread=1401900 syscalls=38
counter2-local thread=1370827 syscalls=35
counter2-local thread=1382909 syscalls=42
counter2-local thread=1386300 syscalls=40
counter2-local thread=1382949 syscalls=37
counter2-local thread=1363585 syscalls=38
counter2-local thread=1403800 syscalls=35
counter2-local thread=1374091 syscalls=44
counter2-local thread=1412449 syscalls=294
counter2-local thread=1370557 syscalls=39
counter2-local thread=1385016 syscalls=37
counter2-local thread=1391889 syscalls=41
counter2-local thread=1374547 syscalls=39
counter2-local thread=1358602 syscalls=41
counter2-local thread=1402201 syscalls=41
counter2-local thread=1407732 syscalls=230
counter2-local thread=1374276 syscalls=37
counter2-local thread=1407625 syscalls=125
counter2-local thread=1365477 syscalls=39
counter2-local thread=1406790 syscalls=368
counter2-local thread=1383104 syscalls=37
counter2-local thread=1386434 syscalls=36
counter2-local thread=1388648 syscalls=32
counter2-local thread=1402693 syscalls=42
counter2-local thread=1403980 syscalls=37
counter2-local thread=1385373 syscalls=36
counter2-local thread=1402509 syscalls=35
counter2-local thread=1371225 syscalls=35
counter2-local thread=1392160 syscalls=38
counter2-local thread=1374506 syscalls=40
counter2-local thread=1379431 syscalls=37
counter2-local thread=1372265 syscalls=39
counter2-local thread=1392375 syscalls=38
counter2-local thread=1383007 syscalls=38
counter2-local thread=1374669 syscalls=39
counter2-local thread=1380036 syscalls=40
counter2-local thread=1358803 syscalls=42
counter2-local thread=1360101 syscalls=41
counter2-local thread=1383185 syscalls=40
counter2-local thread=1407374 syscalls=41
counter2-local thread=1407164 syscalls=37
counter2-local thread=1385689 syscalls=42
counter2-local thread=1386173 syscalls=40
counter2-local thread=1374243 syscalls=40
counter2-local thread=1402092 syscalls=41
counter2-local thread=1407421 syscalls=43
counter2-local thread=1406803 syscalls=41
counter2-local thread=1360630 syscalls=45
counter2-local thread=1374434 syscalls=43
counter2-local thread=1402600 syscalls=37
counter2-local thread=1403875 syscalls=38
counter2-local thread=1358751 syscalls=41
counter2-local thread=1373682 syscalls=40
counter2-local thread=1370586 syscalls=40
counter2-local thread=1370699 syscalls=41
counter2-local thread=1380261 syscalls=41
counter2-local thread=1380563 syscalls=39
counter2-local thread=1403946 syscalls=40
counter2-local thread=1372449 syscalls=37
counter2-local thread=1402384 syscalls=38
counter2-local thread=1359808 syscalls=41
counter2-local thread=1406967 syscalls=37
counter2-local thread=1373460 syscalls=42
counter2-local thread=1363541 syscalls=41
counter2-local thread=1363681 syscalls=40
counter2-local thread=1365576 syscalls=37
counter2-local thread=1374776 syscalls=39
counter2-local thread=1358766 syscalls=39
counter2-local thread=1403890 syscalls=39
counter2-local thread=1380427 syscalls=42
counter2-local thread=1376961 syscalls=40
counter2-local thread=1392511 syscalls=41
counter2-local thread=1386395 syscalls=40
counter2-local thread=1358952 syscalls=41
counter2-local thread=1382932 syscalls=40
counter2-local thread=1379737 syscalls=40
counter2-local thread=1360849 syscalls=37
counter2-local thread=1392214 syscalls=38
counter2-local thread=1383120 syscalls=42
counter2-local thread=1382883 syscalls=40
counter2-local thread=1407333 syscalls=42
counter2-local thread=1360782 syscalls=44
counter2-local thread=1380582 syscalls=43
counter2-local thread=1374328 syscalls=41
counter2-local thread=1373202 syscalls=40
counter2-local thread=1386426 syscalls=42
counter2-local thread=1383083 syscalls=41
counter2-local thread=1359544 syscalls=40
counter2-local thread=1392414 syscalls=42
counter2-local thread=1358814 syscalls=41
counter2-local thread=1363509 syscalls=42
counter2-local thread=1363772 syscalls=38
counter2-local thread=1386354 syscalls=37
counter2-local thread=1388374 syscalls=42
counter2-local thread=1373597 syscalls=41
counter2-local thread=1383021 syscalls=43
counter2-local thread=1374732 syscalls=40
counter2-local thread=1394289 syscalls=40
counter2-local thread=1383337 syscalls=39
counter2-local thread=1402908 syscalls=42
counter2-local thread=1402226 syscalls=39
counter2-local thread=1392021 syscalls=42
counter2-local thread=1363622 syscalls=43
counter2-local thread=1384882 syscalls=41
counter2-local thread=1363851 syscalls=51
counter2-local thread=1370632 syscalls=42
counter2-local thread=1406875 syscalls=41
counter2-local thread=1384946 syscalls=44
counter2-local thread=1403866 syscalls=44
counter2-local thread=1407077 syscalls=42
counter2-local thread=1408475 syscalls=5103
counter2-local thread=1412516 syscalls=644
counter2-local thread=1412685 syscalls=295
counter2-local thread=1409143 syscalls=4705
counter2-local thread=1412802 syscalls=146
counter2-local thread=1412468 syscalls=220
counter2-local thread=1412432 syscalls=125
counter2-local thread=1412143 syscalls=368
counter2-local thread=1412776 syscalls=346
counter2-local thread=1408275 syscalls=230
counter2-local thread=1408223 syscalls=125
counter2-local thread=1407641 syscalls=368
counter2-local thread=1412826 syscalls=310
counter2-local thread=1408910 syscalls=230
counter2-local thread=1408760 syscalls=125
counter2-local thread=1408393 syscalls=368
counter2-local thread=1412837 syscalls=297
counter2-local thread=1411041 syscalls=3715
counter2-local thread=1412846 syscalls=644
counter2-local thread=1412995 syscalls=297
counter2-local thread=1413031 syscalls=193
counter2-local thread=1410909 syscalls=230
counter2-local thread=1410711 syscalls=125
counter2-local thread=1410214 syscalls=369
counter2-local thread=1413057 syscalls=146
counter2-local thread=1412790 syscalls=220
counter2-local thread=1412759 syscalls=125
counter2-local thread=1412561 syscalls=369
counter2-local thread=1412040 syscalls=2410
counter2-local thread=1409534 syscalls=5146
counter2-local thread=1413111 syscalls=135
counter2-local thread=1411967 syscalls=220
counter2-local thread=1411890 syscalls=125
counter2-local thread=1411607 syscalls=368
counter2-local thread=1413091 syscalls=296
counter2-local thread=1409876 syscalls=5090
counter2-local thread=1413238 syscalls=254
counter2-local thread=1409381 syscalls=230
counter2-local thread=1409269 syscalls=125
counter2-local thread=1408838 syscalls=368
counter2-local thread=1410046 syscalls=4925
counter2-local thread=1413307 syscalls=207
counter2-local thread=1409568 syscalls=230
counter2-local thread=1409505 syscalls=125
counter2-local thread=1409005 syscalls=369
counter2-local thread=1410845 syscalls=4547
counter2-local thread=1410237 syscalls=5079
counter2-local thread=1409318 syscalls=5230
counter2-local thread=1413321 syscalls=296
counter2-local thread=1413348 syscalls=278
counter2-local thread=1409903 syscalls=230
counter2-local thread=1413373 syscalls=153
counter2-local thread=1409648 syscalls=125
counter2-local thread=1409302 syscalls=368
counter2-local thread=1413374 syscalls=199
counter2-local thread=1410123 syscalls=230
counter2-local thread=1410002 syscalls=125
counter2-local thread=1409525 syscalls=368
counter2-local thread=1410549 syscalls=230
counter2-local thread=1410424 syscalls=125
counter2-local thread=1410018 syscalls=368
counter2-local thread=1413385 syscalls=708
counter2-local thread=1409191 syscalls=230
counter2-local thread=1408958 syscalls=125
counter2-local thread=1408596 syscalls=368
counter2-local thread=1411357 syscalls=4800
counter2-local thread=1410484 syscalls=5322
counter2-local thread=1411642 syscalls=4718
counter2-local thread=1413806 syscalls=548
counter2-local thread=1413837 syscalls=419
counter2-local thread=1410259 syscalls=230
counter2-local thread=1410190 syscalls=125
counter2-local thread=1409743 syscalls=368
counter2-local thread=1411543 syscalls=222
counter2-local thread=1411464 syscalls=125
counter2-local thread=1411202 syscalls=370
counter2-local thread=1411951 syscalls=4777
counter2-local thread=1413789 syscalls=1112
counter2-local thread=1411271 syscalls=220
counter2-local thread=1411176 syscalls=125
counter2-local thread=1410756 syscalls=371
counter2-local thread=1414682 syscalls=529
counter2-local thread=1411766 syscalls=220
counter2-local thread=1411723 syscalls=125
counter2-local thread=1411487 syscalls=370
counter2-local thread=1415810 syscalls=297
counter2-local thread=1408886 syscalls=6234
counter2-local thread=1413327 syscalls=4670
counter2-local thread=1417074 syscalls=215
counter2-local thread=1413273 syscalls=222
counter2-local thread=1413145 syscalls=125
counter2-local thread=1413046 syscalls=370
counter2-local thread=1413000 syscalls=5294
counter2-local thread=1413100 syscalls=5266
counter2-local thread=1418568 syscalls=595
counter2-local thread=1412920 syscalls=222
counter2-local thread=1412884 syscalls=125
counter2-local thread=1412771 syscalls=371
counter2-local thread=1413710 syscalls=4706
counter2-local thread=1419834 syscalls=576
counter2-local thread=1413415 syscalls=5215
counter2-local thread=1413065 syscalls=222
counter2-local thread=1413041 syscalls=125
counter2-local thread=1412890 syscalls=370
counter2-local thread=1413882 syscalls=4280
counter2-local thread=1415587 syscalls=2559
counter2-local thread=1421359 syscalls=263
counter2-local thread=1415553 syscalls=140
counter2-local thread=1420976 syscalls=138
counter2-local thread=1415501 syscalls=219
counter2-local thread=1415473 syscalls=125
counter2-local thread=1420247 syscalls=219
counter2-local thread=1419693 syscalls=125
counter2-local thread=1415172 syscalls=368
counter2-local thread=1417714 syscalls=369
counter2-local thread=1421501 syscalls=310
counter2-local thread=1413581 syscalls=230
counter2-local thread=1413507 syscalls=125
counter2-local thread=1413411 syscalls=368
counter2-local thread=1415285 syscalls=3719
counter2-local thread=1421642 syscalls=370
counter2-local thread=1413370 syscalls=222
counter2-local thread=1413352 syscalls=125
counter2-local thread=1413178 syscalls=371
counter2-local thread=1421770 syscalls=330
counter2-local thread=1413771 syscalls=5078
counter2-local thread=1413825 syscalls=230
counter2-local thread=1413799 syscalls=125
counter2-local thread=1413693 syscalls=369
counter2-local thread=1422089 syscalls=189
counter2-local thread=1414843 syscalls=230
counter2-local thread=1414769 syscalls=125
counter2-local thread=1414025 syscalls=368
counter2-local thread=1422265 syscalls=152
counter2-local thread=1413739 syscalls=230
counter2-local thread=1413668 syscalls=125
counter2-local thread=1413473 syscalls=368
counter2-local thread=1413817 syscalls=5093
counter2-local thread=1422570 syscalls=207
counter2-local thread=1413779 syscalls=230
counter2-local thread=1413755 syscalls=125
counter2-local thread=1413529 syscalls=368
counter2-local thread=1413570 syscalls=5457
counter2-local thread=1416021 syscalls=3215
counter2-local thread=1408641 syscalls=230
counter2-local thread=1408579 syscalls=125
counter2-local thread=1408240 syscalls=368
counter2-local thread=1414832 syscalls=4893
counter2-local thread=1415605 syscalls=3897
counter2-local thread=1415370 syscalls=4546
counter2-local thread=1422993 syscalls=233
counter2-local thread=1414669 syscalls=230
counter2-local thread=1414451 syscalls=125
counter2-local thread=1418359 syscalls=2589
counter2-local thread=1422998 syscalls=261
counter2-local thread=1413868 syscalls=368
counter2-local thread=1417715 syscalls=140
counter2-local thread=1415550 syscalls=230
counter2-local thread=1415528 syscalls=125
counter2-local thread=1415364 syscalls=368
counter2-local thread=1416984 syscalls=219
counter2-local thread=1416546 syscalls=125
counter2-local thread=1415892 syscalls=370
counter2-local thread=1423072 syscalls=199
counter2-local thread=1415333 syscalls=230
counter2-local thread=1414953 syscalls=125
counter2-local thread=1414599 syscalls=369
counter2-local thread=1414050 syscalls=5225
counter2-local thread=1419513 syscalls=2629
counter2-local thread=1418769 syscalls=140
counter2-local thread=1422996 syscalls=521
counter2-local thread=1417813 syscalls=219
counter2-local thread=1422873 syscalls=901
counter2-local thread=1417536 syscalls=125
counter2-local thread=1415994 syscalls=369
counter2-local thread=1413495 syscalls=220
counter2-local thread=1413466 syscalls=125
counter2-local thread=1413355 syscalls=371
counter2-local thread=1423366 syscalls=157
counter2-local thread=1422941 syscalls=222
counter2-local thread=1422838 syscalls=125
counter2-local thread=1422552 syscalls=368
counter2-local thread=1415487 syscalls=5146
counter2-local thread=1419822 syscalls=2924
counter2-local thread=1423350 syscalls=687
counter2-local thread=1413928 syscalls=230
counter2-local thread=1413852 syscalls=125
counter2-local thread=1413763 syscalls=368
counter2-local thread=1423523 syscalls=253
counter2-local thread=1415405 syscalls=230
counter2-local thread=1415360 syscalls=125
counter2-local thread=1414798 syscalls=368
counter2-local thread=1422276 syscalls=2293
counter2-local thread=1423550 syscalls=259
counter2-local thread=1422142 syscalls=140
counter2-local thread=1418897 syscalls=220
counter2-local thread=1418543 syscalls=125
counter2-local thread=1416780 syscalls=368
counter2-local thread=1421924 syscalls=219
counter2-local thread=1421734 syscalls=125
counter2-local thread=1420925 syscalls=368
counter2-local thread=1415736 syscalls=4926
counter2-local thread=1422539 syscalls=2282
counter2-local thread=1422400 syscalls=138
counter2-local thread=1422158 syscalls=219
counter2-local thread=1422052 syscalls=125
counter2-local thread=1421460 syscalls=368
counter2-local thread=1423823 syscalls=294
counter2-local thread=1415615 syscalls=230
counter2-local thread=1415573 syscalls=125
counter2-local thread=1415476 syscalls=368
counter2-local thread=1423801 syscalls=351
counter2-local thread=1422840 syscalls=2204
counter2-local thread=1422716 syscalls=138
counter2-local thread=1422577 syscalls=219
counter2-local thread=1422545 syscalls=125
counter2-local thread=1422081 syscalls=368
counter2-local thread=1423989 syscalls=503
counter2-local thread=1422966 syscalls=2206
counter2-local thread=1423895 syscalls=140
counter2-local thread=1422928 syscalls=140
counter2-local thread=1422730 syscalls=219
counter2-local thread=1423718 syscalls=219
counter2-local thread=1422648 syscalls=125
counter2-local thread=1423689 syscalls=125
counter2-local thread=1423441 syscalls=368
counter2-local thread=1422300 syscalls=369
counter2-local thread=1415878 syscalls=5103
counter2-local thread=1422562 syscalls=2839
counter2-local thread=1421784 syscalls=3056
counter2-local thread=1416013 syscalls=4923
counter2-local thread=1424748 syscalls=176
counter2-local thread=1422417 syscalls=222
counter2-local thread=1422283 syscalls=125
counter2-local thread=1421763 syscalls=369
counter2-local thread=1424574 syscalls=350
counter2-local thread=1415792 syscalls=5321
counter2-local thread=1415815 syscalls=230
counter2-local thread=1415782 syscalls=125
counter2-local thread=1415588 syscalls=369
counter2-local thread=1424904 syscalls=274
counter2-local thread=1423149 syscalls=2327
counter2-local thread=1415907 syscalls=230
counter2-local thread=1415880 syscalls=125
counter2-local thread=1415740 syscalls=368
counter2-local thread=1423105 syscalls=140
counter2-local thread=1424853 syscalls=385
counter2-local thread=1423010 syscalls=219
counter2-local thread=1422964 syscalls=125
counter2-local thread=1422654 syscalls=368
counter2-local thread=1421595 syscalls=222
counter2-local thread=1421396 syscalls=125
counter2-local thread=1419972 syscalls=368
counter2-local thread=1423378 syscalls=2386
counter2-local thread=1423319 syscalls=140
counter2-local thread=1423108 syscalls=219
counter2-local thread=1423074 syscalls=125
counter2-local thread=1422872 syscalls=368
counter2-local thread=1425224 syscalls=553
counter2-local thread=1415752 syscalls=230
counter2-local thread=1415719 syscalls=125
counter2-local thread=1415533 syscalls=368
counter2-local thread=1423392 syscalls=2478
counter2-local thread=1426157 syscalls=147
counter2-local thread=1423325 syscalls=222
counter2-local thread=1423146 syscalls=125
counter2-local thread=1422981 syscalls=369
counter2-local thread=1423704 syscalls=2299
counter2-local thread=1426742 syscalls=158
counter2-local thread=1423586 syscalls=220
counter2-local thread=1423510 syscalls=125
counter2-local thread=1423388 syscalls=369
counter2-local thread=1426229 syscalls=545
counter2-local thread=1426147 syscalls=125
counter2-local thread=1425528 syscalls=369
counter2-local thread=1424005 syscalls=2312
counter2-local thread=1423505 syscalls=2988
counter2-local thread=1423463 syscalls=140
counter2-local thread=1423409 syscalls=219
counter2-local thread=1423380 syscalls=125
counter2-local thread=1423088 syscalls=368
counter2-local thread=1427581 syscalls=161
counter2-local thread=1423912 syscalls=222
counter2-local thread=1423769 syscalls=125
counter2-local thread=1423530 syscalls=368
counter2-local thread=1425527 syscalls=96
counter2-local thread=1425420 syscalls=115
counter2-local thread=1427573 syscalls=269
counter2-local thread=1427362 syscalls=125
counter2-local thread=1426635 syscalls=368
counter2-local thread=1424326 syscalls=2521
counter2-local thread=1424125 syscalls=138
counter2-local thread=1424011 syscalls=219
counter2-local thread=1423986 syscalls=125
counter2-local thread=1423700 syscalls=368
counter2-local thread=1423541 syscalls=3251
counter2-local thread=1424981 syscalls=2401
counter2-local thread=1424773 syscalls=138
counter2-local thread=1424404 syscalls=219
counter2-local thread=1424283 syscalls=125
counter2-local thread=1423993 syscalls=370
counter2-local thread=1414648 syscalls=6229
counter2-local thread=1428785 syscalls=345
counter2-local thread=1423466 syscalls=220
counter2-local thread=1423433 syscalls=125
counter2-local thread=1423186 syscalls=370
counter2-local thread=1425061 syscalls=3188
counter2-local thread=1430793 syscalls=162
counter2-local thread=1424806 syscalls=222
counter2-local thread=1424562 syscalls=125
counter2-local thread=1424070 syscalls=369
counter2-local thread=1427686 syscalls=2326
counter2-local thread=1427565 syscalls=138
counter2-local thread=1427175 syscalls=219
counter2-local thread=1426931 syscalls=125
counter2-local thread=1426428 syscalls=369
counter2-local thread=1427111 syscalls=3017
counter2-local thread=1433446 syscalls=159
counter2-local thread=1426805 syscalls=222
counter2-local thread=1426620 syscalls=125
counter2-local thread=1426163 syscalls=368
counter2-local thread=1426043 syscalls=4037
counter2-local thread=1425863 syscalls=140
counter2-local thread=1425543 syscalls=219
counter2-local thread=1425283 syscalls=125
counter2-local thread=1424609 syscalls=368
counter2-local thread=1429267 syscalls=3161
counter2-local thread=1414102 syscalls=230
counter2-local thread=1414007 syscalls=125
counter2-local thread=1413807 syscalls=369
counter2-local thread=1429637 syscalls=2367
counter2-local thread=1429446 syscalls=140
counter2-local thread=1429148 syscalls=219
counter2-local thread=1428854 syscalls=125
counter2-local thread=1428273 syscalls=368
counter2-local thread=1428525 syscalls=3016
counter2-local thread=1429955 syscalls=2346
counter2-local thread=1428336 syscalls=140
counter2-local thread=1428158 syscalls=219
counter2-local thread=1429797 syscalls=140
counter2-local thread=1428032 syscalls=125
counter2-local thread=1427434 syscalls=369
counter2-local thread=1429468 syscalls=219
counter2-local thread=1426138 syscalls=4249
counter2-local thread=1429243 syscalls=125
counter2-local thread=1428534 syscalls=368
counter2-local thread=1426669 syscalls=4086
counter2-local thread=1425394 syscalls=4060
counter2-local thread=1436006 syscalls=203
counter2-local thread=1428964 syscalls=2931
counter2-local thread=1425888 syscalls=222
counter2-local thread=1425735 syscalls=125
counter2-local thread=1425032 syscalls=368
counter2-local thread=1428254 syscalls=3619
counter2-local thread=1436079 syscalls=231
counter2-local thread=1428152 syscalls=138
counter2-local thread=1426479 syscalls=222
counter2-local thread=1426355 syscalls=125
counter2-local thread=1427918 syscalls=219
counter2-local thread=1427700 syscalls=125
counter2-local thread=1425876 syscalls=368
counter2-local thread=1427056 syscalls=368
counter2-local thread=1436255 syscalls=223
counter2-local thread=1430985 syscalls=2352
counter2-local thread=1428670 syscalls=224
counter2-local thread=1428521 syscalls=125
counter2-local thread=1428078 syscalls=368
counter2-local thread=1428586 syscalls=3482
counter2-local thread=1436120 syscalls=616
counter2-local thread=1425110 syscalls=220
counter2-local thread=1424997 syscalls=125
counter2-local thread=1424338 syscalls=369
counter2-local thread=1436562 syscalls=159
counter2-local thread=1430625 syscalls=224
counter2-local thread=1430457 syscalls=125
counter2-local thread=1429660 syscalls=368
counter2-local thread=1436621 syscalls=223
counter2-local thread=1428349 syscalls=222
counter2-local thread=1428249 syscalls=125
counter2-local thread=1427770 syscalls=368
counter2-local thread=1421459 syscalls=6431
counter2-local thread=1430090 syscalls=3173
counter2-local thread=1430531 syscalls=2912
counter2-local thread=1432055 syscalls=2647
counter2-local thread=1436995 syscalls=196
counter2-local thread=1431897 syscalls=142
counter2-local thread=1429798 syscalls=220
counter2-local thread=1429616 syscalls=125
counter2-local thread=1428875 syscalls=368
counter2-local thread=1431403 syscalls=219
counter2-local thread=1431207 syscalls=125
counter2-local thread=1430506 syscalls=368
counter2-local thread=1431676 syscalls=2931
counter2-local thread=1431337 syscalls=140
counter2-local thread=1431033 syscalls=219
counter2-local thread=1430893 syscalls=125
counter2-local thread=1430014 syscalls=368
counter2-local thread=1437129 syscalls=474
counter2-local thread=1432170 syscalls=2812
counter2-local thread=1430181 syscalls=224
counter2-local thread=1429946 syscalls=125
counter2-local thread=1429278 syscalls=369
counter2-local thread=1432800 syscalls=2943
counter2-local thread=1437492 syscalls=207
counter2-local thread=1431925 syscalls=224
counter2-local thread=1431707 syscalls=125
counter2-local thread=1430967 syscalls=368
counter2-local thread=1437650 syscalls=179
counter2-local thread=1433288 syscalls=2982
counter2-local thread=1432256 syscalls=222
counter2-local thread=1432046 syscalls=125
counter2-local thread=1431272 syscalls=370
counter2-local thread=1435607 syscalls=2347
counter2-local thread=1435243 syscalls=142
counter2-local thread=1434970 syscalls=219
counter2-local thread=1434665 syscalls=125
counter2-local thread=1433228 syscalls=368
counter2-local thread=1437808 syscalls=134
counter2-local thread=1432987 syscalls=222
counter2-local thread=1432728 syscalls=125
counter2-local thread=1431762 syscalls=368
counter2-local thread=1351896 syscalls=17159
counter2-local thread=1434619 syscalls=2901
counter2-local thread=1434014 syscalls=139
counter2-local thread=1433415 syscalls=219
counter2-local thread=1433175 syscalls=125
counter2-local thread=1432101 syscalls=369
counter2-local thread=1351129 syscalls=135
counter2-local thread=1435095 syscalls=2917
counter2-local thread=1434926 syscalls=140
counter2-local thread=1434071 syscalls=219
counter2-local thread=1433670 syscalls=125
counter2-local thread=1432783 syscalls=368
counter2-local thread=1437817 syscalls=587
counter2-local thread=1437777 syscalls=140
counter2-local thread=1437642 syscalls=219
counter2-local thread=1437538 syscalls=125
counter2-local thread=1437225 syscalls=369
counter2-local thread=1435798 syscalls=2930
counter2-local thread=1436205 syscalls=2857
counter2-local thread=1438036 syscalls=250
counter2-local thread=1435284 syscalls=224
counter2-local thread=1435090 syscalls=125
counter2-local thread=1433776 syscalls=368
counter2-local thread=1437048 syscalls=2057
counter2-local thread=1436966 syscalls=140
counter2-local thread=1436804 syscalls=219
counter2-local thread=1436726 syscalls=125
counter2-local thread=1438084 syscalls=155
counter2-local thread=1436393 syscalls=369
counter2-local thread=1436023 syscalls=222
counter2-local thread=1435589 syscalls=125
counter2-local thread=1434759 syscalls=368
counter2-local thread=1436911 syscalls=2989
counter2-local thread=1436565 syscalls=2852
counter2-local thread=1421096 syscalls=220
counter2-local thread=1420780 syscalls=125
counter2-local thread=1436443 syscalls=142
counter2-local thread=1418752 syscalls=368
counter2-local thread=1437219 syscalls=2081
counter2-local thread=1436240 syscalls=219
counter2-local thread=1436148 syscalls=125
counter2-local thread=1435126 syscalls=368
counter2-local thread=1437124 syscalls=140
counter2-local thread=1436989 syscalls=219
counter2-local thread=1436937 syscalls=125
counter2-local thread=1436591 syscalls=368
counter2-local thread=1436710 syscalls=2895
counter2-local thread=1436626 syscalls=139
counter2-local thread=1436467 syscalls=219
counter2-local thread=1436365 syscalls=125
counter2-local thread=1435709 syscalls=369
counter2-local thread=1436923 syscalls=2845
counter2-local thread=1436794 syscalls=140
counter2-local thread=1436672 syscalls=219
counter2-local thread=1436570 syscalls=125
counter2-local thread=1436191 syscalls=368
counter2-local thread=1437372 syscalls=2378
counter2-local thread=1438551 syscalls=147
counter2-local thread=1437254 syscalls=222
counter2-local thread=1437214 syscalls=125
counter2-local thread=1436943 syscalls=369
counter2-local thread=1437562 syscalls=2371
counter2-local thread=1438651 syscalls=166
counter2-local thread=1437247 syscalls=2940
counter2-local thread=1437421 syscalls=224
counter2-local thread=1437338 syscalls=125
counter2-local thread=1437058 syscalls=368
counter2-local thread=1438816 syscalls=188
counter2-local thread=1437126 syscalls=220
counter2-local thread=1437051 syscalls=125
counter2-local thread=1436783 syscalls=368
counter2-local thread=1437835 syscalls=2636
counter2-local thread=1438161 syscalls=1716
counter2-local thread=1438928 syscalls=155
counter2-local thread=1438944 syscalls=163
counter2-local thread=1437770 syscalls=222
counter2-local thread=1437688 syscalls=125
counter2-local thread=1437352 syscalls=368
counter2-local thread=1438100 syscalls=222
counter2-local thread=1438076 syscalls=125
counter2-local thread=1437967 syscalls=369
counter2-local thread=1438129 syscalls=2374
counter2-local thread=1438086 syscalls=142
counter2-local thread=1438045 syscalls=219
counter2-local thread=1438015 syscalls=125
counter2-local thread=1437900 syscalls=368
counter2-local thread=1438062 syscalls=2716
counter2-local thread=1438005 syscalls=2913
counter2-local thread=1438033 syscalls=142
counter2-local thread=1437970 syscalls=141
counter2-local thread=1437975 syscalls=219
counter2-local thread=1437951 syscalls=125
counter2-local thread=1437920 syscalls=219
counter2-local thread=1437823 syscalls=368
counter2-local thread=1437887 syscalls=125
counter2-local thread=1437706 syscalls=368
counter2-local thread=1438236 syscalls=2377
counter2-local thread=1439002 syscalls=944
counter2-local thread=1438938 syscalls=140
counter2-local thread=1438895 syscalls=219
counter2-local thread=1438874 syscalls=125
counter2-local thread=1438660 syscalls=368
counter2-local thread=1437912 syscalls=2937
counter2-local thread=1439497 syscalls=587
counter2-local thread=1439970 syscalls=163
counter2-local thread=1439363 syscalls=140
counter2-local thread=1438189 syscalls=222
counter2-local thread=1438134 syscalls=125
counter2-local thread=1439083 syscalls=219
counter2-local thread=1438029 syscalls=368
counter2-local thread=1439019 syscalls=125
counter2-local thread=1438878 syscalls=369
counter2-local thread=1438554 syscalls=2191
counter2-local thread=1438444 syscalls=140
counter2-local thread=1438288 syscalls=219
counter2-local thread=1438258 syscalls=125
counter2-local thread=1438145 syscalls=368
counter2-local thread=1440049 syscalls=291
counter2-local thread=1437844 syscalls=224
counter2-local thread=1437813 syscalls=125
counter2-local thread=1437550 syscalls=369
counter2-local thread=1438269 syscalls=2852
counter2-local thread=1438667 syscalls=2383
counter2-local thread=1439964 syscalls=972
counter2-local thread=1440128 syscalls=497
counter2-local thread=1439913 syscalls=140
counter2-local thread=1439614 syscalls=219
counter2-local thread=1440101 syscalls=140
counter2-local thread=1439492 syscalls=125
counter2-local thread=1439032 syscalls=368
counter2-local thread=1440004 syscalls=219
counter2-local thread=1439968 syscalls=125
counter2-local thread=1439500 syscalls=368
counter2-local thread=1440225 syscalls=208
counter2-local thread=1438590 syscalls=2859
counter2-local thread=1438244 syscalls=222
counter2-local thread=1438224 syscalls=125
counter2-local thread=1438081 syscalls=368
counter2-local thread=1438872 syscalls=2324
counter2-local thread=1438843 syscalls=142
counter2-local thread=1438707 syscalls=219
counter2-local thread=1438656 syscalls=125
counter2-local thread=1438424 syscalls=368
counter2-local thread=1440252 syscalls=247
counter2-local thread=1438611 syscalls=222
counter2-local thread=1438558 syscalls=125
counter2-local thread=1438265 syscalls=368
counter2-local thread=1438889 syscalls=2413
counter2-local thread=1440286 syscalls=143
counter2-local thread=1438446 syscalls=222
counter2-local thread=1438400 syscalls=125
counter2-local thread=1438230 syscalls=371
counter2-local thread=1440344 syscalls=147
counter2-local thread=1438854 syscalls=222
counter2-local thread=1438819 syscalls=125
counter2-local thread=1438576 syscalls=368
counter2-local thread=1440352 syscalls=339
counter2-local thread=1440199 syscalls=1398
counter2-local thread=1439981 syscalls=2040
counter2-local thread=1440598 syscalls=155
counter2-local thread=1440159 syscalls=222
counter2-local thread=1440131 syscalls=125
counter2-local thread=1440605 syscalls=167
counter2-local thread=1439977 syscalls=368
counter2-local thread=1439927 syscalls=220
counter2-local thread=1439733 syscalls=125
counter2-local thread=1440446 syscalls=656
counter2-local thread=1439238 syscalls=368
counter2-local thread=1440167 syscalls=263
counter2-local thread=1440424 syscalls=140
counter2-local thread=1440393 syscalls=219
counter2-local thread=1440349 syscalls=125
counter2-local thread=1440242 syscalls=368
counter2-local thread=1440521 syscalls=638
counter2-local thread=1440467 syscalls=140
counter2-local thread=1440427 syscalls=219
counter2-local thread=1440412 syscalls=125
counter2-local thread=1440296 syscalls=368
counter2-local thread=1440281 syscalls=1729
counter2-local thread=1440257 syscalls=138
counter2-local thread=1440211 syscalls=219
counter2-local thread=1440188 syscalls=125
counter2-local thread=1440088 syscalls=369
counter2-local thread=1439028 syscalls=3024
counter2-local thread=1440705 syscalls=446
counter2-local thread=1440631 syscalls=258
counter2-local thread=1440584 syscalls=291
counter2-local thread=1440531 syscalls=125
counter2-local thread=1440417 syscalls=370
counter2-local thread=1440675 syscalls=545
counter2-local thread=1440640 syscalls=125
counter2-local thread=1440533 syscalls=368
counter2-local thread=1440749 syscalls=322
counter2-local thread=1440164 syscalls=288
counter2-local thread=1440762 syscalls=269
counter2-local thread=1440735 syscalls=125
counter2-local thread=1440648 syscalls=368
counter2-local thread=1440766 syscalls=274
counter2-local thread=1440731 syscalls=446
counter2-local thread=1440683 syscalls=258
counter2-local thread=1440619 syscalls=291
counter2-local thread=1440594 syscalls=125
counter2-local thread=1438936 syscalls=222
counter2-local thread=1440452 syscalls=368
counter2-local thread=1438913 syscalls=125
counter2-local thread=1438833 syscalls=369
counter2-local thread=1440185 syscalls=2666
counter2-local thread=1440148 syscalls=142
counter2-local thread=1440104 syscalls=219
counter2-local thread=1440069 syscalls=125
counter2-local thread=1439857 syscalls=369
counter2-local thread=1440821 syscalls=476
counter2-local thread=1440775 syscalls=258
counter2-local thread=1440721 syscalls=356
counter2-local thread=1440708 syscalls=125
counter2-local thread=1440608 syscalls=369
counter2-local thread=1440370 syscalls=2173
counter2-local thread=1440903 syscalls=155
counter2-local thread=1440310 syscalls=222
counter2-local thread=1440285 syscalls=125
counter2-local thread=1440198 syscalls=368
counter2-local thread=1439575 syscalls=3877
counter2-local thread=1440944 syscalls=196
counter2-local thread=1439373 syscalls=222
counter2-local thread=1439217 syscalls=125
counter2-local thread=1438923 syscalls=368
counter2-local thread=1440347 syscalls=2835
counter2-local thread=1440307 syscalls=141
counter2-local thread=1440261 syscalls=219
counter2-local thread=1440238 syscalls=125
counter2-local thread=1440138 syscalls=368
counter2-local thread=1440908 syscalls=1788
counter2-local thread=1440880 syscalls=2137
counter2-local thread=1441233 syscalls=164
counter2-local thread=1440886 syscalls=228
counter2-local thread=1440875 syscalls=125
counter2-local thread=1440825 syscalls=368
counter2-local thread=1441285 syscalls=175
counter2-local thread=1440861 syscalls=228
counter2-local thread=1440849 syscalls=125
counter2-local thread=1440794 syscalls=370
counter2-local thread=1440936 syscalls=2289
counter2-local thread=1440968 syscalls=2177
counter2-local thread=1441538 syscalls=201
counter2-local thread=1440916 syscalls=228
counter2-local thread=1440900 syscalls=125
counter2-local thread=1440852 syscalls=368
counter2-local thread=1441616 syscalls=204
counter2-local thread=1440942 syscalls=228
counter2-local thread=1440929 syscalls=125
counter2-local thread=1440877 syscalls=369
counter2-local thread=1441486 syscalls=617
counter2-local thread=1440158 syscalls=320
counter2-local thread=1441734 syscalls=142
counter2-local thread=1441458 syscalls=222
counter2-local thread=1441423 syscalls=125
counter2-local thread=1441236 syscalls=368
counter2-local thread=1441086 syscalls=2222
counter2-local thread=1441723 syscalls=292
counter2-local thread=1441040 syscalls=2345
counter2-local thread=1441798 syscalls=169
counter2-local thread=1441049 syscalls=228
counter2-local thread=1441020 syscalls=125
counter2-local thread=1440961 syscalls=368
counter2-local thread=1441848 syscalls=231
counter2-local thread=1441008 syscalls=228
counter2-local thread=1440990 syscalls=125
counter2-local thread=1440933 syscalls=368
counter2-local thread=1441382 syscalls=1924
counter2-local thread=1441117 syscalls=2328
counter2-local thread=1440996 syscalls=2559
counter2-local thread=1442200 syscalls=167
counter2-local thread=1441242 syscalls=2152
counter2-local thread=1441253 syscalls=228
counter2-local thread=1441230 syscalls=125
counter2-local thread=1441150 syscalls=368
counter2-local thread=1442260 syscalls=244
counter2-local thread=1441094 syscalls=228
counter2-local thread=1441078 syscalls=125
counter2-local thread=1440993 syscalls=368
counter2-local thread=1441200 syscalls=2739
counter2-local thread=1442344 syscalls=197
counter2-local thread=1441214 syscalls=228
counter2-local thread=1441189 syscalls=125
counter2-local thread=1441111 syscalls=368
counter2-local thread=1442298 syscalls=459
counter2-local thread=1442425 syscalls=154
counter2-local thread=1440971 syscalls=228
counter2-local thread=1440956 syscalls=125
counter2-local thread=1440905 syscalls=368
counter2-local thread=1441159 syscalls=2773
counter2-local thread=1441163 syscalls=220
counter2-local thread=1441141 syscalls=125
counter2-local thread=1441081 syscalls=368
counter2-local thread=1442376 syscalls=305
counter2-local thread=1441580 syscalls=2077
counter2-local thread=1442522 syscalls=309
counter2-local thread=1441131 syscalls=220
counter2-local thread=1441106 syscalls=125
counter2-local thread=1441031 syscalls=368
counter2-local thread=1440830 syscalls=5426
counter2-local thread=1442561 syscalls=145
counter2-local thread=1441505 syscalls=222
counter2-local thread=1441476 syscalls=125
counter2-local thread=1441320 syscalls=368
counter2-local thread=1442633 syscalls=378
counter2-local thread=1440804 syscalls=220
counter2-local thread=1440786 syscalls=125
counter2-local thread=1440711 syscalls=368
counter2-local thread=1441448 syscalls=2816
counter2-local thread=1441792 syscalls=2127
counter2-local thread=1441882 syscalls=2395
counter2-local thread=1441730 syscalls=1943
counter2-local thread=1442829 syscalls=380
counter2-local thread=1441652 syscalls=2668
counter2-local thread=1441394 syscalls=220
counter2-local thread=1441281 syscalls=125
counter2-local thread=1441203 syscalls=368
counter2-local thread=1442907 syscalls=155
counter2-local thread=1442544 syscalls=1221
counter2-local thread=1441742 syscalls=222
counter2-local thread=1441716 syscalls=125
counter2-local thread=1441566 syscalls=368
counter2-local thread=1442922 syscalls=184
counter2-local thread=1441801 syscalls=222
counter2-local thread=1441775 syscalls=125
counter2-local thread=1441641 syscalls=368
counter2-local thread=1442947 syscalls=257
counter2-local thread=1442994 syscalls=188
counter2-local thread=1441595 syscalls=220
counter2-local thread=1441555 syscalls=125
counter2-local thread=1441434 syscalls=369
counter2-local thread=1442515 syscalls=220
counter2-local thread=1442481 syscalls=125
counter2-local thread=1442253 syscalls=368
counter2-local thread=1442927 syscalls=372
counter2-local thread=1441690 syscalls=222
counter2-local thread=1441622 syscalls=125
counter2-local thread=1441479 syscalls=368
counter2-local thread=1442394 syscalls=2189
counter2-local thread=1443137 syscalls=247
counter2-local thread=1442303 syscalls=222
counter2-local thread=1442218 syscalls=125
counter2-local thread=1442063 syscalls=368
counter2-local thread=1442166 syscalls=2805
counter2-local thread=1443190 syscalls=192
counter2-local thread=1442102 syscalls=222
counter2-local thread=1442013 syscalls=125
counter2-local thread=1441781 syscalls=370
counter2-local thread=1442719 syscalls=2190
counter2-local thread=1442497 syscalls=2955
counter2-local thread=1443601 syscalls=159
counter2-local thread=1442618 syscalls=222
counter2-local thread=1442570 syscalls=125
counter2-local thread=1442494 syscalls=372
counter2-local thread=1442268 syscalls=3232
counter2-local thread=1444192 syscalls=155
counter2-local thread=1442401 syscalls=222
counter2-local thread=1442361 syscalls=125
counter2-local thread=1442156 syscalls=368
counter2-local thread=1444328 syscalls=275
counter2-local thread=1444347 syscalls=488
counter2-local thread=1444409 syscalls=135
counter2-local thread=1442176 syscalls=220
counter2-local thread=1444092 syscalls=222
counter2-local thread=1442150 syscalls=125
counter2-local thread=1443774 syscalls=125
counter2-local thread=1441853 syscalls=368
counter2-local thread=1443248 syscalls=368
counter2-local thread=1442793 syscalls=2827
counter2-local thread=1442828 syscalls=2715
counter2-local thread=1444532 syscalls=159
counter2-local thread=1442752 syscalls=220
counter2-local thread=1442674 syscalls=125
counter2-local thread=1442537 syscalls=369
counter2-local thread=1445106 syscalls=188
counter2-local thread=1442804 syscalls=222
counter2-local thread=1442780 syscalls=125
counter2-local thread=1442599 syscalls=368
counter2-local thread=1442902 syscalls=3037
counter2-local thread=1445312 syscalls=167
counter2-local thread=1442836 syscalls=222
counter2-local thread=1443068 syscalls=2827
counter2-local thread=1442820 syscalls=125
counter2-local thread=1442692 syscalls=368
counter2-local thread=1442980 syscalls=3048
counter2-local thread=1445418 syscalls=172
counter2-local thread=1443180 syscalls=2227
counter2-local thread=1443016 syscalls=220
counter2-local thread=1445429 syscalls=192
counter2-local thread=1442945 syscalls=125
counter2-local thread=1442825 syscalls=368
counter2-local thread=1442909 syscalls=222
counter2-local thread=1442856 syscalls=125
counter2-local thread=1442789 syscalls=368
counter2-local thread=1443115 syscalls=2990
counter2-local thread=1443144 syscalls=2773
counter2-local thread=1445566 syscalls=253
counter2-local thread=1445612 syscalls=147
counter2-local thread=1445604 syscalls=175
counter2-local thread=1443155 syscalls=222
counter2-local thread=1443136 syscalls=125
counter2-local thread=1443064 syscalls=368
counter2-local thread=1443121 syscalls=222
counter2-local thread=1443101 syscalls=125
counter2-local thread=1443077 syscalls=222
counter2-local thread=1442961 syscalls=369
counter2-local thread=1443059 syscalls=125
counter2-local thread=1442884 syscalls=368
counter2-local thread=1443262 syscalls=2831
counter2-local thread=1445855 syscalls=174
counter2-local thread=1443184 syscalls=220
counter2-local thread=1443166 syscalls=125
counter2-local thread=1443112 syscalls=369
counter2-local thread=1443427 syscalls=3097
counter2-local thread=1443931 syscalls=2826
counter2-local thread=1445946 syscalls=275
counter2-local thread=1446010 syscalls=164
counter2-local thread=1446024 syscalls=172
counter2-local thread=1443290 syscalls=222
counter2-local thread=1443235 syscalls=125
counter2-local thread=1443141 syscalls=368
counter2-local thread=1446071 syscalls=135
counter2-local thread=1443469 syscalls=222
counter2-local thread=1443372 syscalls=125
counter2-local thread=1443171 syscalls=368
counter2-local thread=1445874 syscalls=222
counter2-local thread=1445833 syscalls=125
counter2-local thread=1445635 syscalls=368
counter2-local thread=1445194 syscalls=2041
counter2-local thread=1446193 syscalls=166
counter2-local thread=1445835 syscalls=1068
counter2-local thread=1445147 syscalls=220
counter2-local thread=1445096 syscalls=125
counter2-local thread=1444418 syscalls=368
counter2-local thread=1445806 syscalls=140
counter2-local thread=1445671 syscalls=219
counter2-local thread=1445628 syscalls=125
counter2-local thread=1445402 syscalls=368
counter2-local thread=1444426 syscalls=3048
counter2-local thread=1446346 syscalls=192
counter2-local thread=1444385 syscalls=223
counter2-local thread=1444361 syscalls=125
counter2-local thread=1443821 syscalls=368
counter2-local thread=1444616 syscalls=2820
counter2-local thread=1446469 syscalls=246
counter2-local thread=1444435 syscalls=228
counter2-local thread=1444413 syscalls=125
counter2-local thread=1444291 syscalls=370
counter2-local thread=1445769 syscalls=3003
counter2-local thread=1445662 syscalls=140
counter2-local thread=1445140 syscalls=4479
counter2-local thread=1445557 syscalls=219
counter2-local thread=1445465 syscalls=125
counter2-local thread=1445309 syscalls=368
counter2-local thread=1447116 syscalls=169
counter2-local thread=1444751 syscalls=222
counter2-local thread=1444487 syscalls=125
counter2-local thread=1444367 syscalls=368
counter2-local thread=1445927 syscalls=2901
counter2-local thread=1445872 syscalls=140
counter2-local thread=1445809 syscalls=219
counter2-local thread=1445768 syscalls=125
counter2-local thread=1445493 syscalls=368
counter2-local thread=1445995 syscalls=2825
counter2-local thread=1444372 syscalls=5379
counter2-local thread=1447277 syscalls=159
counter2-local thread=1445957 syscalls=220
counter2-local thread=1445930 syscalls=125
counter2-local thread=1445777 syscalls=368
counter2-local thread=1446146 syscalls=2827
counter2-local thread=1446355 syscalls=2258
counter2-local thread=1447388 syscalls=172
counter2-local thread=1446012 syscalls=220
counter2-local thread=1445979 syscalls=125
counter2-local thread=1445840 syscalls=368
counter2-local thread=1447431 syscalls=150
counter2-local thread=1446264 syscalls=2760
counter2-local thread=1446290 syscalls=228
counter2-local thread=1446260 syscalls=125
counter2-local thread=1446134 syscalls=368
counter2-local thread=1446221 syscalls=140
counter2-local thread=1446157 syscalls=219
counter2-local thread=1446123 syscalls=125
counter2-local thread=1447376 syscalls=416
counter2-local thread=1445943 syscalls=369
counter2-local thread=1444331 syscalls=222
counter2-local thread=1444265 syscalls=125
counter2-local thread=1443384 syscalls=369
counter2-local thread=1446318 syscalls=2797
counter2-local thread=1446287 syscalls=140
counter2-local thread=1446226 syscalls=219
counter2-local thread=1446198 syscalls=125
counter2-local thread=1445984 syscalls=368
counter2-local thread=1446397 syscalls=2721
counter2-local thread=1447682 syscalls=194
counter2-local thread=1446529 syscalls=2626
counter2-local thread=1446361 syscalls=228
counter2-local thread=1446311 syscalls=125
counter2-local thread=1446208 syscalls=368
counter2-local thread=1447745 syscalls=203
counter2-local thread=1446491 syscalls=228
counter2-local thread=1446457 syscalls=125
counter2-local thread=1446335 syscalls=368
counter2-local thread=1445532 syscalls=5338
counter2-local thread=1445327 syscalls=5551
counter2-local thread=1445404 syscalls=5538
counter2-local thread=1446587 syscalls=2906
counter2-local thread=1447166 syscalls=2100
counter2-local thread=1447840 syscalls=389
counter2-local thread=1445431 syscalls=222
counter2-local thread=1445398 syscalls=125
counter2-local thread=1445183 syscalls=368
counter2-local thread=1447944 syscalls=196
counter2-local thread=1447954 syscalls=181
counter2-local thread=1446545 syscalls=228
counter2-local thread=1446524 syscalls=125
counter2-local thread=1447100 syscalls=228
counter2-local thread=1446391 syscalls=368
counter2-local thread=1447059 syscalls=125
counter2-local thread=1446623 syscalls=368
counter2-local thread=1446975 syscalls=2940
counter2-local thread=1446633 syscalls=2676
counter2-local thread=1446475 syscalls=3408
counter2-local thread=1447992 syscalls=322
counter2-local thread=1447094 syscalls=2649
counter2-local thread=1447858 syscalls=796
counter2-local thread=1448172 syscalls=176
counter2-local thread=1445225 syscalls=220
counter2-local thread=1445172 syscalls=125
counter2-local thread=1444514 syscalls=368
counter2-local thread=1446642 syscalls=228
counter2-local thread=1446618 syscalls=125
counter2-local thread=1446521 syscalls=368
counter2-local thread=1448177 syscalls=280
counter2-local thread=1447907 syscalls=797
counter2-local thread=1446590 syscalls=228
counter2-local thread=1446561 syscalls=125
counter2-local thread=1446473 syscalls=368
counter2-local thread=1445363 syscalls=220
counter2-local thread=1445292 syscalls=125
counter2-local thread=1445136 syscalls=368
counter2-local thread=1448222 syscalls=323
counter2-local thread=1446419 syscalls=228
counter2-local thread=1446383 syscalls=125
counter2-local thread=1446270 syscalls=368
counter2-local thread=1448575 syscalls=244
counter2-local thread=1447036 syscalls=228
counter2-local thread=1446720 syscalls=125
counter2-local thread=1446566 syscalls=368
counter2-local thread=1447220 syscalls=2618
counter2-local thread=1447586 syscalls=2249
counter2-local thread=1448728 syscalls=281
counter2-local thread=1447173 syscalls=228
counter2-local thread=1447150 syscalls=125
counter2-local thread=1446830 syscalls=368
counter2-local thread=1447348 syscalls=2698
counter2-local thread=1448782 syscalls=151
counter2-local thread=1447538 syscalls=228
counter2-local thread=1447509 syscalls=125
counter2-local thread=1447340 syscalls=369
counter2-local thread=1447427 syscalls=2717
counter2-local thread=1447685 syscalls=2074
counter2-local thread=1448899 syscalls=281
counter2-local thread=1447265 syscalls=228
counter2-local thread=1447203 syscalls=125
counter2-local thread=1447079 syscalls=368
counter2-local thread=1449082 syscalls=228
counter2-local thread=1449253 syscalls=159
counter2-local thread=1447364 syscalls=228
counter2-local thread=1447327 syscalls=125
counter2-local thread=1447642 syscalls=228
counter2-local thread=1447158 syscalls=368
counter2-local thread=1447615 syscalls=125
counter2-local thread=1447518 syscalls=368
counter2-local thread=1447636 syscalls=2626
counter2-local thread=1449323 syscalls=181
counter2-local thread=1447592 syscalls=228
counter2-local thread=1447570 syscalls=125
counter2-local thread=1447417 syscalls=368
counter2-local thread=1449364 syscalls=265
counter2-local thread=1449345 syscalls=140
counter2-local thread=1449298 syscalls=219
counter2-local thread=1449260 syscalls=125
counter2-local thread=1448819 syscalls=368
counter2-local thread=1447529 syscalls=3319
counter2-local thread=1447878 syscalls=2728
counter2-local thread=1448637 syscalls=2307
counter2-local thread=1450656 syscalls=325
counter2-local thread=1448581 syscalls=139
counter2-local thread=1448162 syscalls=219
counter2-local thread=1447449 syscalls=228
counter2-local thread=1448118 syscalls=125
counter2-local thread=1447401 syscalls=125
counter2-local thread=1447869 syscalls=369
counter2-local thread=1447210 syscalls=368
counter2-local thread=1448119 syscalls=2768
counter2-local thread=1448075 syscalls=140
counter2-local thread=1447883 syscalls=219
counter2-local thread=1447852 syscalls=125
counter2-local thread=1447725 syscalls=368
counter2-local thread=1450753 syscalls=223
counter2-local thread=1447821 syscalls=228
counter2-local thread=1447773 syscalls=125
counter2-local thread=1447669 syscalls=368
counter2-local thread=1350985 syscalls=36005
counter2-local thread=1448141 syscalls=2987
counter2-local thread=1447732 syscalls=3221
counter2-local thread=1450916 syscalls=176
counter2-local thread=1448096 syscalls=222
counter2-local thread=1447980 syscalls=125
counter2-local thread=1447783 syscalls=368
counter2-local thread=1451082 syscalls=552
counter2-local thread=1447694 syscalls=229
counter2-local thread=1447662 syscalls=125
counter2-local thread=1447577 syscalls=369
counter2-local thread=1447789 syscalls=3349
counter2-local thread=1449258 syscalls=2757
counter2-local thread=1449028 syscalls=140
counter2-local thread=1448852 syscalls=219
counter2-local thread=1448789 syscalls=125
counter2-local thread=1448672 syscalls=368
counter2-local thread=1449329 syscalls=2917
counter2-local thread=1449283 syscalls=140
counter2-local thread=1449241 syscalls=219
counter2-local thread=1448965 syscalls=125
counter2-local thread=1448726 syscalls=369
counter2-local thread=1451333 syscalls=569
counter2-local thread=1447738 syscalls=228
counter2-local thread=1447713 syscalls=125
counter2-local thread=1447627 syscalls=368
counter2-local thread=1451412 syscalls=322
counter2-local thread=1449378 syscalls=2956
counter2-local thread=1451710 syscalls=324
counter2-local thread=1451827 syscalls=155
counter2-local thread=1449581 syscalls=2807
counter2-local thread=1449350 syscalls=222
counter2-local thread=1449326 syscalls=125
counter2-local thread=1449457 syscalls=138
counter2-local thread=1448973 syscalls=368
counter2-local thread=1449388 syscalls=219
counter2-local thread=1449369 syscalls=125
counter2-local thread=1449271 syscalls=368
counter2-local thread=1450411 syscalls=2803
counter2-local thread=1450218 syscalls=2951
counter2-local thread=1449951 syscalls=140
counter2-local thread=1449462 syscalls=219
counter2-local thread=1449414 syscalls=125
counter2-local thread=1449335 syscalls=369
counter2-local thread=1450728 syscalls=2774
counter2-local thread=1452204 syscalls=192
counter2-local thread=1449961 syscalls=222
counter2-local thread=1449663 syscalls=125
counter2-local thread=1449375 syscalls=368
counter2-local thread=1452373 syscalls=147
counter2-local thread=1450573 syscalls=222
counter2-local thread=1450246 syscalls=125
counter2-local thread=1449437 syscalls=368
counter2-local thread=1450856 syscalls=2802
counter2-local thread=1450791 syscalls=138
counter2-local thread=1450733 syscalls=219
counter2-local thread=1450685 syscalls=125
counter2-local thread=1449795 syscalls=369
counter2-local thread=1450926 syscalls=2831
counter2-local thread=1450869 syscalls=3097
counter2-local thread=1451446 syscalls=1955
counter2-local thread=1453433 syscalls=172
counter2-local thread=1453439 syscalls=164
counter2-local thread=1448832 syscalls=5309
counter2-local thread=1451127 syscalls=2827
counter2-local thread=1451420 syscalls=140
counter2-local thread=1450884 syscalls=220
counter2-local thread=1450795 syscalls=222
counter2-local thread=1450859 syscalls=125
counter2-local thread=1451359 syscalls=219
counter2-local thread=1450767 syscalls=125
counter2-local thread=1450700 syscalls=368
counter2-local thread=1451322 syscalls=125
counter2-local thread=1450321 syscalls=368
counter2-local thread=1451167 syscalls=368
counter2-local thread=1453280 syscalls=495
counter2-local thread=1453151 syscalls=138
counter2-local thread=1452675 syscalls=219
counter2-local thread=1452414 syscalls=125
counter2-local thread=1452083 syscalls=368
counter2-local thread=1451933 syscalls=71
counter2-local thread=1452798 syscalls=899
counter2-local thread=1452571 syscalls=140
counter2-local thread=1452321 syscalls=219
counter2-local thread=1453776 syscalls=176
counter2-local thread=1452198 syscalls=125
counter2-local thread=1451939 syscalls=368
counter2-local thread=1450961 syscalls=222
counter2-local thread=1450914 syscalls=125
counter2-local thread=1453401 syscalls=497
counter2-local thread=1450773 syscalls=368
counter2-local thread=1451206 syscalls=2805
counter2-local thread=1453341 syscalls=140
counter2-local thread=1451176 syscalls=138
counter2-local thread=1453152 syscalls=219
counter2-local thread=1452800 syscalls=125
counter2-local thread=1452227 syscalls=368
counter2-local thread=1451136 syscalls=219
counter2-local thread=1453771 syscalls=291
counter2-local thread=1451089 syscalls=125
counter2-local thread=1450865 syscalls=368
counter2-local thread=1448743 syscalls=220
counter2-local thread=1448716 syscalls=125
counter2-local thread=1448543 syscalls=368
counter2-local thread=1448733 syscalls=5556
counter2-local thread=1451234 syscalls=3040
counter2-local thread=1451913 syscalls=2303
counter2-local thread=1451800 syscalls=141
counter2-local thread=1451734 syscalls=219
counter2-local thread=1451466 syscalls=125
counter2-local thread=1451347 syscalls=368
counter2-local thread=1454119 syscalls=167
counter2-local thread=1451189 syscalls=222
counter2-local thread=1451159 syscalls=125
counter2-local thread=1450921 syscalls=368
counter2-local thread=1454029 syscalls=796
counter2-local thread=1448697 syscalls=220
counter2-local thread=1448646 syscalls=125
counter2-local thread=1448128 syscalls=371
counter2-local thread=1453431 syscalls=1221
counter2-local thread=1454012 syscalls=939
counter2-local thread=1453880 syscalls=140
counter2-local thread=1454329 syscalls=188
counter2-local thread=1453778 syscalls=219
counter2-local thread=1453473 syscalls=125
counter2-local thread=1453324 syscalls=368
counter2-local thread=1453361 syscalls=220
counter2-local thread=1453304 syscalls=125
counter2-local thread=1452428 syscalls=368
counter2-local thread=1454290 syscalls=497
counter2-local thread=1454235 syscalls=140
counter2-local thread=1454085 syscalls=219
counter2-local thread=1451723 syscalls=3003
counter2-local thread=1454056 syscalls=125
counter2-local thread=1453859 syscalls=369
counter2-local thread=1451353 syscalls=3233
counter2-local thread=1454431 syscalls=275
counter2-local thread=1451437 syscalls=220
counter2-local thread=1451401 syscalls=125
counter2-local thread=1451221 syscalls=368
counter2-local thread=1454451 syscalls=497
counter2-local thread=1451239 syscalls=220
counter2-local thread=1451210 syscalls=125
counter2-local thread=1451121 syscalls=368
counter2-local thread=1452269 syscalls=2771
counter2-local thread=1453757 syscalls=2188
counter2-local thread=1455109 syscalls=322
counter2-local thread=1455214 syscalls=250
counter2-local thread=1454032 syscalls=2190
counter2-local thread=1455190 syscalls=312
counter2-local thread=1453443 syscalls=222
counter2-local thread=1453404 syscalls=125
counter2-local thread=1452940 syscalls=369
counter2-local thread=1452099 syscalls=220
counter2-local thread=1452076 syscalls=125
counter2-local thread=1451768 syscalls=370
counter2-local thread=1455340 syscalls=159
counter2-local thread=1453904 syscalls=222
counter2-local thread=1453839 syscalls=125
counter2-local thread=1453414 syscalls=368
counter2-local thread=1454065 syscalls=2394
counter2-local thread=1455574 syscalls=176
counter2-local thread=1454042 syscalls=222
counter2-local thread=1454020 syscalls=125
counter2-local thread=1453713 syscalls=368
counter2-local thread=1455708 syscalls=588
counter2-local thread=1455688 syscalls=140
counter2-local thread=1455441 syscalls=219
counter2-local thread=1455399 syscalls=125
counter2-local thread=1455255 syscalls=370
counter2-local thread=1454306 syscalls=2660
counter2-local thread=1454396 syscalls=2604
counter2-local thread=1454360 syscalls=138
counter2-local thread=1454313 syscalls=219
counter2-local thread=1454280 syscalls=125
counter2-local thread=1454059 syscalls=368
counter2-local thread=1454412 syscalls=2734
counter2-local thread=1456074 syscalls=258
counter2-local thread=1454238 syscalls=220
counter2-local thread=1454143 syscalls=125
counter2-local thread=1454026 syscalls=369
counter2-local thread=1352414 syscalls=3322
counter2-local thread=1456131 syscalls=151
counter2-local thread=1454363 syscalls=220
counter2-local thread=1454337 syscalls=125
counter2-local thread=1454156 syscalls=368
counter2-local thread=1455033 syscalls=2327
counter2-local thread=1454933 syscalls=138
counter2-local thread=1454711 syscalls=219
counter2-local thread=1454600 syscalls=125
counter2-local thread=1454402 syscalls=368
counter2-local thread=1454672 syscalls=2713
counter2-local thread=1454453 syscalls=2816
counter2-local thread=1456421 syscalls=188
counter2-local thread=1454498 syscalls=222
counter2-local thread=1454441 syscalls=125
counter2-local thread=1454344 syscalls=368
counter2-local thread=1455254 syscalls=2644
counter2-local thread=1455200 syscalls=140
counter2-local thread=1454969 syscalls=219
counter2-local thread=1454845 syscalls=125
counter2-local thread=1454444 syscalls=369
counter2-local thread=1456487 syscalls=358
counter2-local thread=1454416 syscalls=220
counter2-local thread=1454392 syscalls=125
counter2-local thread=1454295 syscalls=368
counter2-local thread=1455338 syscalls=2605
counter2-local thread=1455273 syscalls=138
counter2-local thread=1455192 syscalls=219
counter2-local thread=1455060 syscalls=125
counter2-local thread=1454645 syscalls=368
counter2-local thread=1455357 syscalls=2633
counter2-local thread=1456761 syscalls=207
counter2-local thread=1455286 syscalls=220
counter2-local thread=1455244 syscalls=125
counter2-local thread=1454865 syscalls=368
counter2-local thread=1456085 syscalls=1701
counter2-local thread=1456058 syscalls=146
counter2-local thread=1455916 syscalls=219
counter2-local thread=1455862 syscalls=125
counter2-local thread=1455742 syscalls=368
counter2-local thread=1455808 syscalls=2290
counter2-local thread=1455758 syscalls=1940
counter2-local thread=1457135 syscalls=201
counter2-local thread=1455763 syscalls=228
counter2-local thread=1455713 syscalls=125
counter2-local thread=1455415 syscalls=368
counter2-local thread=1455882 syscalls=2343
counter2-local thread=1457229 syscalls=372
counter2-local thread=1455701 syscalls=222
counter2-local thread=1455631 syscalls=125
counter2-local thread=1455352 syscalls=368
counter2-local thread=1456090 syscalls=2178
counter2-local thread=1457530 syscalls=226
counter2-local thread=1455826 syscalls=228
counter2-local thread=1455798 syscalls=125
counter2-local thread=1455674 syscalls=368
counter2-local thread=1456147 syscalls=2222
counter2-local thread=1456552 syscalls=1789
counter2-local thread=1457637 syscalls=211
counter2-local thread=1455769 syscalls=114
counter2-local thread=1456060 syscalls=228
counter2-local thread=1455993 syscalls=125
counter2-local thread=1455804 syscalls=368
counter2-local thread=1457714 syscalls=169
counter2-local thread=1456103 syscalls=228
counter2-local thread=1457723 syscalls=164
counter2-local thread=1456083 syscalls=125
counter2-local thread=1455873 syscalls=368
counter2-local thread=1456442 syscalls=228
counter2-local thread=1456389 syscalls=125
counter2-local thread=1456404 syscalls=2193
counter2-local thread=1456136 syscalls=368
counter2-local thread=1456288 syscalls=146
counter2-local thread=1456160 syscalls=219
counter2-local thread=1456128 syscalls=125
counter2-local thread=1456026 syscalls=368
counter2-local thread=1457745 syscalls=269
counter2-local thread=1457705 syscalls=146
counter2-local thread=1457595 syscalls=219
counter2-local thread=1457523 syscalls=125
counter2-local thread=1457176 syscalls=368
counter2-local thread=1456526 syscalls=2198
counter2-local thread=1456441 syscalls=146
counter2-local thread=1456303 syscalls=219
counter2-local thread=1456198 syscalls=125
counter2-local thread=1456087 syscalls=368
counter2-local thread=1456714 syscalls=2125
counter2-local thread=1456673 syscalls=146
counter2-local thread=1456577 syscalls=219
counter2-local thread=1456509 syscalls=125
counter2-local thread=1456226 syscalls=369
counter2-local thread=1456726 syscalls=2141
counter2-local thread=1455762 syscalls=124
counter2-local thread=1458250 syscalls=175
counter2-local thread=1456669 syscalls=228
counter2-local thread=1456643 syscalls=125
counter2-local thread=1456416 syscalls=368
counter2-local thread=1457086 syscalls=2119
counter2-local thread=1456955 syscalls=146
counter2-local thread=1457141 syscalls=1975
counter2-local thread=1456749 syscalls=219
counter2-local thread=1456711 syscalls=125
counter2-local thread=1456528 syscalls=368
counter2-local thread=1457107 syscalls=146
counter2-local thread=1456946 syscalls=219
counter2-local thread=1456823 syscalls=125
counter2-local thread=1456651 syscalls=368
counter2-local thread=1457330 syscalls=1902
counter2-local thread=1457202 syscalls=148
counter2-local thread=1457105 syscalls=219
counter2-local thread=1457076 syscalls=125
counter2-local thread=1456716 syscalls=368
counter2-local thread=1458246 syscalls=617
counter2-local thread=1457482 syscalls=1964
counter2-local thread=1457377 syscalls=148
counter2-local thread=1457251 syscalls=219
counter2-local thread=1457161 syscalls=125
counter2-local thread=1456858 syscalls=368
counter2-local thread=1459138 syscalls=142
counter2-local thread=1458158 syscalls=222
counter2-local thread=1458144 syscalls=125
counter2-local thread=1457865 syscalls=368
counter2-local thread=1458606 syscalls=588
counter2-local thread=1458422 syscalls=140
counter2-local thread=1458279 syscalls=219
counter2-local thread=1458214 syscalls=125
counter2-local thread=1458053 syscalls=368
counter2-local thread=1459206 syscalls=323
counter2-local thread=1457927 syscalls=1925
counter2-local thread=1459781 syscalls=167
counter2-local thread=1457778 syscalls=228
counter2-local thread=1457740 syscalls=125
counter2-local thread=1457532 syscalls=368
counter2-local thread=1459416 syscalls=496
counter2-local thread=1459352 syscalls=140
counter2-local thread=1459777 syscalls=295
counter2-local thread=1459271 syscalls=219
counter2-local thread=1459197 syscalls=125
counter2-local thread=1458666 syscalls=370
counter2-local thread=1457569 syscalls=2332
counter2-local thread=1458216 syscalls=1947
counter2-local thread=1458156 syscalls=148
counter2-local thread=1458117 syscalls=219
counter2-local thread=1458027 syscalls=125
counter2-local thread=1457750 syscalls=368
counter2-local thread=1458105 syscalls=2150
counter2-local thread=1459863 syscalls=295
counter2-local thread=1459873 syscalls=244
counter2-local thread=1457390 syscalls=228
counter2-local thread=1457335 syscalls=125
counter2-local thread=1457095 syscalls=369
counter2-local thread=1459034 syscalls=1693
counter2-local thread=1458687 syscalls=140
counter2-local thread=1458440 syscalls=219
counter2-local thread=1458312 syscalls=125
counter2-local thread=1458149 syscalls=368
counter2-local thread=1460121 syscalls=197
counter2-local thread=1457958 syscalls=228
counter2-local thread=1457852 syscalls=125
counter2-local thread=1457663 syscalls=368
counter2-local thread=1460153 syscalls=296
counter2-local thread=1459136 syscalls=2077
counter2-local thread=1460291 syscalls=145
counter2-local thread=1458714 syscalls=222
counter2-local thread=1458608 syscalls=125
counter2-local thread=1458223 syscalls=368
counter2-local thread=1457757 syscalls=2556
counter2-local thread=1459248 syscalls=2123
counter2-local thread=1461351 syscalls=155
counter2-local thread=1459155 syscalls=222
counter2-local thread=1459100 syscalls=125
counter2-local thread=1458344 syscalls=368
counter2-local thread=1461057 syscalls=459
counter2-local thread=1457700 syscalls=228
counter2-local thread=1457643 syscalls=125
counter2-local thread=1457362 syscalls=368
counter2-local thread=1459629 syscalls=2227
counter2-local thread=1461539 syscalls=301
counter2-local thread=1461700 syscalls=253
counter2-local thread=1459353 syscalls=222
counter2-local thread=1459313 syscalls=125
counter2-local thread=1459131 syscalls=368
counter2-local thread=1462534 syscalls=299
counter2-local thread=1462528 syscalls=819
counter2-local thread=1462237 syscalls=258
counter2-local thread=1461177 syscalls=354
counter2-local thread=1461566 syscalls=1004
counter2-local thread=1461448 syscalls=125
counter2-local thread=1461074 syscalls=321
counter2-local thread=1461004 syscalls=368
counter2-local thread=1462684 syscalls=870
counter2-local thread=1462945 syscalls=588
counter2-local thread=1462551 syscalls=140
counter2-local thread=1462816 syscalls=140
counter2-local thread=1462302 syscalls=219
counter2-local thread=1462229 syscalls=125
counter2-local thread=1461844 syscalls=368
counter2-local thread=1462560 syscalls=219
counter2-local thread=1462516 syscalls=125
counter2-local thread=1462063 syscalls=368
counter2-local thread=1463148 syscalls=802
counter2-local thread=1462959 syscalls=258
counter2-local thread=1462090 syscalls=973
counter2-local thread=1461975 syscalls=125
counter2-local thread=1461687 syscalls=370
counter2-local thread=1462970 syscalls=1266
counter2-local thread=1459826 syscalls=4735
counter2-local thread=1459865 syscalls=4752
counter2-local thread=1464414 syscalls=142
counter2-local thread=1462813 syscalls=222
counter2-local thread=1462696 syscalls=125
counter2-local thread=1462257 syscalls=368
counter2-local thread=1464563 syscalls=342
counter2-local thread=1459828 syscalls=220
counter2-local thread=1459808 syscalls=125
counter2-local thread=1459537 syscalls=368
counter2-local thread=1464540 syscalls=468
counter2-local thread=1459795 syscalls=222
counter2-local thread=1459774 syscalls=125
counter2-local thread=1459329 syscalls=370
counter2-local thread=1463683 syscalls=1262
counter2-local thread=1460168 syscalls=4762
counter2-local thread=1465090 syscalls=142
counter2-local thread=1463475 syscalls=222
counter2-local thread=1463291 syscalls=125
counter2-local thread=1462967 syscalls=368
counter2-local thread=1460264 syscalls=4690
counter2-local thread=1463657 syscalls=1724
counter2-local thread=1463471 syscalls=138
counter2-local thread=1463256 syscalls=219
counter2-local thread=1463119 syscalls=125
counter2-local thread=1462717 syscalls=370
counter2-local thread=1465246 syscalls=587
counter2-local thread=1460119 syscalls=220
counter2-local thread=1460019 syscalls=125
counter2-local thread=1459813 syscalls=370
counter2-local thread=1464665 syscalls=1103
counter2-local thread=1464538 syscalls=140
counter2-local thread=1465628 syscalls=272
counter2-local thread=1464281 syscalls=219
counter2-local thread=1464063 syscalls=125
counter2-local thread=1460244 syscalls=220
counter2-local thread=1463673 syscalls=368
counter2-local thread=1460222 syscalls=125
counter2-local thread=1460058 syscalls=371
counter2-local thread=1464123 syscalls=2039
counter2-local thread=1466898 syscalls=167
counter2-local thread=1463944 syscalls=220
counter2-local thread=1463824 syscalls=125
counter2-local thread=1463386 syscalls=368
counter2-local thread=1461052 syscalls=388
counter2-local thread=1460981 syscalls=5339
counter2-local thread=1460628 syscalls=140
counter2-local thread=1460293 syscalls=219
counter2-local thread=1460274 syscalls=125
counter2-local thread=1460230 syscalls=370
counter2-local thread=1461555 syscalls=4725
counter2-local thread=1461008 syscalls=5374
counter2-local thread=1467675 syscalls=224
counter2-local thread=1460527 syscalls=222
counter2-local thread=1460391 syscalls=125
counter2-local thread=1460260 syscalls=368
counter2-local thread=1467673 syscalls=419
counter2-local thread=1461308 syscalls=5372
counter2-local thread=1461401 syscalls=222
counter2-local thread=1461271 syscalls=125
counter2-local thread=1460420 syscalls=368
counter2-local thread=1467802 syscalls=299
counter2-local thread=1467839 syscalls=225
counter2-local thread=1461059 syscalls=222
counter2-local thread=1460973 syscalls=125
counter2-local thread=1460277 syscalls=368
counter2-local thread=1467870 syscalls=300
counter2-local thread=1461852 syscalls=5233
counter2-local thread=1463917 syscalls=4785
counter2-local thread=1468670 syscalls=633
counter2-local thread=1461704 syscalls=222
counter2-local thread=1461676 syscalls=125
counter2-local thread=1461288 syscalls=368
counter2-local thread=1469241 syscalls=547
counter2-local thread=1463768 syscalls=220
counter2-local thread=1463662 syscalls=125
counter2-local thread=1463137 syscalls=368
counter2-local thread=1469696 syscalls=497
counter2-local thread=1469521 syscalls=140
counter2-local thread=1469376 syscalls=219
counter2-local thread=1469252 syscalls=125
counter2-local thread=1468831 syscalls=368
counter2-local thread=1467979 syscalls=2991
counter2-local thread=1468500 syscalls=1976
counter2-local thread=1468467 syscalls=138
counter2-local thread=1468354 syscalls=219
counter2-local thread=1468329 syscalls=125
counter2-local thread=1468193 syscalls=368
counter2-local thread=1468051 syscalls=2993
counter2-local thread=1470003 syscalls=220
counter2-local thread=1467834 syscalls=222
counter2-local thread=1467797 syscalls=125
counter2-local thread=1467532 syscalls=368
counter2-local thread=1470093 syscalls=216
counter2-local thread=1467981 syscalls=222
counter2-local thread=1467864 syscalls=125
counter2-local thread=1467689 syscalls=368
counter2-local thread=1469009 syscalls=2206
counter2-local thread=1468897 syscalls=140
counter2-local thread=1468738 syscalls=219
counter2-local thread=1468629 syscalls=125
counter2-local thread=1468447 syscalls=368
counter2-local thread=1468736 syscalls=2601
counter2-local thread=1469237 syscalls=2239
counter2-local thread=1469131 syscalls=138
counter2-local thread=1468927 syscalls=219
counter2-local thread=1468804 syscalls=125
counter2-local thread=1468508 syscalls=368
counter2-local thread=1468528 syscalls=2784
counter2-local thread=1470472 syscalls=172
counter2-local thread=1468609 syscalls=220
counter2-local thread=1468503 syscalls=125
counter2-local thread=1468337 syscalls=368
counter2-local thread=1470516 syscalls=290
counter2-local thread=1468475 syscalls=220
counter2-local thread=1468377 syscalls=125
counter2-local thread=1468222 syscalls=368
counter2-local thread=1467810 syscalls=4899
counter2-local thread=1469907 syscalls=2135
counter2-local thread=1470722 syscalls=299
counter2-local thread=1470652 syscalls=125
counter2-local thread=1470464 syscalls=368
counter2-local thread=1469878 syscalls=138
counter2-local thread=1469731 syscalls=219
counter2-local thread=1469678 syscalls=125
counter2-local thread=1469265 syscalls=368
counter2-local thread=1470853 syscalls=544
counter2-local thread=1467698 syscalls=220
counter2-local thread=1467686 syscalls=125
counter2-local thread=1467268 syscalls=368
counter2-local thread=1470968 syscalls=299
counter2-local thread=1470941 syscalls=125
counter2-local thread=1470818 syscalls=368
counter2-local thread=1470163 syscalls=2218
counter2-local thread=1470104 syscalls=138
counter2-local thread=1470005 syscalls=219
counter2-local thread=1469976 syscalls=125
counter2-local thread=1469871 syscalls=368
counter2-local thread=1470983 syscalls=449
counter2-local thread=1470930 syscalls=258
counter2-local thread=1470858 syscalls=291
counter2-local thread=1470800 syscalls=125
counter2-local thread=1470522 syscalls=369
counter2-local thread=1469973 syscalls=2843
counter2-local thread=1469942 syscalls=138
counter2-local thread=1469993 syscalls=2729
counter2-local thread=1469885 syscalls=219
counter2-local thread=1469864 syscalls=125
counter2-local thread=1469418 syscalls=369
counter2-local thread=1471064 syscalls=304
counter2-local thread=1471036 syscalls=125
counter2-local thread=1470952 syscalls=368
counter2-local thread=1470179 syscalls=2480
counter2-local thread=1471225 syscalls=188
counter2-local thread=1469945 syscalls=220
counter2-local thread=1469923 syscalls=125
counter2-local thread=1469707 syscalls=368
counter2-local thread=1471136 syscalls=304
counter2-local thread=1471096 syscalls=125
counter2-local thread=1470369 syscalls=2365
counter2-local thread=1470995 syscalls=369
counter2-local thread=1470327 syscalls=140
counter2-local thread=1470195 syscalls=219
counter2-local thread=1470159 syscalls=125
counter2-local thread=1469982 syscalls=368
counter2-local thread=1471282 syscalls=172
counter2-local thread=1470106 syscalls=220
counter2-local thread=1470050 syscalls=125
counter2-local thread=1469930 syscalls=368
counter2-local thread=1470469 syscalls=2261
counter2-local thread=1471267 syscalls=513
counter2-local thread=1471104 syscalls=258
counter2-local thread=1471011 syscalls=419
counter2-local thread=1470990 syscalls=125
counter2-local thread=1470895 syscalls=368
counter2-local thread=1471359 syscalls=144
counter2-local thread=1470532 syscalls=2222
counter2-local thread=1470426 syscalls=222
counter2-local thread=1470379 syscalls=125
counter2-local thread=1470172 syscalls=370
counter2-local thread=1471400 syscalls=142
counter2-local thread=1470476 syscalls=222
counter2-local thread=1470456 syscalls=125
counter2-local thread=1470311 syscalls=368
counter2-local thread=1470394 syscalls=2705
counter2-local thread=1471417 syscalls=269
counter2-local thread=1471385 syscalls=125
counter2-local thread=1471302 syscalls=368
counter2-local thread=1471380 syscalls=447
counter2-local thread=1471341 syscalls=258
counter2-local thread=1471275 syscalls=291
counter2-local thread=1471237 syscalls=125
counter2-local thread=1471048 syscalls=368
counter2-local thread=1471468 syscalls=269
counter2-local thread=1471494 syscalls=212
counter2-local thread=1471437 syscalls=125
counter2-local thread=1471354 syscalls=368
counter2-local thread=1470338 syscalls=220
counter2-local thread=1470282 syscalls=125
counter2-local thread=1471428 syscalls=446
counter2-local thread=1470061 syscalls=368
counter2-local thread=1471375 syscalls=259
counter2-local thread=1470788 syscalls=2436
counter2-local thread=1471315 syscalls=291
counter2-local thread=1471291 syscalls=125
counter2-local thread=1471100 syscalls=368
counter2-local thread=1470711 syscalls=138
counter2-local thread=1470559 syscalls=219
counter2-local thread=1470509 syscalls=125
counter2-local thread=1470387 syscalls=368
counter2-local thread=1468343 syscalls=5454
counter2-local thread=1471491 syscalls=446
counter2-local thread=1471423 syscalls=258
counter2-local thread=1471371 syscalls=293
counter2-local thread=1471349 syscalls=125
counter2-local thread=1471258 syscalls=368
counter2-local thread=1361033 syscalls=125
counter2-local thread=1362203 syscalls=211
counter2-local thread=1471552 syscalls=770
counter2-local thread=1468229 syscalls=222
counter2-local thread=1468218 syscalls=125
counter2-local thread=1468037 syscalls=370
counter2-local thread=1469279 syscalls=5306
counter2-local thread=1471591 syscalls=446
counter2-local thread=1471555 syscalls=258
counter2-local thread=1471519 syscalls=291
counter2-local thread=1471499 syscalls=125
counter2-local thread=1471391 syscalls=368
counter2-local thread=1471991 syscalls=446
counter2-local thread=1471612 syscalls=259
counter2-local thread=1471578 syscalls=291
counter2-local thread=1471562 syscalls=125
counter2-local thread=1471500 syscalls=368
counter2-local thread=1471996 syscalls=573
counter2-local thread=1471624 syscalls=258
counter2-local thread=1471545 syscalls=601
counter2-local thread=1471526 syscalls=125
counter2-local thread=1471443 syscalls=368
counter2-local thread=1472023 syscalls=458
counter2-local thread=1471798 syscalls=258
counter2-local thread=1471607 syscalls=291
counter2-local thread=1471592 syscalls=125
counter2-local thread=1471531 syscalls=368
counter2-local thread=1472007 syscalls=757
counter2-local thread=1469136 syscalls=220
counter2-local thread=1469066 syscalls=125
counter2-local thread=1468646 syscalls=369
counter2-local thread=1472062 syscalls=446
counter2-local thread=1472018 syscalls=259
counter2-local thread=1471644 syscalls=297
counter2-local thread=1471621 syscalls=125
counter2-local thread=1471565 syscalls=368
counter2-local thread=1472179 syscalls=447
counter2-local thread=1472053 syscalls=258
counter2-local thread=1472011 syscalls=291
counter2-local thread=1471964 syscalls=125
counter2-local thread=1471598 syscalls=368
counter2-local thread=1472607 syscalls=446
counter2-local thread=1472117 syscalls=258
counter2-local thread=1472041 syscalls=291
counter2-local thread=1472025 syscalls=125
counter2-local thread=1471627 syscalls=368
counter2-local thread=1471617 syscalls=1872
counter2-local thread=1471582 syscalls=262
counter2-local thread=1470919 syscalls=3191
counter2-local thread=1470892 syscalls=125
counter2-local thread=1470678 syscalls=368
counter2-local thread=1472800 syscalls=446
counter2-local thread=1472711 syscalls=258
counter2-local thread=1472536 syscalls=291
counter2-local thread=1472242 syscalls=125
counter2-local thread=1472032 syscalls=368
counter2-local thread=1472772 syscalls=547
counter2-local thread=1472685 syscalls=260
counter2-local thread=1472101 syscalls=419
counter2-local thread=1472060 syscalls=125
counter2-local thread=1471985 syscalls=368
counter2-local thread=1473077 syscalls=477
counter2-local thread=1472814 syscalls=258
counter2-local thread=1472695 syscalls=355
counter2-local thread=1472620 syscalls=125
counter2-local thread=1472065 syscalls=368
counter2-local thread=1473314 syscalls=422
counter2-local thread=1473240 syscalls=125
counter2-local thread=1472829 syscalls=368
counter2-local thread=1469717 syscalls=5692
counter2-local thread=1473370 syscalls=447
counter2-local thread=1473199 syscalls=258
counter2-local thread=1472954 syscalls=291
counter2-local thread=1472818 syscalls=125
counter2-local thread=1472649 syscalls=368
counter2-local thread=1473420 syscalls=421
counter2-local thread=1473392 syscalls=125
counter2-local thread=1473095 syscalls=368
counter2-local thread=1473429 syscalls=446
counter2-local thread=1473320 syscalls=258
counter2-local thread=1473112 syscalls=291
counter2-local thread=1473393 syscalls=618
counter2-local thread=1473061 syscalls=125
counter2-local thread=1473219 syscalls=258
counter2-local thread=1472732 syscalls=368
counter2-local thread=1472785 syscalls=643
counter2-local thread=1472723 syscalls=125
counter2-local thread=1472299 syscalls=368
counter2-local thread=1473606 syscalls=293
counter2-local thread=1473584 syscalls=125
counter2-local thread=1473444 syscalls=368
counter2-local thread=1473656 syscalls=293
counter2-local thread=1473635 syscalls=125
counter2-local thread=1473486 syscalls=369
counter2-local thread=1473626 syscalls=448
counter2-local thread=1473570 syscalls=258
counter2-local thread=1473458 syscalls=291
counter2-local thread=1473440 syscalls=125
counter2-local thread=1473259 syscalls=368
counter2-local thread=1473669 syscalls=446
counter2-local thread=1473618 syscalls=258
counter2-local thread=1473531 syscalls=291
counter2-local thread=1473473 syscalls=125
counter2-local thread=1473406 syscalls=368
counter2-local thread=1473506 syscalls=1663
counter2-local thread=1469516 syscalls=220
counter2-local thread=1469406 syscalls=125
counter2-local thread=1469111 syscalls=368
counter2-local thread=1473917 syscalls=446
counter2-local thread=1473805 syscalls=258
counter2-local thread=1473715 syscalls=291
counter2-local thread=1473696 syscalls=125
counter2-local thread=1473590 syscalls=369
counter2-local thread=1361167 syscalls=179
counter2-local thread=1473953 syscalls=446
counter2-local thread=1473910 syscalls=258
counter2-local thread=1473798 syscalls=291
counter2-local thread=1473753 syscalls=125
counter2-local thread=1473642 syscalls=368
counter2-local thread=1474033 syscalls=493
counter2-local thread=1473970 syscalls=258
counter2-local thread=1473893 syscalls=387
counter2-local thread=1473840 syscalls=125
counter2-local thread=1473703 syscalls=368
counter2-local thread=1474063 syscalls=446
counter2-local thread=1473991 syscalls=258
counter2-local thread=1473939 syscalls=291
counter2-local thread=1473926 syscalls=125
counter2-local thread=1473759 syscalls=368
counter2-local thread=1474114 syscalls=528
counter2-local thread=1474083 syscalls=258
counter2-local thread=1474125 syscalls=446
counter2-local thread=1473986 syscalls=451
counter2-local thread=1474093 syscalls=258
counter2-local thread=1473962 syscalls=125
counter2-local thread=1474049 syscalls=291
counter2-local thread=1473847 syscalls=368
counter2-local thread=1474010 syscalls=125
counter2-local thread=1473934 syscalls=368
counter2-local thread=1474167 syscalls=446
counter2-local thread=1474120 syscalls=258
counter2-local thread=1474087 syscalls=291
counter2-local thread=1474066 syscalls=125
counter2-local thread=1473965 syscalls=368
counter2-local thread=1474210 syscalls=446
counter2-local thread=1474154 syscalls=259
counter2-local thread=1474111 syscalls=291
counter2-local thread=1474100 syscalls=125
counter2-local thread=1474025 syscalls=368
counter2-local thread=1474274 syscalls=446
counter2-local thread=1474212 syscalls=258
counter2-local thread=1474153 syscalls=291
counter2-local thread=1474135 syscalls=125
counter2-local thread=1474073 syscalls=368
counter2-local thread=1474316 syscalls=461
counter2-local thread=1474264 syscalls=258
counter2-local thread=1474191 syscalls=323
counter2-local thread=1474170 syscalls=125
counter2-local thread=1474104 syscalls=368
counter2-local thread=1474358 syscalls=461
counter2-local thread=1474311 syscalls=258
counter2-local thread=1474253 syscalls=323
counter2-local thread=1474224 syscalls=125
counter2-local thread=1474134 syscalls=368
counter2-local thread=1474396 syscalls=446
counter2-local thread=1474350 syscalls=258
counter2-local thread=1474298 syscalls=291
counter2-local thread=1474279 syscalls=125
counter2-local thread=1474177 syscalls=368
counter2-local thread=1474439 syscalls=446
counter2-local thread=1474398 syscalls=258
counter2-local thread=1474342 syscalls=291
counter2-local thread=1474323 syscalls=125
counter2-local thread=1474234 syscalls=369
counter2-local thread=1474490 syscalls=446
counter2-local thread=1474433 syscalls=258
counter2-local thread=1474385 syscalls=291
counter2-local thread=1474365 syscalls=125
counter2-local thread=1474286 syscalls=368
counter2-local thread=1474586 syscalls=478
counter2-local thread=1474494 syscalls=258
counter2-local thread=1474420 syscalls=355
counter2-local thread=1474403 syscalls=125
counter2-local thread=1474327 syscalls=369
counter2-local thread=1474636 syscalls=446
counter2-local thread=1474546 syscalls=258
counter2-local thread=1474463 syscalls=291
counter2-local thread=1474442 syscalls=125
counter2-local thread=1474368 syscalls=368
counter2-local thread=1474672 syscalls=446
counter2-local thread=1474638 syscalls=258
counter2-local thread=1474535 syscalls=291
counter2-local thread=1474497 syscalls=125
counter2-local thread=1474411 syscalls=368
counter2-local thread=1474742 syscalls=447
counter2-local thread=1474699 syscalls=259
counter2-local thread=1474664 syscalls=291
counter2-local thread=1474644 syscalls=125
counter2-local thread=1474501 syscalls=368
counter2-local thread=1474794 syscalls=446
counter2-local thread=1474738 syscalls=258
counter2-local thread=1474695 syscalls=291
counter2-local thread=1474681 syscalls=125
counter2-local thread=1474607 syscalls=368
counter2-local thread=1474759 syscalls=671
counter2-local thread=1474716 syscalls=258
counter2-local thread=1474623 syscalls=707
counter2-local thread=1474576 syscalls=125
counter2-local thread=1474450 syscalls=368
counter2-local thread=1474829 syscalls=446
counter2-local thread=1474800 syscalls=259
counter2-local thread=1474732 syscalls=291
counter2-local thread=1474710 syscalls=125
counter2-local thread=1474651 syscalls=368
counter2-local thread=1474899 syscalls=446
counter2-local thread=1474823 syscalls=258
counter2-local thread=1474782 syscalls=291
counter2-local thread=1474752 syscalls=125
counter2-local thread=1474686 syscalls=368
counter2-local thread=1475411 syscalls=446
counter2-local thread=1474897 syscalls=258
counter2-local thread=1474819 syscalls=291
counter2-local thread=1474807 syscalls=125
counter2-local thread=1474723 syscalls=368
counter2-local thread=1475631 syscalls=447
counter2-local thread=1475477 syscalls=258
counter2-local thread=1474893 syscalls=291
counter2-local thread=1474838 syscalls=125
counter2-local thread=1474760 syscalls=368
counter2-local thread=1474867 syscalls=80
counter2-local thread=1475698 syscalls=740
counter2-local thread=1475677 syscalls=140
counter2-local thread=1475745 syscalls=446
counter2-local thread=1475713 syscalls=258
counter2-local thread=1475604 syscalls=219
counter2-local thread=1475679 syscalls=291
counter2-local thread=1475589 syscalls=125
counter2-local thread=1475635 syscalls=125
counter2-local thread=1474847 syscalls=368
counter2-local thread=1475147 syscalls=368
counter2-local thread=1475847 syscalls=1136
counter2-local thread=1475804 syscalls=259
counter2-local thread=1475291 syscalls=1676
counter2-local thread=1475065 syscalls=125
counter2-local thread=1474811 syscalls=368
counter2-local thread=1476162 syscalls=447
counter2-local thread=1476120 syscalls=258
counter2-local thread=1476078 syscalls=291
counter2-local thread=1476063 syscalls=125
counter2-local thread=1475874 syscalls=368
counter2-local thread=1476210 syscalls=543
counter2-local thread=1476183 syscalls=646
counter2-local thread=1476159 syscalls=266
counter2-local thread=1476139 syscalls=259
counter2-local thread=1476109 syscalls=309
counter2-local thread=1476047 syscalls=707
counter2-local thread=1476091 syscalls=125
counter2-local thread=1476017 syscalls=125
counter2-local thread=1476027 syscalls=370
counter2-local thread=1475821 syscalls=368
counter2-local thread=1476250 syscalls=509
counter2-local thread=1476199 syscalls=266
counter2-local thread=1476147 syscalls=309
counter2-local thread=1476133 syscalls=125
counter2-local thread=1476067 syscalls=368
counter2-local thread=1475855 syscalls=2295
counter2-local thread=1475832 syscalls=140
counter2-local thread=1475800 syscalls=219
counter2-local thread=1475779 syscalls=125
counter2-local thread=1475727 syscalls=368
counter2-local thread=1476308 syscalls=600
counter2-local thread=1476247 syscalls=266
counter2-local thread=1476192 syscalls=310
counter2-local thread=1476165 syscalls=125
counter2-local thread=1476101 syscalls=368
counter2-local thread=1476361 syscalls=509
counter2-local thread=1476285 syscalls=266
counter2-local thread=1476230 syscalls=309
counter2-local thread=1476214 syscalls=125
counter2-local thread=1476137 syscalls=368
counter2-local thread=1476415 syscalls=571
counter2-local thread=1476358 syscalls=266
counter2-local thread=1476279 syscalls=310
counter2-local thread=1476253 syscalls=125
counter2-local thread=1476170 syscalls=368
counter2-local thread=1475781 syscalls=3045
counter2-local thread=1475766 syscalls=140
counter2-local thread=1475740 syscalls=219
counter2-local thread=1475722 syscalls=125
counter2-local thread=1475642 syscalls=368
counter2-local thread=1476489 syscalls=510
counter2-local thread=1476411 syscalls=266
counter2-local thread=1476330 syscalls=310
counter2-local thread=1476298 syscalls=125
counter2-local thread=1476224 syscalls=368
counter2-local thread=1475730 syscalls=3252
counter2-local thread=1476044 syscalls=2657
counter2-local thread=1476554 syscalls=557
counter2-local thread=1476499 syscalls=266
counter2-local thread=1476399 syscalls=309
counter2-local thread=1476371 syscalls=125
counter2-local thread=1476267 syscalls=369
counter2-local thread=1476825 syscalls=155
counter2-local thread=1475978 syscalls=222
counter2-local thread=1475867 syscalls=125
counter2-local thread=1475792 syscalls=368
counter2-local thread=1476606 syscalls=557
counter2-local thread=1476546 syscalls=266
counter2-local thread=1476469 syscalls=309
counter2-local thread=1476434 syscalls=125
counter2-local thread=1476313 syscalls=368
counter2-local thread=1476697 syscalls=418
counter2-local thread=1475710 syscalls=222
counter2-local thread=1475694 syscalls=125
counter2-local thread=1475593 syscalls=369
counter2-local thread=1476666 syscalls=572
counter2-local thread=1476594 syscalls=268
counter2-local thread=1476532 syscalls=311
counter2-local thread=1476513 syscalls=125
counter2-local thread=1476380 syscalls=369
counter2-local thread=1476884 syscalls=556
counter2-local thread=1476660 syscalls=266
counter2-local thread=1476586 syscalls=309
counter2-local thread=1476564 syscalls=125
counter2-local thread=1476449 syscalls=370
counter2-local thread=1477212 syscalls=527
counter2-local thread=1476861 syscalls=266
counter2-local thread=1476640 syscalls=309
counter2-local thread=1476623 syscalls=125
counter2-local thread=1476516 syscalls=369
counter2-local thread=1477976 syscalls=527
counter2-local thread=1477172 syscalls=266
counter2-local thread=1476749 syscalls=309
counter2-local thread=1476678 syscalls=125
counter2-local thread=1476574 syscalls=369
counter2-local thread=1478363 syscalls=525
counter2-local thread=1477634 syscalls=266
counter2-local thread=1477013 syscalls=309
counter2-local thread=1476894 syscalls=125
counter2-local thread=1476630 syscalls=368
counter2-local thread=1478519 syscalls=510
counter2-local thread=1478357 syscalls=266
counter2-local thread=1477389 syscalls=309
counter2-local thread=1477214 syscalls=125
counter2-local thread=1476683 syscalls=369
counter2-local thread=1478697 syscalls=541
counter2-local thread=1478512 syscalls=266
counter2-local thread=1478315 syscalls=373
counter2-local thread=1477913 syscalls=125
counter2-local thread=1476922 syscalls=368
counter2-local thread=1478976 syscalls=525
counter2-local thread=1478686 syscalls=266
counter2-local thread=1478481 syscalls=309
counter2-local thread=1478409 syscalls=125
counter2-local thread=1477219 syscalls=368
counter2-local thread=1476019 syscalls=4152
counter2-local thread=1475962 syscalls=138
counter2-local thread=1475838 syscalls=219
counter2-local thread=1475816 syscalls=125
counter2-local thread=1475760 syscalls=368
counter2-local thread=1479143 syscalls=889
counter2-local thread=1479092 syscalls=266
counter2-local thread=1478723 syscalls=309
counter2-local thread=1478692 syscalls=125
counter2-local thread=1478424 syscalls=368
counter2-local thread=1475797 syscalls=4366
counter2-local thread=1479193 syscalls=888
counter2-local thread=1479128 syscalls=266
counter2-local thread=1479084 syscalls=309
counter2-local thread=1479030 syscalls=125
counter2-local thread=1479385 syscalls=675
counter2-local thread=1478564 syscalls=369
counter2-local thread=1479183 syscalls=266
counter2-local thread=1479121 syscalls=309
counter2-local thread=1479096 syscalls=125
counter2-local thread=1478699 syscalls=368
counter2-local thread=1479753 syscalls=374
counter2-local thread=1475769 syscalls=220
counter2-local thread=1475755 syscalls=125
counter2-local thread=1475704 syscalls=368
counter2-local thread=1479251 syscalls=1194
counter2-local thread=1479146 syscalls=267
counter2-local thread=1478623 syscalls=918
counter2-local thread=1478500 syscalls=125
counter2-local thread=1479462 syscalls=888
counter2-local thread=1478154 syscalls=370
counter2-local thread=1479373 syscalls=266
counter2-local thread=1479167 syscalls=309
counter2-local thread=1479136 syscalls=125
counter2-local thread=1479056 syscalls=368
counter2-local thread=1479568 syscalls=889
counter2-local thread=1479449 syscalls=266
counter2-local thread=1479321 syscalls=309
counter2-local thread=1479205 syscalls=125
counter2-local thread=1479103 syscalls=368
counter2-local thread=1479750 syscalls=888
counter2-local thread=1479891 syscalls=651
counter2-local thread=1479548 syscalls=266
counter2-local thread=1479683 syscalls=266
counter2-local thread=1479447 syscalls=309
counter2-local thread=1479500 syscalls=309
counter2-local thread=1479401 syscalls=125
counter2-local thread=1479470 syscalls=125
counter2-local thread=1479145 syscalls=368
counter2-local thread=1479233 syscalls=368
counter2-local thread=1480044 syscalls=662
counter2-local thread=1479832 syscalls=266
counter2-local thread=1479657 syscalls=309
counter2-local thread=1479614 syscalls=125
counter2-local thread=1479422 syscalls=368
counter2-local thread=1480216 syscalls=647
counter2-local thread=1480240 syscalls=447
counter2-local thread=1480025 syscalls=266
counter2-local thread=1479808 syscalls=309
counter2-local thread=1480206 syscalls=258
counter2-local thread=1479771 syscalls=125
counter2-local thread=1479971 syscalls=291
counter2-local thread=1479476 syscalls=368
counter2-local thread=1479932 syscalls=125
counter2-local thread=1479622 syscalls=368
counter2-local thread=1480268 syscalls=526
counter2-local thread=1480249 syscalls=258
counter2-local thread=1480194 syscalls=451
counter2-local thread=1480073 syscalls=125
counter2-local thread=1479779 syscalls=368
counter2-local thread=1480299 syscalls=447
counter2-local thread=1480293 syscalls=258
counter2-local thread=1480276 syscalls=293
counter2-local thread=1480267 syscalls=125
counter2-local thread=1480235 syscalls=368
counter2-local thread=1480359 syscalls=1112
counter2-local thread=1480344 syscalls=266
counter2-local thread=1480336 syscalls=309
counter2-local thread=1480332 syscalls=125
counter2-local thread=1480321 syscalls=369
counter2-local thread=1480375 syscalls=1279
counter2-local thread=1480366 syscalls=266
counter2-local thread=1480354 syscalls=309
counter2-local thread=1480347 syscalls=125
counter2-local thread=1480334 syscalls=368
counter2-local thread=1351290 syscalls=791
counter2-local thread=1351279 syscalls=2153
counter2-local thread=1351437 syscalls=999
counter2-local thread=1351849 syscalls=1447
counter2-local thread=1351822 syscalls=1028
counter2-local thread=1351802 syscalls=1350
counter2-local thread=1351294 syscalls=781
counter2-local thread=1351428 syscalls=480
counter2-local thread=1351197 syscalls=1489
counter2-local thread=1351445 syscalls=783
counter2-local thread=1351851 syscalls=2349
counter2-local thread=1351884 syscalls=2264
counter2-local thread=1351890 syscalls=5495
counter2-local thread=1351431 syscalls=242
counter2-local thread=1351453 syscalls=235
counter2-local thread=1351844 syscalls=1467
counter2-local thread=1351441 syscalls=1325
counter2-local thread=1351871 syscalls=1247
counter2-local thread=1351443 syscalls=716
counter2-local thread=1351806 syscalls=2083
counter2-local thread=1351809 syscalls=391
counter2-local thread=1351414 syscalls=1423
counter2-local thread=1351841 syscalls=358
counter2-local thread=1351408 syscalls=71
counter2-local thread=1351797 syscalls=858
counter2-local thread=1351772 syscalls=167
counter2-local thread=1351187 syscalls=296
counter2-local thread=1351835 syscalls=378
counter2-local thread=1350965 syscalls=308
counter2-local thread=1350963 syscalls=857
counter2-local thread=1351847 syscalls=155
counter2-local thread=1351286 syscalls=713
counter2-local thread=1351155 syscalls=920
counter2-local thread=1351779 syscalls=209
counter2-local thread=1351760 syscalls=45
counter2-local thread=1351888 syscalls=689
counter2-local thread=1351298 syscalls=407
counter2-local thread=1351449 syscalls=2214
counter2-local thread=1351792 syscalls=96
counter2-local thread=1351410 syscalls=2635
counter2-local thread=1351282 syscalls=369
counter2-local thread=1351880 syscalls=936
counter2-local thread=1351816 syscalls=106
counter2-local thread=1351739 syscalls=71
counter2-local thread=1351743 syscalls=40
counter2-local thread=1351839 syscalls=421
counter2-local thread=1351745 syscalls=38
counter2-local thread=1351400 syscalls=55
counter2-local thread=1351877 syscalls=415
counter2-local thread=1351811 syscalls=1177
counter2-local thread=1351718 syscalls=37
counter2-local thread=1351302 syscalls=1803
counter2-local thread=1351393 syscalls=59
counter2-local thread=1351702 syscalls=37
counter2-local thread=1351824 syscalls=541
counter2-local thread=1351381 syscalls=57
counter2-local thread=1351690 syscalls=37
counter2-local thread=1351730 syscalls=46
counter2-local thread=1351724 syscalls=41
counter2-local thread=1351404 syscalls=58
counter2-local thread=1351251 syscalls=65
counter2-local thread=1351707 syscalls=44
counter2-local thread=1351677 syscalls=36
counter2-local thread=1351728 syscalls=50
counter2-local thread=1351288 syscalls=115
counter2-local thread=1351359 syscalls=51
counter2-local thread=1351421 syscalls=154
counter2-local thread=1351869 syscalls=2156
counter2-local thread=1351831 syscalls=853
counter2-local thread=1351296 syscalls=5236
counter2-local thread=1351355 syscalls=48
counter2-local thread=1351882 syscalls=1677
counter2-local thread=1351248 syscalls=64
counter2-local thread=1351654 syscalls=36
counter2-local thread=1351211 syscalls=926
counter2-local thread=1351263 syscalls=118
counter2-local thread=1351135 syscalls=2083
counter2-local thread=1351640 syscalls=39
counter2-local thread=1351638 syscalls=37
counter2-local thread=1351790 syscalls=43
counter2-local thread=1351416 syscalls=190
counter2-local thread=1351623 syscalls=38
counter2-local thread=1351350 syscalls=56
counter2-local thread=1351819 syscalls=150
counter2-local thread=1351337 syscalls=58
counter2-local thread=1351325 syscalls=46
counter2-local thread=1351231 syscalls=70
counter2-local thread=1351323 syscalls=54
counter2-local thread=1351800 syscalls=418
counter2-local thread=1351327 syscalls=51
counter2-local thread=1351397 syscalls=2407
counter2-local thread=1351610 syscalls=38
counter2-local thread=1351591 syscalls=39
counter2-local thread=1351569 syscalls=36
counter2-local thread=1351580 syscalls=38
counter2-local thread=1351549 syscalls=38
counter2-local thread=1350975 syscalls=1312
counter2-local thread=1351479 syscalls=40
counter2-local thread=1351159 syscalls=93
counter2-local thread=1351151 syscalls=79
counter2-local thread=1351758 syscalls=38
counter2-local thread=1351050 syscalls=19234
counter2-local thread=1351813 syscalls=218
counter2-local thread=1351004 syscalls=13087
counter2-local thread=1351389 syscalls=63
counter2-local thread=1351258 syscalls=183
counter2-local thread=1351384 syscalls=58
counter2-local thread=1351752 syscalls=38
counter2-local thread=1351794 syscalls=161
counter2-local thread=1351853 syscalls=2190
counter2-local thread=1353083 syscalls=22456
counter2-local thread=1353063 syscalls=19323
counter2-local thread=1351782 syscalls=131
counter2-local thread=1351377 syscalls=49
counter2-local thread=1351182 syscalls=123
counter2-local thread=1351722 syscalls=86
counter2-local thread=1353041 syscalls=2976
counter2-local thread=1354365 syscalls=90
counter2-local thread=1353096 syscalls=695
counter2-local thread=1353092 syscalls=257
counter2-local thread=1353057 syscalls=995
counter2-local thread=1353244 syscalls=282
counter2-local thread=1353085 syscalls=217
counter2-local thread=1351034 syscalls=413
counter2-local thread=1353350 syscalls=54
counter2-local thread=1354339 syscalls=291
counter2-local thread=1351273 syscalls=67
counter2-local thread=1350970 syscalls=490
counter2-local thread=1350977 syscalls=7430
counter2-local thread=1353060 syscalls=309
counter2-local thread=1353067 syscalls=284
counter2-local thread=1353109 syscalls=119
counter2-local thread=1353296 syscalls=84
counter2-local thread=1351057 syscalls=3213
counter2-local thread=1351014 syscalls=353
counter2-local thread=1353390 syscalls=48
counter2-local thread=1351425 syscalls=694
counter2-local thread=1351001 syscalls=3742
counter2-local thread=1351039 syscalls=363
counter2-local thread=1353044 syscalls=148
counter2-local thread=1353379 syscalls=47
counter2-local thread=1351016 syscalls=401
counter2-local thread=1353233 syscalls=82
counter2-local thread=1353030 syscalls=129
counter2-local thread=1351030 syscalls=314
counter2-local thread=1353360 syscalls=41
counter2-local thread=1353228 syscalls=76
counter2-local thread=1353200 syscalls=59
counter2-local thread=1353381 syscalls=54
counter2-local thread=1351688 syscalls=38
counter2-local thread=1353281 syscalls=35
counter2-local thread=1353111 syscalls=99
counter2-local thread=1353263 syscalls=33
counter2-local thread=1351044 syscalls=246
counter2-local thread=1353248 syscalls=75
counter2-local thread=1351177 syscalls=100
counter2-local thread=1351682 syscalls=41
counter2-local thread=1353161 syscalls=75
counter2-local thread=1353156 syscalls=83
counter2-local thread=1351362 syscalls=54
counter2-local thread=1351694 syscalls=40
counter2-local thread=1360004 syscalls=3177
counter2-local thread=1377254 syscalls=1468
counter2-local thread=1366026 syscalls=2345
counter2-local thread=1376127 syscalls=2030
counter2-local thread=1374930 syscalls=1973
counter2-local thread=1367384 syscalls=1851
counter2-local thread=1366191 syscalls=1645
counter2-local thread=1367218 syscalls=1880
counter2-local thread=1367242 syscalls=1692
counter2-local thread=1377188 syscalls=2054
counter2-local thread=1367305 syscalls=1432
counter2-local thread=1359939 syscalls=1993
counter2-local thread=1366085 syscalls=2038
counter2-local thread=1377931 syscalls=1792
counter2-local thread=1386906 syscalls=965
counter2-local thread=1359970 syscalls=1794
counter2-local thread=1351675 syscalls=39
counter2-local thread=1388312 syscalls=1024
counter2-local thread=1387756 syscalls=780
counter2-local thread=1359749 syscalls=1762
counter2-local thread=1386564 syscalls=938
counter2-local thread=1366277 syscalls=1516
counter2-local thread=1377003 syscalls=424
counter2-local thread=1377061 syscalls=416
counter2-local thread=1376777 syscalls=417
counter2-local thread=1351652 syscalls=41
counter2-local thread=1378396 syscalls=484
counter2-local thread=1378743 syscalls=534
counter2-local thread=1351173 syscalls=87
counter2-local thread=1377288 syscalls=384
counter2-local thread=1376735 syscalls=1104
counter2-local thread=1376354 syscalls=647
counter2-local thread=1359966 syscalls=1478
counter2-local thread=1351451 syscalls=794
counter2-local thread=1387615 syscalls=364
counter2-local thread=1377270 syscalls=723
counter2-local thread=1366456 syscalls=423
counter2-local thread=1359674 syscalls=2068
counter2-local thread=1351855 syscalls=742
counter2-local thread=1376752 syscalls=720
counter2-local thread=1387275 syscalls=372
counter2-local thread=1387440 syscalls=385
counter2-local thread=1386713 syscalls=469
counter2-local thread=1386640 syscalls=664
counter2-local thread=1388298 syscalls=463
counter2-local thread=1367164 syscalls=382
counter2-local thread=1388594 syscalls=603
counter2-local thread=1366612 syscalls=518
counter2-local thread=1386835 syscalls=663
counter2-local thread=1388198 syscalls=393
counter2-local thread=1388534 syscalls=526
counter2-local thread=1388545 syscalls=532
counter2-local thread=1388587 syscalls=529
counter2-local thread=1376712 syscalls=919
counter2-local thread=1375114 syscalls=632
counter2-local thread=1377673 syscalls=778
counter2-local thread=1351439 syscalls=90
counter2-local thread=1387399 syscalls=531
counter2-local thread=1359788 syscalls=1112
counter2-local thread=1377533 syscalls=707
counter2-local thread=1387465 syscalls=404
counter2-local thread=1387119 syscalls=522
counter2-local thread=1351137 syscalls=116
counter2-local thread=1388087 syscalls=768
counter2-local thread=1386743 syscalls=881
counter2-local thread=1351314 syscalls=55
counter2-local thread=1351762 syscalls=104
counter2-local thread=1386853 syscalls=540
counter2-local thread=1351229 syscalls=82
counter2-local thread=1375768 syscalls=994
counter2-local thread=1386791 syscalls=609
counter2-local thread=1351318 syscalls=58
counter2-local thread=1393502 syscalls=473
counter2-local thread=1393907 syscalls=367
counter2-local thread=1350983 syscalls=190
counter2-local thread=1393731 syscalls=145
counter2-local thread=1393794 syscalls=138
counter2-local thread=1351007 syscalls=478
counter2-local thread=1351308 syscalls=45
counter2-local thread=1366004 syscalls=1446
counter2-local thread=1377333 syscalls=836
counter2-local thread=1366105 syscalls=1113
counter2-local thread=1366129 syscalls=1438
counter2-local thread=1393034 syscalls=1219
counter2-local thread=1351597 syscalls=43
counter2-local thread=1351734 syscalls=43
counter2-local thread=1378791 syscalls=1155
counter2-local thread=1377027 syscalls=1276
counter2-local thread=1378768 syscalls=1343
counter2-local thread=1351576 syscalls=44
counter2-local thread=1377760 syscalls=1252
counter2-local thread=1351304 syscalls=80
counter2-local thread=1366754 syscalls=1375
counter2-local thread=1375821 syscalls=1095
counter2-local thread=1394186 syscalls=1888
counter2-local thread=1377970 syscalls=1276
counter2-local thread=1359742 syscalls=2832
counter2-local thread=1366379 syscalls=980
counter2-local thread=1351213 syscalls=522
counter2-local thread=1359782 syscalls=1582
counter2-local thread=1367327 syscalls=1009
counter2-local thread=1359957 syscalls=1408
counter2-local thread=1354287 syscalls=20669
counter2-local thread=1366716 syscalls=1301
counter2-local thread=1359977 syscalls=1119
counter2-local thread=1366919 syscalls=435
counter2-local thread=1351865 syscalls=2124
counter2-local thread=1350981 syscalls=5439
counter2-local thread=1351764 syscalls=221
counter2-local thread=1350989 syscalls=20871
counter2-local thread=1353393 syscalls=7079
counter2-local thread=1351084 syscalls=3048
counter2-local thread=1354029 syscalls=70
counter2-local thread=1351072 syscalls=2272
counter2-local thread=1351697 syscalls=34
counter2-local thread=1351435 syscalls=1146
counter2-local thread=1351011 syscalls=673
counter2-local thread=1351053 syscalls=284
counter2-local thread=1353050 syscalls=2953
counter2-local thread=1353100 syscalls=269
counter2-local thread=1351179 syscalls=103
counter2-local thread=1353131 syscalls=303
counter2-local thread=1351028 syscalls=873
counter2-local thread=1351766 syscalls=293
counter2-local thread=1353077 syscalls=6507
counter2-local thread=1351260 syscalls=103
counter2-local thread=1353422 syscalls=106
counter2-local thread=1353430 syscalls=6966
counter2-local thread=1351750 syscalls=40
counter2-local thread=1351081 syscalls=238
counter2-local thread=1353075 syscalls=238
counter2-local thread=1353105 syscalls=560
counter2-local thread=1353140 syscalls=139
counter2-local thread=1350987 syscalls=2760
counter2-local thread=1353087 syscalls=158
counter2-local thread=1350959 syscalls=268
counter2-local thread=1351087 syscalls=430
counter2-local thread=1351019 syscalls=903
counter2-local thread=1353038 syscalls=358
counter2-local thread=1353035 syscalls=3450
counter2-local thread=1353098 syscalls=871
counter2-local thread=1353052 syscalls=292
counter2-local thread=1350955 syscalls=921
counter2-local thread=1351709 syscalls=38
counter2-local thread=1353149 syscalls=119
counter2-local thread=1353094 syscalls=5895
counter2-local thread=1351066 syscalls=487
counter2-local thread=1353385 syscalls=122
counter2-local thread=1351190 syscalls=260
counter2-local thread=1351070 syscalls=228
counter2-local thread=1351074 syscalls=568
counter2-local thread=1351059 syscalls=590
counter2-local thread=1353065 syscalls=13598
counter2-local thread=1351862 syscalls=108
counter2-local thread=1354427 syscalls=82
counter2-local thread=1353046 syscalls=545
counter2-local thread=1353396 syscalls=69
counter2-local thread=1351201 syscalls=1822
counter2-local thread=1350979 syscalls=695
counter2-local thread=1351391 syscalls=62
counter2-local thread=1354219 syscalls=6173
counter2-local thread=1350998 syscalls=487
counter2-local thread=1351146 syscalls=111
counter2-local thread=1353334 syscalls=65
counter2-local thread=1353071 syscalls=141
counter2-local thread=1353197 syscalls=76
counter2-local thread=1351063 syscalls=1490
counter2-local thread=1351686 syscalls=39
counter2-local thread=1353239 syscalls=339
counter2-local thread=1353081 syscalls=434
counter2-local thread=1353402 syscalls=51
counter2-local thread=1353120 syscalls=118
counter2-local thread=1353226 syscalls=70
counter2-local thread=1351275 syscalls=84
counter2-local thread=1353028 syscalls=178
counter2-local thread=1353388 syscalls=80
counter2-local thread=1351023 syscalls=287
counter2-local thread=1353329 syscalls=39
counter2-local thread=1351199 syscalls=970
counter2-local thread=1353428 syscalls=73
counter2-local thread=1353375 syscalls=54
counter2-local thread=1353079 syscalls=113
counter2-local thread=1351726 syscalls=127
counter2-local thread=1353204 syscalls=79
counter2-local thread=1351699 syscalls=39
counter2-local thread=1350972 syscalls=433
counter2-local thread=1351370 syscalls=49
counter2-local thread=1353189 syscalls=89
counter2-local thread=1351091 syscalls=561
counter2-local thread=1351679 syscalls=38
counter2-local thread=1351364 syscalls=49
counter2-local thread=1353336 syscalls=42
counter2-local thread=1353211 syscalls=62
counter2-local thread=1353236 syscalls=79
counter2-local thread=1353404 syscalls=55
counter2-local thread=1353151 syscalls=78
counter2-local thread=1353419 syscalls=57
counter2-local thread=1351036 syscalls=294
counter2-local thread=1351055 syscalls=295
counter2-local thread=1353425 syscalls=223
counter2-local thread=1353342 syscalls=43
counter2-local thread=1353377 syscalls=48
counter2-local thread=1351720 syscalls=48
counter2-local thread=1353417 syscalls=55
counter2-local thread=1353069 syscalls=116
counter2-local thread=1351373 syscalls=51
counter2-local thread=1351025 syscalls=123
counter2-local thread=1351046 syscalls=288
INFO: Found 61 targets...
counter2-local thread=1353432 syscalls=169
counter2-local thread=1353373 syscalls=51
counter2-local thread=1353327 syscalls=38
counter2-local thread=1353527 syscalls=88
counter2-local thread=1353215 syscalls=65
counter2-local thread=1351714 syscalls=42
counter2-local thread=1351078 syscalls=184
counter2-local thread=1351741 syscalls=46
counter2-local thread=1353371 syscalls=50
counter2-local thread=1353312 syscalls=38
counter2-local thread=1351459 syscalls=784
counter2-local thread=1353217 syscalls=72
counter2-local thread=1353143 syscalls=86
counter2-local thread=1353308 syscalls=37
counter2-local thread=1353134 syscalls=120
counter2-local thread=1353321 syscalls=39
counter2-local thread=1350992 syscalls=369
counter2-local thread=1351395 syscalls=57
counter2-local thread=1353303 syscalls=36
counter2-local thread=1351094 syscalls=259
counter2-local thread=1353294 syscalls=45
counter2-local thread=1353331 syscalls=41
counter2-local thread=1353195 syscalls=81
counter2-local thread=1353316 syscalls=39
counter2-local thread=1351157 syscalls=2269
counter2-local thread=1353208 syscalls=54
counter2-local thread=1353136 syscalls=70
counter2-local thread=1353191 syscalls=68
counter2-local thread=1351042 syscalls=351
counter2-local thread=1353299 syscalls=75
counter2-local thread=1353305 syscalls=38
counter2-local thread=1353291 syscalls=37
counter2-local thread=1353206 syscalls=62
counter2-local thread=1351736 syscalls=57
counter2-local thread=1353284 syscalls=34
counter2-local thread=1353398 syscalls=115
counter2-local thread=1353288 syscalls=40
counter2-local thread=1353184 syscalls=58
counter2-local thread=1351673 syscalls=35
counter2-local thread=1353180 syscalls=85
counter2-local thread=1353187 syscalls=52
counter2-local thread=1351892 syscalls=121
counter2-local thread=1353277 syscalls=34
counter2-local thread=1351828 syscalls=1318
counter2-local thread=1353182 syscalls=60
counter2-local thread=1351366 syscalls=51
counter2-local thread=1353267 syscalls=36
counter2-local thread=1353275 syscalls=39
counter2-local thread=1353273 syscalls=38
counter2-local thread=1351149 syscalls=89
counter2-local thread=1353113 syscalls=93
counter2-local thread=1351768 syscalls=803
counter2-local thread=1353175 syscalls=49
counter2-local thread=1353259 syscalls=36
counter2-local thread=1351021 syscalls=277
counter2-local thread=1351705 syscalls=44
counter2-local thread=1353116 syscalls=59
counter2-local thread=1353231 syscalls=108
counter2-local thread=1353170 syscalls=50
counter2-local thread=1353256 syscalls=38
counter2-local thread=1353164 syscalls=80
counter2-local thread=1350996 syscalls=397
counter2-local thread=1353253 syscalls=44
counter2-local thread=1351858 syscalls=2843
counter2-local thread=1353250 syscalls=40
counter2-local thread=1353242 syscalls=66
counter2-local thread=1351692 syscalls=40
counter2-local thread=1360022 syscalls=2768
counter2-local thread=1378708 syscalls=3082
counter2-local thread=1377134 syscalls=1744
counter2-local thread=1367179 syscalls=2263
counter2-local thread=1351244 syscalls=65
counter2-local thread=1351662 syscalls=41
counter2-local thread=1378818 syscalls=1326
counter2-local thread=1351455 syscalls=218
counter2-local thread=1386800 syscalls=1721
counter2-local thread=1386857 syscalls=2141
counter2-local thread=1359988 syscalls=1990
counter2-local thread=1376233 syscalls=2056
counter2-local thread=1377229 syscalls=2069
counter2-local thread=1351656 syscalls=38
counter2-local thread=1375977 syscalls=1038
counter2-local thread=1366171 syscalls=2000
counter2-local thread=1351774 syscalls=263
counter2-local thread=1366397 syscalls=1748
counter2-local thread=1351658 syscalls=38
counter2-local thread=1359777 syscalls=3284
counter2-local thread=1359769 syscalls=1474
counter2-local thread=1351788 syscalls=612
counter2-local thread=1351239 syscalls=68
counter2-local thread=1375001 syscalls=1977
counter2-local thread=1366047 syscalls=1991
counter2-local thread=1394150 syscalls=1601
counter2-local thread=1351175 syscalls=79
counter2-local thread=1366673 syscalls=1504
counter2-local thread=1351242 syscalls=65
counter2-local thread=1375179 syscalls=2152
counter2-local thread=1351357 syscalls=54
counter2-local thread=1386620 syscalls=705
counter2-local thread=1351284 syscalls=106
counter2-local thread=1375513 syscalls=1264
counter2-local thread=1378591 syscalls=1451
counter2-local thread=1366795 syscalls=2549
counter2-local thread=1351650 syscalls=42
counter2-local thread=1366414 syscalls=1713
counter2-local thread=1388575 syscalls=950
counter2-local thread=1351470 syscalls=1530
counter2-local thread=1388447 syscalls=746
counter2-local thread=1351646 syscalls=40
counter2-local thread=1351418 syscalls=115
counter2-local thread=1377150 syscalls=1415
counter2-local thread=1377431 syscalls=1390
counter2-local thread=1386722 syscalls=865
counter2-local thread=1388240 syscalls=765
counter2-local thread=1386534 syscalls=906
counter2-local thread=1351648 syscalls=44
counter2-local thread=1387471 syscalls=736
counter2-local thread=1386656 syscalls=892
counter2-local thread=1366845 syscalls=1014
counter2-local thread=1351345 syscalls=48
counter2-local thread=1376892 syscalls=418
counter2-local thread=1377499 syscalls=1344
counter2-local thread=1351642 syscalls=37
counter2-local thread=1375340 syscalls=1441
counter2-local thread=1351141 syscalls=94
counter2-local thread=1367040 syscalls=989
counter2-local thread=1351433 syscalls=945
counter2-local thread=1378054 syscalls=525
counter2-local thread=1376284 syscalls=933
counter2-local thread=1366736 syscalls=1133
counter2-local thread=1359683 syscalls=1846
counter2-local thread=1351665 syscalls=43
counter2-local thread=1376817 syscalls=427
counter2-local thread=1376868 syscalls=426
counter2-local thread=1351368 syscalls=55
counter2-local thread=1377312 syscalls=834
counter2-local thread=1351237 syscalls=77
counter2-local thread=1376673 syscalls=932
counter2-local thread=1377168 syscalls=957
counter2-local thread=1366774 syscalls=1202
counter2-local thread=1376386 syscalls=1173
counter2-local thread=1377213 syscalls=462
counter2-local thread=1376844 syscalls=465
counter2-local thread=1375419 syscalls=896
counter2-local thread=1367130 syscalls=509
counter2-local thread=1351348 syscalls=49
counter2-local thread=1375061 syscalls=587
counter2-local thread=1350994 syscalls=134
counter2-local thread=1377588 syscalls=360
counter2-local thread=1375604 syscalls=509
counter2-local thread=1375717 syscalls=525
counter2-local thread=1359948 syscalls=1340
counter2-local thread=1351423 syscalls=419
counter2-local thread=1375284 syscalls=629
counter2-local thread=1366320 syscalls=1231
counter2-local thread=1375219 syscalls=713
counter2-local thread=1351447 syscalls=399
counter2-local thread=1351670 syscalls=47
counter2-local thread=1351636 syscalls=41
counter2-local thread=1375665 syscalls=517
counter2-local thread=1387884 syscalls=336
counter2-local thread=1359687 syscalls=1460
counter2-local thread=1375562 syscalls=570
counter2-local thread=1376508 syscalls=254
counter2-local thread=1365955 syscalls=1027
counter2-local thread=1376986 syscalls=620
counter2-local thread=1351634 syscalls=40
counter2-local thread=1386922 syscalls=387
counter2-local thread=1376429 syscalls=496
counter2-local thread=1351630 syscalls=36
counter2-local thread=1386645 syscalls=401
counter2-local thread=1387673 syscalls=358
counter2-local thread=1351352 syscalls=60
counter2-local thread=1387545 syscalls=349
counter2-local thread=1387627 syscalls=355
counter2-local thread=1386632 syscalls=370
counter2-local thread=1387589 syscalls=346
counter2-local thread=1351644 syscalls=46
counter2-local thread=1386670 syscalls=374
counter2-local thread=1387559 syscalls=348
counter2-local thread=1387570 syscalls=347
counter2-local thread=1387489 syscalls=378
counter2-local thread=1388033 syscalls=342
counter2-local thread=1351235 syscalls=81
counter2-local thread=1375085 syscalls=480
counter2-local thread=1387385 syscalls=399
counter2-local thread=1351632 syscalls=47
counter2-local thread=1388324 syscalls=464
counter2-local thread=1359842 syscalls=1780
counter2-local thread=1351300 syscalls=1763
counter2-local thread=1388288 syscalls=465
counter2-local thread=1351171 syscalls=94
counter2-local thread=1388334 syscalls=452
counter2-local thread=1351331 syscalls=48
counter2-local thread=1386763 syscalls=422
counter2-local thread=1388270 syscalls=465
counter2-local thread=1351233 syscalls=76
counter2-local thread=1388408 syscalls=384
counter2-local thread=1351335 syscalls=52
counter2-local thread=1386689 syscalls=430
counter2-local thread=1386698 syscalls=827
counter2-local thread=1351613 syscalls=38
counter2-local thread=1388462 syscalls=525
counter2-local thread=1351755 syscalls=42
counter2-local thread=1412087 syscalls=56
counter2-local thread=1351621 syscalls=44
counter2-local thread=1365884 syscalls=1086
counter2-local thread=1388229 syscalls=585
counter2-local thread=1351601 syscalls=36
counter2-local thread=1388424 syscalls=534
counter2-local thread=1386773 syscalls=684
counter2-local thread=1388638 syscalls=474
counter2-local thread=1351343 syscalls=62
counter2-local thread=1388388 syscalls=639
counter2-local thread=1388258 syscalls=537
counter2-local thread=1351608 syscalls=40
counter2-local thread=1386597 syscalls=576
counter2-local thread=1388482 syscalls=537
counter2-local thread=1376610 syscalls=758
counter2-local thread=1351339 syscalls=54
counter2-local thread=1375158 syscalls=379
counter2-local thread=1378502 syscalls=883
counter2-local thread=1351628 syscalls=44
counter2-local thread=1386676 syscalls=555
counter2-local thread=1387407 syscalls=339
counter2-local thread=1351412 syscalls=131
counter2-local thread=1388514 syscalls=732
counter2-local thread=1386970 syscalls=577
counter2-local thread=1388123 syscalls=727
counter2-local thread=1351321 syscalls=68
counter2-local thread=1388147 syscalls=520
counter2-local thread=1366151 syscalls=1111
counter2-local thread=1388611 syscalls=695
counter2-local thread=1359703 syscalls=1602
counter2-local thread=1351167 syscalls=88
counter2-local thread=1378227 syscalls=773
counter2-local thread=1377110 syscalls=857
counter2-local thread=1376942 syscalls=740
counter2-local thread=1387481 syscalls=401
counter2-local thread=1351619 syscalls=43
counter2-local thread=1387378 syscalls=376
counter2-local thread=1351265 syscalls=95
counter2-local thread=1376918 syscalls=614
counter2-local thread=1351748 syscalls=41
counter2-local thread=1386950 syscalls=879
counter2-local thread=1367111 syscalls=931
counter2-local thread=1351594 syscalls=41
counter2-local thread=1386996 syscalls=414
counter2-local thread=1388171 syscalls=830
counter2-local thread=1387361 syscalls=968
counter2-local thread=1387429 syscalls=373
counter2-local thread=1388218 syscalls=860
counter2-local thread=1351589 syscalls=41
counter2-local thread=1387417 syscalls=896
counter2-local thread=1365797 syscalls=1801
counter2-local thread=1365822 syscalls=1534
counter2-local thread=1351163 syscalls=82
counter2-local thread=1388360 syscalls=857
counter2-local thread=1378275 syscalls=914
counter2-local thread=1386845 syscalls=518
counter2-local thread=1387506 syscalls=420
counter2-local thread=1388565 syscalls=843
counter2-local thread=1386467 syscalls=616
counter2-local thread=1386438 syscalls=587
counter2-local thread=1386809 syscalls=529
counter2-local thread=1351571 syscalls=36
counter2-local thread=1392887 syscalls=454
counter2-local thread=1386777 syscalls=416
counter2-local thread=1386868 syscalls=536
counter2-local thread=1386889 syscalls=506
counter2-local thread=1375202 syscalls=607
counter2-local thread=1375035 syscalls=607
counter2-local thread=1367097 syscalls=700
counter2-local thread=1386878 syscalls=543
counter2-local thread=1351292 syscalls=1287
counter2-local thread=1386452 syscalls=617
counter2-local thread=1351617 syscalls=46
counter2-local thread=1392957 syscalls=376
counter2-local thread=1386941 syscalls=541
counter2-local thread=1393236 syscalls=360
counter2-local thread=1393161 syscalls=352
counter2-local thread=1394358 syscalls=616
counter2-local thread=1351387 syscalls=115
counter2-local thread=1393305 syscalls=362
counter2-local thread=1386491 syscalls=749
counter2-local thread=1351221 syscalls=85
counter2-local thread=1386933 syscalls=601
counter2-local thread=1351312 syscalls=50
counter2-local thread=1393774 syscalls=371
counter2-local thread=1393871 syscalls=391
counter2-local thread=1367259 syscalls=1047
counter2-local thread=1393840 syscalls=367
counter2-local thread=1393363 syscalls=344
counter2-local thread=1394080 syscalls=348
counter2-local thread=1393968 syscalls=366
counter2-local thread=1351139 syscalls=68
counter2-local thread=1393698 syscalls=379
counter2-local thread=1394074 syscalls=362
counter2-local thread=1394054 syscalls=368
counter2-local thread=1377392 syscalls=1011
counter2-local thread=1351826 syscalls=137
counter2-local thread=1365929 syscalls=1444
counter2-local thread=1351225 syscalls=69
counter2-local thread=1359793 syscalls=2009
counter2-local thread=1394272 syscalls=248
counter2-local thread=1351585 syscalls=43
counter2-local thread=1376310 syscalls=862
counter2-local thread=1378000 syscalls=1095
counter2-local thread=1351536 syscalls=37
counter2-local thread=1377350 syscalls=1372
counter2-local thread=1378352 syscalls=1128
counter2-local thread=1351583 syscalls=42
counter2-local thread=1377372 syscalls=1152
counter2-local thread=1366251 syscalls=1146
counter2-local thread=1377460 syscalls=1098
counter2-local thread=1394106 syscalls=818
counter2-local thread=1394245 syscalls=828
counter2-local thread=1394259 syscalls=841
counter2-local thread=1377088 syscalls=1201
counter2-local thread=1394195 syscalls=894
counter2-local thread=1376798 syscalls=924
counter2-local thread=1377620 syscalls=1158
counter2-local thread=1366209 syscalls=1566
counter2-local thread=1351587 syscalls=41
counter2-local thread=1366500 syscalls=1787
counter2-local thread=1351310 syscalls=50
counter2-local thread=1394394 syscalls=1023
counter2-local thread=1394226 syscalls=883
counter2-local thread=1393615 syscalls=1365
counter2-local thread=1351516 syscalls=42
counter2-local thread=1367145 syscalls=1536
counter2-local thread=1378144 syscalls=1181
counter2-local thread=1360035 syscalls=1842
counter2-local thread=1394337 syscalls=1040
counter2-local thread=1351270 syscalls=85
counter2-local thread=1378456 syscalls=1441
counter2-local thread=1377717 syscalls=1358
counter2-local thread=1377868 syscalls=1228
counter2-local thread=1377818 syscalls=1259
counter2-local thread=1351503 syscalls=39
counter2-local thread=1365857 syscalls=2148
counter2-local thread=1351207 syscalls=87
counter2-local thread=1366831 syscalls=885
counter2-local thread=1366981 syscalls=1187
counter2-local thread=1366694 syscalls=1339
counter2-local thread=1351306 syscalls=49
counter2-local thread=1377847 syscalls=1300
counter2-local thread=1377909 syscalls=1343
counter2-local thread=1351886 syscalls=1122
counter2-local thread=1374962 syscalls=987
counter2-local thread=1351490 syscalls=43
counter2-local thread=1351496 syscalls=43
counter2-local thread=1366434 syscalls=1044
counter2-local thread=1360017 syscalls=1878
counter2-local thread=1376267 syscalls=1196
counter2-local thread=1359736 syscalls=1574
counter2-local thread=1366878 syscalls=889
counter2-local thread=1359855 syscalls=1994
counter2-local thread=1351068 syscalls=38117
counter2-local thread=1367022 syscalls=993
counter2-local thread=1360012 syscalls=2000
counter2-local thread=1353103 syscalls=18943
counter2-local thread=1366068 syscalls=1854
counter2-local thread=1367197 syscalls=1046
counter2-local thread=1366340 syscalls=576
counter2-local thread=1359909 syscalls=494
counter2-local thread=1367008 syscalls=623
counter2-local thread=1351776 syscalls=677
counter2-local thread=1366233 syscalls=884
counter2-local thread=1360008 syscalls=2385
counter2-local thread=1366476 syscalls=457
counter2-local thread=1366539 syscalls=925
counter2-local thread=1351874 syscalls=653
counter2-local thread=1354496 syscalls=34077
counter2-local thread=1360041 syscalls=1998
counter2-local thread=1350967 syscalls=5205
counter2-local thread=1360000 syscalls=814
counter2-local thread=1366860 syscalls=433
counter2-local thread=1351894 syscalls=18814
counter2-local thread=1367280 syscalls=600
counter2-local thread=1366300 syscalls=601
counter2-local thread=1359984 syscalls=1174
counter2-local thread=1366654 syscalls=457
counter2-local thread=1366587 syscalls=490
counter2-local thread=1353128 syscalls=189
counter2-local thread=1374897 syscalls=175
counter2-local thread=1346186 syscalls=21124
counter2-local thread=1346179 syscalls=23351
counter2-local thread=1346475 syscalls=1313
INFO: Elapsed time: 197.926s, Critical Path: 153.51s
INFO: 843 processes: 283 internal, 560 linux-sandbox.
INFO: Build completed successfully, 843 total actions
counter2-local thread=1480596 syscalls=52
counter2-local thread=1345922 syscalls=10
counter2-local thread=1345846 syscalls=16
counter2-local thread=1346011 syscalls=1358
counter2-local thread=1345851 syscalls=1580
counter2-local thread=1345848 syscalls=11
counter2-local thread=1343519 syscalls=7743
counter2-local thread=1343504 syscalls=141
2026-08-02T07:15:23.134447Z ERROR reverie_ptrace::lifecycle: guest terminated by signal tid=1343950 pid=1343895 signal=SIGKILL core_dumped=false
counter2-local thread=1343950 syscalls=21376
2026-08-02T07:15:23.134665Z ERROR reverie_ptrace::lifecycle: guest terminated by signal tid=1343980 pid=1343895 signal=SIGKILL core_dumped=false
counter2-local thread=1343980 syscalls=71791
2026-08-02T07:15:23.134699Z ERROR reverie_ptrace::lifecycle: guest terminated by signal tid=1343918 pid=1343895 signal=SIGKILL core_dumped=false
counter2-local thread=1343918 syscalls=1528
2026-08-02T07:15:23.134732Z ERROR reverie_ptrace::lifecycle: guest terminated by signal tid=1343944 pid=1343895 signal=SIGKILL core_dumped=false
counter2-local thread=1343944 syscalls=23
2026-08-02T07:15:23.135368Z ERROR reverie_ptrace::lifecycle: guest terminated by signal tid=1343982 pid=1343895 signal=SIGKILL core_dumped=false
counter2-local thread=1343982 syscalls=55563
2026-08-02T07:15:23.135464Z ERROR reverie_ptrace::lifecycle: guest terminated by signal tid=1343976 pid=1343895 signal=SIGKILL core_dumped=false
counter2-local thread=1343976 syscalls=4126
2026-08-02T07:15:23.135534Z ERROR reverie_ptrace::lifecycle: guest terminated by signal tid=1344010 pid=1343895 signal=SIGKILL core_dumped=false
counter2-local thread=1344010 syscalls=1448
2026-08-02T07:15:23.135794Z ERROR reverie_ptrace::lifecycle: guest terminated by signal tid=1343900 pid=1343895 signal=SIGKILL core_dumped=false
counter2-local thread=1343900 syscalls=101327
2026-08-02T07:15:23.136046Z ERROR reverie_ptrace::lifecycle: guest terminated by signal tid=1343978 pid=1343895 signal=SIGKILL core_dumped=false
counter2-local thread=1343978 syscalls=3130
2026-08-02T07:15:23.136127Z ERROR reverie_ptrace::lifecycle: guest terminated by signal tid=1343974 pid=1343895 signal=SIGKILL core_dumped=false
counter2-local thread=1343974 syscalls=21
2026-08-02T07:15:23.136205Z ERROR reverie_ptrace::lifecycle: guest terminated by signal tid=1343969 pid=1343895 signal=SIGKILL core_dumped=false
counter2-local thread=1343969 syscalls=155
2026-08-02T07:15:23.136346Z ERROR reverie_ptrace::lifecycle: guest terminated by signal tid=1343958 pid=1343895 signal=SIGKILL core_dumped=false
counter2-local thread=1343958 syscalls=44095
2026-08-02T07:15:23.136418Z ERROR reverie_ptrace::lifecycle: guest terminated by signal tid=1344008 pid=1343895 signal=SIGKILL core_dumped=false
counter2-local thread=1344008 syscalls=232
2026-08-02T07:15:23.136531Z ERROR reverie_ptrace::lifecycle: guest terminated by signal tid=1344970 pid=1343895 signal=SIGKILL core_dumped=false
counter2-local thread=1344970 syscalls=1300
2026-08-02T07:15:23.136605Z ERROR reverie_ptrace::lifecycle: guest terminated by signal tid=1344899 pid=1343895 signal=SIGKILL core_dumped=false
counter2-local thread=1344899 syscalls=1279
2026-08-02T07:15:23.136683Z ERROR reverie_ptrace::lifecycle: guest terminated by signal tid=1344897 pid=1343895 signal=SIGKILL core_dumped=false
counter2-local thread=1344897 syscalls=1071
2026-08-02T07:15:23.136732Z ERROR reverie_ptrace::lifecycle: guest terminated by signal tid=1344960 pid=1343895 signal=SIGKILL core_dumped=false
counter2-local thread=1344960 syscalls=1330
2026-08-02T07:15:23.136781Z ERROR reverie_ptrace::lifecycle: guest terminated by signal tid=1344927 pid=1343895 signal=SIGKILL core_dumped=false
counter2-local thread=1344927 syscalls=1175
2026-08-02T07:15:23.136829Z ERROR reverie_ptrace::lifecycle: guest terminated by signal tid=1343971 pid=1343895 signal=SIGKILL core_dumped=false
counter2-local thread=1343971 syscalls=102
2026-08-02T07:15:23.136884Z ERROR reverie_ptrace::lifecycle: guest terminated by signal tid=1344953 pid=1343895 signal=SIGKILL core_dumped=false
counter2-local thread=1344953 syscalls=1358
2026-08-02T07:15:23.136945Z ERROR reverie_ptrace::lifecycle: guest terminated by signal tid=1343946 pid=1343895 signal=SIGKILL core_dumped=false
counter2-local thread=1343946 syscalls=2408
2026-08-02T07:15:23.137004Z ERROR reverie_ptrace::lifecycle: guest terminated by signal tid=1345071 pid=1343895 signal=SIGKILL core_dumped=false
counter2-local thread=1345071 syscalls=1206
2026-08-02T07:15:23.137054Z ERROR reverie_ptrace::lifecycle: guest terminated by signal tid=1344938 pid=1343895 signal=SIGKILL core_dumped=false
counter2-local thread=1344938 syscalls=1421
2026-08-02T07:15:23.137106Z ERROR reverie_ptrace::lifecycle: guest terminated by signal tid=1344947 pid=1343895 signal=SIGKILL core_dumped=false
counter2-local thread=1344947 syscalls=1078
2026-08-02T07:15:23.137156Z ERROR reverie_ptrace::lifecycle: guest terminated by signal tid=1345101 pid=1343895 signal=SIGKILL core_dumped=false
counter2-local thread=1345101 syscalls=946
2026-08-02T07:15:23.137199Z ERROR reverie_ptrace::lifecycle: guest terminated by signal tid=1344983 pid=1343895 signal=SIGKILL core_dumped=false
counter2-local thread=1344983 syscalls=1209
2026-08-02T07:15:23.137359Z ERROR reverie_ptrace::lifecycle: guest terminated by signal tid=1345077 pid=1343895 signal=SIGKILL core_dumped=false
counter2-local thread=1345077 syscalls=1103
2026-08-02T07:15:23.137449Z ERROR reverie_ptrace::lifecycle: guest terminated by signal tid=1345108 pid=1343895 signal=SIGKILL core_dumped=false
counter2-local thread=1345108 syscalls=1112
2026-08-02T07:15:23.137603Z ERROR reverie_ptrace::lifecycle: guest terminated by signal tid=1344911 pid=1343895 signal=SIGKILL core_dumped=false
counter2-local thread=1344911 syscalls=1069
2026-08-02T07:15:23.137746Z ERROR reverie_ptrace::lifecycle: guest terminated by signal tid=1345106 pid=1343895 signal=SIGKILL core_dumped=false
counter2-local thread=1345106 syscalls=1174
2026-08-02T07:15:23.137787Z ERROR reverie_ptrace::lifecycle: guest terminated by signal tid=1346985 pid=1343895 signal=SIGKILL core_dumped=false
counter2-local thread=1346985 syscalls=1121
2026-08-02T07:15:23.137824Z ERROR reverie_ptrace::lifecycle: guest terminated by signal tid=1345127 pid=1343895 signal=SIGKILL core_dumped=false
counter2-local thread=1345127 syscalls=1229
2026-08-02T07:15:23.137865Z ERROR reverie_ptrace::lifecycle: guest terminated by signal tid=1345062 pid=1343895 signal=SIGKILL core_dumped=false
counter2-local thread=1345062 syscalls=1033
2026-08-02T07:15:23.137907Z ERROR reverie_ptrace::lifecycle: guest terminated by signal tid=1345049 pid=1343895 signal=SIGKILL core_dumped=false
counter2-local thread=1345049 syscalls=1244
2026-08-02T07:15:23.137943Z ERROR reverie_ptrace::lifecycle: guest terminated by signal tid=1345096 pid=1343895 signal=SIGKILL core_dumped=false
counter2-local thread=1345096 syscalls=1375
2026-08-02T07:15:23.138005Z ERROR reverie_ptrace::lifecycle: guest terminated by signal tid=1345114 pid=1343895 signal=SIGKILL core_dumped=false
counter2-local thread=1345114 syscalls=1151
2026-08-02T07:15:23.138041Z ERROR reverie_ptrace::lifecycle: guest terminated by signal tid=1345120 pid=1343895 signal=SIGKILL core_dumped=false
counter2-local thread=1345120 syscalls=1203
2026-08-02T07:15:23.138080Z ERROR reverie_ptrace::lifecycle: guest terminated by signal tid=1344917 pid=1343895 signal=SIGKILL core_dumped=false
counter2-local thread=1344917 syscalls=1280
2026-08-02T07:15:23.138127Z ERROR reverie_ptrace::lifecycle: guest terminated by signal tid=1347210 pid=1343895 signal=SIGKILL core_dumped=false
counter2-local thread=1347210 syscalls=1106
2026-08-02T07:15:23.138168Z ERROR reverie_ptrace::lifecycle: guest terminated by signal tid=1345116 pid=1343895 signal=SIGKILL core_dumped=false
counter2-local thread=1345116 syscalls=1341
2026-08-02T07:15:23.138201Z ERROR reverie_ptrace::lifecycle: guest terminated by signal tid=1345089 pid=1343895 signal=SIGKILL core_dumped=false
counter2-local thread=1345089 syscalls=1242
2026-08-02T07:15:23.138234Z ERROR reverie_ptrace::lifecycle: guest terminated by signal tid=1345141 pid=1343895 signal=SIGKILL core_dumped=false
counter2-local thread=1345141 syscalls=1237
2026-08-02T07:15:23.138289Z ERROR reverie_ptrace::lifecycle: guest terminated by signal tid=1345112 pid=1343895 signal=SIGKILL core_dumped=false
counter2-local thread=1345112 syscalls=1355
2026-08-02T07:15:23.138340Z ERROR reverie_ptrace::lifecycle: guest terminated by signal tid=1345216 pid=1343895 signal=SIGKILL core_dumped=false
counter2-local thread=1345216 syscalls=506
2026-08-02T07:15:23.138373Z ERROR reverie_ptrace::lifecycle: guest terminated by signal tid=1345138 pid=1343895 signal=SIGKILL core_dumped=false
counter2-local thread=1345138 syscalls=1222
2026-08-02T07:15:23.138421Z ERROR reverie_ptrace::lifecycle: guest terminated by signal tid=1345227 pid=1343895 signal=SIGKILL core_dumped=false
counter2-local thread=1345227 syscalls=426
2026-08-02T07:15:23.138745Z ERROR reverie_ptrace::lifecycle: guest terminated by signal tid=1345235 pid=1343895 signal=SIGKILL core_dumped=false
counter2-local thread=1345235 syscalls=489
2026-08-02T07:15:23.138804Z ERROR reverie_ptrace::lifecycle: guest terminated by signal tid=1345132 pid=1343895 signal=SIGKILL core_dumped=false
counter2-local thread=1345132 syscalls=1113
2026-08-02T07:15:23.138837Z ERROR reverie_ptrace::lifecycle: guest terminated by signal tid=1345056 pid=1343895 signal=SIGKILL core_dumped=false
counter2-local thread=1345056 syscalls=1336
2026-08-02T07:15:23.138887Z ERROR reverie_ptrace::lifecycle: guest terminated by signal tid=1345202 pid=1343895 signal=SIGKILL core_dumped=false
counter2-local thread=1345202 syscalls=560
2026-08-02T07:15:23.138919Z ERROR reverie_ptrace::lifecycle: guest terminated by signal tid=1345147 pid=1343895 signal=SIGKILL core_dumped=false
counter2-local thread=1345147 syscalls=1065
2026-08-02T07:15:23.138954Z ERROR reverie_ptrace::lifecycle: guest terminated by signal tid=1345118 pid=1343895 signal=SIGKILL core_dumped=false
counter2-local thread=1345118 syscalls=1140
2026-08-02T07:15:23.138991Z ERROR reverie_ptrace::lifecycle: guest terminated by signal tid=1345265 pid=1343895 signal=SIGKILL core_dumped=false
counter2-local thread=1345265 syscalls=498
2026-08-02T07:15:23.139029Z ERROR reverie_ptrace::lifecycle: guest terminated by signal tid=1345230 pid=1343895 signal=SIGKILL core_dumped=false
counter2-local thread=1345230 syscalls=1819
2026-08-02T07:15:23.139080Z ERROR reverie_ptrace::lifecycle: guest terminated by signal tid=1345267 pid=1343895 signal=SIGKILL core_dumped=false
counter2-local thread=1345267 syscalls=830
2026-08-02T07:15:23.139109Z ERROR reverie_ptrace::lifecycle: guest terminated by signal tid=1345209 pid=1343895 signal=SIGKILL core_dumped=false
counter2-local thread=1345209 syscalls=477
2026-08-02T07:15:23.139138Z ERROR reverie_ptrace::lifecycle: guest terminated by signal tid=1345280 pid=1343895 signal=SIGKILL core_dumped=false
counter2-local thread=1345280 syscalls=461
2026-08-02T07:15:23.139185Z ERROR reverie_ptrace::lifecycle: guest terminated by signal tid=1345925 pid=1343895 signal=SIGKILL core_dumped=false
counter2-local thread=1345925 syscalls=49855
2026-08-02T07:15:23.139226Z ERROR reverie_ptrace::lifecycle: guest terminated by signal tid=1345249 pid=1343895 signal=SIGKILL core_dumped=false
counter2-local thread=1345249 syscalls=468
2026-08-02T07:15:23.139265Z ERROR reverie_ptrace::lifecycle: guest terminated by signal tid=1345270 pid=1343895 signal=SIGKILL core_dumped=false
counter2-local thread=1345270 syscalls=428
2026-08-02T07:15:23.139309Z ERROR reverie_ptrace::lifecycle: guest terminated by signal tid=1345319 pid=1343895 signal=SIGKILL core_dumped=false
counter2-local thread=1345319 syscalls=70
2026-08-02T07:15:23.139350Z ERROR reverie_ptrace::lifecycle: guest terminated by signal tid=1345272 pid=1343895 signal=SIGKILL core_dumped=false
counter2-local thread=1345272 syscalls=528
2026-08-02T07:15:23.139384Z ERROR reverie_ptrace::lifecycle: guest terminated by signal tid=1345261 pid=1343895 signal=SIGKILL core_dumped=false
counter2-local thread=1345261 syscalls=429
2026-08-02T07:15:23.139435Z ERROR reverie_ptrace::lifecycle: guest terminated by signal tid=1345306 pid=1343895 signal=SIGKILL core_dumped=false
counter2-local thread=1345306 syscalls=859
2026-08-02T07:15:23.139485Z ERROR reverie_ptrace::lifecycle: guest terminated by signal tid=1345263 pid=1343895 signal=SIGKILL core_dumped=false
counter2-local thread=1345263 syscalls=514
2026-08-02T07:15:23.139529Z ERROR reverie_ptrace::lifecycle: guest terminated by signal tid=1345836 pid=1343895 signal=SIGKILL core_dumped=false
counter2-local thread=1345836 syscalls=36
2026-08-02T07:15:23.139568Z ERROR reverie_ptrace::lifecycle: guest terminated by signal tid=1345346 pid=1343895 signal=SIGKILL core_dumped=false
counter2-local thread=1345346 syscalls=561
2026-08-02T07:15:23.139605Z ERROR reverie_ptrace::lifecycle: guest terminated by signal tid=1345343 pid=1343895 signal=SIGKILL core_dumped=false
counter2-local thread=1345343 syscalls=461
2026-08-02T07:15:23.139648Z ERROR reverie_ptrace::lifecycle: guest terminated by signal tid=1345326 pid=1343895 signal=SIGKILL core_dumped=false
counter2-local thread=1345326 syscalls=466
2026-08-02T07:15:23.139755Z ERROR reverie_ptrace::lifecycle: guest terminated by signal tid=1344957 pid=1343895 signal=SIGKILL core_dumped=false
counter2-local thread=1344957 syscalls=1108
2026-08-02T07:15:23.139799Z ERROR reverie_ptrace::lifecycle: guest terminated by signal tid=1346894 pid=1343895 signal=SIGKILL core_dumped=false
counter2-local thread=1346894 syscalls=894
2026-08-02T07:15:23.139837Z ERROR reverie_ptrace::lifecycle: guest terminated by signal tid=1345103 pid=1343895 signal=SIGKILL core_dumped=false
counter2-local thread=1345103 syscalls=1257
2026-08-02T07:15:23.139869Z ERROR reverie_ptrace::lifecycle: guest terminated by signal tid=1345082 pid=1343895 signal=SIGKILL core_dumped=false
counter2-local thread=1345082 syscalls=1025
2026-08-02T07:15:23.139911Z ERROR reverie_ptrace::lifecycle: guest terminated by signal tid=1345290 pid=1343895 signal=SIGKILL core_dumped=false
counter2-local thread=1345290 syscalls=470
2026-08-02T07:15:23.139953Z ERROR reverie_ptrace::lifecycle: guest terminated by signal tid=1345204 pid=1343895 signal=SIGKILL core_dumped=false
counter2-local thread=1345204 syscalls=540
2026-08-02T07:15:23.139989Z ERROR reverie_ptrace::lifecycle: guest terminated by signal tid=1344617 pid=1343895 signal=SIGKILL core_dumped=false
counter2-local thread=1344617 syscalls=2376
2026-08-02T07:15:23.140022Z ERROR reverie_ptrace::lifecycle: guest terminated by signal tid=1345799 pid=1343895 signal=SIGKILL core_dumped=false
counter2-local thread=1345799 syscalls=2467
2026-08-02T07:15:23.140064Z ERROR reverie_ptrace::lifecycle: guest terminated by signal tid=1346903 pid=1343895 signal=SIGKILL core_dumped=false
counter2-local thread=1346903 syscalls=1043
2026-08-02T07:15:23.140095Z ERROR reverie_ptrace::lifecycle: guest terminated by signal tid=1345314 pid=1343895 signal=SIGKILL core_dumped=false
counter2-local thread=1345314 syscalls=542
2026-08-02T07:15:23.140130Z ERROR reverie_ptrace::lifecycle: guest terminated by signal tid=1347009 pid=1343895 signal=SIGKILL core_dumped=false
counter2-local thread=1347009 syscalls=923
2026-08-02T07:15:23.140165Z ERROR reverie_ptrace::lifecycle: guest terminated by signal tid=1346950 pid=1343895 signal=SIGKILL core_dumped=false
counter2-local thread=1346950 syscalls=1024
2026-08-02T07:15:23.140228Z ERROR reverie_ptrace::lifecycle: guest terminated by signal tid=1346897 pid=1343895 signal=SIGKILL core_dumped=false
counter2-local thread=1346897 syscalls=1001
2026-08-02T07:15:23.140267Z ERROR reverie_ptrace::lifecycle: guest terminated by signal tid=1346937 pid=1343895 signal=SIGKILL core_dumped=false
counter2-local thread=1346937 syscalls=1012
2026-08-02T07:15:23.140295Z ERROR reverie_ptrace::lifecycle: guest terminated by signal tid=1345352 pid=1343895 signal=SIGKILL core_dumped=false
counter2-local thread=1345352 syscalls=456
2026-08-02T07:15:23.140336Z ERROR reverie_ptrace::lifecycle: guest terminated by signal tid=1346921 pid=1343895 signal=SIGKILL core_dumped=false
counter2-local thread=1346921 syscalls=1068
2026-08-02T07:15:23.140375Z ERROR reverie_ptrace::lifecycle: guest terminated by signal tid=1345669 pid=1343895 signal=SIGKILL core_dumped=false
counter2-local thread=1345669 syscalls=478
2026-08-02T07:15:23.140425Z ERROR reverie_ptrace::lifecycle: guest terminated by signal tid=1345276 pid=1343895 signal=SIGKILL core_dumped=false
counter2-local thread=1345276 syscalls=542
2026-08-02T07:15:23.140465Z ERROR reverie_ptrace::lifecycle: guest terminated by signal tid=1347020 pid=1343895 signal=SIGKILL core_dumped=false
counter2-local thread=1347020 syscalls=1109
2026-08-02T07:15:23.140509Z ERROR reverie_ptrace::lifecycle: guest terminated by signal tid=1346988 pid=1343895 signal=SIGKILL core_dumped=false
counter2-local thread=1346988 syscalls=850
2026-08-02T07:15:23.140548Z ERROR reverie_ptrace::lifecycle: guest terminated by signal tid=1347040 pid=1343895 signal=SIGKILL core_dumped=false
counter2-local thread=1347040 syscalls=824
2026-08-02T07:15:23.140591Z ERROR reverie_ptrace::lifecycle: guest terminated by signal tid=1346909 pid=1343895 signal=SIGKILL core_dumped=false
counter2-local thread=1346909 syscalls=920
2026-08-02T07:15:23.140627Z ERROR reverie_ptrace::lifecycle: guest terminated by signal tid=1345302 pid=1343895 signal=SIGKILL core_dumped=false
counter2-local thread=1345302 syscalls=433
2026-08-02T07:15:23.140663Z ERROR reverie_ptrace::lifecycle: guest terminated by signal tid=1347063 pid=1343895 signal=SIGKILL core_dumped=false
counter2-local thread=1347063 syscalls=938
2026-08-02T07:15:23.140699Z ERROR reverie_ptrace::lifecycle: guest terminated by signal tid=1347097 pid=1343895 signal=SIGKILL core_dumped=false
counter2-local thread=1347097 syscalls=1011
2026-08-02T07:15:23.140737Z ERROR reverie_ptrace::lifecycle: guest terminated by signal tid=1347053 pid=1343895 signal=SIGKILL core_dumped=false
counter2-local thread=1347053 syscalls=895
2026-08-02T07:15:23.140774Z ERROR reverie_ptrace::lifecycle: guest terminated by signal tid=1346966 pid=1343895 signal=SIGKILL core_dumped=false
counter2-local thread=1346966 syscalls=933
2026-08-02T07:15:23.140824Z ERROR reverie_ptrace::lifecycle: guest terminated by signal tid=1347119 pid=1343895 signal=SIGKILL core_dumped=false
counter2-local thread=1347119 syscalls=888
2026-08-02T07:15:23.140856Z ERROR reverie_ptrace::lifecycle: guest terminated by signal tid=1347101 pid=1343895 signal=SIGKILL core_dumped=false
counter2-local thread=1347101 syscalls=1005
2026-08-02T07:15:23.140897Z ERROR reverie_ptrace::lifecycle: guest terminated by signal tid=1347134 pid=1343895 signal=SIGKILL core_dumped=false
counter2-local thread=1347134 syscalls=820
2026-08-02T07:15:23.140936Z ERROR reverie_ptrace::lifecycle: guest terminated by signal tid=1347030 pid=1343895 signal=SIGKILL core_dumped=false
counter2-local thread=1347030 syscalls=787
2026-08-02T07:15:23.140972Z ERROR reverie_ptrace::lifecycle: guest terminated by signal tid=1346977 pid=1343895 signal=SIGKILL core_dumped=false
counter2-local thread=1346977 syscalls=921
2026-08-02T07:15:23.141004Z ERROR reverie_ptrace::lifecycle: guest terminated by signal tid=1347115 pid=1343895 signal=SIGKILL core_dumped=false
counter2-local thread=1347115 syscalls=891
2026-08-02T07:15:23.141039Z ERROR reverie_ptrace::lifecycle: guest terminated by signal tid=1347047 pid=1343895 signal=SIGKILL core_dumped=false
counter2-local thread=1347047 syscalls=1016
2026-08-02T07:15:23.141081Z ERROR reverie_ptrace::lifecycle: guest terminated by signal tid=1345257 pid=1343895 signal=SIGKILL core_dumped=false
counter2-local thread=1345257 syscalls=526
2026-08-02T07:15:23.141112Z ERROR reverie_ptrace::lifecycle: guest terminated by signal tid=1347089 pid=1343895 signal=SIGKILL core_dumped=false
counter2-local thread=1347089 syscalls=1027
2026-08-02T07:15:23.141147Z ERROR reverie_ptrace::lifecycle: guest terminated by signal tid=1347103 pid=1343895 signal=SIGKILL core_dumped=false
counter2-local thread=1347103 syscalls=1009
2026-08-02T07:15:23.141181Z ERROR reverie_ptrace::lifecycle: guest terminated by signal tid=1345052 pid=1343895 signal=SIGKILL core_dumped=false
counter2-local thread=1345052 syscalls=1147
2026-08-02T07:15:23.141227Z ERROR reverie_ptrace::lifecycle: guest terminated by signal tid=1347157 pid=1343895 signal=SIGKILL core_dumped=false
counter2-local thread=1347157 syscalls=930
2026-08-02T07:15:23.141349Z ERROR reverie_ptrace::lifecycle: guest terminated by signal tid=1351123 pid=1343895 signal=SIGKILL core_dumped=false
counter2-local thread=1351123 syscalls=164
2026-08-02T07:15:23.141385Z ERROR reverie_ptrace::lifecycle: guest terminated by signal tid=1350856 pid=1343895 signal=SIGKILL core_dumped=false
counter2-local thread=1350856 syscalls=561
2026-08-02T07:15:23.141460Z ERROR reverie_ptrace::lifecycle: guest terminated by signal tid=1347087 pid=1343895 signal=SIGKILL core_dumped=false
counter2-local thread=1347087 syscalls=964
2026-08-02T07:15:23.141506Z ERROR reverie_ptrace::lifecycle: guest terminated by signal tid=1346962 pid=1343895 signal=SIGKILL core_dumped=false
counter2-local thread=1346962 syscalls=780
2026-08-02T07:15:23.141552Z ERROR reverie_ptrace::lifecycle: guest terminated by signal tid=1347016 pid=1343895 signal=SIGKILL core_dumped=false
counter2-local thread=1347016 syscalls=1058
2026-08-02T07:15:23.141595Z ERROR reverie_ptrace::lifecycle: guest terminated by signal tid=1345207 pid=1343895 signal=SIGKILL core_dumped=false
counter2-local thread=1345207 syscalls=490
2026-08-02T07:15:23.141635Z ERROR reverie_ptrace::lifecycle: guest terminated by signal tid=1345195 pid=1343895 signal=SIGKILL core_dumped=false
counter2-local thread=1345195 syscalls=523
2026-08-02T07:15:23.141672Z ERROR reverie_ptrace::lifecycle: guest terminated by signal tid=1347182 pid=1343895 signal=SIGKILL core_dumped=false
counter2-local thread=1347182 syscalls=1046
2026-08-02T07:15:23.141710Z ERROR reverie_ptrace::lifecycle: guest terminated by signal tid=1350826 pid=1343895 signal=SIGKILL core_dumped=false
counter2-local thread=1350826 syscalls=56
2026-08-02T07:15:23.141760Z ERROR reverie_ptrace::lifecycle: guest terminated by signal tid=1351127 pid=1343895 signal=SIGKILL core_dumped=false
counter2-local thread=1351127 syscalls=223
2026-08-02T07:15:23.141793Z ERROR reverie_ptrace::lifecycle: guest terminated by signal tid=1345214 pid=1343895 signal=SIGKILL core_dumped=false
counter2-local thread=1345214 syscalls=501
2026-08-02T07:15:23.141837Z ERROR reverie_ptrace::lifecycle: guest terminated by signal tid=1347166 pid=1343895 signal=SIGKILL core_dumped=false
counter2-local thread=1347166 syscalls=911
2026-08-02T07:15:23.141888Z ERROR reverie_ptrace::lifecycle: guest terminated by signal tid=1347136 pid=1343895 signal=SIGKILL core_dumped=false
counter2-local thread=1347136 syscalls=914
2026-08-02T07:15:23.141916Z ERROR reverie_ptrace::lifecycle: guest terminated by signal tid=1347190 pid=1343895 signal=SIGKILL core_dumped=false
counter2-local thread=1347190 syscalls=1008
2026-08-02T07:15:23.141954Z ERROR reverie_ptrace::lifecycle: guest terminated by signal tid=1347168 pid=1343895 signal=SIGKILL core_dumped=false
counter2-local thread=1347168 syscalls=915
2026-08-02T07:15:23.141982Z ERROR reverie_ptrace::lifecycle: guest terminated by signal tid=1352827 pid=1343895 signal=SIGKILL core_dumped=false
counter2-local thread=1352827 syscalls=74
2026-08-02T07:15:23.142015Z ERROR reverie_ptrace::lifecycle: guest terminated by signal tid=1347217 pid=1343895 signal=SIGKILL core_dumped=false
counter2-local thread=1347217 syscalls=908
2026-08-02T07:15:23.142062Z ERROR reverie_ptrace::lifecycle: guest terminated by signal tid=1347184 pid=1343895 signal=SIGKILL core_dumped=false
counter2-local thread=1347184 syscalls=910
2026-08-02T07:15:23.142106Z ERROR reverie_ptrace::lifecycle: guest terminated by signal tid=1345283 pid=1343895 signal=SIGKILL core_dumped=false
counter2-local thread=1345283 syscalls=522
2026-08-02T07:15:23.142133Z ERROR reverie_ptrace::lifecycle: guest terminated by signal tid=1351898 pid=1343895 signal=SIGKILL core_dumped=false
counter2-local thread=1351898 syscalls=922
2026-08-02T07:15:23.142188Z ERROR reverie_ptrace::lifecycle: guest terminated by signal tid=1351904 pid=1343895 signal=SIGKILL core_dumped=false
counter2-local thread=1351904 syscalls=2448
2026-08-02T07:15:23.142230Z ERROR reverie_ptrace::lifecycle: guest terminated by signal tid=1352406 pid=1343895 signal=SIGKILL core_dumped=false
counter2-local thread=1352406 syscalls=365
2026-08-02T07:15:23.142268Z ERROR reverie_ptrace::lifecycle: guest terminated by signal tid=1347221 pid=1343895 signal=SIGKILL core_dumped=false
counter2-local thread=1347221 syscalls=1062
2026-08-02T07:15:23.142297Z ERROR reverie_ptrace::lifecycle: guest terminated by signal tid=1355042 pid=1343895 signal=SIGKILL core_dumped=false
counter2-local thread=1355042 syscalls=746
2026-08-02T07:15:23.142338Z ERROR reverie_ptrace::lifecycle: guest terminated by signal tid=1352427 pid=1343895 signal=SIGKILL core_dumped=false
counter2-local thread=1352427 syscalls=719
2026-08-02T07:15:23.142402Z ERROR reverie_ptrace::lifecycle: guest terminated by signal tid=1347170 pid=1343895 signal=SIGKILL core_dumped=false
counter2-local thread=1347170 syscalls=982
2026-08-02T07:15:23.142451Z ERROR reverie_ptrace::lifecycle: guest terminated by signal tid=1352398 pid=1343895 signal=SIGKILL core_dumped=false
counter2-local thread=1352398 syscalls=4144
2026-08-02T07:15:23.142510Z ERROR reverie_ptrace::lifecycle: guest terminated by signal tid=1352856 pid=1343895 signal=SIGKILL core_dumped=false
counter2-local thread=1352856 syscalls=21
2026-08-02T07:15:23.142548Z ERROR reverie_ptrace::lifecycle: guest terminated by signal tid=1357706 pid=1343895 signal=SIGKILL core_dumped=false
counter2-local thread=1357706 syscalls=51
2026-08-02T07:15:23.142591Z ERROR reverie_ptrace::lifecycle: guest terminated by signal tid=1357778 pid=1343895 signal=SIGKILL core_dumped=false
counter2-local thread=1357778 syscalls=32
2026-08-02T07:15:23.142630Z ERROR reverie_ptrace::lifecycle: guest terminated by signal tid=1345220 pid=1343895 signal=SIGKILL core_dumped=false
counter2-local thread=1345220 syscalls=530
2026-08-02T07:15:23.142674Z ERROR reverie_ptrace::lifecycle: guest terminated by signal tid=1352902 pid=1343895 signal=SIGKILL core_dumped=false
counter2-local thread=1352902 syscalls=23
2026-08-02T07:15:23.142724Z ERROR reverie_ptrace::lifecycle: guest terminated by signal tid=1357803 pid=1343895 signal=SIGKILL core_dumped=false
counter2-local thread=1357803 syscalls=24
2026-08-02T07:15:23.142756Z ERROR reverie_ptrace::lifecycle: guest terminated by signal tid=1347112 pid=1343895 signal=SIGKILL core_dumped=false
counter2-local thread=1347112 syscalls=853
2026-08-02T07:15:23.142783Z ERROR reverie_ptrace::lifecycle: guest terminated by signal tid=1357796 pid=1343895 signal=SIGKILL core_dumped=false
counter2-local thread=1357796 syscalls=24
2026-08-02T07:15:23.142820Z ERROR reverie_ptrace::lifecycle: guest terminated by signal tid=1357790 pid=1343895 signal=SIGKILL core_dumped=false
counter2-local thread=1357790 syscalls=24
2026-08-02T07:15:23.142851Z ERROR reverie_ptrace::lifecycle: guest terminated by signal tid=1363511 pid=1343895 signal=SIGKILL core_dumped=false
counter2-local thread=1363511 syscalls=405
2026-08-02T07:15:23.142892Z ERROR reverie_ptrace::lifecycle: guest terminated by signal tid=1357799 pid=1343895 signal=SIGKILL core_dumped=false
counter2-local thread=1357799 syscalls=23
2026-08-02T07:15:23.142924Z ERROR reverie_ptrace::lifecycle: guest terminated by signal tid=1417670 pid=1343895 signal=SIGKILL core_dumped=false
counter2-local thread=1417670 syscalls=207
2026-08-02T07:15:23.142976Z ERROR reverie_ptrace::lifecycle: guest terminated by signal tid=1361495 pid=1343895 signal=SIGKILL core_dumped=false
counter2-local thread=1361495 syscalls=433
2026-08-02T07:15:23.143019Z ERROR reverie_ptrace::lifecycle: guest terminated by signal tid=1351115 pid=1343895 signal=SIGKILL core_dumped=false
counter2-local thread=1351115 syscalls=269
2026-08-02T07:15:23.143055Z ERROR reverie_ptrace::lifecycle: guest terminated by signal tid=1403972 pid=1343895 signal=SIGKILL core_dumped=false
counter2-local thread=1403972 syscalls=259
2026-08-02T07:15:23.143112Z ERROR reverie_ptrace::lifecycle: guest terminated by signal tid=1480607 pid=1343895 signal=SIGKILL core_dumped=false
counter2-local thread=1480607 syscalls=35
2026-08-02T07:15:23.143149Z ERROR reverie_ptrace::lifecycle: guest terminated by signal tid=1362556 pid=1343895 signal=SIGKILL core_dumped=false
counter2-local thread=1362556 syscalls=386
2026-08-02T07:15:23.143181Z ERROR reverie_ptrace::lifecycle: guest terminated by signal tid=1412546 pid=1343895 signal=SIGKILL core_dumped=false
counter2-local thread=1412546 syscalls=241
2026-08-02T07:15:23.143215Z ERROR reverie_ptrace::lifecycle: guest terminated by signal tid=1378834 pid=1343895 signal=SIGKILL core_dumped=false
counter2-local thread=1378834 syscalls=347
2026-08-02T07:15:23.143249Z ERROR reverie_ptrace::lifecycle: guest terminated by signal tid=1345368 pid=1343895 signal=SIGKILL core_dumped=false
counter2-local thread=1345368 syscalls=497
2026-08-02T07:15:23.143277Z ERROR reverie_ptrace::lifecycle: guest terminated by signal tid=1363725 pid=1343895 signal=SIGKILL core_dumped=false
counter2-local thread=1363725 syscalls=378
2026-08-02T07:15:23.143306Z ERROR reverie_ptrace::lifecycle: guest terminated by signal tid=1345149 pid=1343895 signal=SIGKILL core_dumped=false
counter2-local thread=1345149 syscalls=1059
2026-08-02T07:15:23.143337Z ERROR reverie_ptrace::lifecycle: guest terminated by signal tid=1420888 pid=1343895 signal=SIGKILL core_dumped=false
counter2-local thread=1420888 syscalls=201
2026-08-02T07:15:23.143365Z ERROR reverie_ptrace::lifecycle: guest terminated by signal tid=1415796 pid=1343895 signal=SIGKILL core_dumped=false
counter2-local thread=1415796 syscalls=130
2026-08-02T07:15:23.143404Z ERROR reverie_ptrace::lifecycle: guest terminated by signal tid=1364772 pid=1343895 signal=SIGKILL core_dumped=false
counter2-local thread=1364772 syscalls=331
2026-08-02T07:15:23.143442Z ERROR reverie_ptrace::lifecycle: guest terminated by signal tid=1480644 pid=1343895 signal=SIGKILL core_dumped=false
counter2-local thread=1480644 syscalls=23
2026-08-02T07:15:23.143481Z ERROR reverie_ptrace::lifecycle: guest terminated by signal tid=1416667 pid=1343895 signal=SIGKILL core_dumped=false
counter2-local thread=1416667 syscalls=144
2026-08-02T07:15:23.143518Z ERROR reverie_ptrace::lifecycle: guest terminated by signal tid=1480618 pid=1343895 signal=SIGKILL core_dumped=false
counter2-local thread=1480618 syscalls=19
2026-08-02T07:15:23.143552Z ERROR reverie_ptrace::lifecycle: guest terminated by signal tid=1480616 pid=1343895 signal=SIGKILL core_dumped=false
counter2-local thread=1480616 syscalls=19
2026-08-02T07:15:23.143583Z ERROR reverie_ptrace::lifecycle: guest terminated by signal tid=1480614 pid=1343895 signal=SIGKILL core_dumped=false
counter2-local thread=1480614 syscalls=31
2026-08-02T07:15:23.143618Z ERROR reverie_ptrace::lifecycle: guest terminated by signal tid=1480573 pid=1343895 signal=SIGKILL core_dumped=false
counter2-local thread=1480573 syscalls=464
2026-08-02T07:15:23.143661Z ERROR reverie_ptrace::lifecycle: guest terminated by signal tid=1480612 pid=1343895 signal=SIGKILL core_dumped=false
counter2-local thread=1480612 syscalls=19
2026-08-02T07:15:23.143693Z ERROR reverie_ptrace::lifecycle: guest terminated by signal tid=1345854 pid=1343895 signal=SIGKILL core_dumped=false
counter2-local thread=1345854 syscalls=10451
2026-08-02T07:15:23.143725Z ERROR reverie_ptrace::lifecycle: guest terminated by signal tid=1480575 pid=1343895 signal=SIGKILL core_dumped=false
counter2-local thread=1480575 syscalls=526
2026-08-02T07:15:23.143752Z ERROR reverie_ptrace::lifecycle: guest terminated by signal tid=1480580 pid=1343895 signal=SIGKILL core_dumped=false
counter2-local thread=1480580 syscalls=432
2026-08-02T07:15:23.143777Z ERROR reverie_ptrace::lifecycle: guest terminated by signal tid=1419753 pid=1343895 signal=SIGKILL core_dumped=false
counter2-local thread=1419753 syscalls=167
2026-08-02T07:15:23.143803Z ERROR reverie_ptrace::lifecycle: guest terminated by signal tid=1480621 pid=1343895 signal=SIGKILL core_dumped=false
counter2-local thread=1480621 syscalls=21
2026-08-02T07:15:23.143827Z ERROR reverie_ptrace::lifecycle: guest terminated by signal tid=1357809 pid=1343895 signal=SIGKILL core_dumped=false
counter2-local thread=1357809 syscalls=34
2026-08-02T07:15:23.143860Z ERROR reverie_ptrace::lifecycle: guest terminated by signal tid=1346913 pid=1343895 signal=SIGKILL core_dumped=false
counter2-local thread=1346913 syscalls=1089
2026-08-02T07:15:23.143888Z ERROR reverie_ptrace::lifecycle: guest terminated by signal tid=1345224 pid=1343895 signal=SIGKILL core_dumped=false
counter2-local thread=1345224 syscalls=437
2026-08-02T07:15:23.143912Z ERROR reverie_ptrace::lifecycle: guest terminated by signal tid=1343928 pid=1343895 signal=SIGKILL core_dumped=false
counter2-local thread=1343928 syscalls=420
2026-08-02T07:15:23.143937Z ERROR reverie_ptrace::lifecycle: guest terminated by signal tid=1345330 pid=1343895 signal=SIGKILL core_dumped=false
counter2-local thread=1345330 syscalls=479
2026-08-02T07:15:23.143962Z ERROR reverie_ptrace::lifecycle: guest terminated by signal tid=1344904 pid=1343895 signal=SIGKILL core_dumped=false
counter2-local thread=1344904 syscalls=1270
2026-08-02T07:15:23.143992Z ERROR reverie_ptrace::lifecycle: guest terminated by signal tid=1345358 pid=1343895 signal=SIGKILL core_dumped=false
counter2-local thread=1345358 syscalls=418
2026-08-02T07:15:23.144018Z ERROR reverie_ptrace::lifecycle: guest terminated by signal tid=1350850 pid=1343895 signal=SIGKILL core_dumped=false
counter2-local thread=1350850 syscalls=732
2026-08-02T07:15:23.144046Z ERROR reverie_ptrace::lifecycle: guest terminated by signal tid=1345259 pid=1343895 signal=SIGKILL core_dumped=false
counter2-local thread=1345259 syscalls=521
2026-08-02T07:15:23.144069Z ERROR reverie_ptrace::lifecycle: guest terminated by signal tid=1345145 pid=1343895 signal=SIGKILL core_dumped=false
counter2-local thread=1345145 syscalls=1304
2026-08-02T07:15:23.144095Z ERROR reverie_ptrace::lifecycle: guest terminated by signal tid=1344978 pid=1343895 signal=SIGKILL core_dumped=false
counter2-local thread=1344978 syscalls=1190
2026-08-02T07:15:23.144120Z ERROR reverie_ptrace::lifecycle: guest terminated by signal tid=1345355 pid=1343895 signal=SIGKILL core_dumped=false
counter2-local thread=1345355 syscalls=529
2026-08-02T07:15:23.144144Z ERROR reverie_ptrace::lifecycle: guest terminated by signal tid=1346955 pid=1343895 signal=SIGKILL core_dumped=false
counter2-local thread=1346955 syscalls=1027
2026-08-02T07:15:23.144170Z ERROR reverie_ptrace::lifecycle: guest terminated by signal tid=1347061 pid=1343895 signal=SIGKILL core_dumped=false
counter2-local thread=1347061 syscalls=857
2026-08-02T07:15:23.144194Z ERROR reverie_ptrace::lifecycle: guest terminated by signal tid=1345039 pid=1343895 signal=SIGKILL core_dumped=false
counter2-local thread=1345039 syscalls=1306
2026-08-02T07:15:23.144220Z ERROR reverie_ptrace::lifecycle: guest terminated by signal tid=1346953 pid=1343895 signal=SIGKILL core_dumped=false
counter2-local thread=1346953 syscalls=867
2026-08-02T07:15:23.144243Z ERROR reverie_ptrace::lifecycle: guest terminated by signal tid=1346943 pid=1343895 signal=SIGKILL core_dumped=false
counter2-local thread=1346943 syscalls=1000
2026-08-02T07:15:23.144273Z ERROR reverie_ptrace::lifecycle: guest terminated by signal tid=1344974 pid=1343895 signal=SIGKILL core_dumped=false
counter2-local thread=1344974 syscalls=1240
2026-08-02T07:15:23.144301Z ERROR reverie_ptrace::lifecycle: guest terminated by signal tid=1357674 pid=1343895 signal=SIGKILL core_dumped=false
counter2-local thread=1357674 syscalls=52
2026-08-02T07:15:23.144327Z ERROR reverie_ptrace::lifecycle: guest terminated by signal tid=1352449 pid=1343895 signal=SIGKILL core_dumped=false
counter2-local thread=1352449 syscalls=103
2026-08-02T07:15:23.144352Z ERROR reverie_ptrace::lifecycle: guest terminated by signal tid=1345287 pid=1343895 signal=SIGKILL core_dumped=false
counter2-local thread=1345287 syscalls=476
2026-08-02T07:15:23.144377Z ERROR reverie_ptrace::lifecycle: guest terminated by signal tid=1363628 pid=1343895 signal=SIGKILL core_dumped=false
counter2-local thread=1363628 syscalls=360
2026-08-02T07:15:23.144576Z ERROR reverie_ptrace::lifecycle: guest terminated by signal tid=1345285 pid=1343895 signal=SIGKILL core_dumped=false
counter2-local thread=1345285 syscalls=479
2026-08-02T07:15:23.144619Z ERROR reverie_ptrace::lifecycle: guest terminated by signal tid=1346926 pid=1343895 signal=SIGKILL core_dumped=false
counter2-local thread=1346926 syscalls=988
2026-08-02T07:15:23.144650Z ERROR reverie_ptrace::lifecycle: guest terminated by signal tid=1345334 pid=1343895 signal=SIGKILL core_dumped=false
counter2-local thread=1345334 syscalls=450
2026-08-02T07:15:23.144678Z ERROR reverie_ptrace::lifecycle: guest terminated by signal tid=1345298 pid=1343895 signal=SIGKILL core_dumped=false
counter2-local thread=1345298 syscalls=541
2026-08-02T07:15:23.144713Z ERROR reverie_ptrace::lifecycle: guest terminated by signal tid=1352915 pid=1343895 signal=SIGKILL core_dumped=false
counter2-local thread=1352915 syscalls=89
2026-08-02T07:15:23.144739Z ERROR reverie_ptrace::lifecycle: guest terminated by signal tid=1345348 pid=1343895 signal=SIGKILL core_dumped=false
counter2-local thread=1345348 syscalls=393
2026-08-02T07:15:23.144762Z ERROR reverie_ptrace::lifecycle: guest terminated by signal tid=1347140 pid=1343895 signal=SIGKILL core_dumped=false
counter2-local thread=1347140 syscalls=823
2026-08-02T07:15:23.144785Z ERROR reverie_ptrace::lifecycle: guest terminated by signal tid=1345339 pid=1343895 signal=SIGKILL core_dumped=false
counter2-local thread=1345339 syscalls=513
2026-08-02T07:15:23.144809Z ERROR reverie_ptrace::lifecycle: guest terminated by signal tid=1347011 pid=1343895 signal=SIGKILL core_dumped=false
counter2-local thread=1347011 syscalls=1077
2026-08-02T07:15:23.144832Z ERROR reverie_ptrace::lifecycle: guest terminated by signal tid=1344965 pid=1343895 signal=SIGKILL core_dumped=false
counter2-local thread=1344965 syscalls=1370
2026-08-02T07:15:23.144858Z ERROR reverie_ptrace::lifecycle: guest terminated by signal tid=1347127 pid=1343895 signal=SIGKILL core_dumped=false
counter2-local thread=1347127 syscalls=887
2026-08-02T07:15:23.144884Z ERROR reverie_ptrace::lifecycle: guest terminated by signal tid=1345094 pid=1343895 signal=SIGKILL core_dumped=false
counter2-local thread=1345094 syscalls=1138
2026-08-02T07:15:23.144907Z ERROR reverie_ptrace::lifecycle: guest terminated by signal tid=1344919 pid=1343895 signal=SIGKILL core_dumped=false
counter2-local thread=1344919 syscalls=1130
2026-08-02T07:15:23.144934Z ERROR reverie_ptrace::lifecycle: guest terminated by signal tid=1347091 pid=1343895 signal=SIGKILL core_dumped=false
counter2-local thread=1347091 syscalls=1048
2026-08-02T07:15:23.144959Z ERROR reverie_ptrace::lifecycle: guest terminated by signal tid=1343923 pid=1343895 signal=SIGKILL core_dumped=false
counter2-local thread=1343923 syscalls=981
2026-08-02T07:15:23.144984Z ERROR reverie_ptrace::lifecycle: guest terminated by signal tid=1345136 pid=1343895 signal=SIGKILL core_dumped=false
counter2-local thread=1345136 syscalls=1489
2026-08-02T07:15:23.145007Z ERROR reverie_ptrace::lifecycle: guest terminated by signal tid=1347066 pid=1343895 signal=SIGKILL core_dumped=false
counter2-local thread=1347066 syscalls=876
2026-08-02T07:15:23.145033Z ERROR reverie_ptrace::lifecycle: guest terminated by signal tid=1347028 pid=1343895 signal=SIGKILL core_dumped=false
counter2-local thread=1347028 syscalls=952
2026-08-02T07:15:23.145059Z ERROR reverie_ptrace::lifecycle: guest terminated by signal tid=1357693 pid=1343895 signal=SIGKILL core_dumped=false
counter2-local thread=1357693 syscalls=60
2026-08-02T07:15:23.145086Z ERROR reverie_ptrace::lifecycle: guest terminated by signal tid=1347147 pid=1343895 signal=SIGKILL core_dumped=false
counter2-local thread=1347147 syscalls=1100
2026-08-02T07:15:23.145112Z ERROR reverie_ptrace::lifecycle: guest terminated by signal tid=1480577 pid=1343895 signal=SIGKILL core_dumped=false
counter2-local thread=1480577 syscalls=592
2026-08-02T07:15:23.145135Z ERROR reverie_ptrace::lifecycle: guest terminated by signal tid=1346979 pid=1343895 signal=SIGKILL core_dumped=false
counter2-local thread=1346979 syscalls=921
2026-08-02T07:15:23.145160Z ERROR reverie_ptrace::lifecycle: guest terminated by signal tid=1357730 pid=1343895 signal=SIGKILL core_dumped=false
counter2-local thread=1357730 syscalls=34
2026-08-02T07:15:23.145196Z ERROR reverie_ptrace::lifecycle: guest terminated by signal tid=1347244 pid=1343895 signal=SIGKILL core_dumped=false
counter2-local thread=1347244 syscalls=883
2026-08-02T07:15:23.145222Z ERROR reverie_ptrace::lifecycle: guest terminated by signal tid=1345252 pid=1343895 signal=SIGKILL core_dumped=false
counter2-local thread=1345252 syscalls=473
2026-08-02T07:15:23.145245Z ERROR reverie_ptrace::lifecycle: guest terminated by signal tid=1345370 pid=1343895 signal=SIGKILL core_dumped=false
counter2-local thread=1345370 syscalls=430
2026-08-02T07:15:23.145270Z ERROR reverie_ptrace::lifecycle: guest terminated by signal tid=1357699 pid=1343895 signal=SIGKILL core_dumped=false
counter2-local thread=1357699 syscalls=41
2026-08-02T07:15:23.145296Z ERROR reverie_ptrace::lifecycle: guest terminated by signal tid=1345123 pid=1343895 signal=SIGKILL core_dumped=false
counter2-local thread=1345123 syscalls=1153
2026-08-02T07:15:23.145319Z ERROR reverie_ptrace::lifecycle: guest terminated by signal tid=1345372 pid=1343895 signal=SIGKILL core_dumped=false
counter2-local thread=1345372 syscalls=473
2026-08-02T07:15:23.145343Z ERROR reverie_ptrace::lifecycle: guest terminated by signal tid=1346992 pid=1343895 signal=SIGKILL core_dumped=false
counter2-local thread=1346992 syscalls=952
2026-08-02T07:15:23.145369Z ERROR reverie_ptrace::lifecycle: guest terminated by signal tid=1347188 pid=1343895 signal=SIGKILL core_dumped=false
counter2-local thread=1347188 syscalls=930
2026-08-02T07:15:23.145400Z ERROR reverie_ptrace::lifecycle: guest terminated by signal tid=1347214 pid=1343895 signal=SIGKILL core_dumped=false
counter2-local thread=1347214 syscalls=993
2026-08-02T07:15:23.145431Z ERROR reverie_ptrace::lifecycle: guest terminated by signal tid=1346970 pid=1343895 signal=SIGKILL core_dumped=false
counter2-local thread=1346970 syscalls=833
2026-08-02T07:15:23.145469Z ERROR reverie_ptrace::lifecycle: guest terminated by signal tid=1347163 pid=1343895 signal=SIGKILL core_dumped=false
counter2-local thread=1347163 syscalls=871
2026-08-02T07:15:23.145501Z ERROR reverie_ptrace::lifecycle: guest terminated by signal tid=1346933 pid=1343895 signal=SIGKILL core_dumped=false
counter2-local thread=1346933 syscalls=1048
2026-08-02T07:15:23.145534Z ERROR reverie_ptrace::lifecycle: guest terminated by signal tid=1347035 pid=1343895 signal=SIGKILL core_dumped=false
counter2-local thread=1347035 syscalls=996
2026-08-02T07:15:23.145569Z ERROR reverie_ptrace::lifecycle: guest terminated by signal tid=1347242 pid=1343895 signal=SIGKILL core_dumped=false
counter2-local thread=1347242 syscalls=932
2026-08-02T07:15:23.145601Z ERROR reverie_ptrace::lifecycle: guest terminated by signal tid=1345084 pid=1343895 signal=SIGKILL core_dumped=false
counter2-local thread=1345084 syscalls=1328
2026-08-02T07:15:23.145636Z ERROR reverie_ptrace::lifecycle: guest terminated by signal tid=1352877 pid=1343895 signal=SIGKILL core_dumped=false
counter2-local thread=1352877 syscalls=22
2026-08-02T07:15:23.145669Z ERROR reverie_ptrace::lifecycle: guest terminated by signal tid=1347080 pid=1343895 signal=SIGKILL core_dumped=false
counter2-local thread=1347080 syscalls=1183
2026-08-02T07:15:23.145699Z ERROR reverie_ptrace::lifecycle: guest terminated by signal tid=1347125 pid=1343895 signal=SIGKILL core_dumped=false
counter2-local thread=1347125 syscalls=878
2026-08-02T07:15:23.145730Z ERROR reverie_ptrace::lifecycle: guest terminated by signal tid=1345254 pid=1343895 signal=SIGKILL core_dumped=false
counter2-local thread=1345254 syscalls=540
2026-08-02T07:15:23.145762Z ERROR reverie_ptrace::lifecycle: guest terminated by signal tid=1363992 pid=1343895 signal=SIGKILL core_dumped=false
counter2-local thread=1363992 syscalls=378
2026-08-02T07:15:23.145792Z ERROR reverie_ptrace::lifecycle: guest terminated by signal tid=1396200 pid=1343895 signal=SIGKILL core_dumped=false
counter2-local thread=1396200 syscalls=110
2026-08-02T07:15:23.145821Z ERROR reverie_ptrace::lifecycle: guest terminated by signal tid=1346975 pid=1343895 signal=SIGKILL core_dumped=false
counter2-local thread=1346975 syscalls=993
2026-08-02T07:15:23.145845Z ERROR reverie_ptrace::lifecycle: guest terminated by signal tid=1347117 pid=1343895 signal=SIGKILL core_dumped=false
counter2-local thread=1347117 syscalls=1028
2026-08-02T07:15:23.145869Z ERROR reverie_ptrace::lifecycle: guest terminated by signal tid=1352875 pid=1343895 signal=SIGKILL core_dumped=false
counter2-local thread=1352875 syscalls=86
2026-08-02T07:15:23.145893Z ERROR reverie_ptrace::lifecycle: guest terminated by signal tid=1347129 pid=1343895 signal=SIGKILL core_dumped=false
counter2-local thread=1347129 syscalls=1048
2026-08-02T07:15:23.145917Z ERROR reverie_ptrace::lifecycle: guest terminated by signal tid=1347204 pid=1343895 signal=SIGKILL core_dumped=false
counter2-local thread=1347204 syscalls=799
2026-08-02T07:15:23.145942Z ERROR reverie_ptrace::lifecycle: guest terminated by signal tid=1346958 pid=1343895 signal=SIGKILL core_dumped=false
counter2-local thread=1346958 syscalls=1030
2026-08-02T07:15:23.145969Z ERROR reverie_ptrace::lifecycle: guest terminated by signal tid=1347057 pid=1343895 signal=SIGKILL core_dumped=false
counter2-local thread=1347057 syscalls=925
2026-08-02T07:15:23.145997Z ERROR reverie_ptrace::lifecycle: guest terminated by signal tid=1347226 pid=1343895 signal=SIGKILL core_dumped=false
counter2-local thread=1347226 syscalls=969
2026-08-02T07:15:23.146023Z ERROR reverie_ptrace::lifecycle: guest terminated by signal tid=1352835 pid=1343895 signal=SIGKILL core_dumped=false
counter2-local thread=1352835 syscalls=21
2026-08-02T07:15:23.146052Z ERROR reverie_ptrace::lifecycle: guest terminated by signal tid=1346996 pid=1343895 signal=SIGKILL core_dumped=false
counter2-local thread=1346996 syscalls=1097
2026-08-02T07:15:23.146079Z ERROR reverie_ptrace::lifecycle: guest terminated by signal tid=1347123 pid=1343895 signal=SIGKILL core_dumped=false
counter2-local thread=1347123 syscalls=972
2026-08-02T07:15:23.146103Z ERROR reverie_ptrace::lifecycle: guest terminated by signal tid=1347229 pid=1343895 signal=SIGKILL core_dumped=false
counter2-local thread=1347229 syscalls=974
2026-08-02T07:15:23.146127Z ERROR reverie_ptrace::lifecycle: guest terminated by signal tid=1347042 pid=1343895 signal=SIGKILL core_dumped=false
counter2-local thread=1347042 syscalls=1109
2026-08-02T07:15:23.146151Z ERROR reverie_ptrace::lifecycle: guest terminated by signal tid=1347037 pid=1343895 signal=SIGKILL core_dumped=false
counter2-local thread=1347037 syscalls=953
2026-08-02T07:15:23.146175Z ERROR reverie_ptrace::lifecycle: guest terminated by signal tid=1347238 pid=1343895 signal=SIGKILL core_dumped=false
counter2-local thread=1347238 syscalls=851
2026-08-02T07:15:23.146201Z ERROR reverie_ptrace::lifecycle: guest terminated by signal tid=1347196 pid=1343895 signal=SIGKILL core_dumped=false
counter2-local thread=1347196 syscalls=903
2026-08-02T07:15:23.146226Z ERROR reverie_ptrace::lifecycle: guest terminated by signal tid=1345364 pid=1343895 signal=SIGKILL core_dumped=false
counter2-local thread=1345364 syscalls=415
2026-08-02T07:15:23.146250Z ERROR reverie_ptrace::lifecycle: guest terminated by signal tid=1347007 pid=1343895 signal=SIGKILL core_dumped=false
counter2-local thread=1347007 syscalls=1022
2026-08-02T07:15:23.146276Z ERROR reverie_ptrace::lifecycle: guest terminated by signal tid=1352832 pid=1343895 signal=SIGKILL core_dumped=false
counter2-local thread=1352832 syscalls=22
2026-08-02T07:15:23.146301Z ERROR reverie_ptrace::lifecycle: guest terminated by signal tid=1352891 pid=1343895 signal=SIGKILL core_dumped=false
counter2-local thread=1352891 syscalls=161
2026-08-02T07:15:23.146326Z ERROR reverie_ptrace::lifecycle: guest terminated by signal tid=1352866 pid=1343895 signal=SIGKILL core_dumped=false
counter2-local thread=1352866 syscalls=21
2026-08-02T07:15:23.146352Z ERROR reverie_ptrace::lifecycle: guest terminated by signal tid=1347099 pid=1343895 signal=SIGKILL core_dumped=false
counter2-local thread=1347099 syscalls=975
2026-08-02T07:15:23.146379Z ERROR reverie_ptrace::lifecycle: guest terminated by signal tid=1347240 pid=1343895 signal=SIGKILL core_dumped=false
counter2-local thread=1347240 syscalls=988
2026-08-02T07:15:23.146411Z ERROR reverie_ptrace::lifecycle: guest terminated by signal tid=1347044 pid=1343895 signal=SIGKILL core_dumped=false
counter2-local thread=1347044 syscalls=1019
2026-08-02T07:15:23.146442Z ERROR reverie_ptrace::lifecycle: guest terminated by signal tid=1402086 pid=1343895 signal=SIGKILL core_dumped=false
counter2-local thread=1402086 syscalls=176
2026-08-02T07:15:23.146469Z ERROR reverie_ptrace::lifecycle: guest terminated by signal tid=1347033 pid=1343895 signal=SIGKILL core_dumped=false
counter2-local thread=1347033 syscalls=922
2026-08-02T07:15:23.146495Z ERROR reverie_ptrace::lifecycle: guest terminated by signal tid=1344909 pid=1343895 signal=SIGKILL core_dumped=false
counter2-local thread=1344909 syscalls=1148
2026-08-02T07:15:23.146527Z ERROR reverie_ptrace::lifecycle: guest terminated by signal tid=1347072 pid=1343895 signal=SIGKILL core_dumped=false
counter2-local thread=1347072 syscalls=928
2026-08-02T07:15:23.146552Z ERROR reverie_ptrace::lifecycle: guest terminated by signal tid=1347055 pid=1343895 signal=SIGKILL core_dumped=false
counter2-local thread=1347055 syscalls=982
2026-08-02T07:15:23.146574Z ERROR reverie_ptrace::lifecycle: guest terminated by signal tid=1347233 pid=1343895 signal=SIGKILL core_dumped=false
counter2-local thread=1347233 syscalls=986
2026-08-02T07:15:23.146600Z ERROR reverie_ptrace::lifecycle: guest terminated by signal tid=1347246 pid=1343895 signal=SIGKILL core_dumped=false
counter2-local thread=1347246 syscalls=874
2026-08-02T07:15:23.146624Z ERROR reverie_ptrace::lifecycle: guest terminated by signal tid=1347049 pid=1343895 signal=SIGKILL core_dumped=false
counter2-local thread=1347049 syscalls=895
2026-08-02T07:15:23.146650Z ERROR reverie_ptrace::lifecycle: guest terminated by signal tid=1347059 pid=1343895 signal=SIGKILL core_dumped=false
counter2-local thread=1347059 syscalls=1065
2026-08-02T07:15:23.146674Z ERROR reverie_ptrace::lifecycle: guest terminated by signal tid=1347051 pid=1343895 signal=SIGKILL core_dumped=false
counter2-local thread=1347051 syscalls=971
2026-08-02T07:15:23.146699Z ERROR reverie_ptrace::lifecycle: guest terminated by signal tid=1401818 pid=1343895 signal=SIGKILL core_dumped=false
counter2-local thread=1401818 syscalls=204
2026-08-02T07:15:23.146729Z ERROR reverie_ptrace::lifecycle: guest terminated by signal tid=1345366 pid=1343895 signal=SIGKILL core_dumped=false
counter2-local thread=1345366 syscalls=495
2026-08-02T07:15:23.146753Z ERROR reverie_ptrace::lifecycle: guest terminated by signal tid=1347076 pid=1343895 signal=SIGKILL core_dumped=false
counter2-local thread=1347076 syscalls=1084
2026-08-02T07:15:23.146777Z ERROR reverie_ptrace::lifecycle: guest terminated by signal tid=1347231 pid=1343895 signal=SIGKILL core_dumped=false
counter2-local thread=1347231 syscalls=1035
2026-08-02T07:15:23.146800Z ERROR reverie_ptrace::lifecycle: guest terminated by signal tid=1347235 pid=1343895 signal=SIGKILL core_dumped=false
counter2-local thread=1347235 syscalls=948
2026-08-02T07:15:23.146823Z ERROR reverie_ptrace::lifecycle: guest terminated by signal tid=1345374 pid=1343895 signal=SIGKILL core_dumped=false
counter2-local thread=1345374 syscalls=513
2026-08-02T07:15:23.146847Z ERROR reverie_ptrace::lifecycle: guest terminated by signal tid=1347224 pid=1343895 signal=SIGKILL core_dumped=false
counter2-local thread=1347224 syscalls=1030
2026-08-02T07:15:23.146870Z ERROR reverie_ptrace::lifecycle: guest terminated by signal tid=1347022 pid=1343895 signal=SIGKILL core_dumped=false
counter2-local thread=1347022 syscalls=959
2026-08-02T07:15:23.146893Z ERROR reverie_ptrace::lifecycle: guest terminated by signal tid=1347078 pid=1343895 signal=SIGKILL core_dumped=false
counter2-local thread=1347078 syscalls=904
2026-08-02T07:15:23.146918Z ERROR reverie_ptrace::lifecycle: guest terminated by signal tid=1349616 pid=1343895 signal=SIGKILL core_dumped=false
counter2-local thread=1349616 syscalls=2815
2026-08-02T07:15:23.146947Z ERROR reverie_ptrace::lifecycle: guest terminated by signal tid=1347155 pid=1343895 signal=SIGKILL core_dumped=false
counter2-local thread=1347155 syscalls=919
2026-08-02T07:15:23.146970Z ERROR reverie_ptrace::lifecycle: guest terminated by signal tid=1347024 pid=1343895 signal=SIGKILL core_dumped=false
counter2-local thread=1347024 syscalls=1077
2026-08-02T07:15:23.146998Z ERROR reverie_ptrace::lifecycle: guest terminated by signal tid=1347082 pid=1343895 signal=SIGKILL core_dumped=false
counter2-local thread=1347082 syscalls=918
2026-08-02T07:15:23.147022Z ERROR reverie_ptrace::lifecycle: guest terminated by signal tid=1346892 pid=1343895 signal=SIGKILL core_dumped=false
counter2-local thread=1346892 syscalls=934
2026-08-02T07:15:23.147047Z ERROR reverie_ptrace::lifecycle: guest terminated by signal tid=1350858 pid=1343895 signal=SIGKILL core_dumped=false
counter2-local thread=1350858 syscalls=1238
2026-08-02T07:15:23.147072Z ERROR reverie_ptrace::lifecycle: guest terminated by signal tid=1347161 pid=1343895 signal=SIGKILL core_dumped=false
counter2-local thread=1347161 syscalls=1061
2026-08-02T07:15:23.147096Z ERROR reverie_ptrace::lifecycle: guest terminated by signal tid=1347018 pid=1343895 signal=SIGKILL core_dumped=false
counter2-local thread=1347018 syscalls=879
2026-08-02T07:15:23.147119Z ERROR reverie_ptrace::lifecycle: guest terminated by signal tid=1347005 pid=1343895 signal=SIGKILL core_dumped=false
counter2-local thread=1347005 syscalls=985
2026-08-02T07:15:23.147142Z ERROR reverie_ptrace::lifecycle: guest terminated by signal tid=1351118 pid=1343895 signal=SIGKILL core_dumped=false
counter2-local thread=1351118 syscalls=308
2026-08-02T07:15:23.147168Z ERROR reverie_ptrace::lifecycle: guest terminated by signal tid=1351900 pid=1343895 signal=SIGKILL core_dumped=false
counter2-local thread=1351900 syscalls=3305
2026-08-02T07:15:23.147191Z ERROR reverie_ptrace::lifecycle: guest terminated by signal tid=1347084 pid=1343895 signal=SIGKILL core_dumped=false
counter2-local thread=1347084 syscalls=866
2026-08-02T07:15:23.147216Z ERROR reverie_ptrace::lifecycle: guest terminated by signal tid=1346899 pid=1343895 signal=SIGKILL core_dumped=false
counter2-local thread=1346899 syscalls=813
2026-08-02T07:15:23.147243Z ERROR reverie_ptrace::lifecycle: guest terminated by signal tid=1351125 pid=1343895 signal=SIGKILL core_dumped=false
counter2-local thread=1351125 syscalls=214
2026-08-02T07:15:23.147268Z ERROR reverie_ptrace::lifecycle: guest terminated by signal tid=1347014 pid=1343895 signal=SIGKILL core_dumped=false
counter2-local thread=1347014 syscalls=1001
2026-08-02T07:15:23.147291Z ERROR reverie_ptrace::lifecycle: guest terminated by signal tid=1347173 pid=1343895 signal=SIGKILL core_dumped=false
counter2-local thread=1347173 syscalls=1073
2026-08-02T07:15:23.147315Z ERROR reverie_ptrace::lifecycle: guest terminated by signal tid=1352849 pid=1343895 signal=SIGKILL core_dumped=false
counter2-local thread=1352849 syscalls=24
2026-08-02T07:15:23.147340Z ERROR reverie_ptrace::lifecycle: guest terminated by signal tid=1346901 pid=1343895 signal=SIGKILL core_dumped=false
counter2-local thread=1346901 syscalls=1096
2026-08-02T07:15:23.147363Z ERROR reverie_ptrace::lifecycle: guest terminated by signal tid=1347093 pid=1343895 signal=SIGKILL core_dumped=false
counter2-local thread=1347093 syscalls=955
2026-08-02T07:15:23.147385Z ERROR reverie_ptrace::lifecycle: guest terminated by signal tid=1352843 pid=1343895 signal=SIGKILL core_dumped=false
counter2-local thread=1352843 syscalls=21
2026-08-02T07:15:23.147422Z ERROR reverie_ptrace::lifecycle: guest terminated by signal tid=1347175 pid=1343895 signal=SIGKILL core_dumped=false
counter2-local thread=1347175 syscalls=844
2026-08-02T07:15:23.147454Z ERROR reverie_ptrace::lifecycle: guest terminated by signal tid=1352885 pid=1343895 signal=SIGKILL core_dumped=false
counter2-local thread=1352885 syscalls=21
2026-08-02T07:15:23.147481Z ERROR reverie_ptrace::lifecycle: guest terminated by signal tid=1347002 pid=1343895 signal=SIGKILL core_dumped=false
counter2-local thread=1347002 syscalls=928
2026-08-02T07:15:23.147516Z ERROR reverie_ptrace::lifecycle: guest terminated by signal tid=1352870 pid=1343895 signal=SIGKILL core_dumped=false
counter2-local thread=1352870 syscalls=22
2026-08-02T07:15:23.147545Z ERROR reverie_ptrace::lifecycle: guest terminated by signal tid=1347095 pid=1343895 signal=SIGKILL core_dumped=false
counter2-local thread=1347095 syscalls=1144
2026-08-02T07:15:23.147580Z ERROR reverie_ptrace::lifecycle: guest terminated by signal tid=1352863 pid=1343895 signal=SIGKILL core_dumped=false
counter2-local thread=1352863 syscalls=164
2026-08-02T07:15:23.147608Z ERROR reverie_ptrace::lifecycle: guest terminated by signal tid=1346905 pid=1343895 signal=SIGKILL core_dumped=false
counter2-local thread=1346905 syscalls=962
2026-08-02T07:15:23.147637Z ERROR reverie_ptrace::lifecycle: guest terminated by signal tid=1347177 pid=1343895 signal=SIGKILL core_dumped=false
counter2-local thread=1347177 syscalls=964
2026-08-02T07:15:23.147669Z ERROR reverie_ptrace::lifecycle: guest terminated by signal tid=1352895 pid=1343895 signal=SIGKILL core_dumped=false
counter2-local thread=1352895 syscalls=21
2026-08-02T07:15:23.147700Z ERROR reverie_ptrace::lifecycle: guest terminated by signal tid=1347106 pid=1343895 signal=SIGKILL core_dumped=false
counter2-local thread=1347106 syscalls=871
2026-08-02T07:15:23.147731Z ERROR reverie_ptrace::lifecycle: guest terminated by signal tid=1346907 pid=1343895 signal=SIGKILL core_dumped=false
counter2-local thread=1346907 syscalls=767
2026-08-02T07:15:23.147761Z ERROR reverie_ptrace::lifecycle: guest terminated by signal tid=1347180 pid=1343895 signal=SIGKILL core_dumped=false
counter2-local thread=1347180 syscalls=894
2026-08-02T07:15:23.147784Z ERROR reverie_ptrace::lifecycle: guest terminated by signal tid=1346929 pid=1343895 signal=SIGKILL core_dumped=false
counter2-local thread=1346929 syscalls=978
2026-08-02T07:15:23.147808Z ERROR reverie_ptrace::lifecycle: guest terminated by signal tid=1352899 pid=1343895 signal=SIGKILL core_dumped=false
counter2-local thread=1352899 syscalls=22
2026-08-02T07:15:23.147833Z ERROR reverie_ptrace::lifecycle: guest terminated by signal tid=1352908 pid=1343895 signal=SIGKILL core_dumped=false
counter2-local thread=1352908 syscalls=133
2026-08-02T07:15:23.147857Z ERROR reverie_ptrace::lifecycle: guest terminated by signal tid=1347108 pid=1343895 signal=SIGKILL core_dumped=false
counter2-local thread=1347108 syscalls=1072
2026-08-02T07:15:23.147881Z ERROR reverie_ptrace::lifecycle: guest terminated by signal tid=1346924 pid=1343895 signal=SIGKILL core_dumped=false
counter2-local thread=1346924 syscalls=1019
2026-08-02T07:15:23.147906Z ERROR reverie_ptrace::lifecycle: guest terminated by signal tid=1352910 pid=1343895 signal=SIGKILL core_dumped=false
counter2-local thread=1352910 syscalls=21
2026-08-02T07:15:23.147933Z ERROR reverie_ptrace::lifecycle: guest terminated by signal tid=1346931 pid=1343895 signal=SIGKILL core_dumped=false
counter2-local thread=1346931 syscalls=936
2026-08-02T07:15:23.147957Z ERROR reverie_ptrace::lifecycle: guest terminated by signal tid=1347186 pid=1343895 signal=SIGKILL core_dumped=false
counter2-local thread=1347186 syscalls=902
2026-08-02T07:15:23.147981Z ERROR reverie_ptrace::lifecycle: guest terminated by signal tid=1347110 pid=1343895 signal=SIGKILL core_dumped=false
counter2-local thread=1347110 syscalls=885
2026-08-02T07:15:23.148004Z ERROR reverie_ptrace::lifecycle: guest terminated by signal tid=1346935 pid=1343895 signal=SIGKILL core_dumped=false
counter2-local thread=1346935 syscalls=889
2026-08-02T07:15:23.148026Z ERROR reverie_ptrace::lifecycle: guest terminated by signal tid=1346940 pid=1343895 signal=SIGKILL core_dumped=false
counter2-local thread=1346940 syscalls=830
2026-08-02T07:15:23.148050Z ERROR reverie_ptrace::lifecycle: guest terminated by signal tid=1347192 pid=1343895 signal=SIGKILL core_dumped=false
counter2-local thread=1347192 syscalls=1062
2026-08-02T07:15:23.148077Z ERROR reverie_ptrace::lifecycle: guest terminated by signal tid=1355148 pid=1343895 signal=SIGKILL core_dumped=false
counter2-local thread=1355148 syscalls=193
2026-08-02T07:15:23.148102Z ERROR reverie_ptrace::lifecycle: guest terminated by signal tid=1357716 pid=1343895 signal=SIGKILL core_dumped=false
counter2-local thread=1357716 syscalls=47
2026-08-02T07:15:23.148126Z ERROR reverie_ptrace::lifecycle: guest terminated by signal tid=1347121 pid=1343895 signal=SIGKILL core_dumped=false
counter2-local thread=1347121 syscalls=952
2026-08-02T07:15:23.148151Z ERROR reverie_ptrace::lifecycle: guest terminated by signal tid=1347194 pid=1343895 signal=SIGKILL core_dumped=false
counter2-local thread=1347194 syscalls=994
2026-08-02T07:15:23.148178Z ERROR reverie_ptrace::lifecycle: guest terminated by signal tid=1346945 pid=1343895 signal=SIGKILL core_dumped=false
counter2-local thread=1346945 syscalls=1058
2026-08-02T07:15:23.148201Z ERROR reverie_ptrace::lifecycle: guest terminated by signal tid=1346948 pid=1343895 signal=SIGKILL core_dumped=false
counter2-local thread=1346948 syscalls=948
2026-08-02T07:15:23.148225Z ERROR reverie_ptrace::lifecycle: guest terminated by signal tid=1357712 pid=1343895 signal=SIGKILL core_dumped=false
counter2-local thread=1357712 syscalls=41
2026-08-02T07:15:23.148250Z ERROR reverie_ptrace::lifecycle: guest terminated by signal tid=1346964 pid=1343895 signal=SIGKILL core_dumped=false
counter2-local thread=1346964 syscalls=828
2026-08-02T07:15:23.148274Z ERROR reverie_ptrace::lifecycle: guest terminated by signal tid=1357719 pid=1343895 signal=SIGKILL core_dumped=false
counter2-local thread=1357719 syscalls=45
2026-08-02T07:15:23.148297Z ERROR reverie_ptrace::lifecycle: guest terminated by signal tid=1347131 pid=1343895 signal=SIGKILL core_dumped=false
counter2-local thread=1347131 syscalls=988
2026-08-02T07:15:23.148320Z ERROR reverie_ptrace::lifecycle: guest terminated by signal tid=1346960 pid=1343895 signal=SIGKILL core_dumped=false
counter2-local thread=1346960 syscalls=1099
2026-08-02T07:15:23.148345Z ERROR reverie_ptrace::lifecycle: guest terminated by signal tid=1363010 pid=1343895 signal=SIGKILL core_dumped=false
counter2-local thread=1363010 syscalls=35838
2026-08-02T07:15:23.148373Z ERROR reverie_ptrace::lifecycle: guest terminated by signal tid=1357807 pid=1343895 signal=SIGKILL core_dumped=false
counter2-local thread=1357807 syscalls=21
2026-08-02T07:15:23.148403Z ERROR reverie_ptrace::lifecycle: guest terminated by signal tid=1347198 pid=1343895 signal=SIGKILL core_dumped=false
counter2-local thread=1347198 syscalls=922
2026-08-02T07:15:23.148433Z ERROR reverie_ptrace::lifecycle: guest terminated by signal tid=1346968 pid=1343895 signal=SIGKILL core_dumped=false
counter2-local thread=1346968 syscalls=818
2026-08-02T07:15:23.148462Z ERROR reverie_ptrace::lifecycle: guest terminated by signal tid=1347142 pid=1343895 signal=SIGKILL core_dumped=false
counter2-local thread=1347142 syscalls=845
2026-08-02T07:15:23.148493Z ERROR reverie_ptrace::lifecycle: guest terminated by signal tid=1357792 pid=1343895 signal=SIGKILL core_dumped=false
counter2-local thread=1357792 syscalls=23
2026-08-02T07:15:23.148524Z ERROR reverie_ptrace::lifecycle: guest terminated by signal tid=1347145 pid=1343895 signal=SIGKILL core_dumped=false
counter2-local thread=1347145 syscalls=1016
2026-08-02T07:15:23.148555Z ERROR reverie_ptrace::lifecycle: guest terminated by signal tid=1361332 pid=1343895 signal=SIGKILL core_dumped=false
counter2-local thread=1361332 syscalls=462
2026-08-02T07:15:23.148590Z ERROR reverie_ptrace::lifecycle: guest terminated by signal tid=1346972 pid=1343895 signal=SIGKILL core_dumped=false
counter2-local thread=1346972 syscalls=1041
2026-08-02T07:15:23.148619Z ERROR reverie_ptrace::lifecycle: guest terminated by signal tid=1347202 pid=1343895 signal=SIGKILL core_dumped=false
counter2-local thread=1347202 syscalls=906
2026-08-02T07:15:23.148647Z ERROR reverie_ptrace::lifecycle: guest terminated by signal tid=1347149 pid=1343895 signal=SIGKILL core_dumped=false
counter2-local thread=1347149 syscalls=1022
2026-08-02T07:15:23.148686Z ERROR reverie_ptrace::lifecycle: guest terminated by signal tid=1346982 pid=1343895 signal=SIGKILL core_dumped=false
counter2-local thread=1346982 syscalls=927
2026-08-02T07:15:23.148717Z ERROR reverie_ptrace::lifecycle: guest terminated by signal tid=1404326 pid=1343895 signal=SIGKILL core_dumped=false
counter2-local thread=1404326 syscalls=2432
2026-08-02T07:15:23.148749Z ERROR reverie_ptrace::lifecycle: guest terminated by signal tid=1346994 pid=1343895 signal=SIGKILL core_dumped=false
counter2-local thread=1346994 syscalls=951
2026-08-02T07:15:23.148772Z ERROR reverie_ptrace::lifecycle: guest terminated by signal tid=1347208 pid=1343895 signal=SIGKILL core_dumped=false
counter2-local thread=1347208 syscalls=922
2026-08-02T07:15:23.148797Z ERROR reverie_ptrace::lifecycle: guest terminated by signal tid=1347212 pid=1343895 signal=SIGKILL core_dumped=false
counter2-local thread=1347212 syscalls=932
2026-08-02T07:15:23.148819Z ERROR reverie_ptrace::lifecycle: guest terminated by signal tid=1346990 pid=1343895 signal=SIGKILL core_dumped=false
counter2-local thread=1346990 syscalls=997
2026-08-02T07:15:23.148845Z ERROR reverie_ptrace::lifecycle: guest terminated by signal tid=1415729 pid=1343895 signal=SIGKILL core_dumped=false
counter2-local thread=1415729 syscalls=89
2026-08-02T07:15:23.148873Z ERROR reverie_ptrace::lifecycle: guest terminated by signal tid=1347153 pid=1343895 signal=SIGKILL core_dumped=false
counter2-local thread=1347153 syscalls=820
2026-08-02T07:15:23.148899Z ERROR reverie_ptrace::lifecycle: guest terminated by signal tid=1415886 pid=1343895 signal=SIGKILL core_dumped=false
counter2-local thread=1415886 syscalls=148
2026-08-02T07:15:23.148924Z ERROR reverie_ptrace::lifecycle: guest terminated by signal tid=1480610 pid=1343895 signal=SIGKILL core_dumped=false
counter2-local thread=1480610 syscalls=19
2026-08-02T07:15:23.148948Z ERROR reverie_ptrace::lifecycle: guest terminated by signal tid=1347151 pid=1343895 signal=SIGKILL core_dumped=false
counter2-local thread=1347151 syscalls=968
2026-08-02T07:15:23.148971Z ERROR reverie_ptrace::lifecycle: guest terminated by signal tid=1346998 pid=1343895 signal=SIGKILL core_dumped=false
counter2-local thread=1346998 syscalls=896
2026-08-02T07:15:23.148994Z ERROR reverie_ptrace::lifecycle: guest terminated by signal tid=1347219 pid=1343895 signal=SIGKILL core_dumped=false
counter2-local thread=1347219 syscalls=960
2026-08-02T07:15:23.326159Z ERROR reverie_ptrace::lifecycle: guest terminated by signal tid=1347000 pid=1343895 signal=SIGKILL core_dumped=false
counter2-local thread=1347000 syscalls=1004
2026-08-02T07:15:23.326804Z ERROR reverie_ptrace::lifecycle: guest terminated by signal tid=1343895 pid=1343895 signal=SIGKILL core_dumped=false
2026-08-02T07:15:23.326819Z ERROR reverie_ptrace::lifecycle: guest terminated by signal tid=1343512 pid=1343512 signal=SIGKILL core_dumped=false
counter2-local thread=1343512 syscalls=379
counter2-local thread=1343895 syscalls=207
 [counter tool] Total system calls in process tree: 3844078, from 2880 processes, 5521 thread(s).
