:: Run1...
:: Run2...
:: Comparing logs... /tmp/run1_log_chGif and /tmp/run2_log_2oP9Z
Logs contain 2565 | 2579 messages total
Logs contain 2238 | 2250 detcore-specific messages
Logs contain 1253 | 1261 INFO messages
Logs contain 1968 | 1980 DETLOG & scheduler COMMIT messages
Normalizing known nondeterministic numerical data before comparison...
  Comparing DETLOG messages...

(DETLOG) Mismatch at log messages 1133 (run 1) and 1133 (run 2): [1mDiff[0m [31m< left[0m / [32mright >[0m :
[31m<"INFO detcore: DETLOG [syscall][detcore, dtid <NUM>] finish syscall #<NUM>: newfstatat(-<NUM>, <ADDR> -> \"out-T4.zst\", <ADDR> -> {st_mode=SFlag(S_IF[0m[1;48;5;52;31mCH[0m[31mR[0m[1;48;5;52;31m | S_IFDIR | S_IFR[0m[31mEG) | <NUM>, st_size=<NUM>, ...}, AtFlags(<ADDR>)) = [0m[1;48;5;52;31mErr[0m[31m([0m[1;48;5;52;31mErrno(E[0m[31mN[0m[1;48;5;52;31mOENT)[0m[31m)"[0m
[32m>"INFO detcore: DETLOG [syscall][detcore, dtid <NUM>] finish syscall #<NUM>: newfstatat(-<NUM>, <ADDR> -> \"out-T4.zst\", <ADDR> -> {st_mode=SFlag(S_IFREG) | <NUM>, st_size=<NUM>, ...}, AtFlags(<ADDR>)) = [0m[1;48;5;22;32mOk[0m[32m([0m[1;48;5;22;32m<[0m[32mN[0m[1;48;5;22;32mUM>[0m[32m)"[0m
(DETLOG) Original entries before normalization: [1mDiff[0m [31m< left[0m / [32mright >[0m :
[31m<"INFO detcore: DETLOG [syscall][detcore, dtid 3] finish syscall #128: newfstatat(-100, 0x7fffffffef1c -> \"out-T4.zst\", 0x7fffffffe010 -> {st_mode=SFlag(S_IF[0m[1;48;5;52;31mCH[0m[31mR[0m[1;48;5;52;31m | S_IFDIR | S_IFR[0m[31mEG) | 0[0m[1;48;5;52;31m0[0m[31m, st_size=[0m[1;48;5;52;31m360660[0m[31m, ...}, AtFlags(0x0)) = [0m[1;48;5;52;31mErr(Errno(EN[0m[31mO[0m[1;48;5;52;31mENT)[0m[31m)"[0m
[32m>"INFO detcore: DETLOG [syscall][detcore, dtid 3] finish syscall #128: newfstatat(-100, 0x7fffffffef1c -> \"out-T4.zst\", 0x7fffffffe010 -> {st_mode=SFlag(S_IFREG) | 0[0m[1;48;5;22;32m644[0m[32m, st_size=[0m[1;48;5;22;32m254[0m[32m, ...}, AtFlags(0x0)) = O[0m[1;48;5;22;32mk(0[0m[32m)"[0m
Divergent syscall context:
  run 1, log message 1133: INFO detcore: DETLOG [syscall][detcore, dtid 3] finish syscall #128: newfstatat(-100, 0x7fffffffef1c -> "out-T4.zst", 0x7fffffffe010 -> {st_mode=SFlag(S_IFCHR | S_IFDIR | S_IFREG) | 00, st_size=360660, ...}, AtFlags(0x0)) = Err(Errno(ENOENT))
  run 2, log message 1133: INFO detcore: DETLOG [syscall][detcore, dtid 3] finish syscall #128: newfstatat(-100, 0x7fffffffef1c -> "out-T4.zst", 0x7fffffffe010 -> {st_mode=SFlag(S_IFREG) | 0644, st_size=254, ...}, AtFlags(0x0)) = Ok(0)
  Prior completed syscalls for run 1:
    INFO detcore: DETLOG [syscall][detcore, dtid 3] finish syscall #123: newfstatat(-100, 0x7fffffffef27 -> "input.bin", 0x7fffffffe450 -> {st_mode=SFlag(S_IFREG) | 0644, st_size=2097152, ...}, AtFlags(0x0)) = Ok(0)
    INFO detcore: DETLOG [syscall][detcore, dtid 3] finish syscall #124: newfstatat(-100, 0x7fffffffef27 -> "input.bin", 0x7fffffffe450 -> {st_mode=SFlag(S_IFREG) | 0644, st_size=2097152, ...}, AtFlags(0x0)) = Ok(0)
    INFO detcore: DETLOG [syscall][detcore, dtid 3] finish syscall #125: openat(-100, 0x7fffffffef27 -> "input.bin", 0) = Ok(3)
    INFO detcore: DETLOG [syscall][detcore, dtid 3] finish syscall #126: futex(0x55555562b170, 129, 1, NULL, 0x55555562b148, 129) = Ok(1)
    INFO detcore: DETLOG [syscall][detcore, dtid 3] finish syscall #127: newfstatat(-100, 0x7fffffffef27 -> "input.bin", 0x7fffffffe0a0 -> {st_mode=SFlag(S_IFREG) | 0644, st_size=2097152, ...}, AtFlags(0x0)) = Ok(0)
  Prior completed syscalls for run 2:
    INFO detcore: DETLOG [syscall][detcore, dtid 3] finish syscall #123: newfstatat(-100, 0x7fffffffef27 -> "input.bin", 0x7fffffffe450 -> {st_mode=SFlag(S_IFREG) | 0644, st_size=2097152, ...}, AtFlags(0x0)) = Ok(0)
    INFO detcore: DETLOG [syscall][detcore, dtid 3] finish syscall #124: newfstatat(-100, 0x7fffffffef27 -> "input.bin", 0x7fffffffe450 -> {st_mode=SFlag(S_IFREG) | 0644, st_size=2097152, ...}, AtFlags(0x0)) = Ok(0)
    INFO detcore: DETLOG [syscall][detcore, dtid 3] finish syscall #125: openat(-100, 0x7fffffffef27 -> "input.bin", 0) = Ok(3)
    INFO detcore: DETLOG [syscall][detcore, dtid 3] finish syscall #126: futex(0x55555562b170, 129, 1, NULL, 0x55555562b148, 129) = Ok(1)
    INFO detcore: DETLOG [syscall][detcore, dtid 3] finish syscall #127: newfstatat(-100, 0x7fffffffef27 -> "input.bin", 0x7fffffffe0a0 -> {st_mode=SFlag(S_IFREG) | 0644, st_size=2097152, ...}, AtFlags(0x0)) = Ok(0)

(DETLOG) Mismatch at log messages 1135 (run 1) and 1135 (run 2): [1mDiff[0m [31m< left[0m / [32mright >[0m :
[31m<"INFO detcore: DETLOG [memory][dtid <NUM>] <ADDR>-<ADDR> MMPermissions(READ | WRITE | PRIVATE) <NUM> <NUM>:<NUM> <NUM> [stack]->[0m[1;48;5;52;31m86[0m[31m7[0m[1;48;5;52;31m0fff82ef[0m[31m92[0m[1;48;5;52;31md[0m[31m0[0m[1;48;5;52;31m8[0m[31m5[0m[1;48;5;52;31m72f[0m[31ma3cc[0m[1;48;5;52;31m32dfe[0m[31m457e[0m[1;48;5;52;31m292[0m[31md[0m[1;48;5;52;31m4[0m[31m3[0m[1;48;5;52;31mf[0m[31m80[0m[1;48;5;52;31m1d[0m[31ma0[0m[1;48;5;52;31m1[0m[31m5[0m[1;48;5;52;31mb7[0m[31m0[0m[1;48;5;52;31md[0m[31m96d[0m[1;48;5;52;31md4[0m[31mc[0m[1;48;5;52;31mf[0m[31mc[0m[1;48;5;52;31m28a[0m[31md"[0m
[32m>"INFO detcore: DETLOG [memory][dtid <NUM>] <ADDR>-<ADDR> MMPermissions(READ | WRITE | PRIVATE) <NUM> <NUM>:<NUM> <NUM> [stack]->[0m[1;48;5;22;32mb[0m[32m7[0m[1;48;5;22;32m36[0m[32m9[0m[1;48;5;22;32m54b4e[0m[32m205[0m[1;48;5;22;32m98[0m[32ma3[0m[1;48;5;22;32m4[0m[32mcc457[0m[1;48;5;22;32m3105884[0m[32med38[0m[1;48;5;22;32m9[0m[32m0[0m[1;48;5;22;32m802[0m[32ma0[0m[1;48;5;22;32mda[0m[32m509[0m[1;48;5;22;32m0d[0m[32m6[0m[1;48;5;22;32m2f6c1[0m[32md[0m[1;48;5;22;32mb[0m[32mccd[0m[1;48;5;22;32m6bb76[0m[32m"[0m
(DETLOG) Original entries before normalization: [1mDiff[0m [31m< left[0m / [32mright >[0m :
[31m<"INFO detcore: DETLOG [memory][dtid 3] 0x7ffffffde000-0x7ffffffff000 MMPermissions(READ | WRITE | PRIVATE) 0 0:0 0 [stack]->[0m[1;48;5;52;31m86[0m[31m7[0m[1;48;5;52;31m0fff82ef[0m[31m92[0m[1;48;5;52;31md[0m[31m0[0m[1;48;5;52;31m8[0m[31m5[0m[1;48;5;52;31m72f[0m[31ma3cc[0m[1;48;5;52;31m32dfe[0m[31m457e[0m[1;48;5;52;31m292[0m[31md[0m[1;48;5;52;31m4[0m[31m3[0m[1;48;5;52;31mf[0m[31m80[0m[1;48;5;52;31m1d[0m[31ma0[0m[1;48;5;52;31m1[0m[31m5[0m[1;48;5;52;31mb7[0m[31m0[0m[1;48;5;52;31md[0m[31m96d[0m[1;48;5;52;31md4[0m[31mc[0m[1;48;5;52;31mf[0m[31mc[0m[1;48;5;52;31m28a[0m[31md"[0m
[32m>"INFO detcore: DETLOG [memory][dtid 3] 0x7ffffffde000-0x7ffffffff000 MMPermissions(READ | WRITE | PRIVATE) 0 0:0 0 [stack]->[0m[1;48;5;22;32mb[0m[32m7[0m[1;48;5;22;32m36[0m[32m9[0m[1;48;5;22;32m54b4e[0m[32m205[0m[1;48;5;22;32m98[0m[32ma3[0m[1;48;5;22;32m4[0m[32mcc457[0m[1;48;5;22;32m3105884[0m[32med38[0m[1;48;5;22;32m9[0m[32m0[0m[1;48;5;22;32m802[0m[32ma0[0m[1;48;5;22;32mda[0m[32m509[0m[1;48;5;22;32m0d[0m[32m6[0m[1;48;5;22;32m2f6c1[0m[32md[0m[1;48;5;22;32mb[0m[32mccd[0m[1;48;5;22;32m6bb76[0m[32m"[0m
Divergent syscall context:
  run 1, log message 1133: INFO detcore: DETLOG [syscall][detcore, dtid 3] finish syscall #128: newfstatat(-100, 0x7fffffffef1c -> "out-T4.zst", 0x7fffffffe010 -> {st_mode=SFlag(S_IFCHR | S_IFDIR | S_IFREG) | 00, st_size=360660, ...}, AtFlags(0x0)) = Err(Errno(ENOENT))
  run 2, log message 1133: INFO detcore: DETLOG [syscall][detcore, dtid 3] finish syscall #128: newfstatat(-100, 0x7fffffffef1c -> "out-T4.zst", 0x7fffffffe010 -> {st_mode=SFlag(S_IFREG) | 0644, st_size=254, ...}, AtFlags(0x0)) = Ok(0)
  Prior completed syscalls for run 1:
    INFO detcore: DETLOG [syscall][detcore, dtid 3] finish syscall #123: newfstatat(-100, 0x7fffffffef27 -> "input.bin", 0x7fffffffe450 -> {st_mode=SFlag(S_IFREG) | 0644, st_size=2097152, ...}, AtFlags(0x0)) = Ok(0)
    INFO detcore: DETLOG [syscall][detcore, dtid 3] finish syscall #124: newfstatat(-100, 0x7fffffffef27 -> "input.bin", 0x7fffffffe450 -> {st_mode=SFlag(S_IFREG) | 0644, st_size=2097152, ...}, AtFlags(0x0)) = Ok(0)
    INFO detcore: DETLOG [syscall][detcore, dtid 3] finish syscall #125: openat(-100, 0x7fffffffef27 -> "input.bin", 0) = Ok(3)
    INFO detcore: DETLOG [syscall][detcore, dtid 3] finish syscall #126: futex(0x55555562b170, 129, 1, NULL, 0x55555562b148, 129) = Ok(1)
    INFO detcore: DETLOG [syscall][detcore, dtid 3] finish syscall #127: newfstatat(-100, 0x7fffffffef27 -> "input.bin", 0x7fffffffe0a0 -> {st_mode=SFlag(S_IFREG) | 0644, st_size=2097152, ...}, AtFlags(0x0)) = Ok(0)
  Prior completed syscalls for run 2:
    INFO detcore: DETLOG [syscall][detcore, dtid 3] finish syscall #123: newfstatat(-100, 0x7fffffffef27 -> "input.bin", 0x7fffffffe450 -> {st_mode=SFlag(S_IFREG) | 0644, st_size=2097152, ...}, AtFlags(0x0)) = Ok(0)
    INFO detcore: DETLOG [syscall][detcore, dtid 3] finish syscall #124: newfstatat(-100, 0x7fffffffef27 -> "input.bin", 0x7fffffffe450 -> {st_mode=SFlag(S_IFREG) | 0644, st_size=2097152, ...}, AtFlags(0x0)) = Ok(0)
    INFO detcore: DETLOG [syscall][detcore, dtid 3] finish syscall #125: openat(-100, 0x7fffffffef27 -> "input.bin", 0) = Ok(3)
    INFO detcore: DETLOG [syscall][detcore, dtid 3] finish syscall #126: futex(0x55555562b170, 129, 1, NULL, 0x55555562b148, 129) = Ok(1)
    INFO detcore: DETLOG [syscall][detcore, dtid 3] finish syscall #127: newfstatat(-100, 0x7fffffffef27 -> "input.bin", 0x7fffffffe0a0 -> {st_mode=SFlag(S_IFREG) | 0644, st_size=2097152, ...}, AtFlags(0x0)) = Ok(0)

(DETLOG) Mismatch at log messages 1140 (run 1) and 1140 (run 2): [1mDiff[0m [31m< left[0m / [32mright >[0m :
[31m<"INFO detcore: DETLOG [syscall][detcore, dtid <NUM>] finish syscall #<NUM>: newfstatat(-<NUM>, <ADDR> -> \"out-T4.zst\", <ADDR> -> {st_mode=SFlag(S_IF[0m[1;48;5;52;31mIFO[0m[31m) | <NUM>, st_size=<NUM>, ...}, AtFlags(<ADDR>)) = [0m[1;48;5;52;31mErr[0m[31m([0m[1;48;5;52;31mErrno(E[0m[31mN[0m[1;48;5;52;31mOENT)[0m[31m)"[0m
[32m>"INFO detcore: DETLOG [syscall][detcore, dtid <NUM>] finish syscall #<NUM>: newfstatat(-<NUM>, <ADDR> -> \"out-T4.zst\", <ADDR> -> {st_mode=SFlag(S_IF[0m[1;48;5;22;32mREG[0m[32m) | <NUM>, st_size=<NUM>, ...}, AtFlags(<ADDR>)) = [0m[1;48;5;22;32mOk[0m[32m([0m[1;48;5;22;32m<[0m[32mN[0m[1;48;5;22;32mUM>[0m[32m)"[0m
(DETLOG) Original entries before normalization: [1mDiff[0m [31m< left[0m / [32mright >[0m :
[31m<"INFO detcore: DETLOG [syscall][detcore, dtid 3] finish syscall #129: newfstatat(-100, 0x7fffffffef1c -> \"out-T4.zst\", 0x7fffffffe0c0 -> {st_mode=SFlag(S_IF[0m[1;48;5;52;31mIFO[0m[31m) | 0[0m[1;48;5;52;31m0[0m[31m, st_size=[0m[1;48;5;52;31m0[0m[31m, ...}, AtFlags(0x0)) = [0m[1;48;5;52;31mErr(Errno(EN[0m[31mO[0m[1;48;5;52;31mENT)[0m[31m)"[0m
[32m>"INFO detcore: DETLOG [syscall][detcore, dtid 3] finish syscall #129: newfstatat(-100, 0x7fffffffef1c -> \"out-T4.zst\", 0x7fffffffe0c0 -> {st_mode=SFlag(S_IF[0m[1;48;5;22;32mREG[0m[32m) | 0[0m[1;48;5;22;32m644[0m[32m, st_size=[0m[1;48;5;22;32m254[0m[32m, ...}, AtFlags(0x0)) = O[0m[1;48;5;22;32mk(0[0m[32m)"[0m
Divergent syscall context:
  run 1, log message 1140: INFO detcore: DETLOG [syscall][detcore, dtid 3] finish syscall #129: newfstatat(-100, 0x7fffffffef1c -> "out-T4.zst", 0x7fffffffe0c0 -> {st_mode=SFlag(S_IFIFO) | 00, st_size=0, ...}, AtFlags(0x0)) = Err(Errno(ENOENT))
  run 2, log message 1140: INFO detcore: DETLOG [syscall][detcore, dtid 3] finish syscall #129: newfstatat(-100, 0x7fffffffef1c -> "out-T4.zst", 0x7fffffffe0c0 -> {st_mode=SFlag(S_IFREG) | 0644, st_size=254, ...}, AtFlags(0x0)) = Ok(0)
  Prior completed syscalls for run 1:
    INFO detcore: DETLOG [syscall][detcore, dtid 3] finish syscall #124: newfstatat(-100, 0x7fffffffef27 -> "input.bin", 0x7fffffffe450 -> {st_mode=SFlag(S_IFREG) | 0644, st_size=2097152, ...}, AtFlags(0x0)) = Ok(0)
    INFO detcore: DETLOG [syscall][detcore, dtid 3] finish syscall #125: openat(-100, 0x7fffffffef27 -> "input.bin", 0) = Ok(3)
    INFO detcore: DETLOG [syscall][detcore, dtid 3] finish syscall #126: futex(0x55555562b170, 129, 1, NULL, 0x55555562b148, 129) = Ok(1)
    INFO detcore: DETLOG [syscall][detcore, dtid 3] finish syscall #127: newfstatat(-100, 0x7fffffffef27 -> "input.bin", 0x7fffffffe0a0 -> {st_mode=SFlag(S_IFREG) | 0644, st_size=2097152, ...}, AtFlags(0x0)) = Ok(0)
    INFO detcore: DETLOG [syscall][detcore, dtid 3] finish syscall #128: newfstatat(-100, 0x7fffffffef1c -> "out-T4.zst", 0x7fffffffe010 -> {st_mode=SFlag(S_IFCHR | S_IFDIR | S_IFREG) | 00, st_size=360660, ...}, AtFlags(0x0)) = Err(Errno(ENOENT))
  Prior completed syscalls for run 2:
    INFO detcore: DETLOG [syscall][detcore, dtid 3] finish syscall #124: newfstatat(-100, 0x7fffffffef27 -> "input.bin", 0x7fffffffe450 -> {st_mode=SFlag(S_IFREG) | 0644, st_size=2097152, ...}, AtFlags(0x0)) = Ok(0)
    INFO detcore: DETLOG [syscall][detcore, dtid 3] finish syscall #125: openat(-100, 0x7fffffffef27 -> "input.bin", 0) = Ok(3)
    INFO detcore: DETLOG [syscall][detcore, dtid 3] finish syscall #126: futex(0x55555562b170, 129, 1, NULL, 0x55555562b148, 129) = Ok(1)
    INFO detcore: DETLOG [syscall][detcore, dtid 3] finish syscall #127: newfstatat(-100, 0x7fffffffef27 -> "input.bin", 0x7fffffffe0a0 -> {st_mode=SFlag(S_IFREG) | 0644, st_size=2097152, ...}, AtFlags(0x0)) = Ok(0)
    INFO detcore: DETLOG [syscall][detcore, dtid 3] finish syscall #128: newfstatat(-100, 0x7fffffffef1c -> "out-T4.zst", 0x7fffffffe010 -> {st_mode=SFlag(S_IFREG) | 0644, st_size=254, ...}, AtFlags(0x0)) = Ok(0)

(DETLOG) Mismatch at log messages 1142 (run 1) and 1142 (run 2): [1mDiff[0m [31m< left[0m / [32mright >[0m :
[31m<"INFO detcore: DETLOG [memory][dtid <NUM>] <ADDR>-<ADDR> MMPermissions(READ | WRITE | PRIVATE) <NUM> <NUM>:<NUM> <NUM> [stack]->bc[0m[1;48;5;52;31mc34[0m[31m70[0m[1;48;5;52;31mddf[0m[31m923e[0m[1;48;5;52;31m00[0m[31m3c4[0m[1;48;5;52;31me2[0m[31ma[0m[1;48;5;52;31ma[0m[31m6[0m[1;48;5;52;31m379e[0m[31m5[0m[1;48;5;52;31meeb020b[0m[31m1734[0m[1;48;5;52;31m4b[0m[31m6[0m[1;48;5;52;31m0f[0m[31me5[0m[1;48;5;52;31mbfb[0m[31m3[0m[1;48;5;52;31m7[0m[31ma4[0m[1;48;5;52;31mf4[0m[31m17[0m[1;48;5;52;31mb91176[0m[31m"[0m
[32m>"INFO detcore: DETLOG [memory][dtid <NUM>] <ADDR>-<ADDR> MMPermissions(READ | WRITE | PRIVATE) <NUM> <NUM>:<NUM> <NUM> [stack]->b[0m[1;48;5;22;32m51f7[0m[32mc[0m[1;48;5;22;32mbf[0m[32m7[0m[1;48;5;22;32m8[0m[32m09[0m[1;48;5;22;32m53[0m[32m2[0m[1;48;5;22;32m4b[0m[32m3[0m[1;48;5;22;32m861a76[0m[32me3[0m[1;48;5;22;32m3aa[0m[32mc4a65[0m[1;48;5;22;32mff8c[0m[32m1[0m[1;48;5;22;32mf4a[0m[32m7[0m[1;48;5;22;32m5d[0m[32m3[0m[1;48;5;22;32m3[0m[32m46e[0m[1;48;5;22;32m0[0m[32m5[0m[1;48;5;22;32me4[0m[32m3[0m[1;48;5;22;32m4[0m[32ma41[0m[1;48;5;22;32m23[0m[32m7[0m[1;48;5;22;32mf4[0m[32m"[0m
(DETLOG) Original entries before normalization: [1mDiff[0m [31m< left[0m / [32mright >[0m :
[31m<"INFO detcore: DETLOG [memory][dtid 3] 0x7ffffffde000-0x7ffffffff000 MMPermissions(READ | WRITE | PRIVATE) 0 0:0 0 [stack]->bc[0m[1;48;5;52;31mc34[0m[31m70[0m[1;48;5;52;31mddf[0m[31m923e[0m[1;48;5;52;31m00[0m[31m3c4[0m[1;48;5;52;31me2[0m[31ma[0m[1;48;5;52;31ma[0m[31m6[0m[1;48;5;52;31m379e[0m[31m5[0m[1;48;5;52;31meeb020b[0m[31m1734[0m[1;48;5;52;31m4b[0m[31m6[0m[1;48;5;52;31m0f[0m[31me5[0m[1;48;5;52;31mbfb[0m[31m3[0m[1;48;5;52;31m7[0m[31ma4[0m[1;48;5;52;31mf4[0m[31m17[0m[1;48;5;52;31mb91176[0m[31m"[0m
[32m>"INFO detcore: DETLOG [memory][dtid 3] 0x7ffffffde000-0x7ffffffff000 MMPermissions(READ | WRITE | PRIVATE) 0 0:0 0 [stack]->b[0m[1;48;5;22;32m51f7[0m[32mc[0m[1;48;5;22;32mbf[0m[32m7[0m[1;48;5;22;32m8[0m[32m09[0m[1;48;5;22;32m53[0m[32m2[0m[1;48;5;22;32m4b[0m[32m3[0m[1;48;5;22;32m861a76[0m[32me3[0m[1;48;5;22;32m3aa[0m[32mc4a65[0m[1;48;5;22;32mff8c[0m[32m1[0m[1;48;5;22;32mf4a[0m[32m7[0m[1;48;5;22;32m5d[0m[32m3[0m[1;48;5;22;32m3[0m[32m46e[0m[1;48;5;22;32m0[0m[32m5[0m[1;48;5;22;32me4[0m[32m3[0m[1;48;5;22;32m4[0m[32ma41[0m[1;48;5;22;32m23[0m[32m7[0m[1;48;5;22;32mf4[0m[32m"[0m
Divergent syscall context:
  run 1, log message 1140: INFO detcore: DETLOG [syscall][detcore, dtid 3] finish syscall #129: newfstatat(-100, 0x7fffffffef1c -> "out-T4.zst", 0x7fffffffe0c0 -> {st_mode=SFlag(S_IFIFO) | 00, st_size=0, ...}, AtFlags(0x0)) = Err(Errno(ENOENT))
  run 2, log message 1140: INFO detcore: DETLOG [syscall][detcore, dtid 3] finish syscall #129: newfstatat(-100, 0x7fffffffef1c -> "out-T4.zst", 0x7fffffffe0c0 -> {st_mode=SFlag(S_IFREG) | 0644, st_size=254, ...}, AtFlags(0x0)) = Ok(0)
  Prior completed syscalls for run 1:
    INFO detcore: DETLOG [syscall][detcore, dtid 3] finish syscall #124: newfstatat(-100, 0x7fffffffef27 -> "input.bin", 0x7fffffffe450 -> {st_mode=SFlag(S_IFREG) | 0644, st_size=2097152, ...}, AtFlags(0x0)) = Ok(0)
    INFO detcore: DETLOG [syscall][detcore, dtid 3] finish syscall #125: openat(-100, 0x7fffffffef27 -> "input.bin", 0) = Ok(3)
    INFO detcore: DETLOG [syscall][detcore, dtid 3] finish syscall #126: futex(0x55555562b170, 129, 1, NULL, 0x55555562b148, 129) = Ok(1)
    INFO detcore: DETLOG [syscall][detcore, dtid 3] finish syscall #127: newfstatat(-100, 0x7fffffffef27 -> "input.bin", 0x7fffffffe0a0 -> {st_mode=SFlag(S_IFREG) | 0644, st_size=2097152, ...}, AtFlags(0x0)) = Ok(0)
    INFO detcore: DETLOG [syscall][detcore, dtid 3] finish syscall #128: newfstatat(-100, 0x7fffffffef1c -> "out-T4.zst", 0x7fffffffe010 -> {st_mode=SFlag(S_IFCHR | S_IFDIR | S_IFREG) | 00, st_size=360660, ...}, AtFlags(0x0)) = Err(Errno(ENOENT))
  Prior completed syscalls for run 2:
    INFO detcore: DETLOG [syscall][detcore, dtid 3] finish syscall #124: newfstatat(-100, 0x7fffffffef27 -> "input.bin", 0x7fffffffe450 -> {st_mode=SFlag(S_IFREG) | 0644, st_size=2097152, ...}, AtFlags(0x0)) = Ok(0)
    INFO detcore: DETLOG [syscall][detcore, dtid 3] finish syscall #125: openat(-100, 0x7fffffffef27 -> "input.bin", 0) = Ok(3)
    INFO detcore: DETLOG [syscall][detcore, dtid 3] finish syscall #126: futex(0x55555562b170, 129, 1, NULL, 0x55555562b148, 129) = Ok(1)
    INFO detcore: DETLOG [syscall][detcore, dtid 3] finish syscall #127: newfstatat(-100, 0x7fffffffef27 -> "input.bin", 0x7fffffffe0a0 -> {st_mode=SFlag(S_IFREG) | 0644, st_size=2097152, ...}, AtFlags(0x0)) = Ok(0)
    INFO detcore: DETLOG [syscall][detcore, dtid 3] finish syscall #128: newfstatat(-100, 0x7fffffffef1c -> "out-T4.zst", 0x7fffffffe010 -> {st_mode=SFlag(S_IFREG) | 0644, st_size=254, ...}, AtFlags(0x0)) = Ok(0)

(DETLOG) Mismatch at log messages 1145 (run 1) and 1145 (run 2): [1mDiff[0m [31m< left[0m / [32mright >[0m :
[31m<"INFO detcore: DETLOG [syscall][detcore, dtid <NUM>] inbound syscall: [0m[1;48;5;52;31mope[0m[31mnat(-<NUM>, <ADDR> -> \"out-T4.zst\", [0m[1;48;5;52;31mO[0m[31mFlag([0m[1;48;5;52;31mO_CRE[0m[31mA[0m[1;48;5;52;31mT | O_T[0m[31mR[0m[1;48;5;52;31mUNC | O_WRONLY), Mode(S_IRUSR | S_IWUSR[0m[31m)) = ?"[0m
[32m>"INFO detcore: DETLOG [syscall][detcore, dtid <NUM>] inbound syscall: n[0m[1;48;5;22;32mewfst[0m[32mat[0m[1;48;5;22;32mat[0m[32m(-<NUM>, <ADDR> -> \"out-T4.zst\", [0m[1;48;5;22;32m<ADDR>, At[0m[32mFlag[0m[1;48;5;22;32ms[0m[32m([0m[1;48;5;22;32m<[0m[32mA[0m[1;48;5;22;32mDD[0m[32mR[0m[1;48;5;22;32m>[0m[32m)) = ?"[0m
(DETLOG) Original entries before normalization: [1mDiff[0m [31m< left[0m / [32mright >[0m :
[31m<"INFO detcore: DETLOG [syscall][detcore, dtid 3] inbound syscall: [0m[1;48;5;52;31mope[0m[31mnat(-100, 0x7fffffffef1c -> \"out-T4.zst\", [0m[1;48;5;52;31mO[0m[31mFlag([0m[1;48;5;52;31mO_CREAT | O_TRUNC | O_WRONLY), Mode(S_IRUSR | S_IWUSR[0m[31m)) = ?"[0m
[32m>"INFO detcore: DETLOG [syscall][detcore, dtid 3] inbound syscall: n[0m[1;48;5;22;32mewfst[0m[32mat[0m[1;48;5;22;32mat[0m[32m(-100, 0x7fffffffef1c -> \"out-T4.zst\", [0m[1;48;5;22;32m0x7fffffffe0b0, At[0m[32mFlag[0m[1;48;5;22;32ms[0m[32m([0m[1;48;5;22;32m0x0[0m[32m)) = ?"[0m
Divergent syscall context:
  run 1, log message 1145: INFO detcore: DETLOG [syscall][detcore, dtid 3] inbound syscall: openat(-100, 0x7fffffffef1c -> "out-T4.zst", OFlag(O_CREAT | O_TRUNC | O_WRONLY), Mode(S_IRUSR | S_IWUSR)) = ?
  run 2, log message 1145: INFO detcore: DETLOG [syscall][detcore, dtid 3] inbound syscall: newfstatat(-100, 0x7fffffffef1c -> "out-T4.zst", 0x7fffffffe0b0, AtFlags(0x0)) = ?
  Prior completed syscalls for run 1:
    INFO detcore: DETLOG [syscall][detcore, dtid 3] finish syscall #125: openat(-100, 0x7fffffffef27 -> "input.bin", 0) = Ok(3)
    INFO detcore: DETLOG [syscall][detcore, dtid 3] finish syscall #126: futex(0x55555562b170, 129, 1, NULL, 0x55555562b148, 129) = Ok(1)
    INFO detcore: DETLOG [syscall][detcore, dtid 3] finish syscall #127: newfstatat(-100, 0x7fffffffef27 -> "input.bin", 0x7fffffffe0a0 -> {st_mode=SFlag(S_IFREG) | 0644, st_size=2097152, ...}, AtFlags(0x0)) = Ok(0)
    INFO detcore: DETLOG [syscall][detcore, dtid 3] finish syscall #128: newfstatat(-100, 0x7fffffffef1c -> "out-T4.zst", 0x7fffffffe010 -> {st_mode=SFlag(S_IFCHR | S_IFDIR | S_IFREG) | 00, st_size=360660, ...}, AtFlags(0x0)) = Err(Errno(ENOENT))
    INFO detcore: DETLOG [syscall][detcore, dtid 3] finish syscall #129: newfstatat(-100, 0x7fffffffef1c -> "out-T4.zst", 0x7fffffffe0c0 -> {st_mode=SFlag(S_IFIFO) | 00, st_size=0, ...}, AtFlags(0x0)) = Err(Errno(ENOENT))
  Prior completed syscalls for run 2:
    INFO detcore: DETLOG [syscall][detcore, dtid 3] finish syscall #125: openat(-100, 0x7fffffffef27 -> "input.bin", 0) = Ok(3)
    INFO detcore: DETLOG [syscall][detcore, dtid 3] finish syscall #126: futex(0x55555562b170, 129, 1, NULL, 0x55555562b148, 129) = Ok(1)
    INFO detcore: DETLOG [syscall][detcore, dtid 3] finish syscall #127: newfstatat(-100, 0x7fffffffef27 -> "input.bin", 0x7fffffffe0a0 -> {st_mode=SFlag(S_IFREG) | 0644, st_size=2097152, ...}, AtFlags(0x0)) = Ok(0)
    INFO detcore: DETLOG [syscall][detcore, dtid 3] finish syscall #128: newfstatat(-100, 0x7fffffffef1c -> "out-T4.zst", 0x7fffffffe010 -> {st_mode=SFlag(S_IFREG) | 0644, st_size=254, ...}, AtFlags(0x0)) = Ok(0)
    INFO detcore: DETLOG [syscall][detcore, dtid 3] finish syscall #129: newfstatat(-100, 0x7fffffffef1c -> "out-T4.zst", 0x7fffffffe0c0 -> {st_mode=SFlag(S_IFREG) | 0644, st_size=254, ...}, AtFlags(0x0)) = Ok(0)

(DETLOG) Mismatch at log messages 1146 (run 1) and 1147 (run 2): [1mDiff[0m [31m< left[0m / [32mright >[0m :
[31m<"[0m[1;48;5;52;31mDEBUG[0m[31m detcore:[0m[1;48;5;52;31m:scheduler:[0m[31m DETLOG [sc[0m[1;48;5;52;31mhed] [0m[31mad[0m[1;48;5;52;31mvan[0m[31mce [0m[1;48;5;52;31mglobal [0m[31mti[0m[1;48;5;52;31mme[0m[31m f[0m[1;48;5;52;31mor[0m[31m sc[0m[1;48;5;52;31mhedu[0m[31ml[0m[1;48;5;52;31mer[0m[31m [0m[1;48;5;52;31mturn,[0m[31m new t[0m[1;48;5;52;31mime[0m[31m [0m[1;48;5;52;31mL[0m[31mogi[0m[1;48;5;52;31mcalTim[0m[31me(<NUM>)"[0m
[32m>"[0m[1;48;5;22;32mINFO[0m[32m detcore: DETLOG [s[0m[1;48;5;22;32mys[0m[32mca[0m[1;48;5;22;32mll][[0m[32md[0m[1;48;5;22;32met[0m[32mc[0m[1;48;5;22;32mor[0m[32me[0m[1;48;5;22;32m,[0m[32m [0m[1;48;5;22;32md[0m[32mti[0m[1;48;5;22;32md[0m[32m [0m[1;48;5;22;32m<NUM>] [0m[32mf[0m[1;48;5;22;32minish[0m[32m s[0m[1;48;5;22;32mys[0m[32mc[0m[1;48;5;22;32ma[0m[32ml[0m[1;48;5;22;32ml[0m[32m [0m[1;48;5;22;32m#<NUM>:[0m[32m new[0m[1;48;5;22;32mfstatat(-<NUM>,[0m[32m [0m[1;48;5;22;32m<ADDR> -> \"ou[0m[32mt[0m[1;48;5;22;32m-T4.zst\",[0m[32m [0m[1;48;5;22;32m<ADDR> -> {st_m[0m[32mo[0m[1;48;5;22;32mde=SFla[0m[32mg[0m[1;48;5;22;32m(S_IFREG) | <NUM>, st_s[0m[32mi[0m[1;48;5;22;32mz[0m[32me[0m[1;48;5;22;32m=<NUM>, ...}, AtFlags(<ADDR>)) = Ok[0m[32m(<NUM>)"[0m
(DETLOG) Original entries before normalization: [1mDiff[0m [31m< left[0m / [32mright >[0m :
[31m<"[0m[1;48;5;52;31mDEBUG[0m[31m detcore:[0m[1;48;5;52;31m:scheduler:[0m[31m DETLOG [sc[0m[1;48;5;52;31mhed] [0m[31mad[0m[1;48;5;52;31mvan[0m[31mce [0m[1;48;5;52;31mglobal [0m[31mti[0m[1;48;5;52;31mme[0m[31m f[0m[1;48;5;52;31mor[0m[31m sc[0m[1;48;5;52;31mhedu[0m[31ml[0m[1;48;5;52;31mer[0m[31m [0m[1;48;5;52;31mturn,[0m[31m new[0m[1;48;5;52;31m [0m[31mt[0m[1;48;5;52;31mim[0m[31me [0m[1;48;5;52;31mL[0m[31mo[0m[1;48;5;52;31mgical[0m[31mT[0m[1;48;5;52;31mi[0m[31mme([0m[1;48;5;52;31m17[0m[31m6[0m[1;48;5;52;31m7[0m[31m2[0m[1;48;5;52;31m2[0m[31m5[0m[1;48;5;52;31m6[0m[31m000[0m[1;48;5;52;31m18933965[0m[31m)"[0m
[32m>"[0m[1;48;5;22;32mINFO[0m[32m detcore: DETLOG [s[0m[1;48;5;22;32mys[0m[32mca[0m[1;48;5;22;32mll][[0m[32md[0m[1;48;5;22;32met[0m[32mc[0m[1;48;5;22;32mor[0m[32me[0m[1;48;5;22;32m,[0m[32m [0m[1;48;5;22;32md[0m[32mti[0m[1;48;5;22;32md[0m[32m [0m[1;48;5;22;32m3] [0m[32mf[0m[1;48;5;22;32minish[0m[32m s[0m[1;48;5;22;32mys[0m[32mc[0m[1;48;5;22;32ma[0m[32ml[0m[1;48;5;22;32ml[0m[32m [0m[1;48;5;22;32m#130:[0m[32m new[0m[1;48;5;22;32mfs[0m[32mt[0m[1;48;5;22;32matat(-100, 0x7fffffff[0m[32me[0m[1;48;5;22;32mf1c[0m[32m [0m[1;48;5;22;32m-> \"[0m[32mo[0m[1;48;5;22;32mut-[0m[32mT[0m[1;48;5;22;32m4.zst\", 0x7fffffffe0b0 -> {st_[0m[32mm[0m[1;48;5;22;32mod[0m[32me[0m[1;48;5;22;32m=SFlag[0m[32m([0m[1;48;5;22;32mS_IFREG) | 0[0m[32m6[0m[1;48;5;22;32m44, st_size=[0m[32m25[0m[1;48;5;22;32m4, ...}, AtFlags([0m[32m0[0m[1;48;5;22;32mx[0m[32m0[0m[1;48;5;22;32m)) = Ok([0m[32m0)"[0m
Divergent syscall context:
  run 1, log message 1145: INFO detcore: DETLOG [syscall][detcore, dtid 3] inbound syscall: openat(-100, 0x7fffffffef1c -> "out-T4.zst", OFlag(O_CREAT | O_TRUNC | O_WRONLY), Mode(S_IRUSR | S_IWUSR)) = ?
  run 2, log message 1147: INFO detcore: DETLOG [syscall][detcore, dtid 3] finish syscall #130: newfstatat(-100, 0x7fffffffef1c -> "out-T4.zst", 0x7fffffffe0b0 -> {st_mode=SFlag(S_IFREG) | 0644, st_size=254, ...}, AtFlags(0x0)) = Ok(0)
  Prior completed syscalls for run 1:
    INFO detcore: DETLOG [syscall][detcore, dtid 3] finish syscall #125: openat(-100, 0x7fffffffef27 -> "input.bin", 0) = Ok(3)
    INFO detcore: DETLOG [syscall][detcore, dtid 3] finish syscall #126: futex(0x55555562b170, 129, 1, NULL, 0x55555562b148, 129) = Ok(1)
    INFO detcore: DETLOG [syscall][detcore, dtid 3] finish syscall #127: newfstatat(-100, 0x7fffffffef27 -> "input.bin", 0x7fffffffe0a0 -> {st_mode=SFlag(S_IFREG) | 0644, st_size=2097152, ...}, AtFlags(0x0)) = Ok(0)
    INFO detcore: DETLOG [syscall][detcore, dtid 3] finish syscall #128: newfstatat(-100, 0x7fffffffef1c -> "out-T4.zst", 0x7fffffffe010 -> {st_mode=SFlag(S_IFCHR | S_IFDIR | S_IFREG) | 00, st_size=360660, ...}, AtFlags(0x0)) = Err(Errno(ENOENT))
    INFO detcore: DETLOG [syscall][detcore, dtid 3] finish syscall #129: newfstatat(-100, 0x7fffffffef1c -> "out-T4.zst", 0x7fffffffe0c0 -> {st_mode=SFlag(S_IFIFO) | 00, st_size=0, ...}, AtFlags(0x0)) = Err(Errno(ENOENT))
  Prior completed syscalls for run 2:
    INFO detcore: DETLOG [syscall][detcore, dtid 3] finish syscall #125: openat(-100, 0x7fffffffef27 -> "input.bin", 0) = Ok(3)
    INFO detcore: DETLOG [syscall][detcore, dtid 3] finish syscall #126: futex(0x55555562b170, 129, 1, NULL, 0x55555562b148, 129) = Ok(1)
    INFO detcore: DETLOG [syscall][detcore, dtid 3] finish syscall #127: newfstatat(-100, 0x7fffffffef27 -> "input.bin", 0x7fffffffe0a0 -> {st_mode=SFlag(S_IFREG) | 0644, st_size=2097152, ...}, AtFlags(0x0)) = Ok(0)
    INFO detcore: DETLOG [syscall][detcore, dtid 3] finish syscall #128: newfstatat(-100, 0x7fffffffef1c -> "out-T4.zst", 0x7fffffffe010 -> {st_mode=SFlag(S_IFREG) | 0644, st_size=254, ...}, AtFlags(0x0)) = Ok(0)
    INFO detcore: DETLOG [syscall][detcore, dtid 3] finish syscall #129: newfstatat(-100, 0x7fffffffef1c -> "out-T4.zst", 0x7fffffffe0c0 -> {st_mode=SFlag(S_IFREG) | 0644, st_size=254, ...}, AtFlags(0x0)) = Ok(0)

(DETLOG) Mismatch at log messages 1149 (run 1) and 1148 (run 2): [1mDiff[0m [31m< left[0m / [32mright >[0m :
[31m<"INFO detcore:[0m[1;48;5;52;31m:scheduler:[0m[31m [[0m[1;48;5;52;31msch[0m[31med[0m[1;48;5;52;31m-s[0m[31mt[0m[1;48;5;52;31mep5[0m[31m] >>[0m[1;48;5;52;31m>>>>>\n\n[0m[31m [0m[1;48;5;52;31mCO[0m[31mMMIT [0m[1;48;5;52;31mturn[0m[31m <NUM>[0m[1;48;5;52;31m,[0m[31m [0m[1;48;5;52;31mdettid[0m[31m <NUM> [0m[1;48;5;52;31musing r[0m[31me[0m[1;48;5;52;31msour[0m[31mce[0m[1;48;5;52;31ms {P[0m[31ma[0m[1;48;5;52;31mth(\"out-T4.zst\"): R}, on pr[0m[31me[0m[1;48;5;52;31mviously [0m[31mc[0m[1;48;5;52;31mommitt[0m[31med[0m[1;48;5;52;31m <NANOSECONDS>[0m[31m"[0m
[32m>"INFO detcore: [0m[1;48;5;22;32mDETLOG [0m[32m[[0m[1;48;5;22;32mm[0m[32me[0m[1;48;5;22;32mmory][[0m[32mdt[0m[1;48;5;22;32mid <NUM>[0m[32m] [0m[1;48;5;22;32m<ADDR[0m[32m>[0m[1;48;5;22;32m-<ADDR[0m[32m> MM[0m[1;48;5;22;32mPermissions(READ | WR[0m[32mIT[0m[1;48;5;22;32mE[0m[32m [0m[1;48;5;22;32m|[0m[32m [0m[1;48;5;22;32mPRIVATE) [0m[32m<NUM> [0m[1;48;5;22;32m<NUM>:<NUM>[0m[32m <NUM> [0m[1;48;5;22;32m[h[0m[32me[0m[1;48;5;22;32map]->1ae[0m[32mc[0m[1;48;5;22;32mb8a65[0m[32me[0m[1;48;5;22;32m6668e[0m[32ma[0m[1;48;5;22;32maa9[0m[32me[0m[1;48;5;22;32m77a36f7[0m[32mc[0m[1;48;5;22;32mdf0a3[0m[32me[0m[1;48;5;22;32mf[0m[32md[0m[1;48;5;22;32m7b3057fadfe1a609b6266468a843[0m[32m"[0m
(DETLOG) Original entries before normalization: [1mDiff[0m [31m< left[0m / [32mright >[0m :
[31m<"INFO detcore:[0m[1;48;5;52;31m:scheduler:[0m[31m [[0m[1;48;5;52;31msch[0m[31med[0m[1;48;5;52;31m-s[0m[31mt[0m[1;48;5;52;31mep5[0m[31m] [0m[1;48;5;52;31m>>>>>>>\n\n[0m[31m [0m[1;48;5;52;31mCO[0m[31mMM[0m[1;48;5;52;31mIT turn 23, d[0m[31me[0m[1;48;5;52;31mtt[0m[31mi[0m[1;48;5;52;31md 3 u[0m[31msin[0m[1;48;5;52;31mg re[0m[31ms[0m[1;48;5;52;31mources[0m[31m [0m[1;48;5;52;31m{[0m[31mP[0m[1;48;5;52;31math(\"out-[0m[31mT[0m[1;48;5;52;31m4.zst\"[0m[31m)[0m[1;48;5;52;31m:[0m[31m [0m[1;48;5;52;31mR},[0m[31m [0m[1;48;5;52;31mon[0m[31m p[0m[1;48;5;52;31mr[0m[31me[0m[1;48;5;52;31mviously [0m[31mc[0m[1;48;5;52;31mommitt[0m[31me[0m[1;48;5;52;31md 1_7[0m[31m67[0m[1;48;5;52;31m_225_[0m[31m600[0m[1;48;5;52;31m.0[0m[31m1[0m[1;48;5;52;31m8_[0m[31m9[0m[1;48;5;52;31m33_9[0m[31m6[0m[1;48;5;52;31m5s[0m[31m"[0m
[32m>"INFO detcore: [0m[1;48;5;22;32mDETLOG [0m[32m[[0m[1;48;5;22;32mm[0m[32me[0m[1;48;5;22;32mmory][[0m[32mdt[0m[1;48;5;22;32mid 3[0m[32m] [0m[1;48;5;22;32m0x555555629000-0x55555564a000[0m[32m MM[0m[1;48;5;22;32mP[0m[32me[0m[1;48;5;22;32mrm[0m[32mis[0m[1;48;5;22;32ms[0m[32mi[0m[1;48;5;22;32mo[0m[32mns[0m[1;48;5;22;32m(READ[0m[32m [0m[1;48;5;22;32m| WRITE | [0m[32mP[0m[1;48;5;22;32mRIVA[0m[32mT[0m[1;48;5;22;32mE[0m[32m) [0m[1;48;5;22;32m0[0m[32m [0m[1;48;5;22;32m0:0[0m[32m [0m[1;48;5;22;32m0 [hea[0m[32mp[0m[1;48;5;22;32m]->1a[0m[32mec[0m[1;48;5;22;32mb8a65[0m[32me6[0m[1;48;5;22;32m668eaaa9e[0m[32m7[0m[1;48;5;22;32m7a3[0m[32m6[0m[1;48;5;22;32mf7cdf[0m[32m0[0m[1;48;5;22;32ma3efd7b3[0m[32m0[0m[1;48;5;22;32m57fadfe[0m[32m1[0m[1;48;5;22;32ma60[0m[32m9[0m[1;48;5;22;32mb[0m[32m6[0m[1;48;5;22;32m266468a843[0m[32m"[0m
Divergent syscall context:
  run 1, log message 1145: INFO detcore: DETLOG [syscall][detcore, dtid 3] inbound syscall: openat(-100, 0x7fffffffef1c -> "out-T4.zst", OFlag(O_CREAT | O_TRUNC | O_WRONLY), Mode(S_IRUSR | S_IWUSR)) = ?
  run 2, log message 1147: INFO detcore: DETLOG [syscall][detcore, dtid 3] finish syscall #130: newfstatat(-100, 0x7fffffffef1c -> "out-T4.zst", 0x7fffffffe0b0 -> {st_mode=SFlag(S_IFREG) | 0644, st_size=254, ...}, AtFlags(0x0)) = Ok(0)
  Prior completed syscalls for run 1:
    INFO detcore: DETLOG [syscall][detcore, dtid 3] finish syscall #125: openat(-100, 0x7fffffffef27 -> "input.bin", 0) = Ok(3)
    INFO detcore: DETLOG [syscall][detcore, dtid 3] finish syscall #126: futex(0x55555562b170, 129, 1, NULL, 0x55555562b148, 129) = Ok(1)
    INFO detcore: DETLOG [syscall][detcore, dtid 3] finish syscall #127: newfstatat(-100, 0x7fffffffef27 -> "input.bin", 0x7fffffffe0a0 -> {st_mode=SFlag(S_IFREG) | 0644, st_size=2097152, ...}, AtFlags(0x0)) = Ok(0)
    INFO detcore: DETLOG [syscall][detcore, dtid 3] finish syscall #128: newfstatat(-100, 0x7fffffffef1c -> "out-T4.zst", 0x7fffffffe010 -> {st_mode=SFlag(S_IFCHR | S_IFDIR | S_IFREG) | 00, st_size=360660, ...}, AtFlags(0x0)) = Err(Errno(ENOENT))
    INFO detcore: DETLOG [syscall][detcore, dtid 3] finish syscall #129: newfstatat(-100, 0x7fffffffef1c -> "out-T4.zst", 0x7fffffffe0c0 -> {st_mode=SFlag(S_IFIFO) | 00, st_size=0, ...}, AtFlags(0x0)) = Err(Errno(ENOENT))
  Prior completed syscalls for run 2:
    INFO detcore: DETLOG [syscall][detcore, dtid 3] finish syscall #125: openat(-100, 0x7fffffffef27 -> "input.bin", 0) = Ok(3)
    INFO detcore: DETLOG [syscall][detcore, dtid 3] finish syscall #126: futex(0x55555562b170, 129, 1, NULL, 0x55555562b148, 129) = Ok(1)
    INFO detcore: DETLOG [syscall][detcore, dtid 3] finish syscall #127: newfstatat(-100, 0x7fffffffef27 -> "input.bin", 0x7fffffffe0a0 -> {st_mode=SFlag(S_IFREG) | 0644, st_size=2097152, ...}, AtFlags(0x0)) = Ok(0)
    INFO detcore: DETLOG [syscall][detcore, dtid 3] finish syscall #128: newfstatat(-100, 0x7fffffffef1c -> "out-T4.zst", 0x7fffffffe010 -> {st_mode=SFlag(S_IFREG) | 0644, st_size=254, ...}, AtFlags(0x0)) = Ok(0)
    INFO detcore: DETLOG [syscall][detcore, dtid 3] finish syscall #129: newfstatat(-100, 0x7fffffffef1c -> "out-T4.zst", 0x7fffffffe0c0 -> {st_mode=SFlag(S_IFREG) | 0644, st_size=254, ...}, AtFlags(0x0)) = Ok(0)

(DETLOG) Mismatch at log messages 1154 (run 1) and 1149 (run 2): [1mDiff[0m [31m< left[0m / [32mright >[0m :
[31m<"INFO detcore: DETLOG [[0m[1;48;5;52;31ms[0m[31my[0m[1;48;5;52;31mscall[0m[31m][d[0m[1;48;5;52;31me[0m[31mt[0m[1;48;5;52;31mcore, dt[0m[31mid <NUM>] [0m[1;48;5;52;31mfinish syscall #[0m[31m<[0m[1;48;5;52;31mNUM[0m[31m>[0m[1;48;5;52;31m: openat([0m[31m-<[0m[1;48;5;52;31mNUM>, <[0m[31mADDR> [0m[1;48;5;52;31m-> \"[0m[31mo[0m[1;48;5;52;31mut-T4.z[0m[31ms[0m[1;48;5;52;31mt\", OFlag[0m[31m([0m[1;48;5;52;31mO_C[0m[31mREA[0m[1;48;5;52;31mT[0m[31m | [0m[1;48;5;52;31mO_T[0m[31mR[0m[1;48;5;52;31mUNC[0m[31m | [0m[1;48;5;52;31mO_W[0m[31mR[0m[1;48;5;52;31mONLY[0m[31m)[0m[1;48;5;52;31m,[0m[31m [0m[1;48;5;52;31mMode(S_IR[0m[31mU[0m[1;48;5;52;31mSR[0m[31m [0m[1;48;5;52;31m| S_IW[0m[31mU[0m[1;48;5;52;31mSR))[0m[31m [0m[1;48;5;52;31m= Ok([0m[31m<NUM>[0m[1;48;5;52;31m)[0m[31m"[0m
[32m>"INFO detcore: DETLOG [[0m[1;48;5;22;32mmemor[0m[32my][dtid <NUM>] <[0m[1;48;5;22;32mADDR[0m[32m>-<ADDR> [0m[1;48;5;22;32mMMPermissi[0m[32mo[0m[1;48;5;22;32mn[0m[32ms(REA[0m[1;48;5;22;32mD[0m[32m | [0m[1;48;5;22;32mW[0m[32mR[0m[1;48;5;22;32mITE[0m[32m | [0m[1;48;5;22;32mP[0m[32mR[0m[1;48;5;22;32mIVATE[0m[32m) [0m[1;48;5;22;32m<N[0m[32mU[0m[1;48;5;22;32mM>[0m[32m [0m[1;48;5;22;32m<N[0m[32mU[0m[1;48;5;22;32mM>:<NUM>[0m[32m <NUM>[0m[1;48;5;22;32m [stack]->7f2cdefb16cf43894a64d242815b6314d3f786544ec23132c9f8bb18ad2b0caf[0m[32m"[0m
(DETLOG) Original entries before normalization: [1mDiff[0m [31m< left[0m / [32mright >[0m :
[31m<"INFO detcore: DETLOG [[0m[1;48;5;52;31ms[0m[31my[0m[1;48;5;52;31mscall[0m[31m][d[0m[1;48;5;52;31me[0m[31mt[0m[1;48;5;52;31mcore, dt[0m[31mid 3] [0m[1;48;5;52;31mfinish syscall #13[0m[31m0[0m[1;48;5;52;31m: op[0m[31me[0m[1;48;5;52;31mnat(-1[0m[31m00[0m[1;48;5;52;31m, [0m[31m0x7fffffff[0m[1;48;5;52;31me[0m[31mf[0m[1;48;5;52;31m1c[0m[31m [0m[1;48;5;52;31m-> \"[0m[31mo[0m[1;48;5;52;31mut-T4.z[0m[31ms[0m[1;48;5;52;31mt\", OFlag[0m[31m([0m[1;48;5;52;31mO_C[0m[31mREA[0m[1;48;5;52;31mT[0m[31m | [0m[1;48;5;52;31mO_TRUNC | O_[0m[31mWR[0m[1;48;5;52;31mONLY), Mode(S_[0m[31mI[0m[1;48;5;52;31mRUSR[0m[31m | [0m[1;48;5;52;31mS_IWUS[0m[31mR)[0m[1;48;5;52;31m)[0m[31m [0m[1;48;5;52;31m=[0m[31m [0m[1;48;5;52;31mO[0m[31mk[0m[1;48;5;52;31m([0m[31m4[0m[1;48;5;52;31m)[0m[31m"[0m
[32m>"INFO detcore: DETLOG [[0m[1;48;5;22;32mmemor[0m[32my][dtid 3] 0[0m[1;48;5;22;32mx7ffffffd[0m[32me000[0m[1;48;5;22;32m-0[0m[32mx7ffffffff[0m[1;48;5;22;32m000[0m[32m [0m[1;48;5;22;32mMMPermissi[0m[32mo[0m[1;48;5;22;32mn[0m[32ms(REA[0m[1;48;5;22;32mD[0m[32m | WRI[0m[1;48;5;22;32mTE[0m[32m | [0m[1;48;5;22;32mP[0m[32mR[0m[1;48;5;22;32mIVATE[0m[32m) [0m[1;48;5;22;32m0[0m[32m [0m[1;48;5;22;32m0:0 0 [stac[0m[32mk[0m[1;48;5;22;32m]->7f2cdefb16cf[0m[32m4[0m[1;48;5;22;32m3894a64d242815b6314d3f786544ec23132c9f8bb18ad2b0caf[0m[32m"[0m
Divergent syscall context:
  run 1, log message 1154: INFO detcore: DETLOG [syscall][detcore, dtid 3] finish syscall #130: openat(-100, 0x7fffffffef1c -> "out-T4.zst", OFlag(O_CREAT | O_TRUNC | O_WRONLY), Mode(S_IRUSR | S_IWUSR)) = Ok(4)
  run 2, log message 1147: INFO detcore: DETLOG [syscall][detcore, dtid 3] finish syscall #130: newfstatat(-100, 0x7fffffffef1c -> "out-T4.zst", 0x7fffffffe0b0 -> {st_mode=SFlag(S_IFREG) | 0644, st_size=254, ...}, AtFlags(0x0)) = Ok(0)
  Prior completed syscalls for run 1:
    INFO detcore: DETLOG [syscall][detcore, dtid 3] finish syscall #125: openat(-100, 0x7fffffffef27 -> "input.bin", 0) = Ok(3)
    INFO detcore: DETLOG [syscall][detcore, dtid 3] finish syscall #126: futex(0x55555562b170, 129, 1, NULL, 0x55555562b148, 129) = Ok(1)
    INFO detcore: DETLOG [syscall][detcore, dtid 3] finish syscall #127: newfstatat(-100, 0x7fffffffef27 -> "input.bin", 0x7fffffffe0a0 -> {st_mode=SFlag(S_IFREG) | 0644, st_size=2097152, ...}, AtFlags(0x0)) = Ok(0)
    INFO detcore: DETLOG [syscall][detcore, dtid 3] finish syscall #128: newfstatat(-100, 0x7fffffffef1c -> "out-T4.zst", 0x7fffffffe010 -> {st_mode=SFlag(S_IFCHR | S_IFDIR | S_IFREG) | 00, st_size=360660, ...}, AtFlags(0x0)) = Err(Errno(ENOENT))
    INFO detcore: DETLOG [syscall][detcore, dtid 3] finish syscall #129: newfstatat(-100, 0x7fffffffef1c -> "out-T4.zst", 0x7fffffffe0c0 -> {st_mode=SFlag(S_IFIFO) | 00, st_size=0, ...}, AtFlags(0x0)) = Err(Errno(ENOENT))
  Prior completed syscalls for run 2:
    INFO detcore: DETLOG [syscall][detcore, dtid 3] finish syscall #125: openat(-100, 0x7fffffffef27 -> "input.bin", 0) = Ok(3)
    INFO detcore: DETLOG [syscall][detcore, dtid 3] finish syscall #126: futex(0x55555562b170, 129, 1, NULL, 0x55555562b148, 129) = Ok(1)
    INFO detcore: DETLOG [syscall][detcore, dtid 3] finish syscall #127: newfstatat(-100, 0x7fffffffef27 -> "input.bin", 0x7fffffffe0a0 -> {st_mode=SFlag(S_IFREG) | 0644, st_size=2097152, ...}, AtFlags(0x0)) = Ok(0)
    INFO detcore: DETLOG [syscall][detcore, dtid 3] finish syscall #128: newfstatat(-100, 0x7fffffffef1c -> "out-T4.zst", 0x7fffffffe010 -> {st_mode=SFlag(S_IFREG) | 0644, st_size=254, ...}, AtFlags(0x0)) = Ok(0)
    INFO detcore: DETLOG [syscall][detcore, dtid 3] finish syscall #129: newfstatat(-100, 0x7fffffffef1c -> "out-T4.zst", 0x7fffffffe0c0 -> {st_mode=SFlag(S_IFREG) | 0644, st_size=254, ...}, AtFlags(0x0)) = Ok(0)

(DETLOG) Mismatch at log messages 1155 (run 1) and 1150 (run 2): [1mDiff[0m [31m< left[0m / [32mright >[0m :
[31m<"[0m[1;48;5;52;31mINFO[0m[31m detcore: DETLOG [0m[1;48;5;52;31m[mem[0m[31mor[0m[1;48;5;52;31my][0m[31m[dtid <NUM>] <ADDR>[0m[1;48;5;52;31m-[0m[31m<ADDR> [0m[1;48;5;52;31mMMPe[0m[31mr[0m[1;48;5;52;31mmi[0m[31ms[0m[1;48;5;52;31ms[0m[31mi[0m[1;48;5;52;31mon[0m[31ms[0m[1;48;5;52;31m([0m[31mR[0m[1;48;5;52;31mE[0m[31mAD [0m[1;48;5;52;31m|[0m[31m [0m[1;48;5;52;31mW[0m[31mR[0m[1;48;5;52;31mITE[0m[31m [0m[1;48;5;52;31m|[0m[31m [0m[1;48;5;52;31mP[0m[31mR[0m[1;48;5;52;31mIV[0m[31mA[0m[1;48;5;52;31mTE)[0m[31m <[0m[1;48;5;52;31mNUM[0m[31m> <[0m[1;48;5;52;31mNUM[0m[31m>[0m[1;48;5;52;31m:[0m[31m<[0m[1;48;5;52;31mNUM[0m[31m> <[0m[1;48;5;52;31mNUM[0m[31m> [0m[1;48;5;52;31m[hea[0m[31mp[0m[1;48;5;52;31m]-[0m[31m>[0m[1;48;5;52;31m1a[0m[31me[0m[1;48;5;52;31mcb8a65e6668eaaa9e77a36[0m[31mf[0m[1;48;5;52;31m7[0m[31mcd[0m[1;48;5;52;31mf0a3[0m[31mef[0m[1;48;5;52;31md7b3057fadfe1a609b6266468a843[0m[31m"[0m
[32m>"[0m[1;48;5;22;32mDEBUG[0m[32m detcore: DETLOG [0m[1;48;5;22;32m(p[0m[32mo[0m[1;48;5;22;32mst) [0m[32mr[0m[1;48;5;22;32megisters [0m[32m[dtid <NUM>][0m[1;48;5;22;32m[rcbs[0m[32m <[0m[1;48;5;22;32mNUM>]. rax <[0m[32mADDR>[0m[1;48;5;22;32m rbx [0m[32m<ADDR> r[0m[1;48;5;22;32mcx <ADDR> rdx <ADDR> r[0m[32msi[0m[1;48;5;22;32m <ADDR> rdi <ADDR> rbp <ADDR> r[0m[32ms[0m[1;48;5;22;32mp <ADD[0m[32mR[0m[1;48;5;22;32m> r8 <[0m[32mAD[0m[1;48;5;22;32mDR>[0m[32m  [0m[1;48;5;22;32mr9 <ADD[0m[32mR[0m[1;48;5;22;32m>[0m[32m [0m[1;48;5;22;32mr10[0m[32m [0m[1;48;5;22;32m<ADD[0m[32mR[0m[1;48;5;22;32m> r11 <[0m[32mA[0m[1;48;5;22;32mDDR>[0m[32m [0m[1;48;5;22;32mr12 [0m[32m<[0m[1;48;5;22;32mADDR[0m[32m> [0m[1;48;5;22;32mr13 [0m[32m<[0m[1;48;5;22;32mADDR[0m[32m>[0m[1;48;5;22;32m r14 [0m[32m<[0m[1;48;5;22;32mADDR[0m[32m> [0m[1;48;5;22;32mr15 [0m[32m<[0m[1;48;5;22;32mADDR[0m[32m> [0m[1;48;5;22;32mri[0m[32mp[0m[1;48;5;22;32m <ADDR[0m[32m>[0m[1;48;5;22;32m [0m[32mef[0m[1;48;5;22;32mlags <ADDR> [0m[32mc[0m[1;48;5;22;32ms <ADDR> ss <ADDR> [0m[32md[0m[1;48;5;22;32ms <ADDR> [0m[32me[0m[1;48;5;22;32ms <ADDR> [0m[32mf[0m[1;48;5;22;32ms <ADDR> gs <ADDR>[0m[32m"[0m
(DETLOG) Original entries before normalization: [1mDiff[0m [31m< left[0m / [32mright >[0m :
[31m<"[0m[1;48;5;52;31mINFO[0m[31m detcore: DETLOG [0m[1;48;5;52;31m[mem[0m[31mor[0m[1;48;5;52;31my][0m[31m[dtid 3] 0x55555562900[0m[1;48;5;52;31m0-0[0m[31mx[0m[1;48;5;52;31m55555564[0m[31ma000 [0m[1;48;5;52;31mMMP[0m[31mer[0m[1;48;5;52;31mm[0m[31mis[0m[1;48;5;52;31msions(READ[0m[31m [0m[1;48;5;52;31m|[0m[31m [0m[1;48;5;52;31mWRITE[0m[31m [0m[1;48;5;52;31m|[0m[31m [0m[1;48;5;52;31mPRIVATE)[0m[31m 0 0[0m[1;48;5;52;31m:[0m[31m0 0 [0m[1;48;5;52;31m[heap]->[0m[31m1[0m[1;48;5;52;31ma[0m[31mec[0m[1;48;5;52;31mb[0m[31m8[0m[1;48;5;52;31ma6[0m[31m5[0m[1;48;5;52;31me6668eaaa9e[0m[31m7[0m[1;48;5;52;31m7a36[0m[31mf[0m[1;48;5;52;31m7cd[0m[31mf[0m[1;48;5;52;31m0a3[0m[31mef[0m[1;48;5;52;31md7b3[0m[31m0[0m[1;48;5;52;31m5[0m[31m7f[0m[1;48;5;52;31mad[0m[31mfe[0m[1;48;5;52;31m1[0m[31ma[0m[1;48;5;52;31m609[0m[31mb[0m[1;48;5;52;31m6[0m[31m2[0m[1;48;5;52;31m66[0m[31m46[0m[1;48;5;52;31m8a84[0m[31m3"[0m
[32m>"[0m[1;48;5;22;32mDEBUG[0m[32m detcore: DETLOG [0m[1;48;5;22;32m(p[0m[32mo[0m[1;48;5;22;32mst) [0m[32mr[0m[1;48;5;22;32megisters [0m[32m[dtid 3][0m[1;48;5;22;32m[rcbs[0m[32m [0m[1;48;5;22;32m62837]. rax [0m[32m0x[0m[1;48;5;22;32m0 rbx 0x[0m[32m555555629[0m[1;48;5;22;32m2a[0m[32m0[0m[1;48;5;22;32m rcx [0m[32m0x[0m[1;48;5;22;32m7ffff7cfe[0m[32ma[0m[1;48;5;22;32mbe rdx [0m[32m0[0m[1;48;5;22;32mx7fffffffe[0m[32m0[0m[1;48;5;22;32mb[0m[32m0 [0m[1;48;5;22;32mrsi 0x7fffffff[0m[32me[0m[1;48;5;22;32mf1c [0m[32mr[0m[1;48;5;22;32md[0m[32mi[0m[1;48;5;22;32m 0xffffff9c rbp 0xffffffff r[0m[32ms[0m[1;48;5;22;32mp[0m[32m [0m[1;48;5;22;32m0x7fffffffe088[0m[32m [0m[1;48;5;22;32mr8[0m[32m [0m[1;48;5;22;32m0x0[0m[32m  [0m[1;48;5;22;32mr9 [0m[32m0[0m[1;48;5;22;32mx0[0m[32m [0m[1;48;5;22;32mr1[0m[32m0[0m[1;48;5;22;32m [0m[32m0[0m[1;48;5;22;32mx0[0m[32m [0m[1;48;5;22;32mr11 [0m[32m0[0m[1;48;5;22;32mx246[0m[32m [0m[1;48;5;22;32mr[0m[32m1[0m[1;48;5;22;32m2 0x0 r13 0x7fffffff[0m[32me[0m[1;48;5;22;32mf1[0m[32mc[0m[1;48;5;22;32m r14 0x1[0m[32m8[0m[1;48;5;22;32m0 r1[0m[32m5[0m[1;48;5;22;32m 0x[0m[32m7ff[0m[1;48;5;22;32mfffff[0m[32mef[0m[1;48;5;22;32m1c rip [0m[32m0[0m[1;48;5;22;32mx[0m[32m7ff[0m[1;48;5;22;32mff7cf[0m[32meab[0m[1;48;5;22;32me eflags 0x[0m[32m246[0m[1;48;5;22;32m cs 0x[0m[32m3[0m[1;48;5;22;32m3 ss 0x2b ds 0x0 es 0x0 fs 0x0 gs 0x0[0m[32m"[0m
Divergent syscall context:
  run 1, log message 1154: INFO detcore: DETLOG [syscall][detcore, dtid 3] finish syscall #130: openat(-100, 0x7fffffffef1c -> "out-T4.zst", OFlag(O_CREAT | O_TRUNC | O_WRONLY), Mode(S_IRUSR | S_IWUSR)) = Ok(4)
  run 2, log message 1147: INFO detcore: DETLOG [syscall][detcore, dtid 3] finish syscall #130: newfstatat(-100, 0x7fffffffef1c -> "out-T4.zst", 0x7fffffffe0b0 -> {st_mode=SFlag(S_IFREG) | 0644, st_size=254, ...}, AtFlags(0x0)) = Ok(0)
  Prior completed syscalls for run 1:
    INFO detcore: DETLOG [syscall][detcore, dtid 3] finish syscall #125: openat(-100, 0x7fffffffef27 -> "input.bin", 0) = Ok(3)
    INFO detcore: DETLOG [syscall][detcore, dtid 3] finish syscall #126: futex(0x55555562b170, 129, 1, NULL, 0x55555562b148, 129) = Ok(1)
    INFO detcore: DETLOG [syscall][detcore, dtid 3] finish syscall #127: newfstatat(-100, 0x7fffffffef27 -> "input.bin", 0x7fffffffe0a0 -> {st_mode=SFlag(S_IFREG) | 0644, st_size=2097152, ...}, AtFlags(0x0)) = Ok(0)
    INFO detcore: DETLOG [syscall][detcore, dtid 3] finish syscall #128: newfstatat(-100, 0x7fffffffef1c -> "out-T4.zst", 0x7fffffffe010 -> {st_mode=SFlag(S_IFCHR | S_IFDIR | S_IFREG) | 00, st_size=360660, ...}, AtFlags(0x0)) = Err(Errno(ENOENT))
    INFO detcore: DETLOG [syscall][detcore, dtid 3] finish syscall #129: newfstatat(-100, 0x7fffffffef1c -> "out-T4.zst", 0x7fffffffe0c0 -> {st_mode=SFlag(S_IFIFO) | 00, st_size=0, ...}, AtFlags(0x0)) = Err(Errno(ENOENT))
  Prior completed syscalls for run 2:
    INFO detcore: DETLOG [syscall][detcore, dtid 3] finish syscall #125: openat(-100, 0x7fffffffef27 -> "input.bin", 0) = Ok(3)
    INFO detcore: DETLOG [syscall][detcore, dtid 3] finish syscall #126: futex(0x55555562b170, 129, 1, NULL, 0x55555562b148, 129) = Ok(1)
    INFO detcore: DETLOG [syscall][detcore, dtid 3] finish syscall #127: newfstatat(-100, 0x7fffffffef27 -> "input.bin", 0x7fffffffe0a0 -> {st_mode=SFlag(S_IFREG) | 0644, st_size=2097152, ...}, AtFlags(0x0)) = Ok(0)
    INFO detcore: DETLOG [syscall][detcore, dtid 3] finish syscall #128: newfstatat(-100, 0x7fffffffef1c -> "out-T4.zst", 0x7fffffffe010 -> {st_mode=SFlag(S_IFREG) | 0644, st_size=254, ...}, AtFlags(0x0)) = Ok(0)
    INFO detcore: DETLOG [syscall][detcore, dtid 3] finish syscall #129: newfstatat(-100, 0x7fffffffef1c -> "out-T4.zst", 0x7fffffffe0c0 -> {st_mode=SFlag(S_IFREG) | 0644, st_size=254, ...}, AtFlags(0x0)) = Ok(0)

(DETLOG) Mismatch at log messages 1156 (run 1) and 1151 (run 2): [1mDiff[0m [31m< left[0m / [32mright >[0m :
[31m<"[0m[1;48;5;52;31mINFO[0m[31m detcore: DETLOG [0m[1;48;5;52;31m[m[0m[31me[0m[1;48;5;52;31mmo[0m[31mr[0m[1;48;5;52;31my][0m[31m[dtid <NUM>] <ADDR>[0m[1;48;5;52;31m-[0m[31m<ADDR> [0m[1;48;5;52;31mMMPe[0m[31mr[0m[1;48;5;52;31mmissions(RE[0m[31mAD [0m[1;48;5;52;31m|[0m[31m [0m[1;48;5;52;31mW[0m[31mR[0m[1;48;5;52;31mITE[0m[31m [0m[1;48;5;52;31m|[0m[31m [0m[1;48;5;52;31mP[0m[31mR[0m[1;48;5;52;31mIV[0m[31mA[0m[1;48;5;52;31mTE)[0m[31m <[0m[1;48;5;52;31mNUM[0m[31m> <[0m[1;48;5;52;31mNUM[0m[31m>[0m[1;48;5;52;31m:[0m[31m<[0m[1;48;5;52;31mNUM[0m[31m> <[0m[1;48;5;52;31mNUM[0m[31m> [0m[1;48;5;52;31m[stack]-[0m[31m>[0m[1;48;5;52;31meab5e8883b46d5[0m[31m1[0m[1;48;5;52;31mafdb87[0m[31m11[0m[1;48;5;52;31mfd[0m[31m3[0m[1;48;5;52;31m88[0m[31m1[0m[1;48;5;52;31m5b9[0m[31m4[0m[1;48;5;52;31m4bb7e6e032[0m[31m1[0m[1;48;5;52;31mae8be[0m[31m5[0m[1;48;5;52;31mf[0m[31me[0m[1;48;5;52;31mb14b3b5416d[0m[31mc"[0m
[32m>"[0m[1;48;5;22;32mDEBUG[0m[32m detcore: DETLOG [0m[1;48;5;22;32m(pr[0m[32me[0m[1;48;5;22;32m) [0m[32mr[0m[1;48;5;22;32megisters [0m[32m[dtid <NUM>][0m[1;48;5;22;32m[rcbs[0m[32m <[0m[1;48;5;22;32mNUM>]. rax <[0m[32mADDR>[0m[1;48;5;22;32m rbx [0m[32m<ADDR> r[0m[1;48;5;22;32mcx <[0m[32mAD[0m[1;48;5;22;32mDR>[0m[32m [0m[1;48;5;22;32mrdx[0m[32m [0m[1;48;5;22;32m<ADD[0m[32mR[0m[1;48;5;22;32m>[0m[32m [0m[1;48;5;22;32mrsi[0m[32m [0m[1;48;5;22;32m<ADD[0m[32mR[0m[1;48;5;22;32m> rdi <[0m[32mA[0m[1;48;5;22;32mDDR>[0m[32m [0m[1;48;5;22;32mrbp [0m[32m<[0m[1;48;5;22;32mADDR[0m[32m> [0m[1;48;5;22;32mrsp [0m[32m<[0m[1;48;5;22;32mADDR[0m[32m>[0m[1;48;5;22;32m r8 [0m[32m<[0m[1;48;5;22;32mADDR[0m[32m> [0m[1;48;5;22;32m r9 [0m[32m<[0m[1;48;5;22;32mADDR[0m[32m> [0m[1;48;5;22;32mr10 <ADDR[0m[32m>[0m[1;48;5;22;32m r[0m[32m11[0m[1;48;5;22;32m <ADDR> r[0m[32m1[0m[1;48;5;22;32m2 <ADDR> r1[0m[32m3[0m[1;48;5;22;32m <ADDR> r[0m[32m14[0m[1;48;5;22;32m <ADDR> r[0m[32m15[0m[1;48;5;22;32m <ADDR> rip <ADDR> [0m[32me[0m[1;48;5;22;32mflags <ADDR> [0m[32mc[0m[1;48;5;22;32ms <ADDR> ss <ADDR> ds <ADDR> es <ADDR> fs <ADDR> gs <ADDR>[0m[32m"[0m
(DETLOG) Original entries before normalization: [1mDiff[0m [31m< left[0m / [32mright >[0m :
[31m<"[0m[1;48;5;52;31mINFO[0m[31m detcore: DETLOG [0m[1;48;5;52;31m[m[0m[31me[0m[1;48;5;52;31mmo[0m[31mr[0m[1;48;5;52;31my][0m[31m[dtid 3] 0x[0m[1;48;5;52;31m7[0m[31mffffffd[0m[1;48;5;52;31me[0m[31m000[0m[1;48;5;52;31m-0[0m[31mx7ffffffff00[0m[1;48;5;52;31m0[0m[31m [0m[1;48;5;52;31mMMPe[0m[31mr[0m[1;48;5;52;31mmi[0m[31ms[0m[1;48;5;52;31ms[0m[31mi[0m[1;48;5;52;31mons(READ[0m[31m [0m[1;48;5;52;31m|[0m[31m [0m[1;48;5;52;31mWRITE[0m[31m [0m[1;48;5;52;31m| PRIVATE) [0m[31m0 [0m[1;48;5;52;31m0:0[0m[31m 0 [0m[1;48;5;52;31m[[0m[31ms[0m[1;48;5;52;31mtack]->[0m[31me[0m[1;48;5;52;31mab5e[0m[31m88[0m[1;48;5;52;31m83b[0m[31m46[0m[1;48;5;52;31md5[0m[31m1[0m[1;48;5;52;31mafdb8[0m[31m711[0m[1;48;5;52;31mfd[0m[31m38[0m[1;48;5;52;31m8[0m[31m15[0m[1;48;5;52;31mb944bb[0m[31m7e[0m[1;48;5;52;31m6e032[0m[31m1[0m[1;48;5;52;31ma[0m[31me[0m[1;48;5;52;31m8[0m[31mbe[0m[1;48;5;52;31m5[0m[31mf[0m[1;48;5;52;31meb1[0m[31m4[0m[1;48;5;52;31mb[0m[31m3b[0m[1;48;5;52;31m5416[0m[31md[0m[1;48;5;52;31mc[0m[31m"[0m
[32m>"[0m[1;48;5;22;32mDEBUG[0m[32m detcore: DETLOG [0m[1;48;5;22;32m(pr[0m[32me[0m[1;48;5;22;32m) [0m[32mr[0m[1;48;5;22;32megisters [0m[32m[dtid 3][0m[1;48;5;22;32m[rcbs[0m[32m [0m[1;48;5;22;32m62841]. rax [0m[32m0xffffff[0m[1;48;5;22;32mffffffff[0m[32md[0m[1;48;5;22;32ma rbx [0m[32m0[0m[1;48;5;22;32mx5555556292a[0m[32m0[0m[1;48;5;22;32m rcx [0m[32m0x7ffff[0m[1;48;5;22;32m7d00e1b rdx 0x7[0m[32mffff[0m[1;48;5;22;32mfffe[0m[32m0[0m[1;48;5;22;32mb[0m[32m0 rsi [0m[1;48;5;22;32m0x7fffffffef1c[0m[32m [0m[1;48;5;22;32mrdi[0m[32m 0[0m[1;48;5;22;32mx7fffffffef1c[0m[32m [0m[1;48;5;22;32mrbp[0m[32m 0[0m[1;48;5;22;32mx7fffffffef1c[0m[32m [0m[1;48;5;22;32mr[0m[32ms[0m[1;48;5;22;32mp 0x7fffffff[0m[32me[0m[1;48;5;22;32m09[0m[32m8[0m[1;48;5;22;32m r[0m[32m8[0m[1;48;5;22;32m 0x0  r9 0x0 r10 0x0 r11 0x2[0m[32m46[0m[1;48;5;22;32m r[0m[32m1[0m[1;48;5;22;32m2 0x[0m[32m7[0m[1;48;5;22;32mfffffffef[0m[32m1[0m[1;48;5;22;32mc r[0m[32m13[0m[1;48;5;22;32m 0x7fffffffef1c r14 0x1[0m[32m8[0m[1;48;5;22;32m0 r[0m[32m15[0m[1;48;5;22;32m 0x[0m[32m7[0m[1;48;5;22;32mfffffff[0m[32me[0m[1;48;5;22;32mf[0m[32m1[0m[1;48;5;22;32mc rip 0x7ffff7d00[0m[32me[0m[1;48;5;22;32m1[0m[32mb[0m[1;48;5;22;32m [0m[32mef[0m[1;48;5;22;32mlags 0x2[0m[32m4[0m[1;48;5;22;32m6 cs 0x[0m[32m3[0m[1;48;5;22;32m3 ss 0x2[0m[32mb[0m[1;48;5;22;32m [0m[32md[0m[1;48;5;22;32ms 0x0 es 0x0 fs 0x0 gs 0x0[0m[32m"[0m
Divergent syscall context:
  run 1, log message 1154: INFO detcore: DETLOG [syscall][detcore, dtid 3] finish syscall #130: openat(-100, 0x7fffffffef1c -> "out-T4.zst", OFlag(O_CREAT | O_TRUNC | O_WRONLY), Mode(S_IRUSR | S_IWUSR)) = Ok(4)
  run 2, log message 1147: INFO detcore: DETLOG [syscall][detcore, dtid 3] finish syscall #130: newfstatat(-100, 0x7fffffffef1c -> "out-T4.zst", 0x7fffffffe0b0 -> {st_mode=SFlag(S_IFREG) | 0644, st_size=254, ...}, AtFlags(0x0)) = Ok(0)
  Prior completed syscalls for run 1:
    INFO detcore: DETLOG [syscall][detcore, dtid 3] finish syscall #125: openat(-100, 0x7fffffffef27 -> "input.bin", 0) = Ok(3)
    INFO detcore: DETLOG [syscall][detcore, dtid 3] finish syscall #126: futex(0x55555562b170, 129, 1, NULL, 0x55555562b148, 129) = Ok(1)
    INFO detcore: DETLOG [syscall][detcore, dtid 3] finish syscall #127: newfstatat(-100, 0x7fffffffef27 -> "input.bin", 0x7fffffffe0a0 -> {st_mode=SFlag(S_IFREG) | 0644, st_size=2097152, ...}, AtFlags(0x0)) = Ok(0)
    INFO detcore: DETLOG [syscall][detcore, dtid 3] finish syscall #128: newfstatat(-100, 0x7fffffffef1c -> "out-T4.zst", 0x7fffffffe010 -> {st_mode=SFlag(S_IFCHR | S_IFDIR | S_IFREG) | 00, st_size=360660, ...}, AtFlags(0x0)) = Err(Errno(ENOENT))
    INFO detcore: DETLOG [syscall][detcore, dtid 3] finish syscall #129: newfstatat(-100, 0x7fffffffef1c -> "out-T4.zst", 0x7fffffffe0c0 -> {st_mode=SFlag(S_IFIFO) | 00, st_size=0, ...}, AtFlags(0x0)) = Err(Errno(ENOENT))
  Prior completed syscalls for run 2:
    INFO detcore: DETLOG [syscall][detcore, dtid 3] finish syscall #125: openat(-100, 0x7fffffffef27 -> "input.bin", 0) = Ok(3)
    INFO detcore: DETLOG [syscall][detcore, dtid 3] finish syscall #126: futex(0x55555562b170, 129, 1, NULL, 0x55555562b148, 129) = Ok(1)
    INFO detcore: DETLOG [syscall][detcore, dtid 3] finish syscall #127: newfstatat(-100, 0x7fffffffef27 -> "input.bin", 0x7fffffffe0a0 -> {st_mode=SFlag(S_IFREG) | 0644, st_size=2097152, ...}, AtFlags(0x0)) = Ok(0)
    INFO detcore: DETLOG [syscall][detcore, dtid 3] finish syscall #128: newfstatat(-100, 0x7fffffffef1c -> "out-T4.zst", 0x7fffffffe010 -> {st_mode=SFlag(S_IFREG) | 0644, st_size=254, ...}, AtFlags(0x0)) = Ok(0)
    INFO detcore: DETLOG [syscall][detcore, dtid 3] finish syscall #129: newfstatat(-100, 0x7fffffffef1c -> "out-T4.zst", 0x7fffffffe0c0 -> {st_mode=SFlag(S_IFREG) | 0644, st_size=254, ...}, AtFlags(0x0)) = Ok(0)

(DETLOG) Mismatch at log messages 1157 (run 1) and 1152 (run 2): [1mDiff[0m [31m< left[0m / [32mright >[0m :
[31m<"[0m[1;48;5;52;31mDEBUG[0m[31m detcore: DETLOG [0m[1;48;5;52;31m(po[0m[31ms[0m[1;48;5;52;31mt) regi[0m[31ms[0m[1;48;5;52;31mt[0m[31mer[0m[1;48;5;52;31ms[0m[31m [0m[1;48;5;52;31m[[0m[31mdtid <NUM>][0m[1;48;5;52;31m[rcbs[0m[31m [0m[1;48;5;52;31m<NUM>]. rax <ADDR> r[0m[31mb[0m[1;48;5;52;31mx <ADDR> rcx <ADDR> r[0m[31md[0m[1;48;5;52;31mx[0m[31m [0m[1;48;5;52;31m<ADDR> r[0m[31ms[0m[1;48;5;52;31mi[0m[31m [0m[1;48;5;52;31m<ADDR> rd[0m[31mi[0m[1;48;5;52;31m [0m[31m<ADDR> [0m[1;48;5;52;31mrbp <ADDR[0m[31m> [0m[1;48;5;52;31mrsp <ADDR> r8 <ADDR>  r9 <ADDR> r10 <ADDR> r11 <ADDR> r12 <ADDR> r13 <ADDR> r1[0m[31m4[0m[1;48;5;52;31m <ADDR> r15 <ADDR> rip <ADDR> eflag[0m[31ms [0m[1;48;5;52;31m<ADDR>[0m[31m [0m[1;48;5;52;31mcs <ADDR> ss <ADDR> ds <ADDR> es <ADDR> fs <ADDR> gs <ADDR>[0m[31m"[0m
[32m>"[0m[1;48;5;22;32mINFO[0m[32m detcore: DETLOG [0m[1;48;5;22;32m[[0m[32ms[0m[1;48;5;22;32my[0m[32ms[0m[1;48;5;22;32mcall][d[0m[32me[0m[1;48;5;22;32mtco[0m[32mr[0m[1;48;5;22;32me,[0m[32m dtid <NUM>] [0m[1;48;5;22;32min[0m[32mb[0m[1;48;5;22;32moun[0m[32md s[0m[1;48;5;22;32myscall:[0m[32m [0m[1;48;5;22;32munl[0m[32mi[0m[1;48;5;22;32mnk([0m[32m<ADDR> [0m[1;48;5;22;32m-[0m[32m> [0m[1;48;5;22;32m\"out-T[0m[32m4[0m[1;48;5;22;32m.z[0m[32ms[0m[1;48;5;22;32mt\")[0m[32m [0m[1;48;5;22;32m=[0m[32m [0m[1;48;5;22;32m?[0m[32m"[0m
(DETLOG) Original entries before normalization: [1mDiff[0m [31m< left[0m / [32mright >[0m :
[31m<"[0m[1;48;5;52;31mDEBUG[0m[31m detcore: DETLOG [0m[1;48;5;52;31m(po[0m[31ms[0m[1;48;5;52;31mt) regi[0m[31ms[0m[1;48;5;52;31mt[0m[31mer[0m[1;48;5;52;31ms[0m[31m [0m[1;48;5;52;31m[[0m[31mdtid 3][0m[1;48;5;52;31m[rcbs[0m[31m [0m[1;48;5;52;31m62829]. rax 0x0 r[0m[31mb[0m[1;48;5;52;31mx 0x5555556292a0 rcx 0x7ffff7cff324 r[0m[31md[0m[1;48;5;52;31mx[0m[31m [0m[1;48;5;52;31m0x241 r[0m[31ms[0m[1;48;5;52;31mi 0x7fffffffef1[0m[31mc [0m[1;48;5;52;31mrd[0m[31mi[0m[1;48;5;52;31m [0m[31m0x[0m[1;48;5;52;31mffffff9c rbp 0x[0m[31m7fffffffef1c [0m[1;48;5;52;31mrsp[0m[31m [0m[1;48;5;52;31m0x7fffffffe0f0 r8 0x0  r9 0x0 r10 0x180 r11 0x293 r12 0x2[0m[31m4[0m[1;48;5;52;31m1 r13 0x555555629330 r14 0x180 r15 0x7fffffffef1c rip 0x7ffff7cff324 eflag[0m[31ms [0m[1;48;5;52;31m0x293[0m[31m [0m[1;48;5;52;31mcs 0x33 ss 0x2b ds 0x0 es 0x0 fs 0x0 gs 0x0[0m[31m"[0m
[32m>"[0m[1;48;5;22;32mINFO[0m[32m detcore: DETLOG [0m[1;48;5;22;32m[[0m[32ms[0m[1;48;5;22;32my[0m[32ms[0m[1;48;5;22;32mcall][d[0m[32me[0m[1;48;5;22;32mtco[0m[32mr[0m[1;48;5;22;32me,[0m[32m dtid 3] [0m[1;48;5;22;32min[0m[32mb[0m[1;48;5;22;32moun[0m[32md s[0m[1;48;5;22;32mys[0m[32mc[0m[1;48;5;22;32mall:[0m[32m [0m[1;48;5;22;32munl[0m[32mi[0m[1;48;5;22;32mnk([0m[32m0x7fffffffef1c [0m[1;48;5;22;32m->[0m[32m [0m[1;48;5;22;32m\"out-T[0m[32m4[0m[1;48;5;22;32m.z[0m[32ms[0m[1;48;5;22;32mt\")[0m[32m [0m[1;48;5;22;32m=[0m[32m [0m[1;48;5;22;32m?[0m[32m"[0m
Divergent syscall context:
  run 1, log message 1154: INFO detcore: DETLOG [syscall][detcore, dtid 3] finish syscall #130: openat(-100, 0x7fffffffef1c -> "out-T4.zst", OFlag(O_CREAT | O_TRUNC | O_WRONLY), Mode(S_IRUSR | S_IWUSR)) = Ok(4)
  run 2, log message 1152: INFO detcore: DETLOG [syscall][detcore, dtid 3] inbound syscall: unlink(0x7fffffffef1c -> "out-T4.zst") = ?
  Prior completed syscalls for run 1:
    INFO detcore: DETLOG [syscall][detcore, dtid 3] finish syscall #125: openat(-100, 0x7fffffffef27 -> "input.bin", 0) = Ok(3)
    INFO detcore: DETLOG [syscall][detcore, dtid 3] finish syscall #126: futex(0x55555562b170, 129, 1, NULL, 0x55555562b148, 129) = Ok(1)
    INFO detcore: DETLOG [syscall][detcore, dtid 3] finish syscall #127: newfstatat(-100, 0x7fffffffef27 -> "input.bin", 0x7fffffffe0a0 -> {st_mode=SFlag(S_IFREG) | 0644, st_size=2097152, ...}, AtFlags(0x0)) = Ok(0)
    INFO detcore: DETLOG [syscall][detcore, dtid 3] finish syscall #128: newfstatat(-100, 0x7fffffffef1c -> "out-T4.zst", 0x7fffffffe010 -> {st_mode=SFlag(S_IFCHR | S_IFDIR | S_IFREG) | 00, st_size=360660, ...}, AtFlags(0x0)) = Err(Errno(ENOENT))
    INFO detcore: DETLOG [syscall][detcore, dtid 3] finish syscall #129: newfstatat(-100, 0x7fffffffef1c -> "out-T4.zst", 0x7fffffffe0c0 -> {st_mode=SFlag(S_IFIFO) | 00, st_size=0, ...}, AtFlags(0x0)) = Err(Errno(ENOENT))
  Prior completed syscalls for run 2:
    INFO detcore: DETLOG [syscall][detcore, dtid 3] finish syscall #126: futex(0x55555562b170, 129, 1, NULL, 0x55555562b148, 129) = Ok(1)
    INFO detcore: DETLOG [syscall][detcore, dtid 3] finish syscall #127: newfstatat(-100, 0x7fffffffef27 -> "input.bin", 0x7fffffffe0a0 -> {st_mode=SFlag(S_IFREG) | 0644, st_size=2097152, ...}, AtFlags(0x0)) = Ok(0)
    INFO detcore: DETLOG [syscall][detcore, dtid 3] finish syscall #128: newfstatat(-100, 0x7fffffffef1c -> "out-T4.zst", 0x7fffffffe010 -> {st_mode=SFlag(S_IFREG) | 0644, st_size=254, ...}, AtFlags(0x0)) = Ok(0)
    INFO detcore: DETLOG [syscall][detcore, dtid 3] finish syscall #129: newfstatat(-100, 0x7fffffffef1c -> "out-T4.zst", 0x7fffffffe0c0 -> {st_mode=SFlag(S_IFREG) | 0644, st_size=254, ...}, AtFlags(0x0)) = Ok(0)
    INFO detcore: DETLOG [syscall][detcore, dtid 3] finish syscall #130: newfstatat(-100, 0x7fffffffef1c -> "out-T4.zst", 0x7fffffffe0b0 -> {st_mode=SFlag(S_IFREG) | 0644, st_size=254, ...}, AtFlags(0x0)) = Ok(0)

(DETLOG) Mismatch at log messages 1158 (run 1) and 1154 (run 2): [1mDiff[0m [31m< left[0m / [32mright >[0m :
[31m<"[0m[1;48;5;52;31mDEBUG[0m[31m detcore: DETLOG [0m[1;48;5;52;31m(pre) regi[0m[31ms[0m[1;48;5;52;31mt[0m[31mer[0m[1;48;5;52;31ms[0m[31m [0m[1;48;5;52;31m[[0m[31mdtid <NUM>][0m[1;48;5;52;31m[rcbs[0m[31m [0m[1;48;5;52;31m<NUM>]. rax <ADDR> rbx <ADDR> rcx <ADDR> rdx <ADDR> rs[0m[31mi[0m[1;48;5;52;31m <ADDR> rd[0m[31mi[0m[1;48;5;52;31m <ADDR> rbp <ADDR> r[0m[31ms[0m[1;48;5;52;31mp[0m[31m [0m[1;48;5;52;31m<ADDR> r8 <ADDR>  r9 <ADDR> r10 <ADDR> r11 <ADDR> r12 <ADDR> r13 <ADDR> r14 <ADDR> r15 <ADDR> rip <ADDR> eflag[0m[31ms[0m[1;48;5;52;31m <ADDR> c[0m[31ms <[0m[1;48;5;52;31mADDR[0m[31m> [0m[1;48;5;52;31mss [0m[31m<ADDR> [0m[1;48;5;52;31mds <ADDR[0m[31m> [0m[1;48;5;52;31me[0m[31ms [0m[1;48;5;52;31m<ADDR>[0m[31m [0m[1;48;5;52;31mfs [0m[31m<[0m[1;48;5;52;31mADDR[0m[31m>[0m[1;48;5;52;31m gs <ADDR>[0m[31m"[0m
[32m>"[0m[1;48;5;22;32mINFO[0m[32m detcore: DETLOG [0m[1;48;5;22;32m[[0m[32ms[0m[1;48;5;22;32myscall][d[0m[32me[0m[1;48;5;22;32mtco[0m[32mr[0m[1;48;5;22;32me,[0m[32m dtid <NUM>] [0m[1;48;5;22;32mf[0m[32mi[0m[1;48;5;22;32mn[0m[32mis[0m[1;48;5;22;32mh[0m[32m s[0m[1;48;5;22;32my[0m[32ms[0m[1;48;5;22;32mcall[0m[32m [0m[1;48;5;22;32m#[0m[32m<[0m[1;48;5;22;32mNUM[0m[32m>[0m[1;48;5;22;32m:[0m[32m [0m[1;48;5;22;32munlink([0m[32m<ADDR> [0m[1;48;5;22;32m-[0m[32m> [0m[1;48;5;22;32m\"out-T4.z[0m[32ms[0m[1;48;5;22;32mt\")[0m[32m [0m[1;48;5;22;32m=[0m[32m [0m[1;48;5;22;32mOk([0m[32m<[0m[1;48;5;22;32mNUM[0m[32m>[0m[1;48;5;22;32m)[0m[32m"[0m
(DETLOG) Original entries before normalization: [1mDiff[0m [31m< left[0m / [32mright >[0m :
[31m<"[0m[1;48;5;52;31mDEBUG[0m[31m detcore: DETLOG [0m[1;48;5;52;31m(pre) regi[0m[31ms[0m[1;48;5;52;31mter[0m[31ms[0m[1;48;5;52;31m [0m[31m[dt[0m[1;48;5;52;31mid 3][r[0m[31mc[0m[1;48;5;52;31mbs 62847]. [0m[31mr[0m[1;48;5;52;31max[0m[31m [0m[1;48;5;52;31m0xffffffffffffff[0m[31md[0m[1;48;5;52;31ma rbx 0x4 rcx 0x7ffff7[0m[31md[0m[1;48;5;52;31m04304[0m[31m [0m[1;48;5;52;31mrdx 0x55555561[0m[31m3[0m[1;48;5;52;31m5e5[0m[31m [0m[1;48;5;52;31mrs[0m[31mi[0m[1;48;5;52;31m 0x3 rd[0m[31mi[0m[1;48;5;52;31m 0x4 rbp 0x7fffffffef27 r[0m[31ms[0m[1;48;5;52;31mp[0m[31m [0m[1;48;5;52;31m0x7fffffffe0[0m[31ma[0m[1;48;5;52;31m0[0m[31m [0m[1;48;5;52;31mr8 0x0  r9 0x0 r[0m[31m1[0m[1;48;5;52;31m0 0x180 r11 0x297 r12 0x4 r1[0m[31m3[0m[1;48;5;52;31m 0x0 r[0m[31m1[0m[1;48;5;52;31m4[0m[31m 0x[0m[1;48;5;52;31m180 r15 0x[0m[31m7fffffffef1c [0m[1;48;5;52;31mrip[0m[31m [0m[1;48;5;52;31m0x7ffff7d0[0m[31m4[0m[1;48;5;52;31m304 eflag[0m[31ms [0m[1;48;5;52;31m0x297[0m[31m [0m[1;48;5;52;31mcs [0m[31m0[0m[1;48;5;52;31mx33 ss 0x2b ds 0x0 es 0x0 fs 0x0 gs 0x0[0m[31m"[0m
[32m>"[0m[1;48;5;22;32mINFO[0m[32m detcore: DETLOG [0m[1;48;5;22;32m[[0m[32ms[0m[1;48;5;22;32my[0m[32ms[0m[1;48;5;22;32mcall][0m[32m[d[0m[1;48;5;22;32me[0m[32mtc[0m[1;48;5;22;32mo[0m[32mr[0m[1;48;5;22;32me,[0m[32m d[0m[1;48;5;22;32mti[0m[32md 3[0m[1;48;5;22;32m][0m[32m [0m[1;48;5;22;32mf[0m[32mi[0m[1;48;5;22;32mn[0m[32mis[0m[1;48;5;22;32mh[0m[32m [0m[1;48;5;22;32msysc[0m[32ma[0m[1;48;5;22;32mll[0m[32m [0m[1;48;5;22;32m#[0m[32m131[0m[1;48;5;22;32m:[0m[32m [0m[1;48;5;22;32munlink([0m[32m0x7fffffffef1c [0m[1;48;5;22;32m->[0m[32m [0m[1;48;5;22;32m\"out-T[0m[32m4[0m[1;48;5;22;32m.z[0m[32ms[0m[1;48;5;22;32mt\")[0m[32m [0m[1;48;5;22;32m=[0m[32m [0m[1;48;5;22;32mOk([0m[32m0[0m[1;48;5;22;32m)[0m[32m"[0m
Divergent syscall context:
  run 1, log message 1154: INFO detcore: DETLOG [syscall][detcore, dtid 3] finish syscall #130: openat(-100, 0x7fffffffef1c -> "out-T4.zst", OFlag(O_CREAT | O_TRUNC | O_WRONLY), Mode(S_IRUSR | S_IWUSR)) = Ok(4)
  run 2, log message 1154: INFO detcore: DETLOG [syscall][detcore, dtid 3] finish syscall #131: unlink(0x7fffffffef1c -> "out-T4.zst") = Ok(0)
  Prior completed syscalls for run 1:
    INFO detcore: DETLOG [syscall][detcore, dtid 3] finish syscall #125: openat(-100, 0x7fffffffef27 -> "input.bin", 0) = Ok(3)
    INFO detcore: DETLOG [syscall][detcore, dtid 3] finish syscall #126: futex(0x55555562b170, 129, 1, NULL, 0x55555562b148, 129) = Ok(1)
    INFO detcore: DETLOG [syscall][detcore, dtid 3] finish syscall #127: newfstatat(-100, 0x7fffffffef27 -> "input.bin", 0x7fffffffe0a0 -> {st_mode=SFlag(S_IFREG) | 0644, st_size=2097152, ...}, AtFlags(0x0)) = Ok(0)
    INFO detcore: DETLOG [syscall][detcore, dtid 3] finish syscall #128: newfstatat(-100, 0x7fffffffef1c -> "out-T4.zst", 0x7fffffffe010 -> {st_mode=SFlag(S_IFCHR | S_IFDIR | S_IFREG) | 00, st_size=360660, ...}, AtFlags(0x0)) = Err(Errno(ENOENT))
    INFO detcore: DETLOG [syscall][detcore, dtid 3] finish syscall #129: newfstatat(-100, 0x7fffffffef1c -> "out-T4.zst", 0x7fffffffe0c0 -> {st_mode=SFlag(S_IFIFO) | 00, st_size=0, ...}, AtFlags(0x0)) = Err(Errno(ENOENT))
  Prior completed syscalls for run 2:
    INFO detcore: DETLOG [syscall][detcore, dtid 3] finish syscall #126: futex(0x55555562b170, 129, 1, NULL, 0x55555562b148, 129) = Ok(1)
    INFO detcore: DETLOG [syscall][detcore, dtid 3] finish syscall #127: newfstatat(-100, 0x7fffffffef27 -> "input.bin", 0x7fffffffe0a0 -> {st_mode=SFlag(S_IFREG) | 0644, st_size=2097152, ...}, AtFlags(0x0)) = Ok(0)
    INFO detcore: DETLOG [syscall][detcore, dtid 3] finish syscall #128: newfstatat(-100, 0x7fffffffef1c -> "out-T4.zst", 0x7fffffffe010 -> {st_mode=SFlag(S_IFREG) | 0644, st_size=254, ...}, AtFlags(0x0)) = Ok(0)
    INFO detcore: DETLOG [syscall][detcore, dtid 3] finish syscall #129: newfstatat(-100, 0x7fffffffef1c -> "out-T4.zst", 0x7fffffffe0c0 -> {st_mode=SFlag(S_IFREG) | 0644, st_size=254, ...}, AtFlags(0x0)) = Ok(0)
    INFO detcore: DETLOG [syscall][detcore, dtid 3] finish syscall #130: newfstatat(-100, 0x7fffffffef1c -> "out-T4.zst", 0x7fffffffe0b0 -> {st_mode=SFlag(S_IFREG) | 0644, st_size=254, ...}, AtFlags(0x0)) = Ok(0)

(DETLOG) Mismatch at log messages 1159 (run 1) and 1155 (run 2): [1mDiff[0m [31m< left[0m / [32mright >[0m :
[31m<"INFO detcore: DETLOG [[0m[1;48;5;52;31ms[0m[31my[0m[1;48;5;52;31mscall[0m[31m][d[0m[1;48;5;52;31me[0m[31mt[0m[1;48;5;52;31mcore, dt[0m[31mid <NUM>] [0m[1;48;5;52;31minbound[0m[31m s[0m[1;48;5;52;31my[0m[31ms[0m[1;48;5;52;31mcall: fc[0m[31mn[0m[1;48;5;52;31mtl[0m[31m(<NUM>[0m[1;48;5;52;31m,[0m[31m [0m[1;48;5;52;31mF_GETFL)[0m[31m [0m[1;48;5;52;31m=[0m[31m [0m[1;48;5;52;31m?[0m[31m"[0m
[32m>"INFO detcore: DETLOG [[0m[1;48;5;22;32mmemor[0m[32my][dtid <NUM>] [0m[1;48;5;22;32m<ADDR>-<ADDR>[0m[32m [0m[1;48;5;22;32mMMPermi[0m[32mss[0m[1;48;5;22;32mio[0m[32mn[0m[1;48;5;22;32ms[0m[32m([0m[1;48;5;22;32mREAD | WRITE | PRIVATE) [0m[32m<NUM> [0m[1;48;5;22;32m<NUM>:<NUM>[0m[32m [0m[1;48;5;22;32m<NUM>[0m[32m [0m[1;48;5;22;32m[heap]->1aecb8a65e6668eaaa9e77a36f7cdf0a3efd7b3057fadfe1a609b6266468a843[0m[32m"[0m
(DETLOG) Original entries before normalization: [1mDiff[0m [31m< left[0m / [32mright >[0m :
[31m<"INFO detcore: DETLOG [[0m[1;48;5;52;31ms[0m[31my[0m[1;48;5;52;31mscall[0m[31m][d[0m[1;48;5;52;31me[0m[31mt[0m[1;48;5;52;31mcore, dt[0m[31mid 3] [0m[1;48;5;52;31minbound[0m[31m s[0m[1;48;5;52;31my[0m[31ms[0m[1;48;5;52;31mcall: fc[0m[31mn[0m[1;48;5;52;31mtl[0m[31m([0m[1;48;5;52;31m4,[0m[31m [0m[1;48;5;52;31mF_G[0m[31mET[0m[1;48;5;52;31mFL[0m[31m) [0m[1;48;5;52;31m=[0m[31m [0m[1;48;5;52;31m?[0m[31m"[0m
[32m>"INFO detcore: DETLOG [[0m[1;48;5;22;32mmemor[0m[32my][dtid 3] [0m[1;48;5;22;32m0x555555629000-0x55555564a000[0m[32m [0m[1;48;5;22;32mMMPermi[0m[32mss[0m[1;48;5;22;32mio[0m[32mn[0m[1;48;5;22;32ms[0m[32m([0m[1;48;5;22;32mREAD[0m[32m [0m[1;48;5;22;32m| WRIT[0m[32mE[0m[1;48;5;22;32m | PRIVA[0m[32mT[0m[1;48;5;22;32mE[0m[32m) [0m[1;48;5;22;32m0[0m[32m [0m[1;48;5;22;32m0:0 0 [heap]->1aecb8a65e6668eaaa9e77a36f7cdf0a3efd7b3057fadfe1a609b6266468a843[0m[32m"[0m
Divergent syscall context:
  run 1, log message 1159: INFO detcore: DETLOG [syscall][detcore, dtid 3] inbound syscall: fcntl(4, F_GETFL) = ?
  run 2, log message 1154: INFO detcore: DETLOG [syscall][detcore, dtid 3] finish syscall #131: unlink(0x7fffffffef1c -> "out-T4.zst") = Ok(0)
  Prior completed syscalls for run 1:
    INFO detcore: DETLOG [syscall][detcore, dtid 3] finish syscall #126: futex(0x55555562b170, 129, 1, NULL, 0x55555562b148, 129) = Ok(1)
    INFO detcore: DETLOG [syscall][detcore, dtid 3] finish syscall #127: newfstatat(-100, 0x7fffffffef27 -> "input.bin", 0x7fffffffe0a0 -> {st_mode=SFlag(S_IFREG) | 0644, st_size=2097152, ...}, AtFlags(0x0)) = Ok(0)
    INFO detcore: DETLOG [syscall][detcore, dtid 3] finish syscall #128: newfstatat(-100, 0x7fffffffef1c -> "out-T4.zst", 0x7fffffffe010 -> {st_mode=SFlag(S_IFCHR | S_IFDIR | S_IFREG) | 00, st_size=360660, ...}, AtFlags(0x0)) = Err(Errno(ENOENT))
    INFO detcore: DETLOG [syscall][detcore, dtid 3] finish syscall #129: newfstatat(-100, 0x7fffffffef1c -> "out-T4.zst", 0x7fffffffe0c0 -> {st_mode=SFlag(S_IFIFO) | 00, st_size=0, ...}, AtFlags(0x0)) = Err(Errno(ENOENT))
    INFO detcore: DETLOG [syscall][detcore, dtid 3] finish syscall #130: openat(-100, 0x7fffffffef1c -> "out-T4.zst", OFlag(O_CREAT | O_TRUNC | O_WRONLY), Mode(S_IRUSR | S_IWUSR)) = Ok(4)
  Prior completed syscalls for run 2:
    INFO detcore: DETLOG [syscall][detcore, dtid 3] finish syscall #126: futex(0x55555562b170, 129, 1, NULL, 0x55555562b148, 129) = Ok(1)
    INFO detcore: DETLOG [syscall][detcore, dtid 3] finish syscall #127: newfstatat(-100, 0x7fffffffef27 -> "input.bin", 0x7fffffffe0a0 -> {st_mode=SFlag(S_IFREG) | 0644, st_size=2097152, ...}, AtFlags(0x0)) = Ok(0)
    INFO detcore: DETLOG [syscall][detcore, dtid 3] finish syscall #128: newfstatat(-100, 0x7fffffffef1c -> "out-T4.zst", 0x7fffffffe010 -> {st_mode=SFlag(S_IFREG) | 0644, st_size=254, ...}, AtFlags(0x0)) = Ok(0)
    INFO detcore: DETLOG [syscall][detcore, dtid 3] finish syscall #129: newfstatat(-100, 0x7fffffffef1c -> "out-T4.zst", 0x7fffffffe0c0 -> {st_mode=SFlag(S_IFREG) | 0644, st_size=254, ...}, AtFlags(0x0)) = Ok(0)
    INFO detcore: DETLOG [syscall][detcore, dtid 3] finish syscall #130: newfstatat(-100, 0x7fffffffef1c -> "out-T4.zst", 0x7fffffffe0b0 -> {st_mode=SFlag(S_IFREG) | 0644, st_size=254, ...}, AtFlags(0x0)) = Ok(0)

(DETLOG) Mismatch at log messages 1161 (run 1) and 1156 (run 2): [1mDiff[0m [31m< left[0m / [32mright >[0m :
[31m<"INFO detcore: DETLOG [[0m[1;48;5;52;31ms[0m[31my[0m[1;48;5;52;31mscall[0m[31m][d[0m[1;48;5;52;31me[0m[31mt[0m[1;48;5;52;31mcore, dt[0m[31mid <NUM>] [0m[1;48;5;52;31mf[0m[31mi[0m[1;48;5;52;31mni[0m[31ms[0m[1;48;5;52;31mh [0m[31ms[0m[1;48;5;52;31my[0m[31ms[0m[1;48;5;52;31mcall[0m[31m [0m[1;48;5;52;31m#[0m[31m<NUM>[0m[1;48;5;52;31m:[0m[31m [0m[1;48;5;52;31mfcntl([0m[31m<NUM>[0m[1;48;5;52;31m,[0m[31m [0m[1;48;5;52;31mF_GETFL) = Ok([0m[31m<NUM>[0m[1;48;5;52;31m)[0m[31m"[0m
[32m>"INFO detcore: DETLOG [[0m[1;48;5;22;32mmemor[0m[32my][dtid <NUM>] [0m[1;48;5;22;32m<ADDR>-<ADDR> MMPerm[0m[32miss[0m[1;48;5;22;32mion[0m[32ms[0m[1;48;5;22;32m(READ[0m[32m [0m[1;48;5;22;32m| WRITE | PRIVATE) [0m[32m<NUM> <NUM>[0m[1;48;5;22;32m:<NUM>[0m[32m <NUM>[0m[1;48;5;22;32m [stack]->738fac05f0773855493fa04d9aaae0dd7bdb7ccef5fd6863343b0ede768a6e8a[0m[32m"[0m
(DETLOG) Original entries before normalization: [1mDiff[0m [31m< left[0m / [32mright >[0m :
[31m<"INFO detcore: DETLOG [[0m[1;48;5;52;31ms[0m[31my[0m[1;48;5;52;31mscall[0m[31m][d[0m[1;48;5;52;31me[0m[31mt[0m[1;48;5;52;31mcore, dt[0m[31mid 3] fi[0m[1;48;5;52;31mni[0m[31ms[0m[1;48;5;52;31mh [0m[31ms[0m[1;48;5;52;31myscall #131: fc[0m[31mn[0m[1;48;5;52;31mtl[0m[31m([0m[1;48;5;52;31m4,[0m[31m [0m[1;48;5;52;31mF_G[0m[31mET[0m[1;48;5;52;31mFL[0m[31m) [0m[1;48;5;52;31m=[0m[31m [0m[1;48;5;52;31mO[0m[31mk[0m[1;48;5;52;31m([0m[31m3[0m[1;48;5;52;31m2[0m[31m7[0m[1;48;5;52;31m6[0m[31m9[0m[1;48;5;52;31m)[0m[31m"[0m
[32m>"INFO detcore: DETLOG [[0m[1;48;5;22;32mmemor[0m[32my][dtid 3] [0m[1;48;5;22;32m0x7[0m[32mf[0m[1;48;5;22;32mfffffde000-0x7ffffffff000 MMPerm[0m[32miss[0m[1;48;5;22;32mio[0m[32mn[0m[1;48;5;22;32ms[0m[32m([0m[1;48;5;22;32mREAD[0m[32m [0m[1;48;5;22;32m| WRIT[0m[32mE[0m[1;48;5;22;32m | PRIVA[0m[32mT[0m[1;48;5;22;32mE[0m[32m) [0m[1;48;5;22;32m0[0m[32m [0m[1;48;5;22;32m0:0 0 [stac[0m[32mk[0m[1;48;5;22;32m]->7[0m[32m3[0m[1;48;5;22;32m8fac05f0[0m[32m7[0m[1;48;5;22;32m738554[0m[32m9[0m[1;48;5;22;32m3fa04d9aaae0dd7bdb7ccef5fd6863343b0ede768a6e8a[0m[32m"[0m
Divergent syscall context:
  run 1, log message 1161: INFO detcore: DETLOG [syscall][detcore, dtid 3] finish syscall #131: fcntl(4, F_GETFL) = Ok(32769)
  run 2, log message 1154: INFO detcore: DETLOG [syscall][detcore, dtid 3] finish syscall #131: unlink(0x7fffffffef1c -> "out-T4.zst") = Ok(0)
  Prior completed syscalls for run 1:
    INFO detcore: DETLOG [syscall][detcore, dtid 3] finish syscall #126: futex(0x55555562b170, 129, 1, NULL, 0x55555562b148, 129) = Ok(1)
    INFO detcore: DETLOG [syscall][detcore, dtid 3] finish syscall #127: newfstatat(-100, 0x7fffffffef27 -> "input.bin", 0x7fffffffe0a0 -> {st_mode=SFlag(S_IFREG) | 0644, st_size=2097152, ...}, AtFlags(0x0)) = Ok(0)
    INFO detcore: DETLOG [syscall][detcore, dtid 3] finish syscall #128: newfstatat(-100, 0x7fffffffef1c -> "out-T4.zst", 0x7fffffffe010 -> {st_mode=SFlag(S_IFCHR | S_IFDIR | S_IFREG) | 00, st_size=360660, ...}, AtFlags(0x0)) = Err(Errno(ENOENT))
    INFO detcore: DETLOG [syscall][detcore, dtid 3] finish syscall #129: newfstatat(-100, 0x7fffffffef1c -> "out-T4.zst", 0x7fffffffe0c0 -> {st_mode=SFlag(S_IFIFO) | 00, st_size=0, ...}, AtFlags(0x0)) = Err(Errno(ENOENT))
    INFO detcore: DETLOG [syscall][detcore, dtid 3] finish syscall #130: openat(-100, 0x7fffffffef1c -> "out-T4.zst", OFlag(O_CREAT | O_TRUNC | O_WRONLY), Mode(S_IRUSR | S_IWUSR)) = Ok(4)
  Prior completed syscalls for run 2:
    INFO detcore: DETLOG [syscall][detcore, dtid 3] finish syscall #126: futex(0x55555562b170, 129, 1, NULL, 0x55555562b148, 129) = Ok(1)
    INFO detcore: DETLOG [syscall][detcore, dtid 3] finish syscall #127: newfstatat(-100, 0x7fffffffef27 -> "input.bin", 0x7fffffffe0a0 -> {st_mode=SFlag(S_IFREG) | 0644, st_size=2097152, ...}, AtFlags(0x0)) = Ok(0)
    INFO detcore: DETLOG [syscall][detcore, dtid 3] finish syscall #128: newfstatat(-100, 0x7fffffffef1c -> "out-T4.zst", 0x7fffffffe010 -> {st_mode=SFlag(S_IFREG) | 0644, st_size=254, ...}, AtFlags(0x0)) = Ok(0)
    INFO detcore: DETLOG [syscall][detcore, dtid 3] finish syscall #129: newfstatat(-100, 0x7fffffffef1c -> "out-T4.zst", 0x7fffffffe0c0 -> {st_mode=SFlag(S_IFREG) | 0644, st_size=254, ...}, AtFlags(0x0)) = Ok(0)
    INFO detcore: DETLOG [syscall][detcore, dtid 3] finish syscall #130: newfstatat(-100, 0x7fffffffef1c -> "out-T4.zst", 0x7fffffffe0b0 -> {st_mode=SFlag(S_IFREG) | 0644, st_size=254, ...}, AtFlags(0x0)) = Ok(0)

(DETLOG) Mismatch at log messages 1162 (run 1) and 1157 (run 2): [1mDiff[0m [31m< left[0m / [32mright >[0m :
[31m<"[0m[1;48;5;52;31mINFO[0m[31m detcore: DETLOG [0m[1;48;5;52;31m[mem[0m[31mor[0m[1;48;5;52;31my][0m[31m[dtid <NUM>] <ADDR>[0m[1;48;5;52;31m-[0m[31m<ADDR> [0m[1;48;5;52;31mMMPe[0m[31mr[0m[1;48;5;52;31mmi[0m[31ms[0m[1;48;5;52;31ms[0m[31mi[0m[1;48;5;52;31mon[0m[31ms[0m[1;48;5;52;31m([0m[31mR[0m[1;48;5;52;31mE[0m[31mAD [0m[1;48;5;52;31m|[0m[31m [0m[1;48;5;52;31mW[0m[31mR[0m[1;48;5;52;31mITE[0m[31m [0m[1;48;5;52;31m|[0m[31m [0m[1;48;5;52;31mP[0m[31mR[0m[1;48;5;52;31mIV[0m[31mA[0m[1;48;5;52;31mTE)[0m[31m <[0m[1;48;5;52;31mNUM[0m[31m> <[0m[1;48;5;52;31mNUM[0m[31m>[0m[1;48;5;52;31m:[0m[31m<[0m[1;48;5;52;31mNUM[0m[31m> <[0m[1;48;5;52;31mNUM[0m[31m> [0m[1;48;5;52;31m[hea[0m[31mp[0m[1;48;5;52;31m]-[0m[31m>[0m[1;48;5;52;31m1a[0m[31me[0m[1;48;5;52;31mcb8a65e6668eaaa9e77a36[0m[31mf[0m[1;48;5;52;31m7[0m[31mcd[0m[1;48;5;52;31mf0a3[0m[31mef[0m[1;48;5;52;31md7b3057fadfe1a609b6266468a843[0m[31m"[0m
[32m>"[0m[1;48;5;22;32mDEBUG[0m[32m detcore: DETLOG [0m[1;48;5;22;32m(p[0m[32mo[0m[1;48;5;22;32mst) [0m[32mr[0m[1;48;5;22;32megisters [0m[32m[dtid <NUM>][0m[1;48;5;22;32m[rcbs[0m[32m <[0m[1;48;5;22;32mNUM>]. rax <[0m[32mADDR>[0m[1;48;5;22;32m rbx [0m[32m<ADDR> r[0m[1;48;5;22;32mcx <ADDR> rdx <ADDR> r[0m[32msi[0m[1;48;5;22;32m <ADDR> rdi <ADDR> rbp <ADDR> r[0m[32ms[0m[1;48;5;22;32mp <ADD[0m[32mR[0m[1;48;5;22;32m> r8 <[0m[32mAD[0m[1;48;5;22;32mDR>[0m[32m  [0m[1;48;5;22;32mr9 <ADD[0m[32mR[0m[1;48;5;22;32m>[0m[32m [0m[1;48;5;22;32mr10[0m[32m [0m[1;48;5;22;32m<ADD[0m[32mR[0m[1;48;5;22;32m> r11 <[0m[32mA[0m[1;48;5;22;32mDDR>[0m[32m [0m[1;48;5;22;32mr12 [0m[32m<[0m[1;48;5;22;32mADDR[0m[32m> [0m[1;48;5;22;32mr13 [0m[32m<[0m[1;48;5;22;32mADDR[0m[32m>[0m[1;48;5;22;32m r14 [0m[32m<[0m[1;48;5;22;32mADDR[0m[32m> [0m[1;48;5;22;32mr15 [0m[32m<[0m[1;48;5;22;32mADDR[0m[32m> [0m[1;48;5;22;32mri[0m[32mp[0m[1;48;5;22;32m <ADDR[0m[32m>[0m[1;48;5;22;32m [0m[32mef[0m[1;48;5;22;32mlags <ADDR> [0m[32mc[0m[1;48;5;22;32ms <ADDR> ss <ADDR> [0m[32md[0m[1;48;5;22;32ms <ADDR> [0m[32me[0m[1;48;5;22;32ms <ADDR> [0m[32mf[0m[1;48;5;22;32ms <ADDR> gs <ADDR>[0m[32m"[0m
(DETLOG) Original entries before normalization: [1mDiff[0m [31m< left[0m / [32mright >[0m :
[31m<"[0m[1;48;5;52;31mINFO[0m[31m detcore: DETLOG [0m[1;48;5;52;31m[mem[0m[31mor[0m[1;48;5;52;31my][0m[31m[dtid 3] 0x555555629000[0m[1;48;5;52;31m-[0m[31m0x[0m[1;48;5;52;31m55555564a[0m[31m000 [0m[1;48;5;52;31mMMP[0m[31mer[0m[1;48;5;52;31mm[0m[31mis[0m[1;48;5;52;31msions(READ[0m[31m [0m[1;48;5;52;31m|[0m[31m [0m[1;48;5;52;31mWRITE[0m[31m [0m[1;48;5;52;31m|[0m[31m [0m[1;48;5;52;31mPRIVATE)[0m[31m 0 0[0m[1;48;5;52;31m:[0m[31m0 0 [0m[1;48;5;52;31m[h[0m[31me[0m[1;48;5;52;31map]->[0m[31m1[0m[1;48;5;52;31ma[0m[31mec[0m[1;48;5;52;31mb[0m[31m8[0m[1;48;5;52;31ma6[0m[31m5[0m[1;48;5;52;31me6668eaaa9e[0m[31m7[0m[1;48;5;52;31m7a36[0m[31mf[0m[1;48;5;52;31m7cd[0m[31mf[0m[1;48;5;52;31m0a3[0m[31mef[0m[1;48;5;52;31md7b3[0m[31m0[0m[1;48;5;52;31m5[0m[31m7f[0m[1;48;5;52;31mad[0m[31mfe1a[0m[1;48;5;52;31m6[0m[31m0[0m[1;48;5;52;31m9b6[0m[31m2[0m[1;48;5;52;31m66[0m[31m46[0m[1;48;5;52;31m8a84[0m[31m3"[0m
[32m>"[0m[1;48;5;22;32mDEBUG[0m[32m detcore: DETLOG [0m[1;48;5;22;32m(p[0m[32mo[0m[1;48;5;22;32mst) [0m[32mr[0m[1;48;5;22;32megisters [0m[32m[dtid 3][0m[1;48;5;22;32m[rcbs[0m[32m [0m[1;48;5;22;32m62841]. rax [0m[32m0x[0m[1;48;5;22;32m0 rbx 0x[0m[32m555555629[0m[1;48;5;22;32m2a[0m[32m0[0m[1;48;5;22;32m rcx [0m[32m0[0m[1;48;5;22;32mx7ffff7d[0m[32m00[0m[1;48;5;22;32me1b rd[0m[32mx[0m[1;48;5;22;32m [0m[32m0[0m[1;48;5;22;32mx7fffffffe[0m[32m0[0m[1;48;5;22;32mb[0m[32m0 [0m[1;48;5;22;32mrsi 0x7fffffff[0m[32me[0m[1;48;5;22;32mf1c [0m[32mr[0m[1;48;5;22;32md[0m[32mi[0m[1;48;5;22;32m 0x7fffffffef1c rbp 0x7fffffffef1c r[0m[32ms[0m[1;48;5;22;32mp[0m[32m [0m[1;48;5;22;32m0x7fffffffe098[0m[32m [0m[1;48;5;22;32mr8[0m[32m [0m[1;48;5;22;32m0x0[0m[32m  [0m[1;48;5;22;32mr9 [0m[32m0[0m[1;48;5;22;32mx0[0m[32m [0m[1;48;5;22;32mr1[0m[32m0[0m[1;48;5;22;32m [0m[32m0[0m[1;48;5;22;32mx0[0m[32m [0m[1;48;5;22;32mr11 [0m[32m0[0m[1;48;5;22;32mx246[0m[32m [0m[1;48;5;22;32mr12 0x7fffffff[0m[32me[0m[1;48;5;22;32mf[0m[32m1[0m[1;48;5;22;32mc r13 0x7fffffff[0m[32me[0m[1;48;5;22;32mf1[0m[32mc[0m[1;48;5;22;32m r14 0x1[0m[32m8[0m[1;48;5;22;32m0 r1[0m[32m5[0m[1;48;5;22;32m 0x[0m[32m7ff[0m[1;48;5;22;32mfffff[0m[32mef[0m[1;48;5;22;32m1c rip [0m[32m0[0m[1;48;5;22;32mx[0m[32m7ff[0m[1;48;5;22;32mff7d00[0m[32me1[0m[1;48;5;22;32mb efl[0m[32ma[0m[1;48;5;22;32mgs [0m[32m0[0m[1;48;5;22;32mx[0m[32m246[0m[1;48;5;22;32m cs 0x[0m[32m3[0m[1;48;5;22;32m3 ss 0x2b ds 0x0 es 0x0 fs 0x0 gs 0x0[0m[32m"[0m
Divergent syscall context:
  run 1, log message 1161: INFO detcore: DETLOG [syscall][detcore, dtid 3] finish syscall #131: fcntl(4, F_GETFL) = Ok(32769)
  run 2, log message 1154: INFO detcore: DETLOG [syscall][detcore, dtid 3] finish syscall #131: unlink(0x7fffffffef1c -> "out-T4.zst") = Ok(0)
  Prior completed syscalls for run 1:
    INFO detcore: DETLOG [syscall][detcore, dtid 3] finish syscall #126: futex(0x55555562b170, 129, 1, NULL, 0x55555562b148, 129) = Ok(1)
    INFO detcore: DETLOG [syscall][detcore, dtid 3] finish syscall #127: newfstatat(-100, 0x7fffffffef27 -> "input.bin", 0x7fffffffe0a0 -> {st_mode=SFlag(S_IFREG) | 0644, st_size=2097152, ...}, AtFlags(0x0)) = Ok(0)
    INFO detcore: DETLOG [syscall][detcore, dtid 3] finish syscall #128: newfstatat(-100, 0x7fffffffef1c -> "out-T4.zst", 0x7fffffffe010 -> {st_mode=SFlag(S_IFCHR | S_IFDIR | S_IFREG) | 00, st_size=360660, ...}, AtFlags(0x0)) = Err(Errno(ENOENT))
    INFO detcore: DETLOG [syscall][detcore, dtid 3] finish syscall #129: newfstatat(-100, 0x7fffffffef1c -> "out-T4.zst", 0x7fffffffe0c0 -> {st_mode=SFlag(S_IFIFO) | 00, st_size=0, ...}, AtFlags(0x0)) = Err(Errno(ENOENT))
    INFO detcore: DETLOG [syscall][detcore, dtid 3] finish syscall #130: openat(-100, 0x7fffffffef1c -> "out-T4.zst", OFlag(O_CREAT | O_TRUNC | O_WRONLY), Mode(S_IRUSR | S_IWUSR)) = Ok(4)
  Prior completed syscalls for run 2:
    INFO detcore: DETLOG [syscall][detcore, dtid 3] finish syscall #126: futex(0x55555562b170, 129, 1, NULL, 0x55555562b148, 129) = Ok(1)
    INFO detcore: DETLOG [syscall][detcore, dtid 3] finish syscall #127: newfstatat(-100, 0x7fffffffef27 -> "input.bin", 0x7fffffffe0a0 -> {st_mode=SFlag(S_IFREG) | 0644, st_size=2097152, ...}, AtFlags(0x0)) = Ok(0)
    INFO detcore: DETLOG [syscall][detcore, dtid 3] finish syscall #128: newfstatat(-100, 0x7fffffffef1c -> "out-T4.zst", 0x7fffffffe010 -> {st_mode=SFlag(S_IFREG) | 0644, st_size=254, ...}, AtFlags(0x0)) = Ok(0)
    INFO detcore: DETLOG [syscall][detcore, dtid 3] finish syscall #129: newfstatat(-100, 0x7fffffffef1c -> "out-T4.zst", 0x7fffffffe0c0 -> {st_mode=SFlag(S_IFREG) | 0644, st_size=254, ...}, AtFlags(0x0)) = Ok(0)
    INFO detcore: DETLOG [syscall][detcore, dtid 3] finish syscall #130: newfstatat(-100, 0x7fffffffef1c -> "out-T4.zst", 0x7fffffffe0b0 -> {st_mode=SFlag(S_IFREG) | 0644, st_size=254, ...}, AtFlags(0x0)) = Ok(0)

(DETLOG) Mismatch at log messages 1163 (run 1) and 1158 (run 2): [1mDiff[0m [31m< left[0m / [32mright >[0m :
[31m<"[0m[1;48;5;52;31mINFO[0m[31m detcore: DETLOG [0m[1;48;5;52;31m[m[0m[31me[0m[1;48;5;52;31mmo[0m[31mr[0m[1;48;5;52;31my][0m[31m[dtid <NUM>] <ADDR>[0m[1;48;5;52;31m-[0m[31m<ADDR> [0m[1;48;5;52;31mMMPe[0m[31mr[0m[1;48;5;52;31mmi[0m[31ms[0m[1;48;5;52;31ms[0m[31mi[0m[1;48;5;52;31mon[0m[31ms[0m[1;48;5;52;31m([0m[31mR[0m[1;48;5;52;31mE[0m[31mAD [0m[1;48;5;52;31m|[0m[31m [0m[1;48;5;52;31mW[0m[31mR[0m[1;48;5;52;31mITE[0m[31m [0m[1;48;5;52;31m|[0m[31m [0m[1;48;5;52;31mP[0m[31mR[0m[1;48;5;52;31mIV[0m[31mA[0m[1;48;5;52;31mTE)[0m[31m <[0m[1;48;5;52;31mNUM[0m[31m> <[0m[1;48;5;52;31mNUM[0m[31m>[0m[1;48;5;52;31m:[0m[31m<[0m[1;48;5;52;31mNUM[0m[31m> <[0m[1;48;5;52;31mNUM[0m[31m> [0m[1;48;5;52;31m[stack]-[0m[31m>[0m[1;48;5;52;31mcd[0m[31mef[0m[1;48;5;52;31mb6f62[0m[31ma[0m[1;48;5;52;31mb6fef2[0m[31mc[0m[1;48;5;52;31m1743f67b41[0m[31md[0m[1;48;5;52;31mb18c2d712682c0420ad486d9760[0m[31me[0m[1;48;5;52;31ma[0m[31mf[0m[1;48;5;52;31m0b7e67[0m[31m"[0m
[32m>"[0m[1;48;5;22;32mDEBUG[0m[32m detcore: DETLOG [0m[1;48;5;22;32m(pr[0m[32me[0m[1;48;5;22;32m) [0m[32mr[0m[1;48;5;22;32megisters [0m[32m[dtid <NUM>][0m[1;48;5;22;32m[rcbs[0m[32m <[0m[1;48;5;22;32mNUM>]. rax <[0m[32mADDR>[0m[1;48;5;22;32m rbx [0m[32m<ADDR> r[0m[1;48;5;22;32mcx <ADDR> rdx <ADDR> r[0m[32msi[0m[1;48;5;22;32m <ADDR> rdi <ADDR> rbp <ADDR> r[0m[32ms[0m[1;48;5;22;32mp <ADD[0m[32mR[0m[1;48;5;22;32m> r8 <[0m[32mAD[0m[1;48;5;22;32mDR>[0m[32m  [0m[1;48;5;22;32mr9 <ADD[0m[32mR[0m[1;48;5;22;32m>[0m[32m [0m[1;48;5;22;32mr10[0m[32m [0m[1;48;5;22;32m<ADD[0m[32mR[0m[1;48;5;22;32m> r11 <[0m[32mA[0m[1;48;5;22;32mDDR>[0m[32m [0m[1;48;5;22;32mr12 [0m[32m<[0m[1;48;5;22;32mADDR[0m[32m> [0m[1;48;5;22;32mr13 [0m[32m<[0m[1;48;5;22;32mADDR[0m[32m>[0m[1;48;5;22;32m r14 [0m[32m<[0m[1;48;5;22;32mADDR[0m[32m> [0m[1;48;5;22;32mr15 [0m[32m<[0m[1;48;5;22;32mADDR[0m[32m> [0m[1;48;5;22;32mrip <ADDR[0m[32m>[0m[1;48;5;22;32m [0m[32mef[0m[1;48;5;22;32ml[0m[32ma[0m[1;48;5;22;32mgs <ADDR> [0m[32mc[0m[1;48;5;22;32ms <ADDR> ss <ADDR> [0m[32md[0m[1;48;5;22;32ms <ADDR> [0m[32me[0m[1;48;5;22;32ms <ADDR> [0m[32mf[0m[1;48;5;22;32ms <ADDR> gs <ADDR>[0m[32m"[0m
(DETLOG) Original entries before normalization: [1mDiff[0m [31m< left[0m / [32mright >[0m :
[31m<"[0m[1;48;5;52;31mINFO[0m[31m detcore: DETLOG [0m[1;48;5;52;31m[m[0m[31me[0m[1;48;5;52;31mmo[0m[31mr[0m[1;48;5;52;31my][0m[31m[dtid 3] 0x7ffffffd[0m[1;48;5;52;31me[0m[31m000[0m[1;48;5;52;31m-[0m[31m0x7ffffffff000 [0m[1;48;5;52;31mMMPe[0m[31mr[0m[1;48;5;52;31mmissions(READ[0m[31m [0m[1;48;5;52;31m|[0m[31m [0m[1;48;5;52;31mWRITE[0m[31m [0m[1;48;5;52;31m|[0m[31m [0m[1;48;5;52;31mPRIVATE)[0m[31m 0 0[0m[1;48;5;52;31m:[0m[31m0 0 [0m[1;48;5;52;31m[stack]->cdefb6f6[0m[31m2[0m[1;48;5;52;31mab6fef[0m[31m2[0m[1;48;5;52;31mc17[0m[31m43[0m[1;48;5;52;31mf[0m[31m6[0m[1;48;5;52;31m7b[0m[31m41[0m[1;48;5;52;31mdb1[0m[31m8[0m[1;48;5;52;31mc2d[0m[31m71[0m[1;48;5;52;31m2682[0m[31mc0420[0m[1;48;5;52;31ma[0m[31md[0m[1;48;5;52;31m486d976[0m[31m0e[0m[1;48;5;52;31ma[0m[31mf0[0m[1;48;5;52;31mb7e67[0m[31m"[0m
[32m>"[0m[1;48;5;22;32mDEBUG[0m[32m detcore: DETLOG [0m[1;48;5;22;32m(pr[0m[32me[0m[1;48;5;22;32m) [0m[32mr[0m[1;48;5;22;32megisters [0m[32m[dtid 3][0m[1;48;5;22;32m[rcbs[0m[32m [0m[1;48;5;22;32m62849]. rax [0m[32m0x[0m[1;48;5;22;32mffffffffffffffda rbx 0x5555556292a0 rcx 0x[0m[32m7ffff[0m[1;48;5;22;32m7c[0m[32mff[0m[1;48;5;22;32m324 r[0m[32md[0m[1;48;5;22;32mx [0m[32m0[0m[1;48;5;22;32mx241 rsi [0m[32m0[0m[1;48;5;22;32mx7fffffffef1c rdi [0m[32m0[0m[1;48;5;22;32mxffffff9c rbp [0m[32m0x7fffffff[0m[1;48;5;22;32me[0m[32mf[0m[1;48;5;22;32m1c rsp [0m[32m0[0m[1;48;5;22;32mx7fffffffe[0m[32m0[0m[1;48;5;22;32mf[0m[32m0 r[0m[1;48;5;22;32m8[0m[32m [0m[1;48;5;22;32m0x0[0m[32m  [0m[1;48;5;22;32mr9[0m[32m [0m[1;48;5;22;32m0x0[0m[32m [0m[1;48;5;22;32mr1[0m[32m0 0[0m[1;48;5;22;32mx18[0m[32m0 [0m[1;48;5;22;32mr11 [0m[32m0[0m[1;48;5;22;32mx293[0m[32m [0m[1;48;5;22;32mr1[0m[32m2[0m[1;48;5;22;32m 0x[0m[32m24[0m[1;48;5;22;32m1 r1[0m[32m3[0m[1;48;5;22;32m 0x555555[0m[32m6[0m[1;48;5;22;32m29330 r1[0m[32m4[0m[1;48;5;22;32m 0x[0m[32m18[0m[1;48;5;22;32m0 r15 0x[0m[32m7[0m[1;48;5;22;32mfffffffef[0m[32m1c[0m[1;48;5;22;32m rip [0m[32m0[0m[1;48;5;22;32mx7ffff7cff32[0m[32m4[0m[1;48;5;22;32m eflags 0x[0m[32m2[0m[1;48;5;22;32m93 cs [0m[32m0[0m[1;48;5;22;32mx33 ss 0x2b [0m[32md[0m[1;48;5;22;32ms [0m[32m0[0m[1;48;5;22;32mx0 [0m[32me[0m[1;48;5;22;32ms 0x0 [0m[32mf[0m[1;48;5;22;32ms [0m[32m0[0m[1;48;5;22;32mx0 gs 0x0[0m[32m"[0m
Divergent syscall context:
  run 1, log message 1161: INFO detcore: DETLOG [syscall][detcore, dtid 3] finish syscall #131: fcntl(4, F_GETFL) = Ok(32769)
  run 2, log message 1154: INFO detcore: DETLOG [syscall][detcore, dtid 3] finish syscall #131: unlink(0x7fffffffef1c -> "out-T4.zst") = Ok(0)
  Prior completed syscalls for run 1:
    INFO detcore: DETLOG [syscall][detcore, dtid 3] finish syscall #126: futex(0x55555562b170, 129, 1, NULL, 0x55555562b148, 129) = Ok(1)
    INFO detcore: DETLOG [syscall][detcore, dtid 3] finish syscall #127: newfstatat(-100, 0x7fffffffef27 -> "input.bin", 0x7fffffffe0a0 -> {st_mode=SFlag(S_IFREG) | 0644, st_size=2097152, ...}, AtFlags(0x0)) = Ok(0)
    INFO detcore: DETLOG [syscall][detcore, dtid 3] finish syscall #128: newfstatat(-100, 0x7fffffffef1c -> "out-T4.zst", 0x7fffffffe010 -> {st_mode=SFlag(S_IFCHR | S_IFDIR | S_IFREG) | 00, st_size=360660, ...}, AtFlags(0x0)) = Err(Errno(ENOENT))
    INFO detcore: DETLOG [syscall][detcore, dtid 3] finish syscall #129: newfstatat(-100, 0x7fffffffef1c -> "out-T4.zst", 0x7fffffffe0c0 -> {st_mode=SFlag(S_IFIFO) | 00, st_size=0, ...}, AtFlags(0x0)) = Err(Errno(ENOENT))
    INFO detcore: DETLOG [syscall][detcore, dtid 3] finish syscall #130: openat(-100, 0x7fffffffef1c -> "out-T4.zst", OFlag(O_CREAT | O_TRUNC | O_WRONLY), Mode(S_IRUSR | S_IWUSR)) = Ok(4)
  Prior completed syscalls for run 2:
    INFO detcore: DETLOG [syscall][detcore, dtid 3] finish syscall #126: futex(0x55555562b170, 129, 1, NULL, 0x55555562b148, 129) = Ok(1)
    INFO detcore: DETLOG [syscall][detcore, dtid 3] finish syscall #127: newfstatat(-100, 0x7fffffffef27 -> "input.bin", 0x7fffffffe0a0 -> {st_mode=SFlag(S_IFREG) | 0644, st_size=2097152, ...}, AtFlags(0x0)) = Ok(0)
    INFO detcore: DETLOG [syscall][detcore, dtid 3] finish syscall #128: newfstatat(-100, 0x7fffffffef1c -> "out-T4.zst", 0x7fffffffe010 -> {st_mode=SFlag(S_IFREG) | 0644, st_size=254, ...}, AtFlags(0x0)) = Ok(0)
    INFO detcore: DETLOG [syscall][detcore, dtid 3] finish syscall #129: newfstatat(-100, 0x7fffffffef1c -> "out-T4.zst", 0x7fffffffe0c0 -> {st_mode=SFlag(S_IFREG) | 0644, st_size=254, ...}, AtFlags(0x0)) = Ok(0)
    INFO detcore: DETLOG [syscall][detcore, dtid 3] finish syscall #130: newfstatat(-100, 0x7fffffffef1c -> "out-T4.zst", 0x7fffffffe0b0 -> {st_mode=SFlag(S_IFREG) | 0644, st_size=254, ...}, AtFlags(0x0)) = Ok(0)

(DETLOG) Mismatch at log messages 1164 (run 1) and 1159 (run 2): [1mDiff[0m [31m< left[0m / [32mright >[0m :
[31m<"[0m[1;48;5;52;31mDEBUG[0m[31m detcore: DETLOG [0m[1;48;5;52;31m(po[0m[31ms[0m[1;48;5;52;31mt) regi[0m[31ms[0m[1;48;5;52;31mt[0m[31mer[0m[1;48;5;52;31ms[0m[31m [0m[1;48;5;52;31m[[0m[31mdtid <NUM>][0m[1;48;5;52;31m[rcbs[0m[31m [0m[1;48;5;52;31m<NUM>]. rax <ADDR> r[0m[31mb[0m[1;48;5;52;31mx <ADDR> rcx <ADDR> r[0m[31md[0m[1;48;5;52;31mx[0m[31m [0m[1;48;5;52;31m<ADDR> r[0m[31ms[0m[1;48;5;52;31mi[0m[31m [0m[1;48;5;52;31m<ADDR> rdi <ADDR> rb[0m[31mp[0m[1;48;5;52;31m [0m[31m<[0m[1;48;5;52;31mADDR[0m[31m> [0m[1;48;5;52;31mrsp [0m[31m<ADDR> [0m[1;48;5;52;31mr8 <ADDR[0m[31m> [0m[1;48;5;52;31m r9 <ADDR> r10 <ADDR> r11 <ADDR> r12 <ADDR> r13 <ADDR> r1[0m[31m4 [0m[1;48;5;52;31m<ADDR> r15 <ADDR> rip <ADDR> ef[0m[31mlag[0m[1;48;5;52;31ms <ADD[0m[31mR[0m[1;48;5;52;31m> cs <[0m[31mA[0m[1;48;5;52;31mDDR>[0m[31m [0m[1;48;5;52;31mss[0m[31m [0m[1;48;5;52;31m<ADD[0m[31mR[0m[1;48;5;52;31m>[0m[31m [0m[1;48;5;52;31mds[0m[31m [0m[1;48;5;52;31m<ADD[0m[31mR[0m[1;48;5;52;31m>[0m[31m e[0m[1;48;5;52;31ms <ADD[0m[31mR[0m[1;48;5;52;31m>[0m[31m [0m[1;48;5;52;31mfs[0m[31m [0m[1;48;5;52;31m<ADD[0m[31mR[0m[1;48;5;52;31m>[0m[31m [0m[1;48;5;52;31mgs[0m[31m [0m[1;48;5;52;31m<ADDR>[0m[31m"[0m
[32m>"[0m[1;48;5;22;32mINFO[0m[32m detcore: DETLOG [0m[1;48;5;22;32m[[0m[32ms[0m[1;48;5;22;32my[0m[32ms[0m[1;48;5;22;32mcall][d[0m[32me[0m[1;48;5;22;32mtco[0m[32mr[0m[1;48;5;22;32me,[0m[32m dtid <NUM>] [0m[1;48;5;22;32min[0m[32mb[0m[1;48;5;22;32moun[0m[32md s[0m[1;48;5;22;32myscall:[0m[32m [0m[1;48;5;22;32mo[0m[32mp[0m[1;48;5;22;32menat(-[0m[32m<[0m[1;48;5;22;32mNUM[0m[32m>[0m[1;48;5;22;32m,[0m[32m <ADDR> [0m[1;48;5;22;32m-[0m[32m> [0m[1;48;5;22;32m\"out-T[0m[32m4[0m[1;48;5;22;32m.zst\",[0m[32m [0m[1;48;5;22;32mOF[0m[32mlag[0m[1;48;5;22;32m(O_C[0m[32mR[0m[1;48;5;22;32mE[0m[32mA[0m[1;48;5;22;32mT[0m[32m [0m[1;48;5;22;32m|[0m[32m [0m[1;48;5;22;32mO_T[0m[32mR[0m[1;48;5;22;32mUNC[0m[32m [0m[1;48;5;22;32m|[0m[32m [0m[1;48;5;22;32mO_W[0m[32mR[0m[1;48;5;22;32mONLY),[0m[32m [0m[1;48;5;22;32mMod[0m[32me[0m[1;48;5;22;32m(S_I[0m[32mR[0m[1;48;5;22;32mUSR[0m[32m [0m[1;48;5;22;32m|[0m[32m [0m[1;48;5;22;32mS_IWUS[0m[32mR[0m[1;48;5;22;32m))[0m[32m [0m[1;48;5;22;32m=[0m[32m [0m[1;48;5;22;32m?[0m[32m"[0m
(DETLOG) Original entries before normalization: [1mDiff[0m [31m< left[0m / [32mright >[0m :
[31m<"[0m[1;48;5;52;31mDEBUG[0m[31m detcore: DETLOG [0m[1;48;5;52;31m(po[0m[31ms[0m[1;48;5;52;31mt) regi[0m[31ms[0m[1;48;5;52;31mt[0m[31mer[0m[1;48;5;52;31ms[0m[31m [0m[1;48;5;52;31m[[0m[31mdtid 3][0m[1;48;5;52;31m[rcbs[0m[31m [0m[1;48;5;52;31m62847]. rax 0x8001 r[0m[31mb[0m[1;48;5;52;31mx 0x4 rcx 0x7ffff7[0m[31md[0m[1;48;5;52;31m04304[0m[31m [0m[1;48;5;52;31mrdx 0x5555556135e5 r[0m[31ms[0m[1;48;5;52;31mi[0m[31m [0m[1;48;5;52;31m0x3 rdi 0x4 rb[0m[31mp[0m[1;48;5;52;31m 0x7fffffff[0m[31me[0m[1;48;5;52;31mf27 rsp 0x7fffffffe0[0m[31ma[0m[1;48;5;52;31m0 r8 0x0  r9 0x0 r[0m[31m10[0m[1;48;5;52;31m [0m[31m0[0m[1;48;5;52;31mx180[0m[31m [0m[1;48;5;52;31mr11 [0m[31m0x[0m[1;48;5;52;31m29[0m[31m7[0m[1;48;5;52;31m r12 0x4 r13 0x0 r14 0x180 r15 0x7[0m[31mfffffffef1c [0m[1;48;5;52;31mrip[0m[31m [0m[1;48;5;52;31m0x7ffff7d0[0m[31m4[0m[1;48;5;52;31m304[0m[31m [0m[1;48;5;52;31mef[0m[31mlag[0m[1;48;5;52;31ms[0m[31m [0m[1;48;5;52;31m0x297[0m[31m [0m[1;48;5;52;31mcs[0m[31m [0m[1;48;5;52;31m0x33[0m[31m [0m[1;48;5;52;31mss[0m[31m [0m[1;48;5;52;31m0x2b [0m[31md[0m[1;48;5;52;31ms 0x0 [0m[31me[0m[1;48;5;52;31ms[0m[31m [0m[1;48;5;52;31m0x0[0m[31m [0m[1;48;5;52;31mfs[0m[31m [0m[1;48;5;52;31m0x0[0m[31m [0m[1;48;5;52;31mgs 0x0[0m[31m"[0m
[32m>"[0m[1;48;5;22;32mINFO[0m[32m detcore: DETLOG [0m[1;48;5;22;32m[[0m[32ms[0m[1;48;5;22;32my[0m[32ms[0m[1;48;5;22;32mcall][d[0m[32me[0m[1;48;5;22;32mtco[0m[32mr[0m[1;48;5;22;32me,[0m[32m dtid 3] [0m[1;48;5;22;32min[0m[32mb[0m[1;48;5;22;32moun[0m[32md s[0m[1;48;5;22;32myscall:[0m[32m [0m[1;48;5;22;32mo[0m[32mpe[0m[1;48;5;22;32mn[0m[32ma[0m[1;48;5;22;32mt(-[0m[32m100[0m[1;48;5;22;32m,[0m[32m 0x7fffffffef1c [0m[1;48;5;22;32m->[0m[32m [0m[1;48;5;22;32m\"out-T[0m[32m4[0m[1;48;5;22;32m.zst\",[0m[32m [0m[1;48;5;22;32mOF[0m[32mlag[0m[1;48;5;22;32m(O_CREAT[0m[32m [0m[1;48;5;22;32m|[0m[32m [0m[1;48;5;22;32mO_TRUNC[0m[32m [0m[1;48;5;22;32m|[0m[32m [0m[1;48;5;22;32mO_WRONLY),[0m[32m [0m[1;48;5;22;32mMo[0m[32mde[0m[1;48;5;22;32m(S_IRUSR[0m[32m [0m[1;48;5;22;32m|[0m[32m [0m[1;48;5;22;32mS_IWUSR))[0m[32m [0m[1;48;5;22;32m=[0m[32m [0m[1;48;5;22;32m?[0m[32m"[0m
Divergent syscall context:
  run 1, log message 1161: INFO detcore: DETLOG [syscall][detcore, dtid 3] finish syscall #131: fcntl(4, F_GETFL) = Ok(32769)
  run 2, log message 1159: INFO detcore: DETLOG [syscall][detcore, dtid 3] inbound syscall: openat(-100, 0x7fffffffef1c -> "out-T4.zst", OFlag(O_CREAT | O_TRUNC | O_WRONLY), Mode(S_IRUSR | S_IWUSR)) = ?
  Prior completed syscalls for run 1:
    INFO detcore: DETLOG [syscall][detcore, dtid 3] finish syscall #126: futex(0x55555562b170, 129, 1, NULL, 0x55555562b148, 129) = Ok(1)
    INFO detcore: DETLOG [syscall][detcore, dtid 3] finish syscall #127: newfstatat(-100, 0x7fffffffef27 -> "input.bin", 0x7fffffffe0a0 -> {st_mode=SFlag(S_IFREG) | 0644, st_size=2097152, ...}, AtFlags(0x0)) = Ok(0)
    INFO detcore: DETLOG [syscall][detcore, dtid 3] finish syscall #128: newfstatat(-100, 0x7fffffffef1c -> "out-T4.zst", 0x7fffffffe010 -> {st_mode=SFlag(S_IFCHR | S_IFDIR | S_IFREG) | 00, st_size=360660, ...}, AtFlags(0x0)) = Err(Errno(ENOENT))
    INFO detcore: DETLOG [syscall][detcore, dtid 3] finish syscall #129: newfstatat(-100, 0x7fffffffef1c -> "out-T4.zst", 0x7fffffffe0c0 -> {st_mode=SFlag(S_IFIFO) | 00, st_size=0, ...}, AtFlags(0x0)) = Err(Errno(ENOENT))
    INFO detcore: DETLOG [syscall][detcore, dtid 3] finish syscall #130: openat(-100, 0x7fffffffef1c -> "out-T4.zst", OFlag(O_CREAT | O_TRUNC | O_WRONLY), Mode(S_IRUSR | S_IWUSR)) = Ok(4)
  Prior completed syscalls for run 2:
    INFO detcore: DETLOG [syscall][detcore, dtid 3] finish syscall #127: newfstatat(-100, 0x7fffffffef27 -> "input.bin", 0x7fffffffe0a0 -> {st_mode=SFlag(S_IFREG) | 0644, st_size=2097152, ...}, AtFlags(0x0)) = Ok(0)
    INFO detcore: DETLOG [syscall][detcore, dtid 3] finish syscall #128: newfstatat(-100, 0x7fffffffef1c -> "out-T4.zst", 0x7fffffffe010 -> {st_mode=SFlag(S_IFREG) | 0644, st_size=254, ...}, AtFlags(0x0)) = Ok(0)
    INFO detcore: DETLOG [syscall][detcore, dtid 3] finish syscall #129: newfstatat(-100, 0x7fffffffef1c -> "out-T4.zst", 0x7fffffffe0c0 -> {st_mode=SFlag(S_IFREG) | 0644, st_size=254, ...}, AtFlags(0x0)) = Ok(0)
    INFO detcore: DETLOG [syscall][detcore, dtid 3] finish syscall #130: newfstatat(-100, 0x7fffffffef1c -> "out-T4.zst", 0x7fffffffe0b0 -> {st_mode=SFlag(S_IFREG) | 0644, st_size=254, ...}, AtFlags(0x0)) = Ok(0)
    INFO detcore: DETLOG [syscall][detcore, dtid 3] finish syscall #131: unlink(0x7fffffffef1c -> "out-T4.zst") = Ok(0)

(DETLOG) Mismatch at log messages 1165 (run 1) and 1160 (run 2): [1mDiff[0m [31m< left[0m / [32mright >[0m :
[31m<"DEBUG detcore: DETLOG [0m[1;48;5;52;31m(pre) regi[0m[31ms[0m[1;48;5;52;31mt[0m[31me[0m[1;48;5;52;31mrs [[0m[31md[0m[1;48;5;52;31mtid <NUM>[0m[31m][0m[1;48;5;52;31m[rcbs[0m[31m [0m[1;48;5;52;31m<NUM>]. r[0m[31ma[0m[1;48;5;52;31mx[0m[31m [0m[1;48;5;52;31m<ADDR> r[0m[31mb[0m[1;48;5;52;31mx[0m[31m [0m[1;48;5;52;31m<ADDR>[0m[31m r[0m[1;48;5;52;31mcx[0m[31m [0m[1;48;5;52;31m<ADDR> rdx <ADDR> r[0m[31ms[0m[1;48;5;52;31mi <ADDR> r[0m[31md[0m[1;48;5;52;31mi <ADDR> [0m[31mr[0m[1;48;5;52;31mbp[0m[31m [0m[1;48;5;52;31m<ADDR> [0m[31mr[0m[1;48;5;52;31msp[0m[31m [0m[1;48;5;52;31m<ADDR>[0m[31m [0m[1;48;5;52;31mr8 <ADDR>  r9 <ADDR> r10 <ADDR> r11 <ADDR> r12 <ADDR> r13 <ADDR> r14 <ADDR> r15 <ADDR> r[0m[31mi[0m[1;48;5;52;31mp <ADDR> [0m[31me[0m[1;48;5;52;31mflags[0m[31m [0m[1;48;5;52;31m<ADDR> [0m[31mc[0m[1;48;5;52;31ms <ADDR> ss <ADDR> ds <ADDR> [0m[31me[0m[1;48;5;52;31ms [0m[31m<[0m[1;48;5;52;31mADDR[0m[31m>[0m[1;48;5;52;31m fs <ADDR> gs <ADDR>[0m[31m"[0m
[32m>"DEBUG detcore:[0m[1;48;5;22;32m:scheduler:[0m[32m DETLOG [0m[1;48;5;22;32m[[0m[32ms[0m[1;48;5;22;32mch[0m[32med] a[0m[1;48;5;22;32mdvance[0m[32m [0m[1;48;5;22;32mglo[0m[32mb[0m[1;48;5;22;32mal[0m[32m [0m[1;48;5;22;32mtime[0m[32m [0m[1;48;5;22;32mfo[0m[32mr s[0m[1;48;5;22;32mche[0m[32md[0m[1;48;5;22;32mule[0m[32mr [0m[1;48;5;22;32mtu[0m[32mr[0m[1;48;5;22;32mn,[0m[32m [0m[1;48;5;22;32mnew[0m[32m [0m[1;48;5;22;32mt[0m[32mi[0m[1;48;5;22;32mm[0m[32me [0m[1;48;5;22;32mLogi[0m[32mc[0m[1;48;5;22;32malTim[0m[32me[0m[1;48;5;22;32m([0m[32m<[0m[1;48;5;22;32mNUM[0m[32m>[0m[1;48;5;22;32m)[0m[32m"[0m
(DETLOG) Original entries before normalization: [1mDiff[0m [31m< left[0m / [32mright >[0m :
[31m<"DEBUG detcore: DETLOG [0m[1;48;5;52;31m(pre) regi[0m[31ms[0m[1;48;5;52;31mt[0m[31me[0m[1;48;5;52;31mrs [[0m[31md[0m[1;48;5;52;31mtid 3[0m[31m][0m[1;48;5;52;31m[rcbs[0m[31m [0m[1;48;5;52;31m62921]. r[0m[31ma[0m[1;48;5;52;31mx 0xffffffffffffff[0m[31mda [0m[1;48;5;52;31mr[0m[31mb[0m[1;48;5;52;31mx[0m[31m [0m[1;48;5;52;31m0x7ffff7df85[0m[31me[0m[1;48;5;52;31m0[0m[31m r[0m[1;48;5;52;31mcx[0m[31m [0m[1;48;5;52;31m0x7ffff7[0m[31mc[0m[1;48;5;52;31mf[0m[31me[0m[1;48;5;52;31ma6b r[0m[31md[0m[1;48;5;52;31mx 0x7ffff7df79[0m[31me[0m[1;48;5;52;31m0[0m[31m r[0m[1;48;5;52;31msi[0m[31m [0m[1;48;5;52;31m0x7fffffff[0m[31me[0m[1;48;5;52;31m080[0m[31m [0m[1;48;5;52;31mrd[0m[31mi[0m[1;48;5;52;31m 0x4 rbp 0x55555562b7d0 rsp 0x7fffffff[0m[31me[0m[1;48;5;52;31m078[0m[31m [0m[1;48;5;52;31mr8 0x7ffff7df80[0m[31ma[0m[1;48;5;52;31m0  r9 0x0 r[0m[31m1[0m[1;48;5;52;31m0 0x180 r11 0x[0m[31m2[0m[1;48;5;52;31m0[0m[31m2[0m[1;48;5;52;31m r12 [0m[31m0[0m[1;48;5;52;31mx[0m[31m0[0m[1;48;5;52;31m r13 [0m[31m0[0m[1;48;5;52;31mx0 r[0m[31m1[0m[1;48;5;52;31m4 0x7ffff7f4[0m[31m83[0m[1;48;5;52;31mc0 r15 0x[0m[31m7[0m[1;48;5;52;31mfffffffef[0m[31m1[0m[1;48;5;52;31mc rip 0x7ffff7cfea6b eflags 0x202 cs 0x33 ss 0x2b ds 0x0 es 0x0 fs 0x0 gs 0x0[0m[31m"[0m
[32m>"DEBUG detcore:[0m[1;48;5;22;32m:scheduler:[0m[32m DETLOG [0m[1;48;5;22;32m[[0m[32ms[0m[1;48;5;22;32mch[0m[32med] ad[0m[1;48;5;22;32mv[0m[32ma[0m[1;48;5;22;32mnce[0m[32m [0m[1;48;5;22;32mglo[0m[32mb[0m[1;48;5;22;32mal[0m[32m [0m[1;48;5;22;32mtim[0m[32me [0m[1;48;5;22;32mfo[0m[32mr [0m[1;48;5;22;32ms[0m[32mc[0m[1;48;5;22;32mh[0m[32med[0m[1;48;5;22;32mul[0m[32me[0m[1;48;5;22;32mr[0m[32m [0m[1;48;5;22;32mtu[0m[32mr[0m[1;48;5;22;32mn,[0m[32m [0m[1;48;5;22;32mn[0m[32me[0m[1;48;5;22;32mw[0m[32m [0m[1;48;5;22;32mt[0m[32mi[0m[1;48;5;22;32mm[0m[32me [0m[1;48;5;22;32mLogic[0m[32ma[0m[1;48;5;22;32mlTime([0m[32m1[0m[1;48;5;22;32m767[0m[32m22[0m[1;48;5;22;32m56[0m[32m00018[0m[1;48;5;22;32m9[0m[32m37[0m[1;48;5;22;32m4[0m[32m1[0m[1;48;5;22;32m5)[0m[32m"[0m
Divergent syscall context:
  run 1, log message 1161: INFO detcore: DETLOG [syscall][detcore, dtid 3] finish syscall #131: fcntl(4, F_GETFL) = Ok(32769)
  run 2, log message 1159: INFO detcore: DETLOG [syscall][detcore, dtid 3] inbound syscall: openat(-100, 0x7fffffffef1c -> "out-T4.zst", OFlag(O_CREAT | O_TRUNC | O_WRONLY), Mode(S_IRUSR | S_IWUSR)) = ?
  Prior completed syscalls for run 1:
    INFO detcore: DETLOG [syscall][detcore, dtid 3] finish syscall #126: futex(0x55555562b170, 129, 1, NULL, 0x55555562b148, 129) = Ok(1)
    INFO detcore: DETLOG [syscall][detcore, dtid 3] finish syscall #127: newfstatat(-100, 0x7fffffffef27 -> "input.bin", 0x7fffffffe0a0 -> {st_mode=SFlag(S_IFREG) | 0644, st_size=2097152, ...}, AtFlags(0x0)) = Ok(0)
    INFO detcore: DETLOG [syscall][detcore, dtid 3] finish syscall #128: newfstatat(-100, 0x7fffffffef1c -> "out-T4.zst", 0x7fffffffe010 -> {st_mode=SFlag(S_IFCHR | S_IFDIR | S_IFREG) | 00, st_size=360660, ...}, AtFlags(0x0)) = Err(Errno(ENOENT))
    INFO detcore: DETLOG [syscall][detcore, dtid 3] finish syscall #129: newfstatat(-100, 0x7fffffffef1c -> "out-T4.zst", 0x7fffffffe0c0 -> {st_mode=SFlag(S_IFIFO) | 00, st_size=0, ...}, AtFlags(0x0)) = Err(Errno(ENOENT))
    INFO detcore: DETLOG [syscall][detcore, dtid 3] finish syscall #130: openat(-100, 0x7fffffffef1c -> "out-T4.zst", OFlag(O_CREAT | O_TRUNC | O_WRONLY), Mode(S_IRUSR | S_IWUSR)) = Ok(4)
  Prior completed syscalls for run 2:
    INFO detcore: DETLOG [syscall][detcore, dtid 3] finish syscall #127: newfstatat(-100, 0x7fffffffef27 -> "input.bin", 0x7fffffffe0a0 -> {st_mode=SFlag(S_IFREG) | 0644, st_size=2097152, ...}, AtFlags(0x0)) = Ok(0)
    INFO detcore: DETLOG [syscall][detcore, dtid 3] finish syscall #128: newfstatat(-100, 0x7fffffffef1c -> "out-T4.zst", 0x7fffffffe010 -> {st_mode=SFlag(S_IFREG) | 0644, st_size=254, ...}, AtFlags(0x0)) = Ok(0)
    INFO detcore: DETLOG [syscall][detcore, dtid 3] finish syscall #129: newfstatat(-100, 0x7fffffffef1c -> "out-T4.zst", 0x7fffffffe0c0 -> {st_mode=SFlag(S_IFREG) | 0644, st_size=254, ...}, AtFlags(0x0)) = Ok(0)
    INFO detcore: DETLOG [syscall][detcore, dtid 3] finish syscall #130: newfstatat(-100, 0x7fffffffef1c -> "out-T4.zst", 0x7fffffffe0b0 -> {st_mode=SFlag(S_IFREG) | 0644, st_size=254, ...}, AtFlags(0x0)) = Ok(0)
    INFO detcore: DETLOG [syscall][detcore, dtid 3] finish syscall #131: unlink(0x7fffffffef1c -> "out-T4.zst") = Ok(0)

(DETLOG) Mismatch at log messages 1166 (run 1) and 1163 (run 2): [1mDiff[0m [31m< left[0m / [32mright >[0m :
[31m<"INFO detcore:[0m[1;48;5;52;31m DETLOG [[0m[31ms[0m[1;48;5;52;31mys[0m[31mc[0m[1;48;5;52;31ma[0m[31ml[0m[1;48;5;52;31ml][0m[31m[det[0m[1;48;5;52;31mco[0m[31mr[0m[1;48;5;52;31me[0m[31m, dtid <NUM>[0m[1;48;5;52;31m][0m[31m in[0m[1;48;5;52;31mbound[0m[31m s[0m[1;48;5;52;31mys[0m[31mca[0m[1;48;5;52;31mll[0m[31m: [0m[1;48;5;52;31mf[0m[31mst[0m[1;48;5;52;31ma[0m[31mt[0m[1;48;5;52;31m(<NUM>,[0m[31m <AD[0m[1;48;5;52;31mDR[0m[31m>[0m[1;48;5;52;31m) = ?[0m[31m"[0m
[32m>"INFO detcore:[0m[1;48;5;22;32m:[0m[32msc[0m[1;48;5;22;32mhedu[0m[32ml[0m[1;48;5;22;32mer: [0m[32m[[0m[1;48;5;22;32msche[0m[32md[0m[1;48;5;22;32m-st[0m[32me[0m[1;48;5;22;32mp5] >>>>>>>\n\n COMMIT [0m[32mt[0m[1;48;5;22;32mu[0m[32mr[0m[1;48;5;22;32mn <NUM>[0m[32m, d[0m[1;48;5;22;32me[0m[32mt[0m[1;48;5;22;32mt[0m[32mid <NUM> [0m[1;48;5;22;32mus[0m[32min[0m[1;48;5;22;32mg[0m[32m [0m[1;48;5;22;32mre[0m[32ms[0m[1;48;5;22;32mour[0m[32mc[0m[1;48;5;22;32mes {P[0m[32ma[0m[1;48;5;22;32mth(\"out-T4.zst\")[0m[32m: [0m[1;48;5;22;32mR}, on previou[0m[32ms[0m[1;48;5;22;32mly commi[0m[32mtt[0m[1;48;5;22;32med[0m[32m <[0m[1;48;5;22;32mN[0m[32mA[0m[1;48;5;22;32mNOSECON[0m[32mD[0m[1;48;5;22;32mS[0m[32m>"[0m
(DETLOG) Original entries before normalization: [1mDiff[0m [31m< left[0m / [32mright >[0m :
[31m<"INFO detcore:[0m[1;48;5;52;31m DETLOG [[0m[31ms[0m[1;48;5;52;31mys[0m[31mc[0m[1;48;5;52;31ma[0m[31ml[0m[1;48;5;52;31ml][0m[31m[det[0m[1;48;5;52;31mco[0m[31mr[0m[1;48;5;52;31me[0m[31m, dtid 3[0m[1;48;5;52;31m][0m[31m in[0m[1;48;5;52;31mbound[0m[31m s[0m[1;48;5;52;31mys[0m[31mc[0m[1;48;5;52;31mall: f[0m[31ms[0m[1;48;5;52;31mt[0m[31mat(4, [0m[1;48;5;52;31m0x7fffffff[0m[31me[0m[1;48;5;52;31m080)[0m[31m [0m[1;48;5;52;31m=[0m[31m [0m[1;48;5;52;31m?[0m[31m"[0m
[32m>"INFO detcore:[0m[1;48;5;22;32m:[0m[32msc[0m[1;48;5;22;32mhedu[0m[32ml[0m[1;48;5;22;32mer: [0m[32m[[0m[1;48;5;22;32msche[0m[32md[0m[1;48;5;22;32m-st[0m[32me[0m[1;48;5;22;32mp5] >>>>>>>\n\n COMMIT [0m[32mt[0m[1;48;5;22;32mu[0m[32mr[0m[1;48;5;22;32mn 23[0m[32m, d[0m[1;48;5;22;32me[0m[32mt[0m[1;48;5;22;32mt[0m[32mid 3 [0m[1;48;5;22;32mus[0m[32min[0m[1;48;5;22;32mg[0m[32m [0m[1;48;5;22;32mre[0m[32ms[0m[1;48;5;22;32mour[0m[32mc[0m[1;48;5;22;32me[0m[32ms[0m[1;48;5;22;32m {P[0m[32mat[0m[1;48;5;22;32mh[0m[32m([0m[1;48;5;22;32m\"out-T[0m[32m4[0m[1;48;5;22;32m.zst\"): R}[0m[32m, [0m[1;48;5;22;32mon pr[0m[32me[0m[1;48;5;22;32mviously[0m[32m [0m[1;48;5;22;32mcommitted[0m[32m [0m[1;48;5;22;32m1_767_225_600.018_937_415s[0m[32m"[0m
Divergent syscall context:
  run 1, log message 1166: INFO detcore: DETLOG [syscall][detcore, dtid 3] inbound syscall: fstat(4, 0x7fffffffe080) = ?
  run 2, log message 1159: INFO detcore: DETLOG [syscall][detcore, dtid 3] inbound syscall: openat(-100, 0x7fffffffef1c -> "out-T4.zst", OFlag(O_CREAT | O_TRUNC | O_WRONLY), Mode(S_IRUSR | S_IWUSR)) = ?
  Prior completed syscalls for run 1:
    INFO detcore: DETLOG [syscall][detcore, dtid 3] finish syscall #127: newfstatat(-100, 0x7fffffffef27 -> "input.bin", 0x7fffffffe0a0 -> {st_mode=SFlag(S_IFREG) | 0644, st_size=2097152, ...}, AtFlags(0x0)) = Ok(0)
    INFO detcore: DETLOG [syscall][detcore, dtid 3] finish syscall #128: newfstatat(-100, 0x7fffffffef1c -> "out-T4.zst", 0x7fffffffe010 -> {st_mode=SFlag(S_IFCHR | S_IFDIR | S_IFREG) | 00, st_size=360660, ...}, AtFlags(0x0)) = Err(Errno(ENOENT))
    INFO detcore: DETLOG [syscall][detcore, dtid 3] finish syscall #129: newfstatat(-100, 0x7fffffffef1c -> "out-T4.zst", 0x7fffffffe0c0 -> {st_mode=SFlag(S_IFIFO) | 00, st_size=0, ...}, AtFlags(0x0)) = Err(Errno(ENOENT))
    INFO detcore: DETLOG [syscall][detcore, dtid 3] finish syscall #130: openat(-100, 0x7fffffffef1c -> "out-T4.zst", OFlag(O_CREAT | O_TRUNC | O_WRONLY), Mode(S_IRUSR | S_IWUSR)) = Ok(4)
    INFO detcore: DETLOG [syscall][detcore, dtid 3] finish syscall #131: fcntl(4, F_GETFL) = Ok(32769)
  Prior completed syscalls for run 2:
    INFO detcore: DETLOG [syscall][detcore, dtid 3] finish syscall #127: newfstatat(-100, 0x7fffffffef27 -> "input.bin", 0x7fffffffe0a0 -> {st_mode=SFlag(S_IFREG) | 0644, st_size=2097152, ...}, AtFlags(0x0)) = Ok(0)
    INFO detcore: DETLOG [syscall][detcore, dtid 3] finish syscall #128: newfstatat(-100, 0x7fffffffef1c -> "out-T4.zst", 0x7fffffffe010 -> {st_mode=SFlag(S_IFREG) | 0644, st_size=254, ...}, AtFlags(0x0)) = Ok(0)
    INFO detcore: DETLOG [syscall][detcore, dtid 3] finish syscall #129: newfstatat(-100, 0x7fffffffef1c -> "out-T4.zst", 0x7fffffffe0c0 -> {st_mode=SFlag(S_IFREG) | 0644, st_size=254, ...}, AtFlags(0x0)) = Ok(0)
    INFO detcore: DETLOG [syscall][detcore, dtid 3] finish syscall #130: newfstatat(-100, 0x7fffffffef1c -> "out-T4.zst", 0x7fffffffe0b0 -> {st_mode=SFlag(S_IFREG) | 0644, st_size=254, ...}, AtFlags(0x0)) = Ok(0)
    INFO detcore: DETLOG [syscall][detcore, dtid 3] finish syscall #131: unlink(0x7fffffffef1c -> "out-T4.zst") = Ok(0)

(DETLOG) Mismatch at log messages 1168 (run 1) and 1168 (run 2): [1mDiff[0m [31m< left[0m / [32mright >[0m :
[31m<"INFO detcore: DETLOG [syscall][detcore, dtid <NUM>] finish syscall #<NUM>: [0m[1;48;5;52;31mfst[0m[31mat(<NUM>, <ADDR>) = Ok(<NUM>)"[0m
[32m>"INFO detcore: DETLOG [syscall][detcore, dtid <NUM>] finish syscall #<NUM>: [0m[1;48;5;22;32mopen[0m[32mat([0m[1;48;5;22;32m-[0m[32m<NUM>, <ADDR>[0m[1;48;5;22;32m -> \"out-T4.zst\", OFlag(O_CREAT | O_TRUNC | O_WRONLY), Mode(S_IRUSR | S_IWUSR)[0m[32m) = Ok(<NUM>)"[0m
(DETLOG) Original entries before normalization: [1mDiff[0m [31m< left[0m / [32mright >[0m :
[31m<"INFO detcore: DETLOG [syscall][detcore, dtid 3] finish syscall #132: [0m[1;48;5;52;31mfst[0m[31mat([0m[1;48;5;52;31m4[0m[31m, 0x7fffffffe[0m[1;48;5;52;31m080[0m[31m) = Ok([0m[1;48;5;52;31m0[0m[31m)"[0m
[32m>"INFO detcore: DETLOG [syscall][detcore, dtid 3] finish syscall #132: [0m[1;48;5;22;32mopen[0m[32mat([0m[1;48;5;22;32m-100[0m[32m, 0x7fffffffe[0m[1;48;5;22;32mf1c -> \"out-T4.zst\", OFlag(O_CREAT | O_TRUNC | O_WRONLY[0m[32m)[0m[1;48;5;22;32m,[0m[32m [0m[1;48;5;22;32mMode(S_IRUSR | S_IWUSR)) [0m[32m= Ok([0m[1;48;5;22;32m4[0m[32m)"[0m
Divergent syscall context:
  run 1, log message 1168: INFO detcore: DETLOG [syscall][detcore, dtid 3] finish syscall #132: fstat(4, 0x7fffffffe080) = Ok(0)
  run 2, log message 1168: INFO detcore: DETLOG [syscall][detcore, dtid 3] finish syscall #132: openat(-100, 0x7fffffffef1c -> "out-T4.zst", OFlag(O_CREAT | O_TRUNC | O_WRONLY), Mode(S_IRUSR | S_IWUSR)) = Ok(4)
  Prior completed syscalls for run 1:
    INFO detcore: DETLOG [syscall][detcore, dtid 3] finish syscall #127: newfstatat(-100, 0x7fffffffef27 -> "input.bin", 0x7fffffffe0a0 -> {st_mode=SFlag(S_IFREG) | 0644, st_size=2097152, ...}, AtFlags(0x0)) = Ok(0)
    INFO detcore: DETLOG [syscall][detcore, dtid 3] finish syscall #128: newfstatat(-100, 0x7fffffffef1c -> "out-T4.zst", 0x7fffffffe010 -> {st_mode=SFlag(S_IFCHR | S_IFDIR | S_IFREG) | 00, st_size=360660, ...}, AtFlags(0x0)) = Err(Errno(ENOENT))
    INFO detcore: DETLOG [syscall][detcore, dtid 3] finish syscall #129: newfstatat(-100, 0x7fffffffef1c -> "out-T4.zst", 0x7fffffffe0c0 -> {st_mode=SFlag(S_IFIFO) | 00, st_size=0, ...}, AtFlags(0x0)) = Err(Errno(ENOENT))
    INFO detcore: DETLOG [syscall][detcore, dtid 3] finish syscall #130: openat(-100, 0x7fffffffef1c -> "out-T4.zst", OFlag(O_CREAT | O_TRUNC | O_WRONLY), Mode(S_IRUSR | S_IWUSR)) = Ok(4)
    INFO detcore: DETLOG [syscall][detcore, dtid 3] finish syscall #131: fcntl(4, F_GETFL) = Ok(32769)
  Prior completed syscalls for run 2:
    INFO detcore: DETLOG [syscall][detcore, dtid 3] finish syscall #127: newfstatat(-100, 0x7fffffffef27 -> "input.bin", 0x7fffffffe0a0 -> {st_mode=SFlag(S_IFREG) | 0644, st_size=2097152, ...}, AtFlags(0x0)) = Ok(0)
    INFO detcore: DETLOG [syscall][detcore, dtid 3] finish syscall #128: newfstatat(-100, 0x7fffffffef1c -> "out-T4.zst", 0x7fffffffe010 -> {st_mode=SFlag(S_IFREG) | 0644, st_size=254, ...}, AtFlags(0x0)) = Ok(0)
    INFO detcore: DETLOG [syscall][detcore, dtid 3] finish syscall #129: newfstatat(-100, 0x7fffffffef1c -> "out-T4.zst", 0x7fffffffe0c0 -> {st_mode=SFlag(S_IFREG) | 0644, st_size=254, ...}, AtFlags(0x0)) = Ok(0)
    INFO detcore: DETLOG [syscall][detcore, dtid 3] finish syscall #130: newfstatat(-100, 0x7fffffffef1c -> "out-T4.zst", 0x7fffffffe0b0 -> {st_mode=SFlag(S_IFREG) | 0644, st_size=254, ...}, AtFlags(0x0)) = Ok(0)
    INFO detcore: DETLOG [syscall][detcore, dtid 3] finish syscall #131: unlink(0x7fffffffef1c -> "out-T4.zst") = Ok(0)

More than 20 differences, eliding the rest...
Run 2 contains 12 extra messages not matched in run 1. Displaying up to 10:
INFO detcore: DETLOG [syscall][detcore, dtid 3] inbound syscall: munmap(0x7fffec7ff000, 58724352) = ?
INFO detcore: DETLOG [syscall][detcore, dtid 3] finish syscall #222: munmap(0x7fffec7ff000, 58724352) = Ok(0)
INFO detcore: DETLOG [memory][dtid 3] 0x555555629000-0x55555564a000 MMPermissions(READ | WRITE | PRIVATE) 0 0:0 0 [heap]->ebdab446d181069c6254b3e754bf0e2d158b2ffd0b20781d50d1d26a4b872b3d
INFO detcore: DETLOG [memory][dtid 3] 0x7ffffffde000-0x7ffffffff000 MMPermissions(READ | WRITE | PRIVATE) 0 0:0 0 [stack]->be346661fe2350af620ae2cdffda948e9b251ae106a955f2039c7006b786ac8c
DEBUG detcore: DETLOG (post) registers [dtid 3][rcbs 69047]. rax 0x0 rbx 0xffffffffffffffa0 rcx 0x7ffff7d08f1b rdx 0x0 rsi 0x3801000 rdi 0x7fffec7ff000 rbp 0x0 rsp 0x7fffffffe6f8 r8 0x7fffec7ff000  r9 0xca r10 0x0 r11 0x202 r12 0x0 r13 0x55555562dbb0 r14 0x0 r15 0x0 rip 0x7ffff7d08f1b eflags 0x202 cs 0x33 ss 0x2b ds 0x0 es 0x0 fs 0x0 gs 0x0
DEBUG detcore: DETLOG (pre) registers [dtid 3][rcbs 69556]. rax 0xffffffffffffffda rbx 0x7ffff7df79e0 rcx 0x7ffff7cdacad rdx 0xe7 rsi 0xffffffffffffffa0 rdi 0x0 rbp 0x0 rsp 0x7fffffffeb58 r8 0x0  r9 0x38 r10 0x7fffffffe9c0 r11 0x246 r12 0x7ffff7df79e0 r13 0x7ffff7dfd320 r14 0x1 r15 0x7ffff7dfd308 rip 0x7ffff7cdacad eflags 0x246 cs 0x33 ss 0x2b ds 0x0 es 0x0 fs 0x0 gs 0x0
INFO detcore: DETLOG [syscall][detcore, dtid 3] inbound syscall: exit_group(0) = ?
DEBUG detcore::scheduler: DETLOG [sched] advance global time for scheduler turn, new time LogicalTime(1767225600061607295)
INFO detcore::scheduler: [sched-step5] >>>>>>>

 COMMIT turn 59, dettid 3 using resources {Exit { group: true, process: DetPid(3), mm: MmId { creator: DetPid(3), generation: 1 } }: RW}, on previously committed 1_767_225_600.061_607_295s
DEBUG detcore::scheduler: DETLOG [sched] advance global time for scheduler turn, new time LogicalTime(1767225600062107295)
Done processing logs, differences found.
:: Log differences found between runs.
:: Respective Logs retained for further inspection: /tmp/run1_log_chGif /tmp/run2_log_2oP9Z
:: Failure: nondeterministic.
Error: Mismatch between run 1 and run 2 outputs (logs retained).
