WARNING: /usr/local/bin/qemu-system-x86_64 looks like a hardware emulator (VMM). Hermit's host-time virtualization exposes mutually inconsistent clock sources (a synthetic RDTSC versus a virtualized clock_gettime) to the emulated guest, which can corrupt its clock calibration (for example "Unable to calibrate against PIT", TSC marked unstable, or "No current clocksource") and stall boot. If the nested guest misbehaves, either disable Hermit's virtual clock with --no-virtualize-time --no-virtualize-metadata, or make the emulator use a single instruction-derived clock (for QEMU: -icount shift=0,sleep=off). See docs/QEMU_BOOT.md.
2026-07-27T17:02:38.216996Z  WARN detcore: [dtid 3] cpuid leaf 0x8000000 not in deterministic table; returning zero result
qemu-system-x86_64: warning: Machine type 'pc-i440fx-rhel7.6.0' is deprecated: machines from the previous RHEL major release are subject to deletion in the next RHEL major release
qemu-system-x86_64: warning: CPU model qemu64-x86_64-cpu is deprecated -- use at least 'Nehalem' / 'Opteron_G4', or 'host' / 'max'
2026-07-27T17:02:38.614216Z ERROR detcore: prehook: PMU RCB overshoot! Clock_value: 6008097. Stepped forward 4998493 RCBs, but should have trapped at 4998493
2026-07-27T17:02:38.960218Z ERROR detcore: prehook: PMU RCB overshoot! Clock_value: 11008097. Stepped forward 5000000 RCBs, but should have trapped at 5000000
2026-07-27T17:02:39.333200Z ERROR detcore: prehook: PMU RCB overshoot! Clock_value: 34385392. Stepped forward 4999800 RCBs, but should have trapped at 4999800
2026-07-27T17:02:39.543639Z ERROR detcore: prehook: PMU RCB overshoot! Clock_value: 39385392. Stepped forward 5000000 RCBs, but should have trapped at 5000000
c[?7l[2J[0mSeaBIOS (version 1.16.3-5.el9)


iPXE (http://ipxe.org) 00:03.0 CA00 PCI2.10 PnP PMM+0EFCCB30+0EF0CB30 CA00
Press Ctrl-B to configure iPXE (PCI 00:03.0)...                                                                               


Booting from ROM...
Probing EDD (edd=off to disable)... o2026-07-27T17:02:40.938431Z ERROR detcore: prehook: PMU RCB overshoot! Clock_value: 279403496. Stepped forward 4999408 RCBs, but should have trapped at 4999408
2026-07-27T17:02:41.128472Z ERROR detcore: prehook: PMU RCB overshoot! Clock_value: 284403496. Stepped forward 5000000 RCBs, but should have trapped at 5000000
2026-07-27T17:02:41.303240Z ERROR detcore: prehook: PMU RCB overshoot! Clock_value: 289403496. Stepped forward 5000000 RCBs, but should have trapped at 5000000
2026-07-27T17:02:41.519707Z ERROR detcore: prehook: PMU RCB overshoot! Clock_value: 294403496. Stepped forward 5000000 RCBs, but should have trapped at 5000000
2026-07-27T17:02:41.707035Z ERROR detcore: prehook: PMU RCB overshoot! Clock_value: 299403496. Stepped forward 5000000 RCBs, but should have trapped at 5000000
c[?7l[2J2026-07-27T17:02:41.903545Z ERROR detcore: prehook: PMU RCB overshoot! Clock_value: 305906050. Stepped forward 4999975 RCBs, but should have trapped at 4999975
2026-07-27T17:02:42.098502Z ERROR detcore: prehook: PMU RCB overshoot! Clock_value: 313410647. Stepped forward 4999800 RCBs, but should have trapped at 4999800
2026-07-27T17:02:42.288560Z ERROR detcore: prehook: PMU RCB overshoot! Clock_value: 318410647. Stepped forward 5000000 RCBs, but should have trapped at 5000000
2026-07-27T17:02:42.482165Z ERROR detcore: prehook: PMU RCB overshoot! Clock_value: 323410647. Stepped forward 5000000 RCBs, but should have trapped at 5000000
2026-07-27T17:02:42.675212Z ERROR detcore: prehook: PMU RCB overshoot! Clock_value: 328410647. Stepped forward 5000000 RCBs, but should have trapped at 5000000
2026-07-27T17:02:42.864677Z ERROR detcore: prehook: PMU RCB overshoot! Clock_value: 333410647. Stepped forward 5000000 RCBs, but should have trapped at 5000000
2026-07-27T17:02:43.054959Z ERROR detcore: prehook: PMU RCB overshoot! Clock_value: 338410647. Stepped forward 5000000 RCBs, but should have trapped at 5000000
2026-07-27T17:02:43.241581Z ERROR detcore: prehook: PMU RCB overshoot! Clock_value: 343410647. Stepped forward 5000000 RCBs, but should have trapped at 5000000
2026-07-27T17:02:43.432184Z ERROR detcore: prehook: PMU RCB overshoot! Clock_value: 348410647. Stepped forward 5000000 RCBs, but should have trapped at 5000000
2026-07-27T17:02:43.626029Z ERROR detcore: prehook: PMU RCB overshoot! Clock_value: 353410647. Stepped forward 5000000 RCBs, but should have trapped at 5000000
2026-07-27T17:02:43.947826Z ERROR detcore: prehook: PMU RCB overshoot! Clock_value: 360533278. Stepped forward 4999800 RCBs, but should have trapped at 4999800
2026-07-27T17:02:44.259839Z ERROR detcore: prehook: PMU RCB overshoot! Clock_value: 365533278. Stepped forward 5000000 RCBs, but should have trapped at 5000000
2026-07-27T17:02:44.575699Z ERROR detcore: prehook: PMU RCB overshoot! Clock_value: 370533278. Stepped forward 5000000 RCBs, but should have trapped at 5000000
2026-07-27T17:02:44.891133Z ERROR detcore: prehook: PMU RCB overshoot! Clock_value: 375533278. Stepped forward 5000000 RCBs, but should have trapped at 5000000
2026-07-27T17:02:45.216185Z ERROR detcore: prehook: PMU RCB overshoot! Clock_value: 380533278. Stepped forward 5000000 RCBs, but should have trapped at 5000000
2026-07-27T17:02:45.535785Z ERROR detcore: prehook: PMU RCB overshoot! Clock_value: 385533278. Stepped forward 5000000 RCBs, but should have trapped at 5000000
2026-07-27T17:02:45.839464Z ERROR detcore: prehook: PMU RCB overshoot! Clock_value: 390533278. Stepped forward 5000000 RCBs, but should have trapped at 5000000
2026-07-27T17:02:46.156186Z ERROR detcore: prehook: PMU RCB overshoot! Clock_value: 395533278. Stepped forward 5000000 RCBs, but should have trapped at 5000000
2026-07-27T17:02:46.474882Z ERROR detcore: prehook: PMU RCB overshoot! Clock_value: 401760026. Stepped forward 4999000 RCBs, but should have trapped at 4999000
2026-07-27T17:02:46.787818Z ERROR detcore: prehook: PMU RCB overshoot! Clock_value: 406760026. Stepped forward 5000000 RCBs, but should have trapped at 5000000
2026-07-27T17:02:47.119450Z ERROR detcore: prehook: PMU RCB overshoot! Clock_value: 411760026. Stepped forward 5000000 RCBs, but should have trapped at 5000000
2026-07-27T17:02:47.399600Z ERROR detcore: prehook: PMU RCB overshoot! Clock_value: 416760026. Stepped forward 5000000 RCBs, but should have trapped at 5000000
2026-07-27T17:02:47.677970Z ERROR detcore: prehook: PMU RCB overshoot! Clock_value: 421760026. Stepped forward 5000000 RCBs, but should have trapped at 5000000
2026-07-27T17:02:48.025200Z ERROR detcore: prehook: PMU RCB overshoot! Clock_value: 426760026. Stepped forward 5000000 RCBs, but should have trapped at 5000000
2026-07-27T17:02:48.317912Z ERROR detcore: prehook: PMU RCB overshoot! Clock_value: 431760026. Stepped forward 5000000 RCBs, but should have trapped at 5000000
2026-07-27T17:02:48.644499Z ERROR detcore: prehook: PMU RCB overshoot! Clock_value: 436760026. Stepped forward 5000000 RCBs, but should have trapped at 5000000
2026-07-27T17:02:48.966630Z ERROR detcore: prehook: PMU RCB overshoot! Clock_value: 441760026. Stepped forward 5000000 RCBs, but should have trapped at 5000000
2026-07-27T17:02:49.298325Z ERROR detcore: prehook: PMU RCB overshoot! Clock_value: 450857741. Stepped forward 4999000 RCBs, but should have trapped at 4999000
2026-07-27T17:02:49.598755Z ERROR detcore: prehook: PMU RCB overshoot! Clock_value: 455857741. Stepped forward 5000000 RCBs, but should have trapped at 5000000
2026-07-27T17:02:49.911760Z ERROR detcore: prehook: PMU RCB overshoot! Clock_value: 460857741. Stepped forward 5000000 RCBs, but should have trapped at 5000000
2026-07-27T17:02:50.223840Z ERROR detcore: prehook: PMU RCB overshoot! Clock_value: 465857741. Stepped forward 5000000 RCBs, but should have trapped at 5000000
2026-07-27T17:02:50.521852Z ERROR detcore: prehook: PMU RCB overshoot! Clock_value: 470857741. Stepped forward 5000000 RCBs, but should have trapped at 5000000
2026-07-27T17:02:50.833088Z ERROR detcore: prehook: PMU RCB overshoot! Clock_value: 475857741. Stepped forward 5000000 RCBs, but should have trapped at 5000000
2026-07-27T17:02:51.129679Z ERROR detcore: prehook: PMU RCB overshoot! Clock_value: 480857741. Stepped forward 5000000 RCBs, but should have trapped at 5000000
2026-07-27T17:02:51.445031Z ERROR detcore: prehook: PMU RCB overshoot! Clock_value: 485857741. Stepped forward 5000000 RCBs, but should have trapped at 5000000
2026-07-27T17:02:51.743880Z ERROR detcore: prehook: PMU RCB overshoot! Clock_value: 490857741. Stepped forward 5000000 RCBs, but should have trapped at 5000000
2026-07-27T17:02:52.049167Z ERROR detcore: prehook: PMU RCB overshoot! Clock_value: 495857741. Stepped forward 5000000 RCBs, but should have trapped at 5000000
2026-07-27T17:02:52.353980Z ERROR detcore: prehook: PMU RCB overshoot! Clock_value: 502139474. Stepped forward 4991381 RCBs, but should have trapped at 4991381
2026-07-27T17:02:52.653862Z ERROR detcore: prehook: PMU RCB overshoot! Clock_value: 507139474. Stepped forward 5000000 RCBs, but should have trapped at 5000000
2026-07-27T17:02:52.953560Z ERROR detcore: prehook: PMU RCB overshoot! Clock_value: 512139474. Stepped forward 5000000 RCBs, but should have trapped at 5000000
2026-07-27T17:02:53.253658Z ERROR detcore: prehook: PMU RCB overshoot! Clock_value: 517139474. Stepped forward 5000000 RCBs, but should have trapped at 5000000
2026-07-27T17:02:53.577750Z ERROR detcore: prehook: PMU RCB overshoot! Clock_value: 522139474. Stepped forward 5000000 RCBs, but should have trapped at 5000000
2026-07-27T17:02:53.872799Z ERROR detcore: prehook: PMU RCB overshoot! Clock_value: 527139474. Stepped forward 5000000 RCBs, but should have trapped at 5000000
2026-07-27T17:02:54.178677Z ERROR detcore: prehook: PMU RCB overshoot! Clock_value: 532139474. Stepped forward 5000000 RCBs, but should have trapped at 5000000
2026-07-27T17:02:54.494674Z ERROR detcore: prehook: PMU RCB overshoot! Clock_value: 537139474. Stepped forward 5000000 RCBs, but should have trapped at 5000000
2026-07-27T17:02:54.821115Z ERROR detcore: prehook: PMU RCB overshoot! Clock_value: 542139474. Stepped forward 5000000 RCBs, but should have trapped at 5000000
2026-07-27T17:02:55.136420Z ERROR detcore: prehook: PMU RCB overshoot! Clock_value: 547139474. Stepped forward 5000000 RCBs, but should have trapped at 5000000
2026-07-27T17:02:55.437754Z ERROR detcore: prehook: PMU RCB overshoot! Clock_value: 552243137. Stepped forward 4999000 RCBs, but should have trapped at 4999000
2026-07-27T17:02:55.754788Z ERROR detcore: prehook: PMU RCB overshoot! Clock_value: 557243137. Stepped forward 5000000 RCBs, but should have trapped at 5000000
2026-07-27T17:02:56.059057Z ERROR detcore: prehook: PMU RCB overshoot! Clock_value: 562243137. Stepped forward 5000000 RCBs, but should have trapped at 5000000
2026-07-27T17:02:56.398090Z ERROR detcore: prehook: PMU RCB overshoot! Clock_value: 567243137. Stepped forward 5000000 RCBs, but should have trapped at 5000000
2026-07-27T17:02:56.696141Z ERROR detcore: prehook: PMU RCB overshoot! Clock_value: 572243137. Stepped forward 5000000 RCBs, but should have trapped at 5000000
2026-07-27T17:02:56.996727Z ERROR detcore: prehook: PMU RCB overshoot! Clock_value: 577243137. Stepped forward 5000000 RCBs, but should have trapped at 5000000
2026-07-27T17:02:57.305684Z ERROR detcore: prehook: PMU RCB overshoot! Clock_value: 582243137. Stepped forward 5000000 RCBs, but should have trapped at 5000000
2026-07-27T17:02:57.615683Z ERROR detcore: prehook: PMU RCB overshoot! Clock_value: 587243137. Stepped forward 5000000 RCBs, but should have trapped at 5000000
2026-07-27T17:02:57.916783Z ERROR detcore: prehook: PMU RCB overshoot! Clock_value: 592243137. Stepped forward 5000000 RCBs, but should have trapped at 5000000
2026-07-27T17:02:58.263353Z ERROR detcore: prehook: PMU RCB overshoot! Clock_value: 602177076. Stepped forward 4999000 RCBs, but should have trapped at 4999000
2026-07-27T17:02:58.603369Z ERROR detcore: prehook: PMU RCB overshoot! Clock_value: 607177076. Stepped forward 5000000 RCBs, but should have trapped at 5000000
2026-07-27T17:02:58.902971Z ERROR detcore: prehook: PMU RCB overshoot! Clock_value: 612177076. Stepped forward 5000000 RCBs, but should have trapped at 5000000
2026-07-27T17:02:59.239764Z ERROR detcore: prehook: PMU RCB overshoot! Clock_value: 617177076. Stepped forward 5000000 RCBs, but should have trapped at 5000000
2026-07-27T17:02:59.577365Z ERROR detcore: prehook: PMU RCB overshoot! Clock_value: 622177076. Stepped forward 5000000 RCBs, but should have trapped at 5000000
2026-07-27T17:02:59.900200Z ERROR detcore: prehook: PMU RCB overshoot! Clock_value: 627177076. Stepped forward 5000000 RCBs, but should have trapped at 5000000
2026-07-27T17:03:00.209290Z ERROR detcore: prehook: PMU RCB overshoot! Clock_value: 632177076. Stepped forward 5000000 RCBs, but should have trapped at 5000000
2026-07-27T17:03:00.554329Z ERROR detcore: prehook: PMU RCB overshoot! Clock_value: 637177076. Stepped forward 5000000 RCBs, but should have trapped at 5000000
2026-07-27T17:03:00.856619Z ERROR detcore: prehook: PMU RCB overshoot! Clock_value: 642177076. Stepped forward 5000000 RCBs, but should have trapped at 5000000
2026-07-27T17:03:01.190473Z ERROR detcore: prehook: PMU RCB overshoot! Clock_value: 651344673. Stepped forward 4999000 RCBs, but should have trapped at 4999000
2026-07-27T17:03:01.491471Z ERROR detcore: prehook: PMU RCB overshoot! Clock_value: 656344673. Stepped forward 5000000 RCBs, but should have trapped at 5000000
2026-07-27T17:03:01.780115Z ERROR detcore: prehook: PMU RCB overshoot! Clock_value: 661344673. Stepped forward 5000000 RCBs, but should have trapped at 5000000
2026-07-27T17:03:02.065291Z ERROR detcore: prehook: PMU RCB overshoot! Clock_value: 666344673. Stepped forward 5000000 RCBs, but should have trapped at 5000000
2026-07-27T17:03:02.393557Z ERROR detcore: prehook: PMU RCB overshoot! Clock_value: 671344673. Stepped forward 5000000 RCBs, but should have trapped at 5000000
2026-07-27T17:03:02.691292Z ERROR detcore: prehook: PMU RCB overshoot! Clock_value: 676344673. Stepped forward 5000000 RCBs, but should have trapped at 5000000
2026-07-27T17:03:03.006363Z ERROR detcore: prehook: PMU RCB overshoot! Clock_value: 681344673. Stepped forward 5000000 RCBs, but should have trapped at 5000000
2026-07-27T17:03:03.308166Z ERROR detcore: prehook: PMU RCB overshoot! Clock_value: 686344673. Stepped forward 5000000 RCBs, but should have trapped at 5000000
2026-07-27T17:03:03.609270Z ERROR detcore: prehook: PMU RCB overshoot! Clock_value: 691344673. Stepped forward 5000000 RCBs, but should have trapped at 5000000
2026-07-27T17:03:03.935019Z ERROR detcore: prehook: PMU RCB overshoot! Clock_value: 696344673. Stepped forward 5000000 RCBs, but should have trapped at 5000000
2026-07-27T17:03:04.235242Z ERROR detcore: prehook: PMU RCB overshoot! Clock_value: 701456106. Stepped forward 4999000 RCBs, but should have trapped at 4999000
2026-07-27T17:03:04.560109Z ERROR detcore: prehook: PMU RCB overshoot! Clock_value: 706456106. Stepped forward 5000000 RCBs, but should have trapped at 5000000
2026-07-27T17:03:04.859226Z ERROR detcore: prehook: PMU RCB overshoot! Clock_value: 711456106. Stepped forward 5000000 RCBs, but should have trapped at 5000000
2026-07-27T17:03:05.165972Z ERROR detcore: prehook: PMU RCB overshoot! Clock_value: 716456106. Stepped forward 5000000 RCBs, but should have trapped at 5000000
2026-07-27T17:03:05.477040Z ERROR detcore: prehook: PMU RCB overshoot! Clock_value: 721456106. Stepped forward 5000000 RCBs, but should have trapped at 5000000
2026-07-27T17:03:05.770163Z ERROR detcore: prehook: PMU RCB overshoot! Clock_value: 726456106. Stepped forward 5000000 RCBs, but should have trapped at 5000000
2026-07-27T17:03:06.062504Z ERROR detcore: prehook: PMU RCB overshoot! Clock_value: 731456106. Stepped forward 5000000 RCBs, but should have trapped at 5000000
2026-07-27T17:03:06.373681Z ERROR detcore: prehook: PMU RCB overshoot! Clock_value: 736456106. Stepped forward 5000000 RCBs, but should have trapped at 5000000
2026-07-27T17:03:06.693777Z ERROR detcore: prehook: PMU RCB overshoot! Clock_value: 741456106. Stepped forward 5000000 RCBs, but should have trapped at 5000000
2026-07-27T17:03:07.033397Z ERROR detcore: prehook: PMU RCB overshoot! Clock_value: 751191625. Stepped forward 4999000 RCBs, but should have trapped at 4999000
2026-07-27T17:03:07.337345Z ERROR detcore: prehook: PMU RCB overshoot! Clock_value: 756191625. Stepped forward 5000000 RCBs, but should have trapped at 5000000
2026-07-27T17:03:07.620934Z ERROR detcore: prehook: PMU RCB overshoot! Clock_value: 761191625. Stepped forward 5000000 RCBs, but should have trapped at 5000000
2026-07-27T17:03:07.921433Z ERROR detcore: prehook: PMU RCB overshoot! Clock_value: 766191625. Stepped forward 5000000 RCBs, but should have trapped at 5000000
2026-07-27T17:03:08.219231Z ERROR detcore: prehook: PMU RCB overshoot! Clock_value: 771191625. Stepped forward 5000000 RCBs, but should have trapped at 5000000
2026-07-27T17:03:08.509841Z ERROR detcore: prehook: PMU RCB overshoot! Clock_value: 776191625. Stepped forward 5000000 RCBs, but should have trapped at 5000000
2026-07-27T17:03:08.786295Z ERROR detcore: prehook: PMU RCB overshoot! Clock_value: 781191625. Stepped forward 5000000 RCBs, but should have trapped at 5000000
2026-07-27T17:03:09.085382Z ERROR detcore: prehook: PMU RCB overshoot! Clock_value: 786191625. Stepped forward 5000000 RCBs, but should have trapped at 5000000
2026-07-27T17:03:09.416347Z ERROR detcore: prehook: PMU RCB overshoot! Clock_value: 791191625. Stepped forward 5000000 RCBs, but should have trapped at 5000000
2026-07-27T17:03:09.767349Z ERROR detcore: prehook: PMU RCB overshoot! Clock_value: 800929028. Stepped forward 4996555 RCBs, but should have trapped at 4996555
2026-07-27T17:03:10.079301Z ERROR detcore: prehook: PMU RCB overshoot! Clock_value: 805929028. Stepped forward 5000000 RCBs, but should have trapped at 5000000
2026-07-27T17:03:10.411179Z ERROR detcore: prehook: PMU RCB overshoot! Clock_value: 810929028. Stepped forward 5000000 RCBs, but should have trapped at 5000000
2026-07-27T17:03:10.700827Z ERROR detcore: prehook: PMU RCB overshoot! Clock_value: 815929028. Stepped forward 5000000 RCBs, but should have trapped at 5000000
2026-07-27T17:03:11.005223Z ERROR detcore: prehook: PMU RCB overshoot! Clock_value: 820929028. Stepped forward 5000000 RCBs, but should have trapped at 5000000
2026-07-27T17:03:11.306668Z ERROR detcore: prehook: PMU RCB overshoot! Clock_value: 825929028. Stepped forward 5000000 RCBs, but should have trapped at 5000000
2026-07-27T17:03:11.589328Z ERROR detcore: prehook: PMU RCB overshoot! Clock_value: 830929028. Stepped forward 5000000 RCBs, but should have trapped at 5000000
2026-07-27T17:03:11.872165Z ERROR detcore: prehook: PMU RCB overshoot! Clock_value: 835929028. Stepped forward 5000000 RCBs, but should have trapped at 5000000
2026-07-27T17:03:12.205092Z ERROR detcore: prehook: PMU RCB overshoot! Clock_value: 840929028. Stepped forward 5000000 RCBs, but should have trapped at 5000000
2026-07-27T17:03:12.517776Z ERROR detcore: prehook: PMU RCB overshoot! Clock_value: 850753748. Stepped forward 4999000 RCBs, but should have trapped at 4999000
2026-07-27T17:03:12.826594Z ERROR detcore: prehook: PMU RCB overshoot! Clock_value: 855753748. Stepped forward 5000000 RCBs, but should have trapped at 5000000
2026-07-27T17:03:13.122305Z ERROR detcore: prehook: PMU RCB overshoot! Clock_value: 860753748. Stepped forward 5000000 RCBs, but should have trapped at 5000000
2026-07-27T17:03:13.443129Z ERROR detcore: prehook: PMU RCB overshoot! Clock_value: 865753748. Stepped forward 5000000 RCBs, but should have trapped at 5000000
2026-07-27T17:03:13.750068Z ERROR detcore: prehook: PMU RCB overshoot! Clock_value: 870753748. Stepped forward 5000000 RCBs, but should have trapped at 5000000
2026-07-27T17:03:14.023861Z ERROR detcore: prehook: PMU RCB overshoot! Clock_value: 875753748. Stepped forward 5000000 RCBs, but should have trapped at 5000000
2026-07-27T17:03:14.362841Z ERROR detcore: prehook: PMU RCB overshoot! Clock_value: 880753748. Stepped forward 5000000 RCBs, but should have trapped at 5000000
2026-07-27T17:03:14.649704Z ERROR detcore: prehook: PMU RCB overshoot! Clock_value: 885753748. Stepped forward 5000000 RCBs, but should have trapped at 5000000
2026-07-27T17:03:14.986965Z ERROR detcore: prehook: PMU RCB overshoot! Clock_value: 890753748. Stepped forward 5000000 RCBs, but should have trapped at 5000000
2026-07-27T17:03:15.286434Z ERROR detcore: prehook: PMU RCB overshoot! Clock_value: 895753748. Stepped forward 5000000 RCBs, but should have trapped at 5000000
2026-07-27T17:03:15.624902Z ERROR detcore: prehook: PMU RCB overshoot! Clock_value: 900845631. Stepped forward 4996587 RCBs, but should have trapped at 4996587
2026-07-27T17:03:15.927772Z ERROR detcore: prehook: PMU RCB overshoot! Clock_value: 905845631. Stepped forward 5000000 RCBs, but should have trapped at 5000000
2026-07-27T17:03:16.267455Z ERROR detcore: prehook: PMU RCB overshoot! Clock_value: 910845631. Stepped forward 5000000 RCBs, but should have trapped at 5000000
2026-07-27T17:03:16.564002Z ERROR detcore: prehook: PMU RCB overshoot! Clock_value: 915845631. Stepped forward 5000000 RCBs, but should have trapped at 5000000
2026-07-27T17:03:16.857684Z ERROR detcore: prehook: PMU RCB overshoot! Clock_value: 920845631. Stepped forward 5000000 RCBs, but should have trapped at 5000000
2026-07-27T17:03:17.159297Z ERROR detcore: prehook: PMU RCB overshoot! Clock_value: 925845631. Stepped forward 5000000 RCBs, but should have trapped at 5000000
2026-07-27T17:03:17.459751Z ERROR detcore: prehook: PMU RCB overshoot! Clock_value: 930845631. Stepped forward 5000000 RCBs, but should have trapped at 5000000
2026-07-27T17:03:17.787069Z ERROR detcore: prehook: PMU RCB overshoot! Clock_value: 935845631. Stepped forward 5000000 RCBs, but should have trapped at 5000000
2026-07-27T17:03:18.098072Z ERROR detcore: prehook: PMU RCB overshoot! Clock_value: 940845631. Stepped forward 5000000 RCBs, but should have trapped at 5000000
2026-07-27T17:03:18.421075Z ERROR detcore: prehook: PMU RCB overshoot! Clock_value: 945845631. Stepped forward 5000000 RCBs, but should have trapped at 5000000
2026-07-27T17:03:18.735264Z ERROR detcore: prehook: PMU RCB overshoot! Clock_value: 951543642. Stepped forward 4993899 RCBs, but should have trapped at 4993899
2026-07-27T17:03:19.071539Z ERROR detcore: prehook: PMU RCB overshoot! Clock_value: 956543642. Stepped forward 5000000 RCBs, but should have trapped at 5000000
2026-07-27T17:03:19.364476Z ERROR detcore: prehook: PMU RCB overshoot! Clock_value: 961543642. Stepped forward 5000000 RCBs, but should have trapped at 5000000
2026-07-27T17:03:19.700036Z ERROR detcore: prehook: PMU RCB overshoot! Clock_value: 966543642. Stepped forward 5000000 RCBs, but should have trapped at 5000000
2026-07-27T17:03:20.005282Z ERROR detcore: prehook: PMU RCB overshoot! Clock_value: 971543642. Stepped forward 5000000 RCBs, but should have trapped at 5000000
2026-07-27T17:03:20.307139Z ERROR detcore: prehook: PMU RCB overshoot! Clock_value: 976543642. Stepped forward 5000000 RCBs, but should have trapped at 5000000
2026-07-27T17:03:20.629750Z ERROR detcore: prehook: PMU RCB overshoot! Clock_value: 981543642. Stepped forward 5000000 RCBs, but should have trapped at 5000000
2026-07-27T17:03:20.931265Z ERROR detcore: prehook: PMU RCB overshoot! Clock_value: 986543642. Stepped forward 5000000 RCBs, but should have trapped at 5000000
2026-07-27T17:03:21.232730Z ERROR detcore: prehook: PMU RCB overshoot! Clock_value: 991543642. Stepped forward 5000000 RCBs, but should have trapped at 5000000
2026-07-27T17:03:21.576334Z ERROR detcore: prehook: PMU RCB overshoot! Clock_value: 996543642. Stepped forward 5000000 RCBs, but should have trapped at 5000000
2026-07-27T17:03:21.877618Z ERROR detcore: prehook: PMU RCB overshoot! Clock_value: 1001967217. Stepped forward 4999000 RCBs, but should have trapped at 4999000
2026-07-27T17:03:22.211224Z ERROR detcore: prehook: PMU RCB overshoot! Clock_value: 1006967217. Stepped forward 5000000 RCBs, but should have trapped at 5000000
2026-07-27T17:03:22.505776Z ERROR detcore: prehook: PMU RCB overshoot! Clock_value: 1011967217. Stepped forward 5000000 RCBs, but should have trapped at 5000000
2026-07-27T17:03:22.901240Z ERROR detcore: prehook: PMU RCB overshoot! Clock_value: 1016967217. Stepped forward 5000000 RCBs, but should have trapped at 5000000
2026-07-27T17:03:23.239856Z ERROR detcore: prehook: PMU RCB overshoot! Clock_value: 1021967217. Stepped forward 5000000 RCBs, but should have trapped at 5000000
2026-07-27T17:03:23.547730Z ERROR detcore: prehook: PMU RCB overshoot! Clock_value: 1026967217. Stepped forward 5000000 RCBs, but should have trapped at 5000000
2026-07-27T17:03:23.844935Z ERROR detcore: prehook: PMU RCB overshoot! Clock_value: 1031967217. Stepped forward 5000000 RCBs, but should have trapped at 5000000
2026-07-27T17:03:24.186675Z ERROR detcore: prehook: PMU RCB overshoot! Clock_value: 1036967217. Stepped forward 5000000 RCBs, but should have trapped at 5000000
2026-07-27T17:03:24.480388Z ERROR detcore: prehook: PMU RCB overshoot! Clock_value: 1041967217. Stepped forward 5000000 RCBs, but should have trapped at 5000000
2026-07-27T17:03:24.813836Z ERROR detcore: prehook: PMU RCB overshoot! Clock_value: 1046967217. Stepped forward 5000000 RCBs, but should have trapped at 5000000
2026-07-27T17:03:25.134546Z ERROR detcore: prehook: PMU RCB overshoot! Clock_value: 1052456762. Stepped forward 4999000 RCBs, but should have trapped at 4999000
2026-07-27T17:03:25.433615Z ERROR detcore: prehook: PMU RCB overshoot! Clock_value: 1057456762. Stepped forward 5000000 RCBs, but should have trapped at 5000000
2026-07-27T17:03:25.747733Z ERROR detcore: prehook: PMU RCB overshoot! Clock_value: 1062456762. Stepped forward 5000000 RCBs, but should have trapped at 5000000
2026-07-27T17:03:26.039769Z ERROR detcore: prehook: PMU RCB overshoot! Clock_value: 1067456762. Stepped forward 5000000 RCBs, but should have trapped at 5000000
2026-07-27T17:03:26.348389Z ERROR detcore: prehook: PMU RCB overshoot! Clock_value: 1072456762. Stepped forward 5000000 RCBs, but should have trapped at 5000000
2026-07-27T17:03:26.626517Z ERROR detcore: prehook: PMU RCB overshoot! Clock_value: 1077456762. Stepped forward 5000000 RCBs, but should have trapped at 5000000
2026-07-27T17:03:26.945163Z ERROR detcore: prehook: PMU RCB overshoot! Clock_value: 1082456762. Stepped forward 5000000 RCBs, but should have trapped at 5000000
2026-07-27T17:03:27.245770Z ERROR detcore: prehook: PMU RCB overshoot! Clock_value: 1087456762. Stepped forward 5000000 RCBs, but should have trapped at 5000000
2026-07-27T17:03:27.566644Z ERROR detcore: prehook: PMU RCB overshoot! Clock_value: 1092456762. Stepped forward 5000000 RCBs, but should have trapped at 5000000
2026-07-27T17:03:27.905371Z ERROR detcore: prehook: PMU RCB overshoot! Clock_value: 1097456762. Stepped forward 5000000 RCBs, but should have trapped at 5000000
2026-07-27T17:03:28.203171Z ERROR detcore: prehook: PMU RCB overshoot! Clock_value: 1103635139. Stepped forward 4999000 RCBs, but should have trapped at 4999000
2026-07-27T17:03:28.518598Z ERROR detcore: prehook: PMU RCB overshoot! Clock_value: 1108635139. Stepped forward 5000000 RCBs, but should have trapped at 5000000
2026-07-27T17:03:28.819520Z ERROR detcore: prehook: PMU RCB overshoot! Clock_value: 1113635139. Stepped forward 5000000 RCBs, but should have trapped at 5000000
2026-07-27T17:03:29.117747Z ERROR detcore: prehook: PMU RCB overshoot! Clock_value: 1118635139. Stepped forward 5000000 RCBs, but should have trapped at 5000000
2026-07-27T17:03:29.462731Z ERROR detcore: prehook: PMU RCB overshoot! Clock_value: 1123635139. Stepped forward 5000000 RCBs, but should have trapped at 5000000
2026-07-27T17:03:29.798507Z ERROR detcore: prehook: PMU RCB overshoot! Clock_value: 1128635139. Stepped forward 5000000 RCBs, but should have trapped at 5000000
2026-07-27T17:03:30.100155Z ERROR detcore: prehook: PMU RCB overshoot! Clock_value: 1133635139. Stepped forward 5000000 RCBs, but should have trapped at 5000000
2026-07-27T17:03:30.411197Z ERROR detcore: prehook: PMU RCB overshoot! Clock_value: 1138635139. Stepped forward 5000000 RCBs, but should have trapped at 5000000
2026-07-27T17:03:30.736342Z ERROR detcore: prehook: PMU RCB overshoot! Clock_value: 1143635139. Stepped forward 5000000 RCBs, but should have trapped at 5000000
2026-07-27T17:03:31.128360Z ERROR detcore: prehook: PMU RCB overshoot! Clock_value: 1148635139. Stepped forward 5000000 RCBs, but should have trapped at 5000000
2026-07-27T17:03:31.588282Z ERROR detcore: prehook: PMU RCB overshoot! Clock_value: 1154064251. Stepped forward 4999000 RCBs, but should have trapped at 4999000
2026-07-27T17:03:31.918206Z ERROR detcore: prehook: PMU RCB overshoot! Clock_value: 1159064251. Stepped forward 5000000 RCBs, but should have trapped at 5000000
2026-07-27T17:03:32.282671Z ERROR detcore: prehook: PMU RCB overshoot! Clock_value: 1164064251. Stepped forward 5000000 RCBs, but should have trapped at 5000000
2026-07-27T17:03:32.666944Z ERROR detcore: prehook: PMU RCB overshoot! Clock_value: 1169064251. Stepped forward 5000000 RCBs, but should have trapped at 5000000
2026-07-27T17:03:32.968054Z ERROR detcore: prehook: PMU RCB overshoot! Clock_value: 1174064251. Stepped forward 5000000 RCBs, but should have trapped at 5000000
2026-07-27T17:03:33.284481Z ERROR detcore: prehook: PMU RCB overshoot! Clock_value: 1179064251. Stepped forward 5000000 RCBs, but should have trapped at 5000000
2026-07-27T17:03:33.597460Z ERROR detcore: prehook: PMU RCB overshoot! Clock_value: 1184064251. Stepped forward 5000000 RCBs, but should have trapped at 5000000
2026-07-27T17:03:33.889519Z ERROR detcore: prehook: PMU RCB overshoot! Clock_value: 1189064251. Stepped forward 5000000 RCBs, but should have trapped at 5000000
2026-07-27T17:03:34.214421Z ERROR detcore: prehook: PMU RCB overshoot! Clock_value: 1194064251. Stepped forward 5000000 RCBs, but should have trapped at 5000000
2026-07-27T17:03:34.506214Z ERROR detcore: prehook: PMU RCB overshoot! Clock_value: 1199064251. Stepped forward 5000000 RCBs, but should have trapped at 5000000
2026-07-27T17:03:34.857815Z ERROR detcore: prehook: PMU RCB overshoot! Clock_value: 1204491561. Stepped forward 4993321 RCBs, but should have trapped at 4993321
2026-07-27T17:03:35.155800Z ERROR detcore: prehook: PMU RCB overshoot! Clock_value: 1209491561. Stepped forward 5000000 RCBs, but should have trapped at 5000000
2026-07-27T17:03:35.433878Z ERROR detcore: prehook: PMU RCB overshoot! Clock_value: 1214491561. Stepped forward 5000000 RCBs, but should have trapped at 5000000
2026-07-27T17:03:35.745754Z ERROR detcore: prehook: PMU RCB overshoot! Clock_value: 1219491561. Stepped forward 5000000 RCBs, but should have trapped at 5000000
2026-07-27T17:03:36.038159Z ERROR detcore: prehook: PMU RCB overshoot! Clock_value: 1224491561. Stepped forward 5000000 RCBs, but should have trapped at 5000000
2026-07-27T17:03:36.337300Z ERROR detcore: prehook: PMU RCB overshoot! Clock_value: 1229491561. Stepped forward 5000000 RCBs, but should have trapped at 5000000
2026-07-27T17:03:36.624113Z ERROR detcore: prehook: PMU RCB overshoot! Clock_value: 1234491561. Stepped forward 5000000 RCBs, but should have trapped at 5000000
2026-07-27T17:03:36.965371Z ERROR detcore: prehook: PMU RCB overshoot! Clock_value: 1239491561. Stepped forward 5000000 RCBs, but should have trapped at 5000000
2026-07-27T17:03:37.291064Z ERROR detcore: prehook: PMU RCB overshoot! Clock_value: 1244491561. Stepped forward 5000000 RCBs, but should have trapped at 5000000
2026-07-27T17:03:37.607912Z ERROR detcore: prehook: PMU RCB overshoot! Clock_value: 1249491561. Stepped forward 5000000 RCBs, but should have trapped at 5000000
2026-07-27T17:03:37.905785Z ERROR detcore: prehook: PMU RCB overshoot! Clock_value: 1255707152. Stepped forward 4999000 RCBs, but should have trapped at 4999000
2026-07-27T17:03:38.262017Z ERROR detcore: prehook: PMU RCB overshoot! Clock_value: 1260707152. Stepped forward 5000000 RCBs, but should have trapped at 5000000
2026-07-27T17:03:38.628556Z ERROR detcore: prehook: PMU RCB overshoot! Clock_value: 1265707152. Stepped forward 5000000 RCBs, but should have trapped at 5000000
2026-07-27T17:03:38.971929Z ERROR detcore: prehook: PMU RCB overshoot! Clock_value: 1270707152. Stepped forward 5000000 RCBs, but should have trapped at 5000000
2026-07-27T17:03:39.283232Z ERROR detcore: prehook: PMU RCB overshoot! Clock_value: 1275707152. Stepped forward 5000000 RCBs, but should have trapped at 5000000
2026-07-27T17:03:39.579569Z ERROR detcore: prehook: PMU RCB overshoot! Clock_value: 1280707152. Stepped forward 5000000 RCBs, but should have trapped at 5000000
2026-07-27T17:03:39.910906Z ERROR detcore: prehook: PMU RCB overshoot! Clock_value: 1285707152. Stepped forward 5000000 RCBs, but should have trapped at 5000000
2026-07-27T17:03:40.228034Z ERROR detcore: prehook: PMU RCB overshoot! Clock_value: 1290707152. Stepped forward 5000000 RCBs, but should have trapped at 5000000
2026-07-27T17:03:40.518614Z ERROR detcore: prehook: PMU RCB overshoot! Clock_value: 1295707152. Stepped forward 5000000 RCBs, but should have trapped at 5000000
2026-07-27T17:03:40.844836Z ERROR detcore: prehook: PMU RCB overshoot! Clock_value: 1300707152. Stepped forward 5000000 RCBs, but should have trapped at 5000000
2026-07-27T17:03:41.144746Z ERROR detcore: prehook: PMU RCB overshoot! Clock_value: 1307556763. Stepped forward 4996530 RCBs, but should have trapped at 4996530
2026-07-27T17:03:41.478514Z ERROR detcore: prehook: PMU RCB overshoot! Clock_value: 1312556763. Stepped forward 5000000 RCBs, but should have trapped at 5000000
2026-07-27T17:03:41.777121Z ERROR detcore: prehook: PMU RCB overshoot! Clock_value: 1317556763. Stepped forward 5000000 RCBs, but should have trapped at 5000000
2026-07-27T17:03:42.090055Z ERROR detcore: prehook: PMU RCB overshoot! Clock_value: 1322556763. Stepped forward 5000000 RCBs, but should have trapped at 5000000
2026-07-27T17:03:42.396176Z ERROR detcore: prehook: PMU RCB overshoot! Clock_value: 1327556763. Stepped forward 5000000 RCBs, but should have trapped at 5000000
2026-07-27T17:03:42.740968Z ERROR detcore: prehook: PMU RCB overshoot! Clock_value: 1332556763. Stepped forward 5000000 RCBs, but should have trapped at 5000000
2026-07-27T17:03:43.042510Z ERROR detcore: prehook: PMU RCB overshoot! Clock_value: 1337556763. Stepped forward 5000000 RCBs, but should have trapped at 5000000
2026-07-27T17:03:43.368781Z ERROR detcore: prehook: PMU RCB overshoot! Clock_value: 1342556763. Stepped forward 5000000 RCBs, but should have trapped at 5000000
2026-07-27T17:03:43.684358Z ERROR detcore: prehook: PMU RCB overshoot! Clock_value: 1347556763. Stepped forward 5000000 RCBs, but should have trapped at 5000000
2026-07-27T17:03:43.957826Z ERROR detcore: prehook: PMU RCB overshoot! Clock_value: 1352556763. Stepped forward 5000000 RCBs, but should have trapped at 5000000
2026-07-27T17:03:44.267804Z ERROR detcore: prehook: PMU RCB overshoot! Clock_value: 1360396276. Stepped forward 4990175 RCBs, but should have trapped at 4990175
2026-07-27T17:03:44.570407Z ERROR detcore: prehook: PMU RCB overshoot! Clock_value: 1365396276. Stepped forward 5000000 RCBs, but should have trapped at 5000000
2026-07-27T17:03:44.852101Z ERROR detcore: prehook: PMU RCB overshoot! Clock_value: 1370396276. Stepped forward 5000000 RCBs, but should have trapped at 5000000
2026-07-27T17:03:45.158073Z ERROR detcore: prehook: PMU RCB overshoot! Clock_value: 1375396276. Stepped forward 5000000 RCBs, but should have trapped at 5000000
2026-07-27T17:03:45.447796Z ERROR detcore: prehook: PMU RCB overshoot! Clock_value: 1380396276. Stepped forward 5000000 RCBs, but should have trapped at 5000000
2026-07-27T17:03:45.737040Z ERROR detcore: prehook: PMU RCB overshoot! Clock_value: 1385396276. Stepped forward 5000000 RCBs, but should have trapped at 5000000
2026-07-27T17:03:46.038442Z ERROR detcore: prehook: PMU RCB overshoot! Clock_value: 1390396276. Stepped forward 5000000 RCBs, but should have trapped at 5000000
2026-07-27T17:03:46.339608Z ERROR detcore: prehook: PMU RCB overshoot! Clock_value: 1395396276. Stepped forward 5000000 RCBs, but should have trapped at 5000000
2026-07-27T17:03:46.633890Z ERROR detcore: prehook: PMU RCB overshoot! Clock_value: 1400396276. Stepped forward 5000000 RCBs, but should have trapped at 5000000
2026-07-27T17:03:46.953555Z ERROR detcore: prehook: PMU RCB overshoot! Clock_value: 1405396276. Stepped forward 5000000 RCBs, but should have trapped at 5000000
2026-07-27T17:03:47.295394Z ERROR detcore: prehook: PMU RCB overshoot! Clock_value: 1413331581. Stepped forward 4996188 RCBs, but should have trapped at 4996188
2026-07-27T17:03:47.692450Z ERROR detcore: prehook: PMU RCB overshoot! Clock_value: 1418331581. Stepped forward 5000000 RCBs, but should have trapped at 5000000
2026-07-27T17:03:47.997620Z ERROR detcore: prehook: PMU RCB overshoot! Clock_value: 1423331581. Stepped forward 5000000 RCBs, but should have trapped at 5000000
2026-07-27T17:03:48.298475Z ERROR detcore: prehook: PMU RCB overshoot! Clock_value: 1428331581. Stepped forward 5000000 RCBs, but should have trapped at 5000000
2026-07-27T17:03:48.593331Z ERROR detcore: prehook: PMU RCB overshoot! Clock_value: 1433331581. Stepped forward 5000000 RCBs, but should have trapped at 5000000
2026-07-27T17:03:48.910298Z ERROR detcore: prehook: PMU RCB overshoot! Clock_value: 1438331581. Stepped forward 5000000 RCBs, but should have trapped at 5000000
2026-07-27T17:03:49.268340Z ERROR detcore: prehook: PMU RCB overshoot! Clock_value: 1443331581. Stepped forward 5000000 RCBs, but should have trapped at 5000000
2026-07-27T17:03:49.593532Z ERROR detcore: prehook: PMU RCB overshoot! Clock_value: 1448331581. Stepped forward 5000000 RCBs, but should have trapped at 5000000
2026-07-27T17:03:49.888798Z ERROR detcore: prehook: PMU RCB overshoot! Clock_value: 1453331581. Stepped forward 5000000 RCBs, but should have trapped at 5000000
2026-07-27T17:03:50.202547Z ERROR detcore: prehook: PMU RCB overshoot! Clock_value: 1458331581. Stepped forward 5000000 RCBs, but should have trapped at 5000000
2026-07-27T17:03:50.499142Z ERROR detcore: prehook: PMU RCB overshoot! Clock_value: 1464431397. Stepped forward 4999000 RCBs, but should have trapped at 4999000
2026-07-27T17:03:50.820170Z ERROR detcore: prehook: PMU RCB overshoot! Clock_value: 1469431397. Stepped forward 5000000 RCBs, but should have trapped at 5000000
2026-07-27T17:03:51.099196Z ERROR detcore: prehook: PMU RCB overshoot! Clock_value: 1474431397. Stepped forward 5000000 RCBs, but should have trapped at 5000000
2026-07-27T17:03:51.396214Z ERROR detcore: prehook: PMU RCB overshoot! Clock_value: 1479431397. Stepped forward 5000000 RCBs, but should have trapped at 5000000
2026-07-27T17:03:51.722659Z ERROR detcore: prehook: PMU RCB overshoot! Clock_value: 1484431397. Stepped forward 5000000 RCBs, but should have trapped at 5000000
2026-07-27T17:03:52.065488Z ERROR detcore: prehook: PMU RCB overshoot! Clock_value: 1489431397. Stepped forward 5000000 RCBs, but should have trapped at 5000000
2026-07-27T17:03:52.386954Z ERROR detcore: prehook: PMU RCB overshoot! Clock_value: 1494431397. Stepped forward 5000000 RCBs, but should have trapped at 5000000
2026-07-27T17:03:52.682095Z ERROR detcore: prehook: PMU RCB overshoot! Clock_value: 1499431397. Stepped forward 5000000 RCBs, but should have trapped at 5000000
2026-07-27T17:03:52.978654Z ERROR detcore: prehook: PMU RCB overshoot! Clock_value: 1504431397. Stepped forward 5000000 RCBs, but should have trapped at 5000000
2026-07-27T17:03:53.304278Z ERROR detcore: prehook: PMU RCB overshoot! Clock_value: 1509431397. Stepped forward 5000000 RCBs, but should have trapped at 5000000
2026-07-27T17:03:53.599564Z ERROR detcore: prehook: PMU RCB overshoot! Clock_value: 1516173441. Stepped forward 4999000 RCBs, but should have trapped at 4999000
2026-07-27T17:03:53.927538Z ERROR detcore: prehook: PMU RCB overshoot! Clock_value: 1521173441. Stepped forward 5000000 RCBs, but should have trapped at 5000000
2026-07-27T17:03:54.228840Z ERROR detcore: prehook: PMU RCB overshoot! Clock_value: 1526173441. Stepped forward 5000000 RCBs, but should have trapped at 5000000
2026-07-27T17:03:54.548877Z ERROR detcore: prehook: PMU RCB overshoot! Clock_value: 1531173441. Stepped forward 5000000 RCBs, but should have trapped at 5000000
2026-07-27T17:03:54.852422Z ERROR detcore: prehook: PMU RCB overshoot! Clock_value: 1536173441. Stepped forward 5000000 RCBs, but should have trapped at 5000000
2026-07-27T17:03:55.183101Z ERROR detcore: prehook: PMU RCB overshoot! Clock_value: 1541173441. Stepped forward 5000000 RCBs, but should have trapped at 5000000
2026-07-27T17:03:55.503667Z ERROR detcore: prehook: PMU RCB overshoot! Clock_value: 1546173441. Stepped forward 5000000 RCBs, but should have trapped at 5000000
2026-07-27T17:03:55.793511Z ERROR detcore: prehook: PMU RCB overshoot! Clock_value: 1551173441. Stepped forward 5000000 RCBs, but should have trapped at 5000000
2026-07-27T17:03:56.143073Z ERROR detcore: prehook: PMU RCB overshoot! Clock_value: 1556173441. Stepped forward 5000000 RCBs, but should have trapped at 5000000
2026-07-27T17:03:56.444631Z ERROR detcore: prehook: PMU RCB overshoot! Clock_value: 1561173441. Stepped forward 5000000 RCBs, but should have trapped at 5000000
2026-07-27T17:03:56.754692Z ERROR detcore: prehook: PMU RCB overshoot! Clock_value: 1567691726. Stepped forward 4999000 RCBs, but should have trapped at 4999000
2026-07-27T17:03:57.030235Z ERROR detcore: prehook: PMU RCB overshoot! Clock_value: 1572691726. Stepped forward 5000000 RCBs, but should have trapped at 5000000
2026-07-27T17:03:57.327322Z ERROR detcore: prehook: PMU RCB overshoot! Clock_value: 1577691726. Stepped forward 5000000 RCBs, but should have trapped at 5000000
2026-07-27T17:03:57.637261Z ERROR detcore: prehook: PMU RCB overshoot! Clock_value: 1582691726. Stepped forward 5000000 RCBs, but should have trapped at 5000000
2026-07-27T17:03:57.939960Z ERROR detcore: prehook: PMU RCB overshoot! Clock_value: 1587691726. Stepped forward 5000000 RCBs, but should have trapped at 5000000
2026-07-27T17:03:58.233802Z ERROR detcore: prehook: PMU RCB overshoot! Clock_value: 1592691726. Stepped forward 5000000 RCBs, but should have trapped at 5000000
2026-07-27T17:03:58.536417Z ERROR detcore: prehook: PMU RCB overshoot! Clock_value: 1597691726. Stepped forward 5000000 RCBs, but should have trapped at 5000000
2026-07-27T17:03:58.840524Z ERROR detcore: prehook: PMU RCB overshoot! Clock_value: 1602691726. Stepped forward 5000000 RCBs, but should have trapped at 5000000
2026-07-27T17:03:59.123340Z ERROR detcore: prehook: PMU RCB overshoot! Clock_value: 1607691726. Stepped forward 5000000 RCBs, but should have trapped at 5000000
2026-07-27T17:03:59.403161Z ERROR detcore: prehook: PMU RCB overshoot! Clock_value: 1612691726. Stepped forward 5000000 RCBs, but should have trapped at 5000000
2026-07-27T17:03:59.703557Z ERROR detcore: prehook: PMU RCB overshoot! Clock_value: 1619218768. Stepped forward 4994068 RCBs, but should have trapped at 4994068
2026-07-27T17:04:00.002965Z ERROR detcore: prehook: PMU RCB overshoot! Clock_value: 1624218768. Stepped forward 5000000 RCBs, but should have trapped at 5000000
2026-07-27T17:04:00.292605Z ERROR detcore: prehook: PMU RCB overshoot! Clock_value: 1629218768. Stepped forward 5000000 RCBs, but should have trapped at 5000000
2026-07-27T17:04:00.601326Z ERROR detcore: prehook: PMU RCB overshoot! Clock_value: 1634218768. Stepped forward 5000000 RCBs, but should have trapped at 5000000
2026-07-27T17:04:00.912335Z ERROR detcore: prehook: PMU RCB overshoot! Clock_value: 1639218768. Stepped forward 5000000 RCBs, but should have trapped at 5000000
2026-07-27T17:04:01.222801Z ERROR detcore: prehook: PMU RCB overshoot! Clock_value: 1644218768. Stepped forward 5000000 RCBs, but should have trapped at 5000000
2026-07-27T17:04:01.527119Z ERROR detcore: prehook: PMU RCB overshoot! Clock_value: 1649218768. Stepped forward 5000000 RCBs, but should have trapped at 5000000
2026-07-27T17:04:01.807022Z ERROR detcore: prehook: PMU RCB overshoot! Clock_value: 1654218768. Stepped forward 5000000 RCBs, but should have trapped at 5000000
2026-07-27T17:04:02.080548Z ERROR detcore: prehook: PMU RCB overshoot! Clock_value: 1659218768. Stepped forward 5000000 RCBs, but should have trapped at 5000000
2026-07-27T17:04:02.371256Z ERROR detcore: prehook: PMU RCB overshoot! Clock_value: 1664218768. Stepped forward 5000000 RCBs, but should have trapped at 5000000
2026-07-27T17:04:02.672077Z ERROR detcore: prehook: PMU RCB overshoot! Clock_value: 1670842101. Stepped forward 4999000 RCBs, but should have trapped at 4999000
2026-07-27T17:04:02.954502Z ERROR detcore: prehook: PMU RCB overshoot! Clock_value: 1675842101. Stepped forward 5000000 RCBs, but should have trapped at 5000000
2026-07-27T17:04:03.295313Z ERROR detcore: prehook: PMU RCB overshoot! Clock_value: 1680842101. Stepped forward 5000000 RCBs, but should have trapped at 5000000
2026-07-27T17:04:03.607895Z ERROR detcore: prehook: PMU RCB overshoot! Clock_value: 1685842101. Stepped forward 5000000 RCBs, but should have trapped at 5000000
2026-07-27T17:04:03.905498Z ERROR detcore: prehook: PMU RCB overshoot! Clock_value: 1690842101. Stepped forward 5000000 RCBs, but should have trapped at 5000000
2026-07-27T17:04:04.239712Z ERROR detcore: prehook: PMU RCB overshoot! Clock_value: 1695842101. Stepped forward 5000000 RCBs, but should have trapped at 5000000
2026-07-27T17:04:04.537981Z ERROR detcore: prehook: PMU RCB overshoot! Clock_value: 1700842101. Stepped forward 5000000 RCBs, but should have trapped at 5000000
2026-07-27T17:04:04.864240Z ERROR detcore: prehook: PMU RCB overshoot! Clock_value: 1705842101. Stepped forward 5000000 RCBs, but should have trapped at 5000000
2026-07-27T17:04:05.156400Z ERROR detcore: prehook: PMU RCB overshoot! Clock_value: 1710842101. Stepped forward 5000000 RCBs, but should have trapped at 5000000
2026-07-27T17:04:05.487827Z ERROR detcore: prehook: PMU RCB overshoot! Clock_value: 1715842101. Stepped forward 5000000 RCBs, but should have trapped at 5000000
2026-07-27T17:04:05.824269Z ERROR detcore: prehook: PMU RCB overshoot! Clock_value: 1722762659. Stepped forward 4999000 RCBs, but should have trapped at 4999000
2026-07-27T17:04:06.153913Z ERROR detcore: prehook: PMU RCB overshoot! Clock_value: 1727762659. Stepped forward 5000000 RCBs, but should have trapped at 5000000
2026-07-27T17:04:06.489858Z ERROR detcore: prehook: PMU RCB overshoot! Clock_value: 1732762659. Stepped forward 5000000 RCBs, but should have trapped at 5000000
2026-07-27T17:04:06.782783Z ERROR detcore: prehook: PMU RCB overshoot! Clock_value: 1737762659. Stepped forward 5000000 RCBs, but should have trapped at 5000000
2026-07-27T17:04:07.087982Z ERROR detcore: prehook: PMU RCB overshoot! Clock_value: 1742762659. Stepped forward 5000000 RCBs, but should have trapped at 5000000
2026-07-27T17:04:07.368806Z ERROR detcore: prehook: PMU RCB overshoot! Clock_value: 1747762659. Stepped forward 5000000 RCBs, but should have trapped at 5000000
2026-07-27T17:04:07.695040Z ERROR detcore: prehook: PMU RCB overshoot! Clock_value: 1752762659. Stepped forward 5000000 RCBs, but should have trapped at 5000000
2026-07-27T17:04:07.989874Z ERROR detcore: prehook: PMU RCB overshoot! Clock_value: 1757762659. Stepped forward 5000000 RCBs, but should have trapped at 5000000
2026-07-27T17:04:08.286270Z ERROR detcore: prehook: PMU RCB overshoot! Clock_value: 1762762659. Stepped forward 5000000 RCBs, but should have trapped at 5000000
2026-07-27T17:04:08.580359Z ERROR detcore: prehook: PMU RCB overshoot! Clock_value: 1767762659. Stepped forward 5000000 RCBs, but should have trapped at 5000000
2026-07-27T17:04:08.872043Z ERROR detcore: prehook: PMU RCB overshoot! Clock_value: 1774301729. Stepped forward 4999000 RCBs, but should have trapped at 4999000
2026-07-27T17:04:09.163960Z ERROR detcore: prehook: PMU RCB overshoot! Clock_value: 1779301729. Stepped forward 5000000 RCBs, but should have trapped at 5000000
2026-07-27T17:04:09.484388Z ERROR detcore: prehook: PMU RCB overshoot! Clock_value: 1784301729. Stepped forward 5000000 RCBs, but should have trapped at 5000000
2026-07-27T17:04:09.757592Z ERROR detcore: prehook: PMU RCB overshoot! Clock_value: 1789301729. Stepped forward 5000000 RCBs, but should have trapped at 5000000
2026-07-27T17:04:10.076355Z ERROR detcore: prehook: PMU RCB overshoot! Clock_value: 1794301729. Stepped forward 5000000 RCBs, but should have trapped at 5000000
2026-07-27T17:04:10.371788Z ERROR detcore: prehook: PMU RCB overshoot! Clock_value: 1799301729. Stepped forward 5000000 RCBs, but should have trapped at 5000000
2026-07-27T17:04:10.674467Z ERROR detcore: prehook: PMU RCB overshoot! Clock_value: 1804301729. Stepped forward 5000000 RCBs, but should have trapped at 5000000
2026-07-27T17:04:10.967656Z ERROR detcore: prehook: PMU RCB overshoot! Clock_value: 1809301729. Stepped forward 5000000 RCBs, but should have trapped at 5000000
2026-07-27T17:04:11.256031Z ERROR detcore: prehook: PMU RCB overshoot! Clock_value: 1814301729. Stepped forward 5000000 RCBs, but should have trapped at 5000000
2026-07-27T17:04:11.554678Z ERROR detcore: prehook: PMU RCB overshoot! Clock_value: 1819301729. Stepped forward 5000000 RCBs, but should have trapped at 5000000
2026-07-27T17:04:11.846188Z ERROR detcore: prehook: PMU RCB overshoot! Clock_value: 1826147660. Stepped forward 4999000 RCBs, but should have trapped at 4999000
2026-07-27T17:04:12.157958Z ERROR detcore: prehook: PMU RCB overshoot! Clock_value: 1831147660. Stepped forward 5000000 RCBs, but should have trapped at 5000000
2026-07-27T17:04:12.469503Z ERROR detcore: prehook: PMU RCB overshoot! Clock_value: 1836147660. Stepped forward 5000000 RCBs, but should have trapped at 5000000
2026-07-27T17:04:12.763054Z ERROR detcore: prehook: PMU RCB overshoot! Clock_value: 1841147660. Stepped forward 5000000 RCBs, but should have trapped at 5000000
2026-07-27T17:04:13.065427Z ERROR detcore: prehook: PMU RCB overshoot! Clock_value: 1846147660. Stepped forward 5000000 RCBs, but should have trapped at 5000000
2026-07-27T17:04:13.378237Z ERROR detcore: prehook: PMU RCB overshoot! Clock_value: 1851147660. Stepped forward 5000000 RCBs, but should have trapped at 5000000
2026-07-27T17:04:13.652881Z ERROR detcore: prehook: PMU RCB overshoot! Clock_value: 1856147660. Stepped forward 5000000 RCBs, but should have trapped at 5000000
2026-07-27T17:04:13.938008Z ERROR detcore: prehook: PMU RCB overshoot! Clock_value: 1861147660. Stepped forward 5000000 RCBs, but should have trapped at 5000000
2026-07-27T17:04:14.264274Z ERROR detcore: prehook: PMU RCB overshoot! Clock_value: 1866147660. Stepped forward 5000000 RCBs, but should have trapped at 5000000
2026-07-27T17:04:14.610099Z ERROR detcore: prehook: PMU RCB overshoot! Clock_value: 1871147660. Stepped forward 5000000 RCBs, but should have trapped at 5000000
2026-07-27T17:04:14.892103Z ERROR detcore: prehook: PMU RCB overshoot! Clock_value: 1877671904. Stepped forward 4999000 RCBs, but should have trapped at 4999000
2026-07-27T17:04:15.191787Z ERROR detcore: prehook: PMU RCB overshoot! Clock_value: 1882671904. Stepped forward 5000000 RCBs, but should have trapped at 5000000
2026-07-27T17:04:15.488870Z ERROR detcore: prehook: PMU RCB overshoot! Clock_value: 1887671904. Stepped forward 5000000 RCBs, but should have trapped at 5000000
2026-07-27T17:04:15.776756Z ERROR detcore: prehook: PMU RCB overshoot! Clock_value: 1892671904. Stepped forward 5000000 RCBs, but should have trapped at 5000000
2026-07-27T17:04:16.110344Z ERROR detcore: prehook: PMU RCB overshoot! Clock_value: 1897671904. Stepped forward 5000000 RCBs, but should have trapped at 5000000
2026-07-27T17:04:16.435534Z ERROR detcore: prehook: PMU RCB overshoot! Clock_value: 1902671904. Stepped forward 5000000 RCBs, but should have trapped at 5000000
2026-07-27T17:04:16.735590Z ERROR detcore: prehook: PMU RCB overshoot! Clock_value: 1907671904. Stepped forward 5000000 RCBs, but should have trapped at 5000000
2026-07-27T17:04:17.069741Z ERROR detcore: prehook: PMU RCB overshoot! Clock_value: 1912671904. Stepped forward 5000000 RCBs, but should have trapped at 5000000
2026-07-27T17:04:17.347200Z ERROR detcore: prehook: PMU RCB overshoot! Clock_value: 1917671904. Stepped forward 5000000 RCBs, but should have trapped at 5000000
2026-07-27T17:04:17.634466Z ERROR detcore: prehook: PMU RCB overshoot! Clock_value: 1922671904. Stepped forward 5000000 RCBs, but should have trapped at 5000000
2026-07-27T17:04:17.954951Z ERROR detcore: prehook: PMU RCB overshoot! Clock_value: 1929585228. Stepped forward 4993503 RCBs, but should have trapped at 4993503
2026-07-27T17:04:18.269348Z ERROR detcore: prehook: PMU RCB overshoot! Clock_value: 1934585228. Stepped forward 5000000 RCBs, but should have trapped at 5000000
2026-07-27T17:04:18.568319Z ERROR detcore: prehook: PMU RCB overshoot! Clock_value: 1939585228. Stepped forward 5000000 RCBs, but should have trapped at 5000000
2026-07-27T17:04:18.867634Z ERROR detcore: prehook: PMU RCB overshoot! Clock_value: 1944585228. Stepped forward 5000000 RCBs, but should have trapped at 5000000
2026-07-27T17:04:19.150937Z ERROR detcore: prehook: PMU RCB overshoot! Clock_value: 1949585228. Stepped forward 5000000 RCBs, but should have trapped at 5000000
2026-07-27T17:04:19.479889Z ERROR detcore: prehook: PMU RCB overshoot! Clock_value: 1954585228. Stepped forward 5000000 RCBs, but should have trapped at 5000000
2026-07-27T17:04:19.754774Z ERROR detcore: prehook: PMU RCB overshoot! Clock_value: 1959585228. Stepped forward 5000000 RCBs, but should have trapped at 5000000
2026-07-27T17:04:20.080475Z ERROR detcore: prehook: PMU RCB overshoot! Clock_value: 1964585228. Stepped forward 5000000 RCBs, but should have trapped at 5000000
2026-07-27T17:04:20.397632Z ERROR detcore: prehook: PMU RCB overshoot! Clock_value: 1969585228. Stepped forward 5000000 RCBs, but should have trapped at 5000000
2026-07-27T17:04:20.692042Z ERROR detcore: prehook: PMU RCB overshoot! Clock_value: 1974585228. Stepped forward 5000000 RCBs, but should have trapped at 5000000
2026-07-27T17:04:21.015899Z ERROR detcore: prehook: PMU RCB overshoot! Clock_value: 1981356520. Stepped forward 4999000 RCBs, but should have trapped at 4999000
2026-07-27T17:04:21.306145Z ERROR detcore: prehook: PMU RCB overshoot! Clock_value: 1986356520. Stepped forward 5000000 RCBs, but should have trapped at 5000000
2026-07-27T17:04:21.611585Z ERROR detcore: prehook: PMU RCB overshoot! Clock_value: 1991356520. Stepped forward 5000000 RCBs, but should have trapped at 5000000
2026-07-27T17:04:21.924432Z ERROR detcore: prehook: PMU RCB overshoot! Clock_value: 1996356520. Stepped forward 5000000 RCBs, but should have trapped at 5000000
2026-07-27T17:04:22.237142Z ERROR detcore: prehook: PMU RCB overshoot! Clock_value: 2001356520. Stepped forward 5000000 RCBs, but should have trapped at 5000000
2026-07-27T17:04:22.513962Z ERROR detcore: prehook: PMU RCB overshoot! Clock_value: 2006356520. Stepped forward 5000000 RCBs, but should have trapped at 5000000
2026-07-27T17:04:22.838035Z ERROR detcore: prehook: PMU RCB overshoot! Clock_value: 2011356520. Stepped forward 5000000 RCBs, but should have trapped at 5000000
2026-07-27T17:04:23.117744Z ERROR detcore: prehook: PMU RCB overshoot! Clock_value: 2016356520. Stepped forward 5000000 RCBs, but should have trapped at 5000000
2026-07-27T17:04:23.417613Z ERROR detcore: prehook: PMU RCB overshoot! Clock_value: 2021356520. Stepped forward 5000000 RCBs, but should have trapped at 5000000
2026-07-27T17:04:23.758361Z ERROR detcore: prehook: PMU RCB overshoot! Clock_value: 2026356520. Stepped forward 5000000 RCBs, but should have trapped at 5000000
2026-07-27T17:04:24.055098Z ERROR detcore: prehook: PMU RCB overshoot! Clock_value: 2033011326. Stepped forward 4999000 RCBs, but should have trapped at 4999000
2026-07-27T17:04:24.385023Z ERROR detcore: prehook: PMU RCB overshoot! Clock_value: 2038011326. Stepped forward 5000000 RCBs, but should have trapped at 5000000
2026-07-27T17:04:24.668939Z ERROR detcore: prehook: PMU RCB overshoot! Clock_value: 2043011326. Stepped forward 5000000 RCBs, but should have trapped at 5000000
2026-07-27T17:04:24.994483Z ERROR detcore: prehook: PMU RCB overshoot! Clock_value: 2048011326. Stepped forward 5000000 RCBs, but should have trapped at 5000000
2026-07-27T17:04:25.323672Z ERROR detcore: prehook: PMU RCB overshoot! Clock_value: 2053011326. Stepped forward 5000000 RCBs, but should have trapped at 5000000
2026-07-27T17:04:25.600589Z ERROR detcore: prehook: PMU RCB overshoot! Clock_value: 2058011326. Stepped forward 5000000 RCBs, but should have trapped at 5000000
2026-07-27T17:04:25.900978Z ERROR detcore: prehook: PMU RCB overshoot! Clock_value: 2063011326. Stepped forward 5000000 RCBs, but should have trapped at 5000000
2026-07-27T17:04:26.196763Z ERROR detcore: prehook: PMU RCB overshoot! Clock_value: 2068011326. Stepped forward 5000000 RCBs, but should have trapped at 5000000
2026-07-27T17:04:26.534747Z ERROR detcore: prehook: PMU RCB overshoot! Clock_value: 2073011326. Stepped forward 5000000 RCBs, but should have trapped at 5000000
2026-07-27T17:04:26.874279Z ERROR detcore: prehook: PMU RCB overshoot! Clock_value: 2078011326. Stepped forward 5000000 RCBs, but should have trapped at 5000000
2026-07-27T17:04:27.206242Z ERROR detcore: prehook: PMU RCB overshoot! Clock_value: 2084724592. Stepped forward 4999000 RCBs, but should have trapped at 4999000
2026-07-27T17:04:27.522737Z ERROR detcore: prehook: PMU RCB overshoot! Clock_value: 2089724592. Stepped forward 5000000 RCBs, but should have trapped at 5000000
2026-07-27T17:04:27.809431Z ERROR detcore: prehook: PMU RCB overshoot! Clock_value: 2094724592. Stepped forward 5000000 RCBs, but should have trapped at 5000000
2026-07-27T17:04:28.134023Z ERROR detcore: prehook: PMU RCB overshoot! Clock_value: 2099724592. Stepped forward 5000000 RCBs, but should have trapped at 5000000
2026-07-27T17:04:28.467850Z ERROR detcore: prehook: PMU RCB overshoot! Clock_value: 2104724592. Stepped forward 5000000 RCBs, but should have trapped at 5000000
2026-07-27T17:04:28.767241Z ERROR detcore: prehook: PMU RCB overshoot! Clock_value: 2109724592. Stepped forward 5000000 RCBs, but should have trapped at 5000000
2026-07-27T17:04:29.071771Z ERROR detcore: prehook: PMU RCB overshoot! Clock_value: 2114724592. Stepped forward 5000000 RCBs, but should have trapped at 5000000
2026-07-27T17:04:29.404959Z ERROR detcore: prehook: PMU RCB overshoot! Clock_value: 2119724592. Stepped forward 5000000 RCBs, but should have trapped at 5000000
2026-07-27T17:04:29.725214Z ERROR detcore: prehook: PMU RCB overshoot! Clock_value: 2124724592. Stepped forward 5000000 RCBs, but should have trapped at 5000000
2026-07-27T17:04:30.032380Z ERROR detcore: prehook: PMU RCB overshoot! Clock_value: 2129724592. Stepped forward 5000000 RCBs, but should have trapped at 5000000
2026-07-27T17:04:30.335284Z ERROR detcore: prehook: PMU RCB overshoot! Clock_value: 2136715657. Stepped forward 4996306 RCBs, but should have trapped at 4996306
2026-07-27T17:04:30.632464Z ERROR detcore: prehook: PMU RCB overshoot! Clock_value: 2141715657. Stepped forward 5000000 RCBs, but should have trapped at 5000000
2026-07-27T17:04:30.916842Z ERROR detcore: prehook: PMU RCB overshoot! Clock_value: 2146715657. Stepped forward 5000000 RCBs, but should have trapped at 5000000
2026-07-27T17:04:31.203080Z ERROR detcore: prehook: PMU RCB overshoot! Clock_value: 2151715657. Stepped forward 5000000 RCBs, but should have trapped at 5000000
2026-07-27T17:04:31.490410Z ERROR detcore: prehook: PMU RCB overshoot! Clock_value: 2156715657. Stepped forward 5000000 RCBs, but should have trapped at 5000000
2026-07-27T17:04:31.770261Z ERROR detcore: prehook: PMU RCB overshoot! Clock_value: 2161715657. Stepped forward 5000000 RCBs, but should have trapped at 5000000
2026-07-27T17:04:32.077004Z ERROR detcore: prehook: PMU RCB overshoot! Clock_value: 2166715657. Stepped forward 5000000 RCBs, but should have trapped at 5000000
2026-07-27T17:04:32.402137Z ERROR detcore: prehook: PMU RCB overshoot! Clock_value: 2171715657. Stepped forward 5000000 RCBs, but should have trapped at 5000000
2026-07-27T17:04:32.704076Z ERROR detcore: prehook: PMU RCB overshoot! Clock_value: 2176715657. Stepped forward 5000000 RCBs, but should have trapped at 5000000
2026-07-27T17:04:33.001766Z ERROR detcore: prehook: PMU RCB overshoot! Clock_value: 2181715657. Stepped forward 5000000 RCBs, but should have trapped at 5000000
2026-07-27T17:04:33.311044Z ERROR detcore: prehook: PMU RCB overshoot! Clock_value: 2188237633. Stepped forward 4993629 RCBs, but should have trapped at 4993629
2026-07-27T17:04:33.615461Z ERROR detcore: prehook: PMU RCB overshoot! Clock_value: 2193237633. Stepped forward 5000000 RCBs, but should have trapped at 5000000
2026-07-27T17:04:33.924246Z ERROR detcore: prehook: PMU RCB overshoot! Clock_value: 2198237633. Stepped forward 5000000 RCBs, but should have trapped at 5000000
2026-07-27T17:04:34.236360Z ERROR detcore: prehook: PMU RCB overshoot! Clock_value: 2203237633. Stepped forward 5000000 RCBs, but should have trapped at 5000000
2026-07-27T17:04:34.524589Z ERROR detcore: prehook: PMU RCB overshoot! Clock_value: 2208237633. Stepped forward 5000000 RCBs, but should have trapped at 5000000
2026-07-27T17:04:34.834792Z ERROR detcore: prehook: PMU RCB overshoot! Clock_value: 2213237633. Stepped forward 5000000 RCBs, but should have trapped at 5000000
2026-07-27T17:04:35.135011Z ERROR detcore: prehook: PMU RCB overshoot! Clock_value: 2218237633. Stepped forward 5000000 RCBs, but should have trapped at 5000000
2026-07-27T17:04:35.419589Z ERROR detcore: prehook: PMU RCB overshoot! Clock_value: 2223237633. Stepped forward 5000000 RCBs, but should have trapped at 5000000
2026-07-27T17:04:35.719292Z ERROR detcore: prehook: PMU RCB overshoot! Clock_value: 2228237633. Stepped forward 5000000 RCBs, but should have trapped at 5000000
2026-07-27T17:04:36.011600Z ERROR detcore: prehook: PMU RCB overshoot! Clock_value: 2233237633. Stepped forward 5000000 RCBs, but should have trapped at 5000000
2026-07-27T17:04:36.327720Z ERROR detcore: prehook: PMU RCB overshoot! Clock_value: 2240124120. Stepped forward 4992215 RCBs, but should have trapped at 4992215
2026-07-27T17:04:36.647243Z ERROR detcore: prehook: PMU RCB overshoot! Clock_value: 2245124120. Stepped forward 5000000 RCBs, but should have trapped at 5000000
2026-07-27T17:04:36.979214Z ERROR detcore: prehook: PMU RCB overshoot! Clock_value: 2250124120. Stepped forward 5000000 RCBs, but should have trapped at 5000000
2026-07-27T17:04:37.273289Z ERROR detcore: prehook: PMU RCB overshoot! Clock_value: 2255124120. Stepped forward 5000000 RCBs, but should have trapped at 5000000
2026-07-27T17:04:37.571469Z ERROR detcore: prehook: PMU RCB overshoot! Clock_value: 2260124120. Stepped forward 5000000 RCBs, but should have trapped at 5000000
2026-07-27T17:04:37.868728Z ERROR detcore: prehook: PMU RCB overshoot! Clock_value: 2265124120. Stepped forward 5000000 RCBs, but should have trapped at 5000000
2026-07-27T17:04:38.144497Z ERROR detcore: prehook: PMU RCB overshoot! Clock_value: 2270124120. Stepped forward 5000000 RCBs, but should have trapped at 5000000
2026-07-27T17:04:38.480813Z ERROR detcore: prehook: PMU RCB overshoot! Clock_value: 2275124120. Stepped forward 5000000 RCBs, but should have trapped at 5000000
2026-07-27T17:04:38.821269Z ERROR detcore: prehook: PMU RCB overshoot! Clock_value: 2280124120. Stepped forward 5000000 RCBs, but should have trapped at 5000000
2026-07-27T17:04:39.157701Z ERROR detcore: prehook: PMU RCB overshoot! Clock_value: 2285824804. Stepped forward 5000000 RCBs, but should have trapped at 5000000
2026-07-27T17:04:39.469580Z ERROR detcore: prehook: PMU RCB overshoot! Clock_value: 2290824804. Stepped forward 5000000 RCBs, but should have trapped at 5000000
2026-07-27T17:04:39.752157Z ERROR detcore: prehook: PMU RCB overshoot! Clock_value: 2295824804. Stepped forward 5000000 RCBs, but should have trapped at 5000000
2026-07-27T17:04:40.043283Z ERROR detcore: prehook: PMU RCB overshoot! Clock_value: 2300824804. Stepped forward 5000000 RCBs, but should have trapped at 5000000
2026-07-27T17:04:40.331804Z ERROR detcore: prehook: PMU RCB overshoot! Clock_value: 2305824804. Stepped forward 5000000 RCBs, but should have trapped at 5000000
2026-07-27T17:04:40.621343Z ERROR detcore: prehook: PMU RCB overshoot! Clock_value: 2310824804. Stepped forward 5000000 RCBs, but should have trapped at 5000000
2026-07-27T17:04:40.895850Z ERROR detcore: prehook: PMU RCB overshoot! Clock_value: 2315824804. Stepped forward 5000000 RCBs, but should have trapped at 5000000
2026-07-27T17:04:41.190205Z ERROR detcore: prehook: PMU RCB overshoot! Clock_value: 2320824804. Stepped forward 5000000 RCBs, but should have trapped at 5000000
2026-07-27T17:04:41.487414Z ERROR detcore: prehook: PMU RCB overshoot! Clock_value: 2325824804. Stepped forward 5000000 RCBs, but should have trapped at 5000000
2026-07-27T17:04:41.800400Z ERROR detcore: prehook: PMU RCB overshoot! Clock_value: 2333429576. Stepped forward 4999000 RCBs, but should have trapped at 4999000
2026-07-27T17:04:42.070261Z ERROR detcore: prehook: PMU RCB overshoot! Clock_value: 2338429576. Stepped forward 5000000 RCBs, but should have trapped at 5000000
2026-07-27T17:04:42.393325Z ERROR detcore: prehook: PMU RCB overshoot! Clock_value: 2343429576. Stepped forward 5000000 RCBs, but should have trapped at 5000000
2026-07-27T17:04:42.694482Z ERROR detcore: prehook: PMU RCB overshoot! Clock_value: 2348429576. Stepped forward 5000000 RCBs, but should have trapped at 5000000
2026-07-27T17:04:42.999035Z ERROR detcore: prehook: PMU RCB overshoot! Clock_value: 2353429576. Stepped forward 5000000 RCBs, but should have trapped at 5000000
2026-07-27T17:04:43.309023Z ERROR detcore: prehook: PMU RCB overshoot! Clock_value: 2358429576. Stepped forward 5000000 RCBs, but should have trapped at 5000000
2026-07-27T17:04:43.640559Z ERROR detcore: prehook: PMU RCB overshoot! Clock_value: 2363429576. Stepped forward 5000000 RCBs, but should have trapped at 5000000
2026-07-27T17:04:43.981297Z ERROR detcore: prehook: PMU RCB overshoot! Clock_value: 2368429576. Stepped forward 5000000 RCBs, but should have trapped at 5000000
2026-07-27T17:04:44.270865Z ERROR detcore: prehook: PMU RCB overshoot! Clock_value: 2373429576. Stepped forward 5000000 RCBs, but should have trapped at 5000000
2026-07-27T17:04:44.566242Z ERROR detcore: prehook: PMU RCB overshoot! Clock_value: 2382600528. Stepped forward 4993669 RCBs, but should have trapped at 4993669
2026-07-27T17:04:44.901119Z ERROR detcore: prehook: PMU RCB overshoot! Clock_value: 2387600528. Stepped forward 5000000 RCBs, but should have trapped at 5000000
2026-07-27T17:04:45.212833Z ERROR detcore: prehook: PMU RCB overshoot! Clock_value: 2392600528. Stepped forward 5000000 RCBs, but should have trapped at 5000000
2026-07-27T17:04:45.520658Z ERROR detcore: prehook: PMU RCB overshoot! Clock_value: 2397600528. Stepped forward 5000000 RCBs, but should have trapped at 5000000
2026-07-27T17:04:45.814341Z ERROR detcore: prehook: PMU RCB overshoot! Clock_value: 2402600528. Stepped forward 5000000 RCBs, but should have trapped at 5000000
2026-07-27T17:04:46.096330Z ERROR detcore: prehook: PMU RCB overshoot! Clock_value: 2407600528. Stepped forward 5000000 RCBs, but should have trapped at 5000000
2026-07-27T17:04:46.407935Z ERROR detcore: prehook: PMU RCB overshoot! Clock_value: 2412600528. Stepped forward 5000000 RCBs, but should have trapped at 5000000
2026-07-27T17:04:46.736407Z ERROR detcore: prehook: PMU RCB overshoot! Clock_value: 2417600528. Stepped forward 5000000 RCBs, but should have trapped at 5000000
2026-07-27T17:04:47.025724Z ERROR detcore: prehook: PMU RCB overshoot! Clock_value: 2422600528. Stepped forward 5000000 RCBs, but should have trapped at 5000000
2026-07-27T17:04:47.318837Z ERROR detcore: prehook: PMU RCB overshoot! Clock_value: 2429306949. Stepped forward 4999000 RCBs, but should have trapped at 4999000
2026-07-27T17:04:47.637231Z ERROR detcore: prehook: PMU RCB overshoot! Clock_value: 2434306949. Stepped forward 5000000 RCBs, but should have trapped at 5000000
2026-07-27T17:04:47.943880Z ERROR detcore: prehook: PMU RCB overshoot! Clock_value: 2439306949. Stepped forward 5000000 RCBs, but should have trapped at 5000000
2026-07-27T17:04:48.245060Z ERROR detcore: prehook: PMU RCB overshoot! Clock_value: 2444306949. Stepped forward 5000000 RCBs, but should have trapped at 5000000
2026-07-27T17:04:48.554450Z ERROR detcore: prehook: PMU RCB overshoot! Clock_value: 2449306949. Stepped forward 5000000 RCBs, but should have trapped at 5000000
2026-07-27T17:04:48.845408Z ERROR detcore: prehook: PMU RCB overshoot! Clock_value: 2454306949. Stepped forward 5000000 RCBs, but should have trapped at 5000000
2026-07-27T17:04:49.152827Z ERROR detcore: prehook: PMU RCB overshoot! Clock_value: 2459306949. Stepped forward 5000000 RCBs, but should have trapped at 5000000
2026-07-27T17:04:49.436237Z ERROR detcore: prehook: PMU RCB overshoot! Clock_value: 2464306949. Stepped forward 5000000 RCBs, but should have trapped at 5000000
2026-07-27T17:04:49.738966Z ERROR detcore: prehook: PMU RCB overshoot! Clock_value: 2469306949. Stepped forward 5000000 RCBs, but should have trapped at 5000000
2026-07-27T17:04:50.012491Z ERROR detcore: prehook: PMU RCB overshoot! Clock_value: 2478289770. Stepped forward 4999000 RCBs, but should have trapped at 4999000
2026-07-27T17:04:50.339180Z ERROR detcore: prehook: PMU RCB overshoot! Clock_value: 2483289770. Stepped forward 5000000 RCBs, but should have trapped at 5000000
2026-07-27T17:04:50.658511Z ERROR detcore: prehook: PMU RCB overshoot! Clock_value: 2488289770. Stepped forward 5000000 RCBs, but should have trapped at 5000000
2026-07-27T17:04:50.964450Z ERROR detcore: prehook: PMU RCB overshoot! Clock_value: 2493289770. Stepped forward 5000000 RCBs, but should have trapped at 5000000
2026-07-27T17:04:51.272888Z ERROR detcore: prehook: PMU RCB overshoot! Clock_value: 2498289770. Stepped forward 5000000 RCBs, but should have trapped at 5000000
2026-07-27T17:04:51.573870Z ERROR detcore: prehook: PMU RCB overshoot! Clock_value: 2503289770. Stepped forward 5000000 RCBs, but should have trapped at 5000000
2026-07-27T17:04:51.859951Z ERROR detcore: prehook: PMU RCB overshoot! Clock_value: 2508289770. Stepped forward 5000000 RCBs, but should have trapped at 5000000
2026-07-27T17:04:52.187325Z ERROR detcore: prehook: PMU RCB overshoot! Clock_value: 2513289770. Stepped forward 5000000 RCBs, but should have trapped at 5000000
2026-07-27T17:04:52.521053Z ERROR detcore: prehook: PMU RCB overshoot! Clock_value: 2518289770. Stepped forward 5000000 RCBs, but should have trapped at 5000000
2026-07-27T17:04:52.844677Z ERROR detcore: prehook: PMU RCB overshoot! Clock_value: 2526594920. Stepped forward 4996611 RCBs, but should have trapped at 4996611
2026-07-27T17:04:53.129907Z ERROR detcore: prehook: PMU RCB overshoot! Clock_value: 2531594920. Stepped forward 5000000 RCBs, but should have trapped at 5000000
2026-07-27T17:04:53.415876Z ERROR detcore: prehook: PMU RCB overshoot! Clock_value: 2536594920. Stepped forward 5000000 RCBs, but should have trapped at 5000000
2026-07-27T17:04:53.712989Z ERROR detcore: prehook: PMU RCB overshoot! Clock_value: 2541594920. Stepped forward 5000000 RCBs, but should have trapped at 5000000
2026-07-27T17:04:54.009636Z ERROR detcore: prehook: PMU RCB overshoot! Clock_value: 2546594920. Stepped forward 5000000 RCBs, but should have trapped at 5000000
2026-07-27T17:04:54.281229Z ERROR detcore: prehook: PMU RCB overshoot! Clock_value: 2551594920. Stepped forward 5000000 RCBs, but should have trapped at 5000000
2026-07-27T17:04:54.614378Z ERROR detcore: prehook: PMU RCB overshoot! Clock_value: 2556594920. Stepped forward 5000000 RCBs, but should have trapped at 5000000
2026-07-27T17:04:54.901127Z ERROR detcore: prehook: PMU RCB overshoot! Clock_value: 2561594920. Stepped forward 5000000 RCBs, but should have trapped at 5000000
2026-07-27T17:04:55.187017Z ERROR detcore: prehook: PMU RCB overshoot! Clock_value: 2566594920. Stepped forward 5000000 RCBs, but should have trapped at 5000000
2026-07-27T17:04:55.461946Z ERROR detcore: prehook: PMU RCB overshoot! Clock_value: 2571594920. Stepped forward 5000000 RCBs, but should have trapped at 5000000
2026-07-27T17:04:55.754092Z ERROR detcore: prehook: PMU RCB overshoot! Clock_value: 2577621563. Stepped forward 4999000 RCBs, but should have trapped at 4999000
2026-07-27T17:04:56.042804Z ERROR detcore: prehook: PMU RCB overshoot! Clock_value: 2582621563. Stepped forward 5000000 RCBs, but should have trapped at 5000000
2026-07-27T17:04:56.326989Z ERROR detcore: prehook: PMU RCB overshoot! Clock_value: 2587621563. Stepped forward 5000000 RCBs, but should have trapped at 5000000
2026-07-27T17:04:56.613769Z ERROR detcore: prehook: PMU RCB overshoot! Clock_value: 2592621563. Stepped forward 5000000 RCBs, but should have trapped at 5000000
2026-07-27T17:04:56.885808Z ERROR detcore: prehook: PMU RCB overshoot! Clock_value: 2597621563. Stepped forward 5000000 RCBs, but should have trapped at 5000000
2026-07-27T17:04:57.177195Z ERROR detcore: prehook: PMU RCB overshoot! Clock_value: 2602621563. Stepped forward 5000000 RCBs, but should have trapped at 5000000
2026-07-27T17:04:57.452254Z ERROR detcore: prehook: PMU RCB overshoot! Clock_value: 2607621563. Stepped forward 5000000 RCBs, but should have trapped at 5000000
2026-07-27T17:04:57.732919Z ERROR detcore: prehook: PMU RCB overshoot! Clock_value: 2612621563. Stepped forward 5000000 RCBs, but should have trapped at 5000000
2026-07-27T17:04:58.001026Z ERROR detcore: prehook: PMU RCB overshoot! Clock_value: 2617621563. Stepped forward 5000000 RCBs, but should have trapped at 5000000
2026-07-27T17:04:58.273023Z ERROR detcore: prehook: PMU RCB overshoot! Clock_value: 2622621563. Stepped forward 5000000 RCBs, but should have trapped at 5000000
2026-07-27T17:04:58.561256Z ERROR detcore: prehook: PMU RCB overshoot! Clock_value: 2627621563. Stepped forward 5000000 RCBs, but should have trapped at 5000000
2026-07-27T17:04:58.836272Z ERROR detcore: prehook: PMU RCB overshoot! Clock_value: 2632621563. Stepped forward 5000000 RCBs, but should have trapped at 5000000
2026-07-27T17:04:59.117585Z ERROR detcore: prehook: PMU RCB overshoot! Clock_value: 2641146795. Stepped forward 4999000 RCBs, but should have trapped at 4999000
2026-07-27T17:04:59.429911Z ERROR detcore: prehook: PMU RCB overshoot! Clock_value: 2646146795. Stepped forward 5000000 RCBs, but should have trapped at 5000000
2026-07-27T17:04:59.703784Z ERROR detcore: prehook: PMU RCB overshoot! Clock_value: 2651146795. Stepped forward 5000000 RCBs, but should have trapped at 5000000
2026-07-27T17:04:59.979417Z ERROR detcore: prehook: PMU RCB overshoot! Clock_value: 2656146795. Stepped forward 5000000 RCBs, but should have trapped at 5000000
2026-07-27T17:05:00.272334Z ERROR detcore: prehook: PMU RCB overshoot! Clock_value: 2661146795. Stepped forward 5000000 RCBs, but should have trapped at 5000000
2026-07-27T17:05:00.572204Z ERROR detcore: prehook: PMU RCB overshoot! Clock_value: 2666146795. Stepped forward 5000000 RCBs, but should have trapped at 5000000
2026-07-27T17:05:00.856641Z ERROR detcore: prehook: PMU RCB overshoot! Clock_value: 2671146795. Stepped forward 5000000 RCBs, but should have trapped at 5000000
2026-07-27T17:05:01.132247Z ERROR detcore: prehook: PMU RCB overshoot! Clock_value: 2676146795. Stepped forward 5000000 RCBs, but should have trapped at 5000000
2026-07-27T17:05:01.450133Z ERROR detcore: prehook: PMU RCB overshoot! Clock_value: 2681146795. Stepped forward 5000000 RCBs, but should have trapped at 5000000
2026-07-27T17:05:01.723088Z ERROR detcore: prehook: PMU RCB overshoot! Clock_value: 2686146795. Stepped forward 5000000 RCBs, but should have trapped at 5000000
2026-07-27T17:05:01.996919Z ERROR detcore: prehook: PMU RCB overshoot! Clock_value: 2691146795. Stepped forward 5000000 RCBs, but should have trapped at 5000000
2026-07-27T17:05:02.279785Z ERROR detcore: prehook: PMU RCB overshoot! Clock_value: 2696146795. Stepped forward 5000000 RCBs, but should have trapped at 5000000
2026-07-27T17:05:02.567553Z ERROR detcore: prehook: PMU RCB overshoot! Clock_value: 2705042731. Stepped forward 4999000 RCBs, but should have trapped at 4999000
2026-07-27T17:05:02.855201Z ERROR detcore: prehook: PMU RCB overshoot! Clock_value: 2710042731. Stepped forward 5000000 RCBs, but should have trapped at 5000000
2026-07-27T17:05:03.145578Z ERROR detcore: prehook: PMU RCB overshoot! Clock_value: 2715042731. Stepped forward 5000000 RCBs, but should have trapped at 5000000
2026-07-27T17:05:03.460543Z ERROR detcore: prehook: PMU RCB overshoot! Clock_value: 2720042731. Stepped forward 5000000 RCBs, but should have trapped at 5000000
2026-07-27T17:05:03.743267Z ERROR detcore: prehook: PMU RCB overshoot! Clock_value: 2725042731. Stepped forward 5000000 RCBs, but should have trapped at 5000000
2026-07-27T17:05:04.078898Z ERROR detcore: prehook: PMU RCB overshoot! Clock_value: 2730042731. Stepped forward 5000000 RCBs, but should have trapped at 5000000
2026-07-27T17:05:04.358451Z ERROR detcore: prehook: PMU RCB overshoot! Clock_value: 2735042731. Stepped forward 5000000 RCBs, but should have trapped at 5000000
2026-07-27T17:05:04.636265Z ERROR detcore: prehook: PMU RCB overshoot! Clock_value: 2740042731. Stepped forward 5000000 RCBs, but should have trapped at 5000000
2026-07-27T17:05:04.926876Z ERROR detcore: prehook: PMU RCB overshoot! Clock_value: 2745042731. Stepped forward 5000000 RCBs, but should have trapped at 5000000
2026-07-27T17:05:05.216041Z ERROR detcore: prehook: PMU RCB overshoot! Clock_value: 2750042731. Stepped forward 5000000 RCBs, but should have trapped at 5000000
2026-07-27T17:05:05.512599Z ERROR detcore: prehook: PMU RCB overshoot! Clock_value: 2755042731. Stepped forward 5000000 RCBs, but should have trapped at 5000000
2026-07-27T17:05:05.790963Z ERROR detcore: prehook: PMU RCB overshoot! Clock_value: 2760042731. Stepped forward 5000000 RCBs, but should have trapped at 5000000
2026-07-27T17:05:06.076974Z ERROR detcore: prehook: PMU RCB overshoot! Clock_value: 2767019248. Stepped forward 4999000 RCBs, but should have trapped at 4999000
2026-07-27T17:05:06.353797Z ERROR detcore: prehook: PMU RCB overshoot! Clock_value: 2772019248. Stepped forward 5000000 RCBs, but should have trapped at 5000000
2026-07-27T17:05:06.630256Z ERROR detcore: prehook: PMU RCB overshoot! Clock_value: 2777019248. Stepped forward 5000000 RCBs, but should have trapped at 5000000
2026-07-27T17:05:06.913587Z ERROR detcore: prehook: PMU RCB overshoot! Clock_value: 2782019248. Stepped forward 5000000 RCBs, but should have trapped at 5000000
2026-07-27T17:05:07.199104Z ERROR detcore: prehook: PMU RCB overshoot! Clock_value: 2787019248. Stepped forward 5000000 RCBs, but should have trapped at 5000000
2026-07-27T17:05:07.483454Z ERROR detcore: prehook: PMU RCB overshoot! Clock_value: 2792019248. Stepped forward 5000000 RCBs, but should have trapped at 5000000
2026-07-27T17:05:07.775661Z ERROR detcore: prehook: PMU RCB overshoot! Clock_value: 2797019248. Stepped forward 5000000 RCBs, but should have trapped at 5000000
2026-07-27T17:05:08.066729Z ERROR detcore: prehook: PMU RCB overshoot! Clock_value: 2802019248. Stepped forward 5000000 RCBs, but should have trapped at 5000000
2026-07-27T17:05:08.356771Z ERROR detcore: prehook: PMU RCB overshoot! Clock_value: 2807019248. Stepped forward 5000000 RCBs, but should have trapped at 5000000
2026-07-27T17:05:08.670915Z ERROR detcore: prehook: PMU RCB overshoot! Clock_value: 2812019248. Stepped forward 5000000 RCBs, but should have trapped at 5000000
2026-07-27T17:05:08.994771Z ERROR detcore: prehook: PMU RCB overshoot! Clock_value: 2817019248. Stepped forward 5000000 RCBs, but should have trapped at 5000000
2026-07-27T17:05:09.327282Z ERROR detcore: prehook: PMU RCB overshoot! Clock_value: 2824197290. Stepped forward 4990517 RCBs, but should have trapped at 4990517
2026-07-27T17:05:09.652094Z ERROR detcore: prehook: PMU RCB overshoot! Clock_value: 2829197290. Stepped forward 5000000 RCBs, but should have trapped at 5000000
2026-07-27T17:05:09.999904Z ERROR detcore: prehook: PMU RCB overshoot! Clock_value: 2834197290. Stepped forward 5000000 RCBs, but should have trapped at 5000000
2026-07-27T17:05:10.301111Z ERROR detcore: prehook: PMU RCB overshoot! Clock_value: 2839197290. Stepped forward 5000000 RCBs, but should have trapped at 5000000
2026-07-27T17:05:10.642815Z ERROR detcore: prehook: PMU RCB overshoot! Clock_value: 2844197290. Stepped forward 5000000 RCBs, but should have trapped at 5000000
2026-07-27T17:05:10.981054Z ERROR detcore: prehook: PMU RCB overshoot! Clock_value: 2849197290. Stepped forward 5000000 RCBs, but should have trapped at 5000000
2026-07-27T17:05:11.326957Z ERROR detcore: prehook: PMU RCB overshoot! Clock_value: 2854197290. Stepped forward 5000000 RCBs, but should have trapped at 5000000
2026-07-27T17:05:11.672198Z ERROR detcore: prehook: PMU RCB overshoot! Clock_value: 2859197290. Stepped forward 5000000 RCBs, but should have trapped at 5000000
2026-07-27T17:05:12.020644Z ERROR detcore: prehook: PMU RCB overshoot! Clock_value: 2867310584. Stepped forward 4999000 RCBs, but should have trapped at 4999000
2026-07-27T17:05:12.357245Z ERROR detcore: prehook: PMU RCB overshoot! Clock_value: 2872310584. Stepped forward 5000000 RCBs, but should have trapped at 5000000
2026-07-27T17:05:12.659793Z ERROR detcore: prehook: PMU RCB overshoot! Clock_value: 2877310584. Stepped forward 5000000 RCBs, but should have trapped at 5000000
2026-07-27T17:05:12.960872Z ERROR detcore: prehook: PMU RCB overshoot! Clock_value: 2882310584. Stepped forward 5000000 RCBs, but should have trapped at 5000000
2026-07-27T17:05:13.252958Z ERROR detcore: prehook: PMU RCB overshoot! Clock_value: 2887310584. Stepped forward 5000000 RCBs, but should have trapped at 5000000
2026-07-27T17:05:13.598144Z ERROR detcore: prehook: PMU RCB overshoot! Clock_value: 2892310584. Stepped forward 5000000 RCBs, but should have trapped at 5000000
2026-07-27T17:05:13.943904Z ERROR detcore: prehook: PMU RCB overshoot! Clock_value: 2897310584. Stepped forward 5000000 RCBs, but should have trapped at 5000000
2026-07-27T17:05:14.252050Z ERROR detcore: prehook: PMU RCB overshoot! Clock_value: 2902310584. Stepped forward 5000000 RCBs, but should have trapped at 5000000
2026-07-27T17:05:14.572853Z ERROR detcore: prehook: PMU RCB overshoot! Clock_value: 2909629683. Stepped forward 4999000 RCBs, but should have trapped at 4999000
2026-07-27T17:05:14.918557Z ERROR detcore: prehook: PMU RCB overshoot! Clock_value: 2914629683. Stepped forward 5000000 RCBs, but should have trapped at 5000000
2026-07-27T17:05:15.260124Z ERROR detcore: prehook: PMU RCB overshoot! Clock_value: 2919629683. Stepped forward 5000000 RCBs, but should have trapped at 5000000
2026-07-27T17:05:15.541022Z ERROR detcore: prehook: PMU RCB overshoot! Clock_value: 2924629683. Stepped forward 5000000 RCBs, but should have trapped at 5000000
2026-07-27T17:05:15.827024Z ERROR detcore: prehook: PMU RCB overshoot! Clock_value: 2929629683. Stepped forward 5000000 RCBs, but should have trapped at 5000000
2026-07-27T17:05:16.127146Z ERROR detcore: prehook: PMU RCB overshoot! Clock_value: 2934629683. Stepped forward 5000000 RCBs, but should have trapped at 5000000
2026-07-27T17:05:16.414054Z ERROR detcore: prehook: PMU RCB overshoot! Clock_value: 2939629683. Stepped forward 5000000 RCBs, but should have trapped at 5000000
2026-07-27T17:05:16.726337Z ERROR detcore: prehook: PMU RCB overshoot! Clock_value: 2944629683. Stepped forward 5000000 RCBs, but should have trapped at 5000000
2026-07-27T17:05:17.013799Z ERROR detcore: prehook: PMU RCB overshoot! Clock_value: 2949629683. Stepped forward 5000000 RCBs, but should have trapped at 5000000
2026-07-27T17:05:17.293262Z ERROR detcore: prehook: PMU RCB overshoot! Clock_value: 2954629683. Stepped forward 5000000 RCBs, but should have trapped at 5000000
2026-07-27T17:05:17.583456Z ERROR detcore: prehook: PMU RCB overshoot! Clock_value: 2962511968. Stepped forward 5000000 RCBs, but should have trapped at 5000000
2026-07-27T17:05:17.875063Z ERROR detcore: prehook: PMU RCB overshoot! Clock_value: 2967511968. Stepped forward 5000000 RCBs, but should have trapped at 5000000
2026-07-27T17:05:18.160736Z ERROR detcore: prehook: PMU RCB overshoot! Clock_value: 2972511968. Stepped forward 5000000 RCBs, but should have trapped at 5000000
2026-07-27T17:05:18.439901Z ERROR detcore: prehook: PMU RCB overshoot! Clock_value: 2977511968. Stepped forward 5000000 RCBs, but should have trapped at 5000000
2026-07-27T17:05:18.779553Z ERROR detcore: prehook: PMU RCB overshoot! Clock_value: 2982511968. Stepped forward 5000000 RCBs, but should have trapped at 5000000
2026-07-27T17:05:19.064392Z ERROR detcore: prehook: PMU RCB overshoot! Clock_value: 2987511968. Stepped forward 5000000 RCBs, but should have trapped at 5000000
2026-07-27T17:05:19.344422Z ERROR detcore: prehook: PMU RCB overshoot! Clock_value: 2992511968. Stepped forward 5000000 RCBs, but should have trapped at 5000000
2026-07-27T17:05:19.627544Z ERROR detcore: prehook: PMU RCB overshoot! Clock_value: 2997511968. Stepped forward 5000000 RCBs, but should have trapped at 5000000
2026-07-27T17:05:19.923808Z ERROR detcore: prehook: PMU RCB overshoot! Clock_value: 3002511968. Stepped forward 5000000 RCBs, but should have trapped at 5000000
2026-07-27T17:05:20.207926Z ERROR detcore: prehook: PMU RCB overshoot! Clock_value: 3007511968. Stepped forward 5000000 RCBs, but should have trapped at 5000000
2026-07-27T17:05:20.477302Z ERROR detcore: prehook: PMU RCB overshoot! Clock_value: 3012511968. Stepped forward 5000000 RCBs, but should have trapped at 5000000
2026-07-27T17:05:20.794233Z ERROR detcore: prehook: PMU RCB overshoot! Clock_value: 3021716585. Stepped forward 4999000 RCBs, but should have trapped at 4999000
2026-07-27T17:05:21.136355Z ERROR detcore: prehook: PMU RCB overshoot! Clock_value: 3026716585. Stepped forward 5000000 RCBs, but should have trapped at 5000000
2026-07-27T17:05:21.480697Z ERROR detcore: prehook: PMU RCB overshoot! Clock_value: 3031716585. Stepped forward 5000000 RCBs, but should have trapped at 5000000
2026-07-27T17:05:21.814353Z ERROR detcore: prehook: PMU RCB overshoot! Clock_value: 3036716585. Stepped forward 5000000 RCBs, but should have trapped at 5000000
2026-07-27T17:05:22.155982Z ERROR detcore: prehook: PMU RCB overshoot! Clock_value: 3041716585. Stepped forward 5000000 RCBs, but should have trapped at 5000000
2026-07-27T17:05:22.453163Z ERROR detcore: prehook: PMU RCB overshoot! Clock_value: 3046716585. Stepped forward 5000000 RCBs, but should have trapped at 5000000
2026-07-27T17:05:22.757574Z ERROR detcore: prehook: PMU RCB overshoot! Clock_value: 3051716585. Stepped forward 5000000 RCBs, but should have trapped at 5000000
2026-07-27T17:05:23.060450Z ERROR detcore: prehook: PMU RCB overshoot! Clock_value: 3056716585. Stepped forward 5000000 RCBs, but should have trapped at 5000000
2026-07-27T17:05:23.366553Z ERROR detcore: prehook: PMU RCB overshoot! Clock_value: 3061716585. Stepped forward 5000000 RCBs, but should have trapped at 5000000
2026-07-27T17:05:23.648274Z ERROR detcore: prehook: PMU RCB overshoot! Clock_value: 3068346691. Stepped forward 5000000 RCBs, but should have trapped at 5000000
2026-07-27T17:05:23.943907Z ERROR detcore: prehook: PMU RCB overshoot! Clock_value: 3073346691. Stepped forward 5000000 RCBs, but should have trapped at 5000000
2026-07-27T17:05:24.254916Z ERROR detcore: prehook: PMU RCB overshoot! Clock_value: 3078346691. Stepped forward 5000000 RCBs, but should have trapped at 5000000
2026-07-27T17:05:24.550108Z ERROR detcore: prehook: PMU RCB overshoot! Clock_value: 3083346691. Stepped forward 5000000 RCBs, but should have trapped at 5000000
2026-07-27T17:05:24.832256Z ERROR detcore: prehook: PMU RCB overshoot! Clock_value: 3088346691. Stepped forward 5000000 RCBs, but should have trapped at 5000000
2026-07-27T17:05:25.107674Z ERROR detcore: prehook: PMU RCB overshoot! Clock_value: 3093346691. Stepped forward 5000000 RCBs, but should have trapped at 5000000
2026-07-27T17:05:25.389400Z ERROR detcore: prehook: PMU RCB overshoot! Clock_value: 3098346691. Stepped forward 5000000 RCBs, but should have trapped at 5000000
2026-07-27T17:05:25.666595Z ERROR detcore: prehook: PMU RCB overshoot! Clock_value: 3103346691. Stepped forward 5000000 RCBs, but should have trapped at 5000000
2026-07-27T17:05:25.952555Z ERROR detcore: prehook: PMU RCB overshoot! Clock_value: 3108346691. Stepped forward 5000000 RCBs, but should have trapped at 5000000
2026-07-27T17:05:26.282162Z ERROR detcore: prehook: PMU RCB overshoot! Clock_value: 3113346691. Stepped forward 5000000 RCBs, but should have trapped at 5000000
2026-07-27T17:05:26.577212Z ERROR detcore: prehook: PMU RCB overshoot! Clock_value: 3118346691. Stepped forward 5000000 RCBs, but should have trapped at 5000000
2026-07-27T17:05:26.899362Z ERROR detcore: prehook: PMU RCB overshoot! Clock_value: 3126272007. Stepped forward 4999000 RCBs, but should have trapped at 4999000
2026-07-27T17:05:27.179428Z ERROR detcore: prehook: PMU RCB overshoot! Clock_value: 3131272007. Stepped forward 5000000 RCBs, but should have trapped at 5000000
2026-07-27T17:05:27.472949Z ERROR detcore: prehook: PMU RCB overshoot! Clock_value: 3136272007. Stepped forward 5000000 RCBs, but should have trapped at 5000000
2026-07-27T17:05:27.811159Z ERROR detcore: prehook: PMU RCB overshoot! Clock_value: 3141272007. Stepped forward 5000000 RCBs, but should have trapped at 5000000
2026-07-27T17:05:28.103748Z ERROR detcore: prehook: PMU RCB overshoot! Clock_value: 3146272007. Stepped forward 5000000 RCBs, but should have trapped at 5000000
2026-07-27T17:05:28.381102Z ERROR detcore: prehook: PMU RCB overshoot! Clock_value: 3151272007. Stepped forward 5000000 RCBs, but should have trapped at 5000000
2026-07-27T17:05:28.679737Z ERROR detcore: prehook: PMU RCB overshoot! Clock_value: 3156272007. Stepped forward 5000000 RCBs, but should have trapped at 5000000
2026-07-27T17:05:28.953461Z ERROR detcore: prehook: PMU RCB overshoot! Clock_value: 3161272007. Stepped forward 5000000 RCBs, but should have trapped at 5000000
2026-07-27T17:05:29.241349Z ERROR detcore: prehook: PMU RCB overshoot! Clock_value: 3166272007. Stepped forward 5000000 RCBs, but should have trapped at 5000000
2026-07-27T17:05:29.540779Z ERROR detcore: prehook: PMU RCB overshoot! Clock_value: 3171272007. Stepped forward 5000000 RCBs, but should have trapped at 5000000
2026-07-27T17:05:29.827996Z ERROR detcore: prehook: PMU RCB overshoot! Clock_value: 3176272007. Stepped forward 5000000 RCBs, but should have trapped at 5000000
2026-07-27T17:05:30.152989Z ERROR detcore: prehook: PMU RCB overshoot! Clock_value: 3183089792. Stepped forward 4992123 RCBs, but should have trapped at 4992123
2026-07-27T17:05:30.448555Z ERROR detcore: prehook: PMU RCB overshoot! Clock_value: 3188089792. Stepped forward 5000000 RCBs, but should have trapped at 5000000
2026-07-27T17:05:30.753140Z ERROR detcore: prehook: PMU RCB overshoot! Clock_value: 3193089792. Stepped forward 5000000 RCBs, but should have trapped at 5000000
2026-07-27T17:05:31.028973Z ERROR detcore: prehook: PMU RCB overshoot! Clock_value: 3198089792. Stepped forward 5000000 RCBs, but should have trapped at 5000000
2026-07-27T17:05:31.329965Z ERROR detcore: prehook: PMU RCB overshoot! Clock_value: 3203089792. Stepped forward 5000000 RCBs, but should have trapped at 5000000
2026-07-27T17:05:31.658673Z ERROR detcore: prehook: PMU RCB overshoot! Clock_value: 3208089792. Stepped forward 5000000 RCBs, but should have trapped at 5000000
2026-07-27T17:05:31.954888Z ERROR detcore: prehook: PMU RCB overshoot! Clock_value: 3213089792. Stepped forward 5000000 RCBs, but should have trapped at 5000000
2026-07-27T17:05:32.256254Z ERROR detcore: prehook: PMU RCB overshoot! Clock_value: 3218089792. Stepped forward 5000000 RCBs, but should have trapped at 5000000
2026-07-27T17:05:32.549404Z ERROR detcore: prehook: PMU RCB overshoot! Clock_value: 3223089792. Stepped forward 5000000 RCBs, but should have trapped at 5000000
2026-07-27T17:05:32.822122Z ERROR detcore: prehook: PMU RCB overshoot! Clock_value: 3228089792. Stepped forward 5000000 RCBs, but should have trapped at 5000000
2026-07-27T17:05:33.104309Z ERROR detcore: prehook: PMU RCB overshoot! Clock_value: 3233089792. Stepped forward 5000000 RCBs, but should have trapped at 5000000
2026-07-27T17:05:33.378684Z ERROR detcore: prehook: PMU RCB overshoot! Clock_value: 3238227556. Stepped forward 4999000 RCBs, but should have trapped at 4999000
2026-07-27T17:05:33.653051Z ERROR detcore: prehook: PMU RCB overshoot! Clock_value: 3243227556. Stepped forward 5000000 RCBs, but should have trapped at 5000000
2026-07-27T17:05:33.947317Z ERROR detcore: prehook: PMU RCB overshoot! Clock_value: 3248227556. Stepped forward 5000000 RCBs, but should have trapped at 5000000
2026-07-27T17:05:34.239027Z ERROR detcore: prehook: PMU RCB overshoot! Clock_value: 3253227556. Stepped forward 5000000 RCBs, but should have trapped at 5000000
2026-07-27T17:05:34.535986Z ERROR detcore: prehook: PMU RCB overshoot! Clock_value: 3258227556. Stepped forward 5000000 RCBs, but should have trapped at 5000000
2026-07-27T17:05:34.834605Z ERROR detcore: prehook: PMU RCB overshoot! Clock_value: 3263227556. Stepped forward 5000000 RCBs, but should have trapped at 5000000
2026-07-27T17:05:35.122169Z ERROR detcore: prehook: PMU RCB overshoot! Clock_value: 3268227556. Stepped forward 5000000 RCBs, but should have trapped at 5000000
2026-07-27T17:05:35.447582Z ERROR detcore: prehook: PMU RCB overshoot! Clock_value: 3273227556. Stepped forward 5000000 RCBs, but should have trapped at 5000000
2026-07-27T17:05:35.761748Z ERROR detcore: prehook: PMU RCB overshoot! Clock_value: 3278227556. Stepped forward 5000000 RCBs, but should have trapped at 5000000
2026-07-27T17:05:36.099464Z ERROR detcore: prehook: PMU RCB overshoot! Clock_value: 3283227556. Stepped forward 5000000 RCBs, but should have trapped at 5000000
2026-07-27T17:05:36.373935Z ERROR detcore: prehook: PMU RCB overshoot! Clock_value: 3288227556. Stepped forward 5000000 RCBs, but should have trapped at 5000000
2026-07-27T17:05:36.661343Z ERROR detcore: prehook: PMU RCB overshoot! Clock_value: 3293384445. Stepped forward 4999000 RCBs, but should have trapped at 4999000
2026-07-27T17:05:36.968377Z ERROR detcore: prehook: PMU RCB overshoot! Clock_value: 3298384445. Stepped forward 5000000 RCBs, but should have trapped at 5000000
2026-07-27T17:05:37.247642Z ERROR detcore: prehook: PMU RCB overshoot! Clock_value: 3303384445. Stepped forward 5000000 RCBs, but should have trapped at 5000000
2026-07-27T17:05:37.538253Z ERROR detcore: prehook: PMU RCB overshoot! Clock_value: 3308384445. Stepped forward 5000000 RCBs, but should have trapped at 5000000
2026-07-27T17:05:37.824639Z ERROR detcore: prehook: PMU RCB overshoot! Clock_value: 3313384445. Stepped forward 5000000 RCBs, but should have trapped at 5000000
2026-07-27T17:05:38.097019Z ERROR detcore: prehook: PMU RCB overshoot! Clock_value: 3318384445. Stepped forward 5000000 RCBs, but should have trapped at 5000000
2026-07-27T17:05:38.432461Z ERROR detcore: prehook: PMU RCB overshoot! Clock_value: 3323384445. Stepped forward 5000000 RCBs, but should have trapped at 5000000
2026-07-27T17:05:38.738214Z ERROR detcore: prehook: PMU RCB overshoot! Clock_value: 3328384445. Stepped forward 5000000 RCBs, but should have trapped at 5000000
2026-07-27T17:05:39.060578Z ERROR detcore: prehook: PMU RCB overshoot! Clock_value: 3333384445. Stepped forward 5000000 RCBs, but should have trapped at 5000000
2026-07-27T17:05:39.332809Z ERROR detcore: prehook: PMU RCB overshoot! Clock_value: 3338384445. Stepped forward 5000000 RCBs, but should have trapped at 5000000
2026-07-27T17:05:39.627308Z ERROR detcore: prehook: PMU RCB overshoot! Clock_value: 3343384445. Stepped forward 5000000 RCBs, but should have trapped at 5000000
2026-07-27T17:05:39.920399Z ERROR detcore: prehook: PMU RCB overshoot! Clock_value: 3348732960. Stepped forward 4999000 RCBs, but should have trapped at 4999000
2026-07-27T17:05:40.216718Z ERROR detcore: prehook: PMU RCB overshoot! Clock_value: 3353732960. Stepped forward 5000000 RCBs, but should have trapped at 5000000
2026-07-27T17:05:40.508058Z ERROR detcore: prehook: PMU RCB overshoot! Clock_value: 3358732960. Stepped forward 5000000 RCBs, but should have trapped at 5000000
2026-07-27T17:05:40.791663Z ERROR detcore: prehook: PMU RCB overshoot! Clock_value: 3363732960. Stepped forward 5000000 RCBs, but should have trapped at 5000000
2026-07-27T17:05:41.085279Z ERROR detcore: prehook: PMU RCB overshoot! Clock_value: 3368732960. Stepped forward 5000000 RCBs, but should have trapped at 5000000
2026-07-27T17:05:41.379814Z ERROR detcore: prehook: PMU RCB overshoot! Clock_value: 3373732960. Stepped forward 5000000 RCBs, but should have trapped at 5000000
2026-07-27T17:05:41.688670Z ERROR detcore: prehook: PMU RCB overshoot! Clock_value: 3378732960. Stepped forward 5000000 RCBs, but should have trapped at 5000000
2026-07-27T17:05:41.975692Z ERROR detcore: prehook: PMU RCB overshoot! Clock_value: 3383732960. Stepped forward 5000000 RCBs, but should have trapped at 5000000
2026-07-27T17:05:42.257242Z ERROR detcore: prehook: PMU RCB overshoot! Clock_value: 3388732960. Stepped forward 5000000 RCBs, but should have trapped at 5000000
2026-07-27T17:05:42.558139Z ERROR detcore: prehook: PMU RCB overshoot! Clock_value: 3393732960. Stepped forward 5000000 RCBs, but should have trapped at 5000000
2026-07-27T17:05:42.866447Z ERROR detcore: prehook: PMU RCB overshoot! Clock_value: 3398732960. Stepped forward 5000000 RCBs, but should have trapped at 5000000
2026-07-27T17:05:43.156014Z ERROR detcore: prehook: PMU RCB overshoot! Clock_value: 3403786160. Stepped forward 4996450 RCBs, but should have trapped at 4996450
2026-07-27T17:05:43.452007Z ERROR detcore: prehook: PMU RCB overshoot! Clock_value: 3408786160. Stepped forward 5000000 RCBs, but should have trapped at 5000000
2026-07-27T17:05:43.757655Z ERROR detcore: prehook: PMU RCB overshoot! Clock_value: 3413786160. Stepped forward 5000000 RCBs, but should have trapped at 5000000
2026-07-27T17:05:44.050192Z ERROR detcore: prehook: PMU RCB overshoot! Clock_value: 3418786160. Stepped forward 5000000 RCBs, but should have trapped at 5000000
2026-07-27T17:05:44.335988Z ERROR detcore: prehook: PMU RCB overshoot! Clock_value: 3423786160. Stepped forward 5000000 RCBs, but should have trapped at 5000000
2026-07-27T17:05:44.626003Z ERROR detcore: prehook: PMU RCB overshoot! Clock_value: 3428786160. Stepped forward 5000000 RCBs, but should have trapped at 5000000
2026-07-27T17:05:44.895912Z ERROR detcore: prehook: PMU RCB overshoot! Clock_value: 3433786160. Stepped forward 5000000 RCBs, but should have trapped at 5000000
2026-07-27T17:05:45.216399Z ERROR detcore: prehook: PMU RCB overshoot! Clock_value: 3438786160. Stepped forward 5000000 RCBs, but should have trapped at 5000000
2026-07-27T17:05:45.550742Z ERROR detcore: prehook: PMU RCB overshoot! Clock_value: 3443786160. Stepped forward 5000000 RCBs, but should have trapped at 5000000
2026-07-27T17:05:45.890311Z ERROR detcore: prehook: PMU RCB overshoot! Clock_value: 3448786160. Stepped forward 5000000 RCBs, but should have trapped at 5000000
2026-07-27T17:05:46.228359Z ERROR detcore: prehook: PMU RCB overshoot! Clock_value: 3456306609. Stepped forward 4999000 RCBs, but should have trapped at 4999000
2026-07-27T17:05:46.570460Z ERROR detcore: prehook: PMU RCB overshoot! Clock_value: 3461306609. Stepped forward 5000000 RCBs, but should have trapped at 5000000
2026-07-27T17:05:46.896821Z ERROR detcore: prehook: PMU RCB overshoot! Clock_value: 3466306609. Stepped forward 5000000 RCBs, but should have trapped at 5000000
2026-07-27T17:05:47.196723Z ERROR detcore: prehook: PMU RCB overshoot! Clock_value: 3471306609. Stepped forward 5000000 RCBs, but should have trapped at 5000000
2026-07-27T17:05:47.532391Z ERROR detcore: prehook: PMU RCB overshoot! Clock_value: 3476306609. Stepped forward 5000000 RCBs, but should have trapped at 5000000
2026-07-27T17:05:47.875769Z ERROR detcore: prehook: PMU RCB overshoot! Clock_value: 3481306609. Stepped forward 5000000 RCBs, but should have trapped at 5000000
2026-07-27T17:05:48.167519Z ERROR detcore: prehook: PMU RCB overshoot! Clock_value: 3486306609. Stepped forward 5000000 RCBs, but should have trapped at 5000000
2026-07-27T17:05:48.505026Z ERROR detcore: prehook: PMU RCB overshoot! Clock_value: 3491306609. Stepped forward 5000000 RCBs, but should have trapped at 5000000
2026-07-27T17:05:48.841905Z ERROR detcore: prehook: PMU RCB overshoot! Clock_value: 3500088414. Stepped forward 4999000 RCBs, but should have trapped at 4999000
2026-07-27T17:05:49.136875Z ERROR detcore: prehook: PMU RCB overshoot! Clock_value: 3505088414. Stepped forward 5000000 RCBs, but should have trapped at 5000000
2026-07-27T17:05:49.462629Z ERROR detcore: prehook: PMU RCB overshoot! Clock_value: 3510088414. Stepped forward 5000000 RCBs, but should have trapped at 5000000
2026-07-27T17:05:49.795475Z ERROR detcore: prehook: PMU RCB overshoot! Clock_value: 3515088414. Stepped forward 5000000 RCBs, but should have trapped at 5000000
2026-07-27T17:05:50.098682Z ERROR detcore: prehook: PMU RCB overshoot! Clock_value: 3520088414. Stepped forward 5000000 RCBs, but should have trapped at 5000000
2026-07-27T17:05:50.437035Z ERROR detcore: prehook: PMU RCB overshoot! Clock_value: 3525088414. Stepped forward 5000000 RCBs, but should have trapped at 5000000
2026-07-27T17:05:50.773976Z ERROR detcore: prehook: PMU RCB overshoot! Clock_value: 3530088414. Stepped forward 5000000 RCBs, but should have trapped at 5000000
2026-07-27T17:05:51.102723Z ERROR detcore: prehook: PMU RCB overshoot! Clock_value: 3535088414. Stepped forward 5000000 RCBs, but should have trapped at 5000000
2026-07-27T17:05:51.447853Z ERROR detcore: prehook: PMU RCB overshoot! Clock_value: 3542564912. Stepped forward 4999000 RCBs, but should have trapped at 4999000
2026-07-27T17:05:51.789012Z ERROR detcore: prehook: PMU RCB overshoot! Clock_value: 3547564912. Stepped forward 5000000 RCBs, but should have trapped at 5000000
2026-07-27T17:05:52.124508Z ERROR detcore: prehook: PMU RCB overshoot! Clock_value: 3552564912. Stepped forward 5000000 RCBs, but should have trapped at 5000000
2026-07-27T17:05:52.456488Z ERROR detcore: prehook: PMU RCB overshoot! Clock_value: 3557564912. Stepped forward 5000000 RCBs, but should have trapped at 5000000
2026-07-27T17:05:52.806327Z ERROR detcore: prehook: PMU RCB overshoot! Clock_value: 3562564912. Stepped forward 5000000 RCBs, but should have trapped at 5000000
2026-07-27T17:05:53.142455Z ERROR detcore: prehook: PMU RCB overshoot! Clock_value: 3567564912. Stepped forward 5000000 RCBs, but should have trapped at 5000000
2026-07-27T17:05:53.484786Z ERROR detcore: prehook: PMU RCB overshoot! Clock_value: 3572564912. Stepped forward 5000000 RCBs, but should have trapped at 5000000
2026-07-27T17:05:53.822947Z ERROR detcore: prehook: PMU RCB overshoot! Clock_value: 3577564912. Stepped forward 5000000 RCBs, but should have trapped at 5000000
2026-07-27T17:05:54.137650Z ERROR detcore: prehook: PMU RCB overshoot! Clock_value: 3584880135. Stepped forward 4996710 RCBs, but should have trapped at 4996710
2026-07-27T17:05:54.469710Z ERROR detcore: prehook: PMU RCB overshoot! Clock_value: 3589880135. Stepped forward 5000000 RCBs, but should have trapped at 5000000
2026-07-27T17:05:54.810744Z ERROR detcore: prehook: PMU RCB overshoot! Clock_value: 3594880135. Stepped forward 5000000 RCBs, but should have trapped at 5000000
2026-07-27T17:05:55.151134Z ERROR detcore: prehook: PMU RCB overshoot! Clock_value: 3599880135. Stepped forward 5000000 RCBs, but should have trapped at 5000000
2026-07-27T17:05:55.469893Z ERROR detcore: prehook: PMU RCB overshoot! Clock_value: 3604880135. Stepped forward 5000000 RCBs, but should have trapped at 5000000
2026-07-27T17:05:55.788048Z ERROR detcore: prehook: PMU RCB overshoot! Clock_value: 3609880135. Stepped forward 5000000 RCBs, but should have trapped at 5000000
2026-07-27T17:05:56.103132Z ERROR detcore: prehook: PMU RCB overshoot! Clock_value: 3614880135. Stepped forward 5000000 RCBs, but should have trapped at 5000000
2026-07-27T17:05:56.408198Z ERROR detcore: prehook: PMU RCB overshoot! Clock_value: 3619880135. Stepped forward 5000000 RCBs, but should have trapped at 5000000
2026-07-27T17:05:56.753114Z ERROR detcore: prehook: PMU RCB overshoot! Clock_value: 3629806206. Stepped forward 4999000 RCBs, but should have trapped at 4999000
2026-07-27T17:05:57.068201Z ERROR detcore: prehook: PMU RCB overshoot! Clock_value: 3634806206. Stepped forward 5000000 RCBs, but should have trapped at 5000000
2026-07-27T17:05:57.389718Z ERROR detcore: prehook: PMU RCB overshoot! Clock_value: 3639806206. Stepped forward 5000000 RCBs, but should have trapped at 5000000
2026-07-27T17:05:57.713839Z ERROR detcore: prehook: PMU RCB overshoot! Clock_value: 3644806206. Stepped forward 5000000 RCBs, but should have trapped at 5000000
2026-07-27T17:05:58.022201Z ERROR detcore: prehook: PMU RCB overshoot! Clock_value: 3649806206. Stepped forward 5000000 RCBs, but should have trapped at 5000000
2026-07-27T17:05:58.334095Z ERROR detcore: prehook: PMU RCB overshoot! Clock_value: 3654806206. Stepped forward 5000000 RCBs, but should have trapped at 5000000
2026-07-27T17:05:58.647967Z ERROR detcore: prehook: PMU RCB overshoot! Clock_value: 3659806206. Stepped forward 5000000 RCBs, but should have trapped at 5000000
2026-07-27T17:05:58.966106Z ERROR detcore: prehook: PMU RCB overshoot! Clock_value: 3664806206. Stepped forward 5000000 RCBs, but should have trapped at 5000000
2026-07-27T17:05:59.285889Z ERROR detcore: prehook: PMU RCB overshoot! Clock_value: 3669806206. Stepped forward 5000000 RCBs, but should have trapped at 5000000
2026-07-27T17:05:59.600398Z ERROR detcore: prehook: PMU RCB overshoot! Clock_value: 3676381222. Stepped forward 4990944 RCBs, but should have trapped at 4990944
2026-07-27T17:05:59.985926Z ERROR detcore: prehook: PMU RCB overshoot! Clock_value: 3681381222. Stepped forward 5000000 RCBs, but should have trapped at 5000000
2026-07-27T17:06:00.317541Z ERROR detcore: prehook: PMU RCB overshoot! Clock_value: 3686381222. Stepped forward 5000000 RCBs, but should have trapped at 5000000
2026-07-27T17:06:00.634967Z ERROR detcore: prehook: PMU RCB overshoot! Clock_value: 3691381222. Stepped forward 5000000 RCBs, but should have trapped at 5000000
2026-07-27T17:06:00.950964Z ERROR detcore: prehook: PMU RCB overshoot! Clock_value: 3696381222. Stepped forward 5000000 RCBs, but should have trapped at 5000000
2026-07-27T17:06:01.263618Z ERROR detcore: prehook: PMU RCB overshoot! Clock_value: 3701381222. Stepped forward 5000000 RCBs, but should have trapped at 5000000
2026-07-27T17:06:01.577846Z ERROR detcore: prehook: PMU RCB overshoot! Clock_value: 3706381222. Stepped forward 5000000 RCBs, but should have trapped at 5000000
2026-07-27T17:06:01.895253Z ERROR detcore: prehook: PMU RCB overshoot! Clock_value: 3711381222. Stepped forward 5000000 RCBs, but should have trapped at 5000000
2026-07-27T17:06:02.230130Z ERROR detcore: prehook: PMU RCB overshoot! Clock_value: 3716381222. Stepped forward 5000000 RCBs, but should have trapped at 5000000
2026-07-27T17:06:02.562731Z ERROR detcore: prehook: PMU RCB overshoot! Clock_value: 3722527636. Stepped forward 4992810 RCBs, but should have trapped at 4992810
2026-07-27T17:06:02.866925Z ERROR detcore: prehook: PMU RCB overshoot! Clock_value: 3727527636. Stepped forward 5000000 RCBs, but should have trapped at 5000000
2026-07-27T17:06:03.160883Z ERROR detcore: prehook: PMU RCB overshoot! Clock_value: 3732527636. Stepped forward 5000000 RCBs, but should have trapped at 5000000
2026-07-27T17:06:03.462088Z ERROR detcore: prehook: PMU RCB overshoot! Clock_value: 3737527636. Stepped forward 5000000 RCBs, but should have trapped at 5000000
2026-07-27T17:06:03.778422Z ERROR detcore: prehook: PMU RCB overshoot! Clock_value: 3742527636. Stepped forward 5000000 RCBs, but should have trapped at 5000000
2026-07-27T17:06:04.095592Z ERROR detcore: prehook: PMU RCB overshoot! Clock_value: 3747527636. Stepped forward 5000000 RCBs, but should have trapped at 5000000
2026-07-27T17:06:04.402658Z ERROR detcore: prehook: PMU RCB overshoot! Clock_value: 3752527636. Stepped forward 5000000 RCBs, but should have trapped at 5000000
2026-07-27T17:06:04.727365Z ERROR detcore: prehook: PMU RCB overshoot! Clock_value: 3757527636. Stepped forward 5000000 RCBs, but should have trapped at 5000000
2026-07-27T17:06:05.063841Z ERROR detcore: prehook: PMU RCB overshoot! Clock_value: 3762527636. Stepped forward 5000000 RCBs, but should have trapped at 5000000
2026-07-27T17:06:05.340850Z ERROR detcore: prehook: PMU RCB overshoot! Clock_value: 3767527636. Stepped forward 5000000 RCBs, but should have trapped at 5000000
2026-07-27T17:06:05.617104Z ERROR detcore: prehook: PMU RCB overshoot! Clock_value: 3772671804. Stepped forward 4999000 RCBs, but should have trapped at 4999000
2026-07-27T17:06:05.919546Z ERROR detcore: prehook: PMU RCB overshoot! Clock_value: 3777671804. Stepped forward 5000000 RCBs, but should have trapped at 5000000
2026-07-27T17:06:06.220195Z ERROR detcore: prehook: PMU RCB overshoot! Clock_value: 3782671804. Stepped forward 5000000 RCBs, but should have trapped at 5000000
2026-07-27T17:06:06.516157Z ERROR detcore: prehook: PMU RCB overshoot! Clock_value: 3787671804. Stepped forward 5000000 RCBs, but should have trapped at 5000000
2026-07-27T17:06:06.822013Z ERROR detcore: prehook: PMU RCB overshoot! Clock_value: 3792671804. Stepped forward 5000000 RCBs, but should have trapped at 5000000
2026-07-27T17:06:07.115517Z ERROR detcore: prehook: PMU RCB overshoot! Clock_value: 3797671804. Stepped forward 5000000 RCBs, but should have trapped at 5000000
2026-07-27T17:06:07.409246Z ERROR detcore: prehook: PMU RCB overshoot! Clock_value: 3802671804. Stepped forward 5000000 RCBs, but should have trapped at 5000000
2026-07-27T17:06:07.690829Z ERROR detcore: prehook: PMU RCB overshoot! Clock_value: 3807671804. Stepped forward 5000000 RCBs, but should have trapped at 5000000
2026-07-27T17:06:07.975407Z ERROR detcore: prehook: PMU RCB overshoot! Clock_value: 3812671804. Stepped forward 5000000 RCBs, but should have trapped at 5000000
2026-07-27T17:06:08.263681Z ERROR detcore: prehook: PMU RCB overshoot! Clock_value: 3817671804. Stepped forward 5000000 RCBs, but should have trapped at 5000000
2026-07-27T17:06:08.578544Z ERROR detcore: prehook: PMU RCB overshoot! Clock_value: 3822671804. Stepped forward 5000000 RCBs, but should have trapped at 5000000
2026-07-27T17:06:08.881506Z ERROR detcore: prehook: PMU RCB overshoot! Clock_value: 3830678087. Stepped forward 4996186 RCBs, but should have trapped at 4996186
2026-07-27T17:06:09.172696Z ERROR detcore: prehook: PMU RCB overshoot! Clock_value: 3835678087. Stepped forward 5000000 RCBs, but should have trapped at 5000000
2026-07-27T17:06:09.449021Z ERROR detcore: prehook: PMU RCB overshoot! Clock_value: 3840678087. Stepped forward 5000000 RCBs, but should have trapped at 5000000
2026-07-27T17:06:09.747112Z ERROR detcore: prehook: PMU RCB overshoot! Clock_value: 3845678087. Stepped forward 5000000 RCBs, but should have trapped at 5000000
2026-07-27T17:06:10.030434Z ERROR detcore: prehook: PMU RCB overshoot! Clock_value: 3850678087. Stepped forward 5000000 RCBs, but should have trapped at 5000000
2026-07-27T17:06:10.318465Z ERROR detcore: prehook: PMU RCB overshoot! Clock_value: 3855678087. Stepped forward 5000000 RCBs, but should have trapped at 5000000
2026-07-27T17:06:10.593989Z ERROR detcore: prehook: PMU RCB overshoot! Clock_value: 3860678087. Stepped forward 5000000 RCBs, but should have trapped at 5000000
2026-07-27T17:06:10.887649Z ERROR detcore: prehook: PMU RCB overshoot! Clock_value: 3865678087. Stepped forward 5000000 RCBs, but should have trapped at 5000000
2026-07-27T17:06:11.169832Z ERROR detcore: prehook: PMU RCB overshoot! Clock_value: 3870678087. Stepped forward 5000000 RCBs, but should have trapped at 5000000
2026-07-27T17:06:11.455346Z ERROR detcore: prehook: PMU RCB overshoot! Clock_value: 3875678087. Stepped forward 5000000 RCBs, but should have trapped at 5000000
2026-07-27T17:06:11.745341Z ERROR detcore: prehook: PMU RCB overshoot! Clock_value: 3880678087. Stepped forward 5000000 RCBs, but should have trapped at 5000000
2026-07-27T17:06:12.026083Z ERROR detcore: prehook: PMU RCB overshoot! Clock_value: 3885678087. Stepped forward 5000000 RCBs, but should have trapped at 5000000
2026-07-27T17:06:12.317009Z ERROR detcore: prehook: PMU RCB overshoot! Clock_value: 3890678087. Stepped forward 5000000 RCBs, but should have trapped at 5000000
2026-07-27T17:06:12.601374Z ERROR detcore: prehook: PMU RCB overshoot! Clock_value: 3897321269. Stepped forward 4992300 RCBs, but should have trapped at 4992300
2026-07-27T17:06:12.888489Z ERROR detcore: prehook: PMU RCB overshoot! Clock_value: 3902321269. Stepped forward 5000000 RCBs, but should have trapped at 5000000
2026-07-27T17:06:13.181061Z ERROR detcore: prehook: PMU RCB overshoot! Clock_value: 3907321269. Stepped forward 5000000 RCBs, but should have trapped at 5000000
2026-07-27T17:06:13.459842Z ERROR detcore: prehook: PMU RCB overshoot! Clock_value: 3912321269. Stepped forward 5000000 RCBs, but should have trapped at 5000000
2026-07-27T17:06:13.749994Z ERROR detcore: prehook: PMU RCB overshoot! Clock_value: 3917321269. Stepped forward 5000000 RCBs, but should have trapped at 5000000
2026-07-27T17:06:14.029442Z ERROR detcore: prehook: PMU RCB overshoot! Clock_value: 3922321269. Stepped forward 5000000 RCBs, but should have trapped at 5000000
2026-07-27T17:06:14.313769Z ERROR detcore: prehook: PMU RCB overshoot! Clock_value: 3927321269. Stepped forward 5000000 RCBs, but should have trapped at 5000000
2026-07-27T17:06:14.601566Z ERROR detcore: prehook: PMU RCB overshoot! Clock_value: 3932321269. Stepped forward 5000000 RCBs, but should have trapped at 5000000
2026-07-27T17:06:14.905468Z ERROR detcore: prehook: PMU RCB overshoot! Clock_value: 3937321269. Stepped forward 5000000 RCBs, but should have trapped at 5000000
2026-07-27T17:06:15.182424Z ERROR detcore: prehook: PMU RCB overshoot! Clock_value: 3942321269. Stepped forward 5000000 RCBs, but should have trapped at 5000000
2026-07-27T17:06:15.477432Z ERROR detcore: prehook: PMU RCB overshoot! Clock_value: 3947321269. Stepped forward 5000000 RCBs, but should have trapped at 5000000
2026-07-27T17:06:15.773975Z ERROR detcore: prehook: PMU RCB overshoot! Clock_value: 3952321269. Stepped forward 5000000 RCBs, but should have trapped at 5000000
2026-07-27T17:06:16.056079Z ERROR detcore: prehook: PMU RCB overshoot! Clock_value: 3957321269. Stepped forward 5000000 RCBs, but should have trapped at 5000000
2026-07-27T17:06:16.341282Z ERROR detcore: prehook: PMU RCB overshoot! Clock_value: 3964799879. Stepped forward 4993241 RCBs, but should have trapped at 4993241
2026-07-27T17:06:16.622593Z ERROR detcore: prehook: PMU RCB overshoot! Clock_value: 3969799879. Stepped forward 5000000 RCBs, but should have trapped at 5000000
2026-07-27T17:06:16.901138Z ERROR detcore: prehook: PMU RCB overshoot! Clock_value: 3974799879. Stepped forward 5000000 RCBs, but should have trapped at 5000000
2026-07-27T17:06:17.182285Z ERROR detcore: prehook: PMU RCB overshoot! Clock_value: 3979799879. Stepped forward 5000000 RCBs, but should have trapped at 5000000
2026-07-27T17:06:17.475512Z ERROR detcore: prehook: PMU RCB overshoot! Clock_value: 3984799879. Stepped forward 5000000 RCBs, but should have trapped at 5000000
2026-07-27T17:06:17.760647Z ERROR detcore: prehook: PMU RCB overshoot! Clock_value: 3989799879. Stepped forward 5000000 RCBs, but should have trapped at 5000000
2026-07-27T17:06:18.055442Z ERROR detcore: prehook: PMU RCB overshoot! Clock_value: 3994799879. Stepped forward 5000000 RCBs, but should have trapped at 5000000
2026-07-27T17:06:18.342258Z ERROR detcore: prehook: PMU RCB overshoot! Clock_value: 3999799879. Stepped forward 5000000 RCBs, but should have trapped at 5000000
2026-07-27T17:06:18.619023Z ERROR detcore: prehook: PMU RCB overshoot! Clock_value: 4004799879. Stepped forward 5000000 RCBs, but should have trapped at 5000000
2026-07-27T17:06:18.906956Z ERROR detcore: prehook: PMU RCB overshoot! Clock_value: 4009799879. Stepped forward 5000000 RCBs, but should have trapped at 5000000
2026-07-27T17:06:19.187356Z ERROR detcore: prehook: PMU RCB overshoot! Clock_value: 4014799879. Stepped forward 5000000 RCBs, but should have trapped at 5000000
2026-07-27T17:06:19.467378Z ERROR detcore: prehook: PMU RCB overshoot! Clock_value: 4019799879. Stepped forward 5000000 RCBs, but should have trapped at 5000000
2026-07-27T17:06:19.754344Z ERROR detcore: prehook: PMU RCB overshoot! Clock_value: 4024799879. Stepped forward 5000000 RCBs, but should have trapped at 5000000
2026-07-27T17:06:20.054108Z ERROR detcore: prehook: PMU RCB overshoot! Clock_value: 4032317077. Stepped forward 4999000 RCBs, but should have trapped at 4999000
2026-07-27T17:06:20.367895Z ERROR detcore: prehook: PMU RCB overshoot! Clock_value: 4037317077. Stepped forward 5000000 RCBs, but should have trapped at 5000000
2026-07-27T17:06:20.658372Z ERROR detcore: prehook: PMU RCB overshoot! Clock_value: 4042317077. Stepped forward 5000000 RCBs, but should have trapped at 5000000
2026-07-27T17:06:20.952929Z ERROR detcore: prehook: PMU RCB overshoot! Clock_value: 4047317077. Stepped forward 5000000 RCBs, but should have trapped at 5000000
2026-07-27T17:06:21.255037Z ERROR detcore: prehook: PMU RCB overshoot! Clock_value: 4052317077. Stepped forward 5000000 RCBs, but should have trapped at 5000000
2026-07-27T17:06:21.538783Z ERROR detcore: prehook: PMU RCB overshoot! Clock_value: 4057317077. Stepped forward 5000000 RCBs, but should have trapped at 5000000
2026-07-27T17:06:21.834303Z ERROR detcore: prehook: PMU RCB overshoot! Clock_value: 4062317077. Stepped forward 5000000 RCBs, but should have trapped at 5000000
2026-07-27T17:06:22.121816Z ERROR detcore: prehook: PMU RCB overshoot! Clock_value: 4067317077. Stepped forward 5000000 RCBs, but should have trapped at 5000000
2026-07-27T17:06:22.417097Z ERROR detcore: prehook: PMU RCB overshoot! Clock_value: 4072317077. Stepped forward 5000000 RCBs, but should have trapped at 5000000
2026-07-27T17:06:22.708873Z ERROR detcore: prehook: PMU RCB overshoot! Clock_value: 4077317077. Stepped forward 5000000 RCBs, but should have trapped at 5000000
2026-07-27T17:06:22.990728Z ERROR detcore: prehook: PMU RCB overshoot! Clock_value: 4082317077. Stepped forward 5000000 RCBs, but should have trapped at 5000000
2026-07-27T17:06:23.278528Z ERROR detcore: prehook: PMU RCB overshoot! Clock_value: 4087317077. Stepped forward 5000000 RCBs, but should have trapped at 5000000
2026-07-27T17:06:23.562239Z ERROR detcore: prehook: PMU RCB overshoot! Clock_value: 4092317077. Stepped forward 5000000 RCBs, but should have trapped at 5000000
2026-07-27T17:06:23.848345Z ERROR detcore: prehook: PMU RCB overshoot! Clock_value: 4100204379. Stepped forward 4990830 RCBs, but should have trapped at 4990830
2026-07-27T17:06:24.135830Z ERROR detcore: prehook: PMU RCB overshoot! Clock_value: 4105204379. Stepped forward 5000000 RCBs, but should have trapped at 5000000
2026-07-27T17:06:24.428424Z ERROR detcore: prehook: PMU RCB overshoot! Clock_value: 4110204379. Stepped forward 5000000 RCBs, but should have trapped at 5000000
2026-07-27T17:06:24.718794Z ERROR detcore: prehook: PMU RCB overshoot! Clock_value: 4115204379. Stepped forward 5000000 RCBs, but should have trapped at 5000000
2026-07-27T17:06:24.997572Z ERROR detcore: prehook: PMU RCB overshoot! Clock_value: 4120204379. Stepped forward 5000000 RCBs, but should have trapped at 5000000
2026-07-27T17:06:25.299075Z ERROR detcore: prehook: PMU RCB overshoot! Clock_value: 4125204379. Stepped forward 5000000 RCBs, but should have trapped at 5000000
2026-07-27T17:06:25.581263Z ERROR detcore: prehook: PMU RCB overshoot! Clock_value: 4130204379. Stepped forward 5000000 RCBs, but should have trapped at 5000000
2026-07-27T17:06:25.873819Z ERROR detcore: prehook: PMU RCB overshoot! Clock_value: 4135204379. Stepped forward 5000000 RCBs, but should have trapped at 5000000
2026-07-27T17:06:26.160932Z ERROR detcore: prehook: PMU RCB overshoot! Clock_value: 4140204379. Stepped forward 5000000 RCBs, but should have trapped at 5000000
2026-07-27T17:06:26.445139Z ERROR detcore: prehook: PMU RCB overshoot! Clock_value: 4145204379. Stepped forward 5000000 RCBs, but should have trapped at 5000000
2026-07-27T17:06:26.739677Z ERROR detcore: prehook: PMU RCB overshoot! Clock_value: 4150204379. Stepped forward 5000000 RCBs, but should have trapped at 5000000
2026-07-27T17:06:27.031754Z ERROR detcore: prehook: PMU RCB overshoot! Clock_value: 4155204379. Stepped forward 5000000 RCBs, but should have trapped at 5000000
2026-07-27T17:06:27.314245Z ERROR detcore: prehook: PMU RCB overshoot! Clock_value: 4160204379. Stepped forward 5000000 RCBs, but should have trapped at 5000000
2026-07-27T17:06:27.611168Z ERROR detcore: prehook: PMU RCB overshoot! Clock_value: 4167612160. Stepped forward 4990268 RCBs, but should have trapped at 4990268
2026-07-27T17:06:27.891826Z ERROR detcore: prehook: PMU RCB overshoot! Clock_value: 4172612160. Stepped forward 5000000 RCBs, but should have trapped at 5000000
2026-07-27T17:06:28.180981Z ERROR detcore: prehook: PMU RCB overshoot! Clock_value: 4177612160. Stepped forward 5000000 RCBs, but should have trapped at 5000000
2026-07-27T17:06:28.460903Z ERROR detcore: prehook: PMU RCB overshoot! Clock_value: 4182612160. Stepped forward 5000000 RCBs, but should have trapped at 5000000
2026-07-27T17:06:28.742908Z ERROR detcore: prehook: PMU RCB overshoot! Clock_value: 4187612160. Stepped forward 5000000 RCBs, but should have trapped at 5000000
2026-07-27T17:06:29.031659Z ERROR detcore: prehook: PMU RCB overshoot! Clock_value: 4192612160. Stepped forward 5000000 RCBs, but should have trapped at 5000000
2026-07-27T17:06:29.317807Z ERROR detcore: prehook: PMU RCB overshoot! Clock_value: 4197612160. Stepped forward 5000000 RCBs, but should have trapped at 5000000
2026-07-27T17:06:29.622984Z ERROR detcore: prehook: PMU RCB overshoot! Clock_value: 4202612160. Stepped forward 5000000 RCBs, but should have trapped at 5000000
2026-07-27T17:06:29.916470Z ERROR detcore: prehook: PMU RCB overshoot! Clock_value: 4207612160. Stepped forward 5000000 RCBs, but should have trapped at 5000000
2026-07-27T17:06:30.201733Z ERROR detcore: prehook: PMU RCB overshoot! Clock_value: 4212612160. Stepped forward 5000000 RCBs, but should have trapped at 5000000
2026-07-27T17:06:30.483243Z ERROR detcore: prehook: PMU RCB overshoot! Clock_value: 4217612160. Stepped forward 5000000 RCBs, but should have trapped at 5000000
2026-07-27T17:06:30.811923Z ERROR detcore: prehook: PMU RCB overshoot! Clock_value: 4222612160. Stepped forward 5000000 RCBs, but should have trapped at 5000000
2026-07-27T17:06:31.304158Z ERROR detcore: prehook: PMU RCB overshoot! Clock_value: 4227612160. Stepped forward 5000000 RCBs, but should have trapped at 5000000
2026-07-27T17:06:31.786495Z ERROR detcore: prehook: PMU RCB overshoot! Clock_value: 4234847531. Stepped forward 4999000 RCBs, but should have trapped at 4999000
2026-07-27T17:06:32.325285Z ERROR detcore: prehook: PMU RCB overshoot! Clock_value: 4239847531. Stepped forward 5000000 RCBs, but should have trapped at 5000000
2026-07-27T17:06:32.664961Z ERROR detcore: prehook: PMU RCB overshoot! Clock_value: 4244847531. Stepped forward 5000000 RCBs, but should have trapped at 5000000
2026-07-27T17:06:32.992213Z ERROR detcore: prehook: PMU RCB overshoot! Clock_value: 4249847531. Stepped forward 5000000 RCBs, but should have trapped at 5000000
2026-07-27T17:06:33.314171Z ERROR detcore: prehook: PMU RCB overshoot! Clock_value: 4254847531. Stepped forward 5000000 RCBs, but should have trapped at 5000000
2026-07-27T17:06:33.635024Z ERROR detcore: prehook: PMU RCB overshoot! Clock_value: 4259847531. Stepped forward 5000000 RCBs, but should have trapped at 5000000
2026-07-27T17:06:33.959329Z ERROR detcore: prehook: PMU RCB overshoot! Clock_value: 4264847531. Stepped forward 5000000 RCBs, but should have trapped at 5000000
2026-07-27T17:06:34.280296Z ERROR detcore: prehook: PMU RCB overshoot! Clock_value: 4269847531. Stepped forward 5000000 RCBs, but should have trapped at 5000000
2026-07-27T17:06:34.623591Z ERROR detcore: prehook: PMU RCB overshoot! Clock_value: 4274847531. Stepped forward 5000000 RCBs, but should have trapped at 5000000
2026-07-27T17:06:34.955616Z ERROR detcore: prehook: PMU RCB overshoot! Clock_value: 4280058812. Stepped forward 4991556 RCBs, but should have trapped at 4991556
2026-07-27T17:06:35.290182Z ERROR detcore: prehook: PMU RCB overshoot! Clock_value: 4285058812. Stepped forward 5000000 RCBs, but should have trapped at 5000000
2026-07-27T17:06:35.630749Z ERROR detcore: prehook: PMU RCB overshoot! Clock_value: 4290058812. Stepped forward 5000000 RCBs, but should have trapped at 5000000
2026-07-27T17:06:35.949109Z ERROR detcore: prehook: PMU RCB overshoot! Clock_value: 4295058812. Stepped forward 5000000 RCBs, but should have trapped at 5000000
2026-07-27T17:06:36.252896Z ERROR detcore: prehook: PMU RCB overshoot! Clock_value: 4300058812. Stepped forward 5000000 RCBs, but should have trapped at 5000000
2026-07-27T17:06:36.559215Z ERROR detcore: prehook: PMU RCB overshoot! Clock_value: 4305058812. Stepped forward 5000000 RCBs, but should have trapped at 5000000
2026-07-27T17:06:36.857518Z ERROR detcore: prehook: PMU RCB overshoot! Clock_value: 4310058812. Stepped forward 5000000 RCBs, but should have trapped at 5000000
2026-07-27T17:06:37.172795Z ERROR detcore: prehook: PMU RCB overshoot! Clock_value: 4315058812. Stepped forward 5000000 RCBs, but should have trapped at 5000000
2026-07-27T17:06:37.523893Z ERROR detcore: prehook: PMU RCB overshoot! Clock_value: 4320058812. Stepped forward 5000000 RCBs, but should have trapped at 5000000
2026-07-27T17:06:37.839845Z ERROR detcore: prehook: PMU RCB overshoot! Clock_value: 4328350743. Stepped forward 4993364 RCBs, but should have trapped at 4993364
2026-07-27T17:06:38.143283Z ERROR detcore: prehook: PMU RCB overshoot! Clock_value: 4333350743. Stepped forward 5000000 RCBs, but should have trapped at 5000000
2026-07-27T17:06:38.449704Z ERROR detcore: prehook: PMU RCB overshoot! Clock_value: 4338350743. Stepped forward 5000000 RCBs, but should have trapped at 5000000
2026-07-27T17:06:38.741643Z ERROR detcore: prehook: PMU RCB overshoot! Clock_value: 4343350743. Stepped forward 5000000 RCBs, but should have trapped at 5000000
2026-07-27T17:06:39.050519Z ERROR detcore: prehook: PMU RCB overshoot! Clock_value: 4348350743. Stepped forward 5000000 RCBs, but should have trapped at 5000000
2026-07-27T17:06:39.335531Z ERROR detcore: prehook: PMU RCB overshoot! Clock_value: 4353350743. Stepped forward 5000000 RCBs, but should have trapped at 5000000
2026-07-27T17:06:39.640398Z ERROR detcore: prehook: PMU RCB overshoot! Clock_value: 4358350743. Stepped forward 5000000 RCBs, but should have trapped at 5000000
2026-07-27T17:06:39.953268Z ERROR detcore: prehook: PMU RCB overshoot! Clock_value: 4363350743. Stepped forward 5000000 RCBs, but should have trapped at 5000000
2026-07-27T17:06:40.249846Z ERROR detcore: prehook: PMU RCB overshoot! Clock_value: 4368350743. Stepped forward 5000000 RCBs, but should have trapped at 5000000
2026-07-27T17:06:40.567930Z ERROR detcore: prehook: PMU RCB overshoot! Clock_value: 4373350743. Stepped forward 5000000 RCBs, but should have trapped at 5000000
2026-07-27T17:06:40.861863Z ERROR detcore: prehook: PMU RCB overshoot! Clock_value: 4379481244. Stepped forward 4996603 RCBs, but should have trapped at 4996603
2026-07-27T17:06:41.140573Z ERROR detcore: prehook: PMU RCB overshoot! Clock_value: 4384481244. Stepped forward 5000000 RCBs, but should have trapped at 5000000
2026-07-27T17:06:41.429554Z ERROR detcore: prehook: PMU RCB overshoot! Clock_value: 4389481244. Stepped forward 5000000 RCBs, but should have trapped at 5000000
2026-07-27T17:06:41.720397Z ERROR detcore: prehook: PMU RCB overshoot! Clock_value: 4394481244. Stepped forward 5000000 RCBs, but should have trapped at 5000000
2026-07-27T17:06:42.014232Z ERROR detcore: prehook: PMU RCB overshoot! Clock_value: 4399481244. Stepped forward 5000000 RCBs, but should have trapped at 5000000
2026-07-27T17:06:42.305400Z ERROR detcore: prehook: PMU RCB overshoot! Clock_value: 4404481244. Stepped forward 5000000 RCBs, but should have trapped at 5000000
2026-07-27T17:06:42.598551Z ERROR detcore: prehook: PMU RCB overshoot! Clock_value: 4409481244. Stepped forward 5000000 RCBs, but should have trapped at 5000000
2026-07-27T17:06:42.891769Z ERROR detcore: prehook: PMU RCB overshoot! Clock_value: 4414481244. Stepped forward 5000000 RCBs, but should have trapped at 5000000
2026-07-27T17:06:43.178508Z ERROR detcore: prehook: PMU RCB overshoot! Clock_value: 4419481244. Stepped forward 5000000 RCBs, but should have trapped at 5000000
2026-07-27T17:06:43.472379Z ERROR detcore: prehook: PMU RCB overshoot! Clock_value: 4424481244. Stepped forward 5000000 RCBs, but should have trapped at 5000000
2026-07-27T17:06:43.773611Z ERROR detcore: prehook: PMU RCB overshoot! Clock_value: 4429481244. Stepped forward 5000000 RCBs, but should have trapped at 5000000
2026-07-27T17:06:44.072196Z ERROR detcore: prehook: PMU RCB overshoot! Clock_value: 4438897994. Stepped forward 4999000 RCBs, but should have trapped at 4999000
2026-07-27T17:06:44.367346Z ERROR detcore: prehook: PMU RCB overshoot! Clock_value: 4443897994. Stepped forward 5000000 RCBs, but should have trapped at 5000000
2026-07-27T17:06:44.668400Z ERROR detcore: prehook: PMU RCB overshoot! Clock_value: 4448897994. Stepped forward 5000000 RCBs, but should have trapped at 5000000
2026-07-27T17:06:44.971555Z ERROR detcore: prehook: PMU RCB overshoot! Clock_value: 4453897994. Stepped forward 5000000 RCBs, but should have trapped at 5000000
2026-07-27T17:06:45.264013Z ERROR detcore: prehook: PMU RCB overshoot! Clock_value: 4458897994. Stepped forward 5000000 RCBs, but should have trapped at 5000000
2026-07-27T17:06:45.556941Z ERROR detcore: prehook: PMU RCB overshoot! Clock_value: 4463897994. Stepped forward 5000000 RCBs, but should have trapped at 5000000
2026-07-27T17:06:45.852254Z ERROR detcore: prehook: PMU RCB overshoot! Clock_value: 4468897994. Stepped forward 5000000 RCBs, but should have trapped at 5000000
2026-07-27T17:06:46.151642Z ERROR detcore: prehook: PMU RCB overshoot! Clock_value: 4473897994. Stepped forward 5000000 RCBs, but should have trapped at 5000000
2026-07-27T17:06:46.438073Z ERROR detcore: prehook: PMU RCB overshoot! Clock_value: 4478897994. Stepped forward 5000000 RCBs, but should have trapped at 5000000
2026-07-27T17:06:46.733770Z ERROR detcore: prehook: PMU RCB overshoot! Clock_value: 4483897994. Stepped forward 5000000 RCBs, but should have trapped at 5000000
2026-07-27T17:06:47.024636Z ERROR detcore: prehook: PMU RCB overshoot! Clock_value: 4488897994. Stepped forward 5000000 RCBs, but should have trapped at 5000000
2026-07-27T17:06:47.308250Z ERROR detcore: prehook: PMU RCB overshoot! Clock_value: 4497772716. Stepped forward 4991822 RCBs, but should have trapped at 4991822
2026-07-27T17:06:47.605612Z ERROR detcore: prehook: PMU RCB overshoot! Clock_value: 4502772716. Stepped forward 5000000 RCBs, but should have trapped at 5000000
2026-07-27T17:06:47.904932Z ERROR detcore: prehook: PMU RCB overshoot! Clock_value: 4507772716. Stepped forward 5000000 RCBs, but should have trapped at 5000000
2026-07-27T17:06:48.198424Z ERROR detcore: prehook: PMU RCB overshoot! Clock_value: 4512772716. Stepped forward 5000000 RCBs, but should have trapped at 5000000
2026-07-27T17:06:48.492139Z ERROR detcore: prehook: PMU RCB overshoot! Clock_value: 4517772716. Stepped forward 5000000 RCBs, but should have trapped at 5000000
2026-07-27T17:06:48.785683Z ERROR detcore: prehook: PMU RCB overshoot! Clock_value: 4522772716. Stepped forward 5000000 RCBs, but should have trapped at 5000000
2026-07-27T17:06:49.079727Z ERROR detcore: prehook: PMU RCB overshoot! Clock_value: 4527772716. Stepped forward 5000000 RCBs, but should have trapped at 5000000
2026-07-27T17:06:49.374831Z ERROR detcore: prehook: PMU RCB overshoot! Clock_value: 4532772716. Stepped forward 5000000 RCBs, but should have trapped at 5000000
2026-07-27T17:06:49.696753Z ERROR detcore: prehook: PMU RCB overshoot! Clock_value: 4537772716. Stepped forward 5000000 RCBs, but should have trapped at 5000000
2026-07-27T17:06:49.992166Z ERROR detcore: prehook: PMU RCB overshoot! Clock_value: 4542772716. Stepped forward 5000000 RCBs, but should have trapped at 5000000
2026-07-27T17:06:50.294146Z ERROR detcore: prehook: PMU RCB overshoot! Clock_value: 4547772716. Stepped forward 5000000 RCBs, but should have trapped at 5000000
2026-07-27T17:06:50.625427Z ERROR detcore: prehook: PMU RCB overshoot! Clock_value: 4557513205. Stepped forward 4999000 RCBs, but should have trapped at 4999000
2026-07-27T17:06:50.937272Z ERROR detcore: prehook: PMU RCB overshoot! Clock_value: 4562513205. Stepped forward 5000000 RCBs, but should have trapped at 5000000
2026-07-27T17:06:51.254817Z ERROR detcore: prehook: PMU RCB overshoot! Clock_value: 4567513205. Stepped forward 5000000 RCBs, but should have trapped at 5000000
2026-07-27T17:06:51.572257Z ERROR detcore: prehook: PMU RCB overshoot! Clock_value: 4572513205. Stepped forward 5000000 RCBs, but should have trapped at 5000000
2026-07-27T17:06:51.887852Z ERROR detcore: prehook: PMU RCB overshoot! Clock_value: 4577513205. Stepped forward 5000000 RCBs, but should have trapped at 5000000
2026-07-27T17:06:52.197447Z ERROR detcore: prehook: PMU RCB overshoot! Clock_value: 4582513205. Stepped forward 5000000 RCBs, but should have trapped at 5000000
2026-07-27T17:06:52.513703Z ERROR detcore: prehook: PMU RCB overshoot! Clock_value: 4587513205. Stepped forward 5000000 RCBs, but should have trapped at 5000000
2026-07-27T17:06:52.830413Z ERROR detcore: prehook: PMU RCB overshoot! Clock_value: 4592513205. Stepped forward 5000000 RCBs, but should have trapped at 5000000
2026-07-27T17:06:53.149810Z ERROR detcore: prehook: PMU RCB overshoot! Clock_value: 4597513205. Stepped forward 5000000 RCBs, but should have trapped at 5000000
2026-07-27T17:06:53.460545Z ERROR detcore: prehook: PMU RCB overshoot! Clock_value: 4603619520. Stepped forward 4996573 RCBs, but should have trapped at 4996573
2026-07-27T17:06:53.783054Z ERROR detcore: prehook: PMU RCB overshoot! Clock_value: 4608619520. Stepped forward 5000000 RCBs, but should have trapped at 5000000
2026-07-27T17:06:54.105433Z ERROR detcore: prehook: PMU RCB overshoot! Clock_value: 4613619520. Stepped forward 5000000 RCBs, but should have trapped at 5000000
2026-07-27T17:06:54.428000Z ERROR detcore: prehook: PMU RCB overshoot! Clock_value: 4618619520. Stepped forward 5000000 RCBs, but should have trapped at 5000000
2026-07-27T17:06:54.758639Z ERROR detcore: prehook: PMU RCB overshoot! Clock_value: 4623619520. Stepped forward 5000000 RCBs, but should have trapped at 5000000
2026-07-27T17:06:55.089314Z ERROR detcore: prehook: PMU RCB overshoot! Clock_value: 4628619520. Stepped forward 5000000 RCBs, but should have trapped at 5000000
2026-07-27T17:06:55.414391Z ERROR detcore: prehook: PMU RCB overshoot! Clock_value: 4633619520. Stepped forward 5000000 RCBs, but should have trapped at 5000000
2026-07-27T17:06:55.729827Z ERROR detcore: prehook: PMU RCB overshoot! Clock_value: 4638619520. Stepped forward 5000000 RCBs, but should have trapped at 5000000
2026-07-27T17:06:56.052319Z ERROR detcore: prehook: PMU RCB overshoot! Clock_value: 4643619520. Stepped forward 5000000 RCBs, but should have trapped at 5000000
2026-07-27T17:06:56.389808Z ERROR detcore: prehook: PMU RCB overshoot! Clock_value: 4649745362. Stepped forward 4994205 RCBs, but should have trapped at 4994205
2026-07-27T17:06:56.710258Z ERROR detcore: prehook: PMU RCB overshoot! Clock_value: 4654745362. Stepped forward 5000000 RCBs, but should have trapped at 5000000
2026-07-27T17:06:57.025271Z ERROR detcore: prehook: PMU RCB overshoot! Clock_value: 4659745362. Stepped forward 5000000 RCBs, but should have trapped at 5000000
2026-07-27T17:06:57.339636Z ERROR detcore: prehook: PMU RCB overshoot! Clock_value: 4664745362. Stepped forward 5000000 RCBs, but should have trapped at 5000000
2026-07-27T17:06:57.671642Z ERROR detcore: prehook: PMU RCB overshoot! Clock_value: 4669745362. Stepped forward 5000000 RCBs, but should have trapped at 5000000
2026-07-27T17:06:58.005007Z ERROR detcore: prehook: PMU RCB overshoot! Clock_value: 4674745362. Stepped forward 5000000 RCBs, but should have trapped at 5000000
2026-07-27T17:06:58.319255Z ERROR detcore: prehook: PMU RCB overshoot! Clock_value: 4679745362. Stepped forward 5000000 RCBs, but should have trapped at 5000000
2026-07-27T17:06:58.637763Z ERROR detcore: prehook: PMU RCB overshoot! Clock_value: 4684745362. Stepped forward 5000000 RCBs, but should have trapped at 5000000
2026-07-27T17:06:58.961099Z ERROR detcore: prehook: PMU RCB overshoot! Clock_value: 4689745362. Stepped forward 5000000 RCBs, but should have trapped at 5000000
2026-07-27T17:06:59.287441Z ERROR detcore: prehook: PMU RCB overshoot! Clock_value: 4695870202. Stepped forward 4999000 RCBs, but should have trapped at 4999000
2026-07-27T17:06:59.616996Z ERROR detcore: prehook: PMU RCB overshoot! Clock_value: 4700870202. Stepped forward 5000000 RCBs, but should have trapped at 5000000
2026-07-27T17:06:59.915203Z ERROR detcore: prehook: PMU RCB overshoot! Clock_value: 4705870202. Stepped forward 5000000 RCBs, but should have trapped at 5000000
2026-07-27T17:07:00.223576Z ERROR detcore: prehook: PMU RCB overshoot! Clock_value: 4710870202. Stepped forward 5000000 RCBs, but should have trapped at 5000000
2026-07-27T17:07:00.520464Z ERROR detcore: prehook: PMU RCB overshoot! Clock_value: 4715870202. Stepped forward 5000000 RCBs, but should have trapped at 5000000
2026-07-27T17:07:00.820077Z ERROR detcore: prehook: PMU RCB overshoot! Clock_value: 4720870202. Stepped forward 5000000 RCBs, but should have trapped at 5000000
2026-07-27T17:07:01.119794Z ERROR detcore: prehook: PMU RCB overshoot! Clock_value: 4725870202. Stepped forward 5000000 RCBs, but should have trapped at 5000000
2026-07-27T17:07:01.424062Z ERROR detcore: prehook: PMU RCB overshoot! Clock_value: 4730990091. Stepped forward 4999000 RCBs, but should have trapped at 4999000
2026-07-27T17:07:01.723613Z ERROR detcore: prehook: PMU RCB overshoot! Clock_value: 4735990091. Stepped forward 5000000 RCBs, but should have trapped at 5000000
2026-07-27T17:07:02.026052Z ERROR detcore: prehook: PMU RCB overshoot! Clock_value: 4740990091. Stepped forward 5000000 RCBs, but should have trapped at 5000000
2026-07-27T17:07:02.325646Z ERROR detcore: prehook: PMU RCB overshoot! Clock_value: 4745990091. Stepped forward 5000000 RCBs, but should have trapped at 5000000
2026-07-27T17:07:02.627278Z ERROR detcore: prehook: PMU RCB overshoot! Clock_value: 4750990091. Stepped forward 5000000 RCBs, but should have trapped at 5000000
2026-07-27T17:07:02.923659Z ERROR detcore: prehook: PMU RCB overshoot! Clock_value: 4755990091. Stepped forward 5000000 RCBs, but should have trapped at 5000000
2026-07-27T17:07:03.222395Z ERROR detcore: prehook: PMU RCB overshoot! Clock_value: 4761601916. Stepped forward 4996813 RCBs, but should have trapped at 4996813
2026-07-27T17:07:03.525184Z ERROR detcore: prehook: PMU RCB overshoot! Clock_value: 4766601916. Stepped forward 5000000 RCBs, but should have trapped at 5000000
2026-07-27T17:07:03.823613Z ERROR detcore: prehook: PMU RCB overshoot! Clock_value: 4771601916. Stepped forward 5000000 RCBs, but should have trapped at 5000000
2026-07-27T17:07:04.114545Z ERROR detcore: prehook: PMU RCB overshoot! Clock_value: 4776601916. Stepped forward 5000000 RCBs, but should have trapped at 5000000
2026-07-27T17:07:04.412126Z ERROR detcore: prehook: PMU RCB overshoot! Clock_value: 4781601916. Stepped forward 5000000 RCBs, but should have trapped at 5000000
2026-07-27T17:07:04.712519Z ERROR detcore: prehook: PMU RCB overshoot! Clock_value: 4786601916. Stepped forward 5000000 RCBs, but should have trapped at 5000000
2026-07-27T17:07:05.011930Z ERROR detcore: prehook: PMU RCB overshoot! Clock_value: 4792172156. Stepped forward 4996815 RCBs, but should have trapped at 4996815
2026-07-27T17:07:05.306165Z ERROR detcore: prehook: PMU RCB overshoot! Clock_value: 4797172156. Stepped forward 5000000 RCBs, but should have trapped at 5000000
2026-07-27T17:07:05.605923Z ERROR detcore: prehook: PMU RCB overshoot! Clock_value: 4802172156. Stepped forward 5000000 RCBs, but should have trapped at 5000000
2026-07-27T17:07:05.902109Z ERROR detcore: prehook: PMU RCB overshoot! Clock_value: 4807172156. Stepped forward 5000000 RCBs, but should have trapped at 5000000
2026-07-27T17:07:06.193148Z ERROR detcore: prehook: PMU RCB overshoot! Clock_value: 4812172156. Stepped forward 5000000 RCBs, but should have trapped at 5000000
2026-07-27T17:07:06.489043Z ERROR detcore: prehook: PMU RCB overshoot! Clock_value: 4817172156. Stepped forward 5000000 RCBs, but should have trapped at 5000000
2026-07-27T17:07:06.782138Z ERROR detcore: prehook: PMU RCB overshoot! Clock_value: 4822759688. Stepped forward 4999000 RCBs, but should have trapped at 4999000
2026-07-27T17:07:07.072989Z ERROR detcore: prehook: PMU RCB overshoot! Clock_value: 4827759688. Stepped forward 5000000 RCBs, but should have trapped at 5000000
2026-07-27T17:07:07.370067Z ERROR detcore: prehook: PMU RCB overshoot! Clock_value: 4832759688. Stepped forward 5000000 RCBs, but should have trapped at 5000000
2026-07-27T17:07:07.663514Z ERROR detcore: prehook: PMU RCB overshoot! Clock_value: 4837759688. Stepped forward 5000000 RCBs, but should have trapped at 5000000
2026-07-27T17:07:07.962030Z ERROR detcore: prehook: PMU RCB overshoot! Clock_value: 4842759688. Stepped forward 5000000 RCBs, but should have trapped at 5000000
2026-07-27T17:07:08.258051Z ERROR detcore: prehook: PMU RCB overshoot! Clock_value: 4847759688. Stepped forward 5000000 RCBs, but should have trapped at 5000000
2026-07-27T17:07:08.558558Z ERROR detcore: prehook: PMU RCB overshoot! Clock_value: 4853587100. Stepped forward 4996813 RCBs, but should have trapped at 4996813
2026-07-27T17:07:08.856161Z ERROR detcore: prehook: PMU RCB overshoot! Clock_value: 4858587100. Stepped forward 5000000 RCBs, but should have trapped at 5000000
2026-07-27T17:07:09.142975Z ERROR detcore: prehook: PMU RCB overshoot! Clock_value: 4863587100. Stepped forward 5000000 RCBs, but should have trapped at 5000000
2026-07-27T17:07:09.440664Z ERROR detcore: prehook: PMU RCB overshoot! Clock_value: 4868587100. Stepped forward 5000000 RCBs, but should have trapped at 5000000
2026-07-27T17:07:09.737425Z ERROR detcore: prehook: PMU RCB overshoot! Clock_value: 4873587100. Stepped forward 5000000 RCBs, but should have trapped at 5000000
2026-07-27T17:07:10.031720Z ERROR detcore: prehook: PMU RCB overshoot! Clock_value: 4878587100. Stepped forward 5000000 RCBs, but should have trapped at 5000000
2026-07-27T17:07:10.326090Z ERROR detcore: prehook: PMU RCB overshoot! Clock_value: 4884402398. Stepped forward 4991672 RCBs, but should have trapped at 4991672
2026-07-27T17:07:10.619565Z ERROR detcore: prehook: PMU RCB overshoot! Clock_value: 4889402398. Stepped forward 5000000 RCBs, but should have trapped at 5000000
2026-07-27T17:07:10.913617Z ERROR detcore: prehook: PMU RCB overshoot! Clock_value: 4894402398. Stepped forward 5000000 RCBs, but should have trapped at 5000000
2026-07-27T17:07:11.201020Z ERROR detcore: prehook: PMU RCB overshoot! Clock_value: 4899402398. Stepped forward 5000000 RCBs, but should have trapped at 5000000
2026-07-27T17:07:11.494131Z ERROR detcore: prehook: PMU RCB overshoot! Clock_value: 4904402398. Stepped forward 5000000 RCBs, but should have trapped at 5000000
2026-07-27T17:07:11.785127Z ERROR detcore: prehook: PMU RCB overshoot! Clock_value: 4909402398. Stepped forward 5000000 RCBs, but should have trapped at 5000000
2026-07-27T17:07:12.077002Z ERROR detcore: prehook: PMU RCB overshoot! Clock_value: 4915231561. Stepped forward 4996813 RCBs, but should have trapped at 4996813
2026-07-27T17:07:12.360671Z ERROR detcore: prehook: PMU RCB overshoot! Clock_value: 4920231561. Stepped forward 5000000 RCBs, but should have trapped at 5000000
2026-07-27T17:07:12.649588Z ERROR detcore: prehook: PMU RCB overshoot! Clock_value: 4925231561. Stepped forward 5000000 RCBs, but should have trapped at 5000000
2026-07-27T17:07:12.944113Z ERROR detcore: prehook: PMU RCB overshoot! Clock_value: 4930231561. Stepped forward 5000000 RCBs, but should have trapped at 5000000
2026-07-27T17:07:13.235038Z ERROR detcore: prehook: PMU RCB overshoot! Clock_value: 4935231561. Stepped forward 5000000 RCBs, but should have trapped at 5000000
2026-07-27T17:07:13.528047Z ERROR detcore: prehook: PMU RCB overshoot! Clock_value: 4940231561. Stepped forward 5000000 RCBs, but should have trapped at 5000000
2026-07-27T17:07:13.821307Z ERROR detcore: prehook: PMU RCB overshoot! Clock_value: 4946056494. Stepped forward 4996632 RCBs, but should have trapped at 4996632
2026-07-27T17:07:14.116128Z ERROR detcore: prehook: PMU RCB overshoot! Clock_value: 4951056494. Stepped forward 5000000 RCBs, but should have trapped at 5000000
2026-07-27T17:07:14.415603Z ERROR detcore: prehook: PMU RCB overshoot! Clock_value: 4956056494. Stepped forward 5000000 RCBs, but should have trapped at 5000000
2026-07-27T17:07:14.715769Z ERROR detcore: prehook: PMU RCB overshoot! Clock_value: 4961056494. Stepped forward 5000000 RCBs, but should have trapped at 5000000
2026-07-27T17:07:15.014214Z ERROR detcore: prehook: PMU RCB overshoot! Clock_value: 4966056494. Stepped forward 5000000 RCBs, but should have trapped at 5000000
2026-07-27T17:07:15.311699Z ERROR detcore: prehook: PMU RCB overshoot! Clock_value: 4971056494. Stepped forward 5000000 RCBs, but should have trapped at 5000000
2026-07-27T17:07:15.615733Z ERROR detcore: prehook: PMU RCB overshoot! Clock_value: 4976880997. Stepped forward 4996814 RCBs, but should have trapped at 4996814
2026-07-27T17:07:15.913438Z ERROR detcore: prehook: PMU RCB overshoot! Clock_value: 4981880997. Stepped forward 5000000 RCBs, but should have trapped at 5000000
2026-07-27T17:07:16.209122Z ERROR detcore: prehook: PMU RCB overshoot! Clock_value: 4986880997. Stepped forward 5000000 RCBs, but should have trapped at 5000000
2026-07-27T17:07:16.504814Z ERROR detcore: prehook: PMU RCB overshoot! Clock_value: 4991880997. Stepped forward 5000000 RCBs, but should have trapped at 5000000
2026-07-27T17:07:16.797231Z ERROR detcore: prehook: PMU RCB overshoot! Clock_value: 4996880997. Stepped forward 5000000 RCBs, but should have trapped at 5000000
2026-07-27T17:07:17.086409Z ERROR detcore: prehook: PMU RCB overshoot! Clock_value: 5001880997. Stepped forward 5000000 RCBs, but should have trapped at 5000000
2026-07-27T17:07:17.375734Z ERROR detcore: prehook: PMU RCB overshoot! Clock_value: 5007698397. Stepped forward 4996813 RCBs, but should have trapped at 4996813
2026-07-27T17:07:17.665998Z ERROR detcore: prehook: PMU RCB overshoot! Clock_value: 5012698397. Stepped forward 5000000 RCBs, but should have trapped at 5000000
2026-07-27T17:07:17.956679Z ERROR detcore: prehook: PMU RCB overshoot! Clock_value: 5017698397. Stepped forward 5000000 RCBs, but should have trapped at 5000000
2026-07-27T17:07:18.252161Z ERROR detcore: prehook: PMU RCB overshoot! Clock_value: 5022698397. Stepped forward 5000000 RCBs, but should have trapped at 5000000
2026-07-27T17:07:18.547990Z ERROR detcore: prehook: PMU RCB overshoot! Clock_value: 5027698397. Stepped forward 5000000 RCBs, but should have trapped at 5000000
2026-07-27T17:07:18.852485Z ERROR detcore: prehook: PMU RCB overshoot! Clock_value: 5032698397. Stepped forward 5000000 RCBs, but should have trapped at 5000000
2026-07-27T17:07:19.149461Z ERROR detcore: prehook: PMU RCB overshoot! Clock_value: 5038527841. Stepped forward 4993172 RCBs, but should have trapped at 4993172
2026-07-27T17:07:19.443555Z ERROR detcore: prehook: PMU RCB overshoot! Clock_value: 5043527841. Stepped forward 5000000 RCBs, but should have trapped at 5000000
2026-07-27T17:07:19.732081Z ERROR detcore: prehook: PMU RCB overshoot! Clock_value: 5048527841. Stepped forward 5000000 RCBs, but should have trapped at 5000000
2026-07-27T17:07:20.027627Z ERROR detcore: prehook: PMU RCB overshoot! Clock_value: 5053527841. Stepped forward 5000000 RCBs, but should have trapped at 5000000
2026-07-27T17:07:20.316299Z ERROR detcore: prehook: PMU RCB overshoot! Clock_value: 5058527841. Stepped forward 5000000 RCBs, but should have trapped at 5000000
2026-07-27T17:07:20.812809Z ERROR detcore: prehook: PMU RCB overshoot! Clock_value: 5063527841. Stepped forward 5000000 RCBs, but should have trapped at 5000000
2026-07-27T17:07:21.248631Z ERROR detcore: prehook: PMU RCB overshoot! Clock_value: 5069227454. Stepped forward 4999000 RCBs, but should have trapped at 4999000
2026-07-27T17:07:21.680937Z ERROR detcore: prehook: PMU RCB overshoot! Clock_value: 5074227454. Stepped forward 5000000 RCBs, but should have trapped at 5000000
2026-07-27T17:07:22.119972Z ERROR detcore: prehook: PMU RCB overshoot! Clock_value: 5079227454. Stepped forward 5000000 RCBs, but should have trapped at 5000000
2026-07-27T17:07:22.558514Z ERROR detcore: prehook: PMU RCB overshoot! Clock_value: 5084227454. Stepped forward 5000000 RCBs, but should have trapped at 5000000
2026-07-27T17:07:22.999757Z ERROR detcore: prehook: PMU RCB overshoot! Clock_value: 5089227454. Stepped forward 5000000 RCBs, but should have trapped at 5000000
2026-07-27T17:07:23.446906Z ERROR detcore: prehook: PMU RCB overshoot! Clock_value: 5095472304. Stepped forward 4999000 RCBs, but should have trapped at 4999000
2026-07-27T17:07:23.889150Z ERROR detcore: prehook: PMU RCB overshoot! Clock_value: 5100472304. Stepped forward 5000000 RCBs, but should have trapped at 5000000
2026-07-27T17:07:24.339796Z ERROR detcore: prehook: PMU RCB overshoot! Clock_value: 5105472304. Stepped forward 5000000 RCBs, but should have trapped at 5000000
2026-07-27T17:07:24.789073Z ERROR detcore: prehook: PMU RCB overshoot! Clock_value: 5110472304. Stepped forward 5000000 RCBs, but should have trapped at 5000000
2026-07-27T17:07:25.226435Z ERROR detcore: prehook: PMU RCB overshoot! Clock_value: 5115472304. Stepped forward 5000000 RCBs, but should have trapped at 5000000
2026-07-27T17:07:25.668268Z ERROR detcore: prehook: PMU RCB overshoot! Clock_value: 5121734619. Stepped forward 4999000 RCBs, but should have trapped at 4999000
2026-07-27T17:07:26.110181Z ERROR detcore: prehook: PMU RCB overshoot! Clock_value: 5126734619. Stepped forward 5000000 RCBs, but should have trapped at 5000000
2026-07-27T17:07:26.543567Z ERROR detcore: prehook: PMU RCB overshoot! Clock_value: 5131734619. Stepped forward 5000000 RCBs, but should have trapped at 5000000
2026-07-27T17:07:26.979012Z ERROR detcore: prehook: PMU RCB overshoot! Clock_value: 5136734619. Stepped forward 5000000 RCBs, but should have trapped at 5000000
2026-07-27T17:07:27.414850Z ERROR detcore: prehook: PMU RCB overshoot! Clock_value: 5141734619. Stepped forward 5000000 RCBs, but should have trapped at 5000000
2026-07-27T17:07:27.859116Z ERROR detcore: prehook: PMU RCB overshoot! Clock_value: 5148173281. Stepped forward 4999000 RCBs, but should have trapped at 4999000
2026-07-27T17:07:28.293037Z ERROR detcore: prehook: PMU RCB overshoot! Clock_value: 5153173281. Stepped forward 5000000 RCBs, but should have trapped at 5000000
2026-07-27T17:07:28.733792Z ERROR detcore: prehook: PMU RCB overshoot! Clock_value: 5158173281. Stepped forward 5000000 RCBs, but should have trapped at 5000000
2026-07-27T17:07:29.166527Z ERROR detcore: prehook: PMU RCB overshoot! Clock_value: 5163173281. Stepped forward 5000000 RCBs, but should have trapped at 5000000
2026-07-27T17:07:29.604520Z ERROR detcore: prehook: PMU RCB overshoot! Clock_value: 5168173281. Stepped forward 5000000 RCBs, but should have trapped at 5000000
2026-07-27T17:07:30.041937Z ERROR detcore: prehook: PMU RCB overshoot! Clock_value: 5174492034. Stepped forward 4992113 RCBs, but should have trapped at 4992113
2026-07-27T17:07:30.471729Z ERROR detcore: prehook: PMU RCB overshoot! Clock_value: 5179492034. Stepped forward 5000000 RCBs, but should have trapped at 5000000
2026-07-27T17:07:30.879897Z ERROR detcore: prehook: PMU RCB overshoot! Clock_value: 5184492034. Stepped forward 5000000 RCBs, but should have trapped at 5000000
2026-07-27T17:07:31.313434Z ERROR detcore: prehook: PMU RCB overshoot! Clock_value: 5189492034. Stepped forward 5000000 RCBs, but should have trapped at 5000000
2026-07-27T17:07:31.740756Z ERROR detcore: prehook: PMU RCB overshoot! Clock_value: 5194492034. Stepped forward 5000000 RCBs, but should have trapped at 5000000
2026-07-27T17:07:32.173128Z ERROR detcore: prehook: PMU RCB overshoot! Clock_value: 5200853281. Stepped forward 4993570 RCBs, but should have trapped at 4993570
2026-07-27T17:07:32.603550Z ERROR detcore: prehook: PMU RCB overshoot! Clock_value: 5205853281. Stepped forward 5000000 RCBs, but should have trapped at 5000000
2026-07-27T17:07:33.034144Z ERROR detcore: prehook: PMU RCB overshoot! Clock_value: 5210853281. Stepped forward 5000000 RCBs, but should have trapped at 5000000
2026-07-27T17:07:33.468372Z ERROR detcore: prehook: PMU RCB overshoot! Clock_value: 5215853281. Stepped forward 5000000 RCBs, but should have trapped at 5000000
2026-07-27T17:07:33.902903Z ERROR detcore: prehook: PMU RCB overshoot! Clock_value: 5220853281. Stepped forward 5000000 RCBs, but should have trapped at 5000000
2026-07-27T17:07:34.346162Z ERROR detcore: prehook: PMU RCB overshoot! Clock_value: 5227267421. Stepped forward 4999000 RCBs, but should have trapped at 4999000
2026-07-27T17:07:34.768368Z ERROR detcore: prehook: PMU RCB overshoot! Clock_value: 5232267421. Stepped forward 5000000 RCBs, but should have trapped at 5000000
2026-07-27T17:07:35.172897Z ERROR detcore: prehook: PMU RCB overshoot! Clock_value: 5237267421. Stepped forward 5000000 RCBs, but should have trapped at 5000000
2026-07-27T17:07:35.616860Z ERROR detcore: prehook: PMU RCB overshoot! Clock_value: 5242267421. Stepped forward 5000000 RCBs, but should have trapped at 5000000
2026-07-27T17:07:36.062061Z ERROR detcore: prehook: PMU RCB overshoot! Clock_value: 5247267421. Stepped forward 5000000 RCBs, but should have trapped at 5000000
2026-07-27T17:07:36.512512Z ERROR detcore: prehook: PMU RCB overshoot! Clock_value: 5253673813. Stepped forward 4996892 RCBs, but should have trapped at 4996892
2026-07-27T17:07:36.954053Z ERROR detcore: prehook: PMU RCB overshoot! Clock_value: 5258673813. Stepped forward 5000000 RCBs, but should have trapped at 5000000
2026-07-27T17:07:37.389740Z ERROR detcore: prehook: PMU RCB overshoot! Clock_value: 5263673813. Stepped forward 5000000 RCBs, but should have trapped at 5000000
2026-07-27T17:07:37.821519Z ERROR detcore: prehook: PMU RCB overshoot! Clock_value: 5268673813. Stepped forward 5000000 RCBs, but should have trapped at 5000000
2026-07-27T17:07:38.315189Z ERROR detcore: prehook: PMU RCB overshoot! Clock_value: 5273673813. Stepped forward 5000000 RCBs, but should have trapped at 5000000
2026-07-27T17:07:38.761818Z ERROR detcore: prehook: PMU RCB overshoot! Clock_value: 5280115076. Stepped forward 4996893 RCBs, but should have trapped at 4996893
2026-07-27T17:07:39.202859Z ERROR detcore: prehook: PMU RCB overshoot! Clock_value: 5285115076. Stepped forward 5000000 RCBs, but should have trapped at 5000000
2026-07-27T17:07:39.528516Z ERROR detcore: prehook: PMU RCB overshoot! Clock_value: 5290115076. Stepped forward 5000000 RCBs, but should have trapped at 5000000
2026-07-27T17:07:39.871369Z ERROR detcore: prehook: PMU RCB overshoot! Clock_value: 5295115076. Stepped forward 5000000 RCBs, but should have trapped at 5000000
2026-07-27T17:07:40.218028Z ERROR detcore: prehook: PMU RCB overshoot! Clock_value: 5300115076. Stepped forward 5000000 RCBs, but should have trapped at 5000000
2026-07-27T17:07:40.557184Z ERROR detcore: prehook: PMU RCB overshoot! Clock_value: 5305115076. Stepped forward 5000000 RCBs, but should have trapped at 5000000
2026-07-27T17:07:40.894881Z ERROR detcore: prehook: PMU RCB overshoot! Clock_value: 5310115076. Stepped forward 5000000 RCBs, but should have trapped at 5000000
2026-07-27T17:07:41.199864Z ERROR detcore: prehook: PMU RCB overshoot! Clock_value: 5315115076. Stepped forward 5000000 RCBs, but should have trapped at 5000000
2026-07-27T17:07:41.488667Z ERROR detcore: prehook: PMU RCB overshoot! Clock_value: 5320115076. Stepped forward 5000000 RCBs, but should have trapped at 5000000
2026-07-27T17:07:41.776498Z ERROR detcore: prehook: PMU RCB overshoot! Clock_value: 5325115076. Stepped forward 5000000 RCBs, but should have trapped at 5000000
2026-07-27T17:07:42.062142Z ERROR detcore: prehook: PMU RCB overshoot! Clock_value: 5330115076. Stepped forward 5000000 RCBs, but should have trapped at 5000000
2026-07-27T17:07:42.352138Z ERROR detcore: prehook: PMU RCB overshoot! Clock_value: 5335115076. Stepped forward 5000000 RCBs, but should have trapped at 5000000
2026-07-27T17:07:42.637104Z ERROR detcore: prehook: PMU RCB overshoot! Clock_value: 5340115076. Stepped forward 5000000 RCBs, but should have trapped at 5000000
2026-07-27T17:07:42.938169Z ERROR detcore: prehook: PMU RCB overshoot! Clock_value: 5345115076. Stepped forward 5000000 RCBs, but should have trapped at 5000000
2026-07-27T17:07:43.244486Z ERROR detcore: prehook: PMU RCB overshoot! Clock_value: 5350115076. Stepped forward 5000000 RCBs, but should have trapped at 5000000
2026-07-27T17:07:43.550744Z ERROR detcore: prehook: PMU RCB overshoot! Clock_value: 5355115076. Stepped forward 5000000 RCBs, but should have trapped at 5000000
2026-07-27T17:07:43.858189Z ERROR detcore: prehook: PMU RCB overshoot! Clock_value: 5360115076. Stepped forward 5000000 RCBs, but should have trapped at 5000000
2026-07-27T17:07:44.213079Z ERROR detcore: prehook: PMU RCB overshoot! Clock_value: 5365115076. Stepped forward 5000000 RCBs, but should have trapped at 5000000
2026-07-27T17:07:44.523202Z ERROR detcore: prehook: PMU RCB overshoot! Clock_value: 5370115076. Stepped forward 5000000 RCBs, but should have trapped at 5000000
2026-07-27T17:07:44.838031Z ERROR detcore: prehook: PMU RCB overshoot! Clock_value: 5375115076. Stepped forward 5000000 RCBs, but should have trapped at 5000000
2026-07-27T17:07:45.162066Z ERROR detcore: prehook: PMU RCB overshoot! Clock_value: 5380115076. Stepped forward 5000000 RCBs, but should have trapped at 5000000
2026-07-27T17:07:45.488653Z ERROR detcore: prehook: PMU RCB overshoot! Clock_value: 5385115076. Stepped forward 5000000 RCBs, but should have trapped at 5000000
2026-07-27T17:07:45.807147Z ERROR detcore: prehook: PMU RCB overshoot! Clock_value: 5390115076. Stepped forward 5000000 RCBs, but should have trapped at 5000000
2026-07-27T17:07:46.130111Z ERROR detcore: prehook: PMU RCB overshoot! Clock_value: 5395115076. Stepped forward 5000000 RCBs, but should have trapped at 5000000
2026-07-27T17:07:46.469284Z ERROR detcore: prehook: PMU RCB overshoot! Clock_value: 5400115076. Stepped forward 5000000 RCBs, but should have trapped at 5000000
2026-07-27T17:07:46.802927Z ERROR detcore: prehook: PMU RCB overshoot! Clock_value: 5405115076. Stepped forward 5000000 RCBs, but should have trapped at 5000000
2026-07-27T17:07:47.120782Z ERROR detcore: prehook: PMU RCB overshoot! Clock_value: 5410115076. Stepped forward 5000000 RCBs, but should have trapped at 5000000
2026-07-27T17:07:47.438410Z ERROR detcore: prehook: PMU RCB overshoot! Clock_value: 5415115076. Stepped forward 5000000 RCBs, but should have trapped at 5000000
2026-07-27T17:07:47.732335Z ERROR detcore: prehook: PMU RCB overshoot! Clock_value: 5420115076. Stepped forward 5000000 RCBs, but should have trapped at 5000000
2026-07-27T17:07:48.001925Z ERROR detcore: prehook: PMU RCB overshoot! Clock_value: 5425115076. Stepped forward 5000000 RCBs, but should have trapped at 5000000
2026-07-27T17:07:48.278319Z ERROR detcore: prehook: PMU RCB overshoot! Clock_value: 5430115076. Stepped forward 5000000 RCBs, but should have trapped at 5000000
2026-07-27T17:07:48.560245Z ERROR detcore: prehook: PMU RCB overshoot! Clock_value: 5435115076. Stepped forward 5000000 RCBs, but should have trapped at 5000000
2026-07-27T17:07:48.841325Z ERROR detcore: prehook: PMU RCB overshoot! Clock_value: 5440115076. Stepped forward 5000000 RCBs, but should have trapped at 5000000
2026-07-27T17:07:49.129980Z ERROR detcore: prehook: PMU RCB overshoot! Clock_value: 5445115076. Stepped forward 5000000 RCBs, but should have trapped at 5000000
2026-07-27T17:07:49.437514Z ERROR detcore: prehook: PMU RCB overshoot! Clock_value: 5450115076. Stepped forward 5000000 RCBs, but should have trapped at 5000000
2026-07-27T17:07:49.738159Z ERROR detcore: prehook: PMU RCB overshoot! Clock_value: 5455115076. Stepped forward 5000000 RCBs, but should have trapped at 5000000
2026-07-27T17:07:50.045773Z ERROR detcore: prehook: PMU RCB overshoot! Clock_value: 5460115076. Stepped forward 5000000 RCBs, but should have trapped at 5000000
2026-07-27T17:07:50.343800Z ERROR detcore: prehook: PMU RCB overshoot! Clock_value: 5465115076. Stepped forward 5000000 RCBs, but should have trapped at 5000000
2026-07-27T17:07:50.645031Z ERROR detcore: prehook: PMU RCB overshoot! Clock_value: 5470115076. Stepped forward 5000000 RCBs, but should have trapped at 5000000
2026-07-27T17:07:50.947023Z ERROR detcore: prehook: PMU RCB overshoot! Clock_value: 5475115076. Stepped forward 5000000 RCBs, but should have trapped at 5000000
2026-07-27T17:07:51.259922Z ERROR detcore: prehook: PMU RCB overshoot! Clock_value: 5480115076. Stepped forward 5000000 RCBs, but should have trapped at 5000000
2026-07-27T17:07:51.581716Z ERROR detcore: prehook: PMU RCB overshoot! Clock_value: 5485115076. Stepped forward 5000000 RCBs, but should have trapped at 5000000
2026-07-27T17:07:51.929829Z ERROR detcore: prehook: PMU RCB overshoot! Clock_value: 5490115076. Stepped forward 5000000 RCBs, but should have trapped at 5000000
2026-07-27T17:07:52.272382Z ERROR detcore: prehook: PMU RCB overshoot! Clock_value: 5495115076. Stepped forward 5000000 RCBs, but should have trapped at 5000000
2026-07-27T17:07:52.589093Z ERROR detcore: prehook: PMU RCB overshoot! Clock_value: 5500115076. Stepped forward 5000000 RCBs, but should have trapped at 5000000
2026-07-27T17:07:52.921731Z ERROR detcore: prehook: PMU RCB overshoot! Clock_value: 5505115076. Stepped forward 5000000 RCBs, but should have trapped at 5000000
2026-07-27T17:07:53.249692Z ERROR detcore: prehook: PMU RCB overshoot! Clock_value: 5510115076. Stepped forward 5000000 RCBs, but should have trapped at 5000000
2026-07-27T17:07:53.578214Z ERROR detcore: prehook: PMU RCB overshoot! Clock_value: 5515115076. Stepped forward 5000000 RCBs, but should have trapped at 5000000
2026-07-27T17:07:53.911960Z ERROR detcore: prehook: PMU RCB overshoot! Clock_value: 5520115076. Stepped forward 5000000 RCBs, but should have trapped at 5000000
2026-07-27T17:07:54.224396Z ERROR detcore: prehook: PMU RCB overshoot! Clock_value: 5525115076. Stepped forward 5000000 RCBs, but should have trapped at 5000000
2026-07-27T17:07:54.501678Z ERROR detcore: prehook: PMU RCB overshoot! Clock_value: 5530115076. Stepped forward 5000000 RCBs, but should have trapped at 5000000
2026-07-27T17:07:54.787020Z ERROR detcore: prehook: PMU RCB overshoot! Clock_value: 5535115076. Stepped forward 5000000 RCBs, but should have trapped at 5000000
2026-07-27T17:07:55.071357Z ERROR detcore: prehook: PMU RCB overshoot! Clock_value: 5540115076. Stepped forward 5000000 RCBs, but should have trapped at 5000000
2026-07-27T17:07:55.372891Z ERROR detcore: prehook: PMU RCB overshoot! Clock_value: 5545115076. Stepped forward 5000000 RCBs, but should have trapped at 5000000
2026-07-27T17:07:55.667046Z ERROR detcore: prehook: PMU RCB overshoot! Clock_value: 5550115076. Stepped forward 5000000 RCBs, but should have trapped at 5000000
2026-07-27T17:07:55.971423Z ERROR detcore: prehook: PMU RCB overshoot! Clock_value: 5555115076. Stepped forward 5000000 RCBs, but should have trapped at 5000000
2026-07-27T17:07:56.275776Z ERROR detcore: prehook: PMU RCB overshoot! Clock_value: 5560115076. Stepped forward 5000000 RCBs, but should have trapped at 5000000
2026-07-27T17:07:56.581052Z ERROR detcore: prehook: PMU RCB overshoot! Clock_value: 5565115076. Stepped forward 5000000 RCBs, but should have trapped at 5000000
2026-07-27T17:07:56.879943Z ERROR detcore: prehook: PMU RCB overshoot! Clock_value: 5570115076. Stepped forward 5000000 RCBs, but should have trapped at 5000000
2026-07-27T17:07:57.211817Z ERROR detcore: prehook: PMU RCB overshoot! Clock_value: 5575115076. Stepped forward 5000000 RCBs, but should have trapped at 5000000
2026-07-27T17:07:57.540601Z ERROR detcore: prehook: PMU RCB overshoot! Clock_value: 5580115076. Stepped forward 5000000 RCBs, but should have trapped at 5000000
2026-07-27T17:07:57.837859Z ERROR detcore: prehook: PMU RCB overshoot! Clock_value: 5585115076. Stepped forward 5000000 RCBs, but should have trapped at 5000000
2026-07-27T17:07:58.090700Z ERROR detcore: prehook: PMU RCB overshoot! Clock_value: 5590115076. Stepped forward 5000000 RCBs, but should have trapped at 5000000
2026-07-27T17:07:58.344737Z ERROR detcore: prehook: PMU RCB overshoot! Clock_value: 5595115076. Stepped forward 5000000 RCBs, but should have trapped at 5000000
2026-07-27T17:07:58.626768Z ERROR detcore: prehook: PMU RCB overshoot! Clock_value: 5600115076. Stepped forward 5000000 RCBs, but should have trapped at 5000000
2026-07-27T17:07:58.915162Z ERROR detcore: prehook: PMU RCB overshoot! Clock_value: 5605115076. Stepped forward 5000000 RCBs, but should have trapped at 5000000
2026-07-27T17:07:59.209981Z ERROR detcore: prehook: PMU RCB overshoot! Clock_value: 5610115076. Stepped forward 5000000 RCBs, but should have trapped at 5000000
2026-07-27T17:07:59.518286Z ERROR detcore: prehook: PMU RCB overshoot! Clock_value: 5615115076. Stepped forward 5000000 RCBs, but should have trapped at 5000000
2026-07-27T17:07:59.887076Z ERROR detcore: prehook: PMU RCB overshoot! Clock_value: 5620115076. Stepped forward 5000000 RCBs, but should have trapped at 5000000
2026-07-27T17:08:00.214246Z ERROR detcore: prehook: PMU RCB overshoot! Clock_value: 5625115076. Stepped forward 5000000 RCBs, but should have trapped at 5000000
2026-07-27T17:08:00.526672Z ERROR detcore: prehook: PMU RCB overshoot! Clock_value: 5630115076. Stepped forward 5000000 RCBs, but should have trapped at 5000000
2026-07-27T17:08:00.840651Z ERROR detcore: prehook: PMU RCB overshoot! Clock_value: 5635115076. Stepped forward 5000000 RCBs, but should have trapped at 5000000
2026-07-27T17:08:01.151086Z ERROR detcore: prehook: PMU RCB overshoot! Clock_value: 5640115076. Stepped forward 5000000 RCBs, but should have trapped at 5000000
2026-07-27T17:08:01.486104Z ERROR detcore: prehook: PMU RCB overshoot! Clock_value: 5645115076. Stepped forward 5000000 RCBs, but should have trapped at 5000000
2026-07-27T17:08:01.813514Z ERROR detcore: prehook: PMU RCB overshoot! Clock_value: 5650115076. Stepped forward 5000000 RCBs, but should have trapped at 5000000
2026-07-27T17:08:02.145721Z ERROR detcore: prehook: PMU RCB overshoot! Clock_value: 5655115076. Stepped forward 5000000 RCBs, but should have trapped at 5000000
2026-07-27T17:08:02.470814Z ERROR detcore: prehook: PMU RCB overshoot! Clock_value: 5660115076. Stepped forward 5000000 RCBs, but should have trapped at 5000000
2026-07-27T17:08:02.795115Z ERROR detcore: prehook: PMU RCB overshoot! Clock_value: 5665115076. Stepped forward 5000000 RCBs, but should have trapped at 5000000
2026-07-27T17:08:03.142202Z ERROR detcore: prehook: PMU RCB overshoot! Clock_value: 5670115076. Stepped forward 5000000 RCBs, but should have trapped at 5000000
2026-07-27T17:08:03.487860Z ERROR detcore: prehook: PMU RCB overshoot! Clock_value: 5675115076. Stepped forward 5000000 RCBs, but should have trapped at 5000000
2026-07-27T17:08:03.832738Z ERROR detcore: prehook: PMU RCB overshoot! Clock_value: 5680115076. Stepped forward 5000000 RCBs, but should have trapped at 5000000
2026-07-27T17:08:04.172760Z ERROR detcore: prehook: PMU RCB overshoot! Clock_value: 5685115076. Stepped forward 5000000 RCBs, but should have trapped at 5000000
2026-07-27T17:08:04.491454Z ERROR detcore: prehook: PMU RCB overshoot! Clock_value: 5690115076. Stepped forward 5000000 RCBs, but should have trapped at 5000000
2026-07-27T17:08:04.786722Z ERROR detcore: prehook: PMU RCB overshoot! Clock_value: 5695115076. Stepped forward 5000000 RCBs, but should have trapped at 5000000
2026-07-27T17:08:05.079197Z ERROR detcore: prehook: PMU RCB overshoot! Clock_value: 5700115076. Stepped forward 5000000 RCBs, but should have trapped at 5000000
2026-07-27T17:08:05.378668Z ERROR detcore: prehook: PMU RCB overshoot! Clock_value: 5705115076. Stepped forward 5000000 RCBs, but should have trapped at 5000000
2026-07-27T17:08:05.673670Z ERROR detcore: prehook: PMU RCB overshoot! Clock_value: 5710115076. Stepped forward 5000000 RCBs, but should have trapped at 5000000
2026-07-27T17:08:05.968116Z ERROR detcore: prehook: PMU RCB overshoot! Clock_value: 5715115076. Stepped forward 5000000 RCBs, but should have trapped at 5000000
2026-07-27T17:08:06.277300Z ERROR detcore: prehook: PMU RCB overshoot! Clock_value: 5720115076. Stepped forward 5000000 RCBs, but should have trapped at 5000000
2026-07-27T17:08:06.585449Z ERROR detcore: prehook: PMU RCB overshoot! Clock_value: 5725115076. Stepped forward 5000000 RCBs, but should have trapped at 5000000
2026-07-27T17:08:06.887478Z ERROR detcore: prehook: PMU RCB overshoot! Clock_value: 5730115076. Stepped forward 5000000 RCBs, but should have trapped at 5000000
2026-07-27T17:08:07.194793Z ERROR detcore: prehook: PMU RCB overshoot! Clock_value: 5735115076. Stepped forward 5000000 RCBs, but should have trapped at 5000000
2026-07-27T17:08:07.499195Z ERROR detcore: prehook: PMU RCB overshoot! Clock_value: 5740115076. Stepped forward 5000000 RCBs, but should have trapped at 5000000
2026-07-27T17:08:07.808986Z ERROR detcore: prehook: PMU RCB overshoot! Clock_value: 5745115076. Stepped forward 5000000 RCBs, but should have trapped at 5000000
2026-07-27T17:08:08.135347Z ERROR detcore: prehook: PMU RCB overshoot! Clock_value: 5750115076. Stepped forward 5000000 RCBs, but should have trapped at 5000000
2026-07-27T17:08:08.464270Z ERROR detcore: prehook: PMU RCB overshoot! Clock_value: 5755115076. Stepped forward 5000000 RCBs, but should have trapped at 5000000
2026-07-27T17:08:08.785840Z ERROR detcore: prehook: PMU RCB overshoot! Clock_value: 5760115076. Stepped forward 5000000 RCBs, but should have trapped at 5000000
2026-07-27T17:08:09.110343Z ERROR detcore: prehook: PMU RCB overshoot! Clock_value: 5765115076. Stepped forward 5000000 RCBs, but should have trapped at 5000000
2026-07-27T17:08:09.431786Z ERROR detcore: prehook: PMU RCB overshoot! Clock_value: 5770115076. Stepped forward 5000000 RCBs, but should have trapped at 5000000
2026-07-27T17:08:09.769135Z ERROR detcore: prehook: PMU RCB overshoot! Clock_value: 5775115076. Stepped forward 5000000 RCBs, but should have trapped at 5000000
2026-07-27T17:08:10.109567Z ERROR detcore: prehook: PMU RCB overshoot! Clock_value: 5780115076. Stepped forward 5000000 RCBs, but should have trapped at 5000000
2026-07-27T17:08:10.449622Z ERROR detcore: prehook: PMU RCB overshoot! Clock_value: 5785115076. Stepped forward 5000000 RCBs, but should have trapped at 5000000
2026-07-27T17:08:10.785679Z ERROR detcore: prehook: PMU RCB overshoot! Clock_value: 5790115076. Stepped forward 5000000 RCBs, but should have trapped at 5000000
2026-07-27T17:08:11.112388Z ERROR detcore: prehook: PMU RCB overshoot! Clock_value: 5795115076. Stepped forward 5000000 RCBs, but should have trapped at 5000000
2026-07-27T17:08:11.407540Z ERROR detcore: prehook: PMU RCB overshoot! Clock_value: 5800115076. Stepped forward 5000000 RCBs, but should have trapped at 5000000
2026-07-27T17:08:11.696279Z ERROR detcore: prehook: PMU RCB overshoot! Clock_value: 5805115076. Stepped forward 5000000 RCBs, but should have trapped at 5000000
2026-07-27T17:08:11.982105Z ERROR detcore: prehook: PMU RCB overshoot! Clock_value: 5810115076. Stepped forward 5000000 RCBs, but should have trapped at 5000000
2026-07-27T17:08:12.275487Z ERROR detcore: prehook: PMU RCB overshoot! Clock_value: 5815115076. Stepped forward 5000000 RCBs, but should have trapped at 5000000
2026-07-27T17:08:12.453484Z ERROR detcore: prehook: PMU RCB overshoot! Clock_value: 5826660247. Stepped forward 4999500 RCBs, but should have trapped at 4999500
2026-07-27T17:08:12.719790Z ERROR detcore: prehook: PMU RCB overshoot! Clock_value: 5831660247. Stepped forward 5000000 RCBs, but should have trapped at 5000000
2026-07-27T17:08:12.988346Z ERROR detcore: prehook: PMU RCB overshoot! Clock_value: 5836660247. Stepped forward 5000000 RCBs, but should have trapped at 5000000
2026-07-27T17:08:13.265018Z ERROR detcore: prehook: PMU RCB overshoot! Clock_value: 5841660247. Stepped forward 5000000 RCBs, but should have trapped at 5000000
2026-07-27T17:08:13.535732Z ERROR detcore: prehook: PMU RCB overshoot! Clock_value: 5846660247. Stepped forward 5000000 RCBs, but should have trapped at 5000000
2026-07-27T17:08:13.803381Z ERROR detcore: prehook: PMU RCB overshoot! Clock_value: 5851660247. Stepped forward 5000000 RCBs, but should have trapped at 5000000
2026-07-27T17:08:14.076650Z ERROR detcore: prehook: PMU RCB overshoot! Clock_value: 5856660247. Stepped forward 5000000 RCBs, but should have trapped at 5000000
2026-07-27T17:08:14.352094Z ERROR detcore: prehook: PMU RCB overshoot! Clock_value: 5861660247. Stepped forward 5000000 RCBs, but should have trapped at 5000000
2026-07-27T17:08:14.627871Z ERROR detcore: prehook: PMU RCB overshoot! Clock_value: 5866660247. Stepped forward 5000000 RCBs, but should have trapped at 5000000
2026-07-27T17:08:14.948641Z ERROR detcore: prehook: PMU RCB overshoot! Clock_value: 5876292706. Stepped forward 4999000 RCBs, but should have trapped at 4999000
2026-07-27T17:08:15.237293Z ERROR detcore: prehook: PMU RCB overshoot! Clock_value: 5881292706. Stepped forward 5000000 RCBs, but should have trapped at 5000000
2026-07-27T17:08:15.383028Z ERROR detcore: prehook: PMU RCB overshoot! Clock_value: 5893743709. Stepped forward 4999500 RCBs, but should have trapped at 4999500
2026-07-27T17:08:15.616004Z ERROR detcore: prehook: PMU RCB overshoot! Clock_value: 5898743709. Stepped forward 5000000 RCBs, but should have trapped at 5000000
2026-07-27T17:08:15.882543Z ERROR detcore: prehook: PMU RCB overshoot! Clock_value: 5905417124. Stepped forward 4999500 RCBs, but should have trapped at 4999500
2026-07-27T17:08:16.147105Z ERROR detcore: prehook: PMU RCB overshoot! Clock_value: 5910417124. Stepped forward 5000000 RCBs, but should have trapped at 5000000
2026-07-27T17:08:16.426555Z ERROR detcore: prehook: PMU RCB overshoot! Clock_value: 5918165074. Stepped forward 4992580 RCBs, but should have trapped at 4992580
2026-07-27T17:08:16.566785Z ERROR detcore: prehook: PMU RCB overshoot! Clock_value: 5927566358. Stepped forward 4999800 RCBs, but should have trapped at 4999800
2026-07-27T17:08:16.929554Z ERROR detcore: prehook: PMU RCB overshoot! Clock_value: 5938395077. Stepped forward 4999800 RCBs, but should have trapped at 4999800
2026-07-27T17:08:17.298925Z ERROR detcore: prehook: PMU RCB overshoot! Clock_value: 5943395077. Stepped forward 5000000 RCBs, but should have trapped at 5000000
2026-07-27T17:08:17.589502Z ERROR detcore: prehook: PMU RCB overshoot! Clock_value: 5948395077. Stepped forward 5000000 RCBs, but should have trapped at 5000000
2026-07-27T17:08:17.786075Z ERROR detcore: prehook: PMU RCB overshoot! Clock_value: 5956284622. Stepped forward 4999500 RCBs, but should have trapped at 4999500
2026-07-27T17:08:17.934098Z ERROR detcore: prehook: PMU RCB overshoot! Clock_value: 5966131090. Stepped forward 4998896 RCBs, but should have trapped at 4998896
2026-07-27T17:08:18.133911Z ERROR detcore: prehook: PMU RCB overshoot! Clock_value: 5971131090. Stepped forward 5000000 RCBs, but should have trapped at 5000000
2026-07-27T17:08:18.414712Z ERROR detcore: prehook: PMU RCB overshoot! Clock_value: 5976131090. Stepped forward 5000000 RCBs, but should have trapped at 5000000
2026-07-27T17:08:18.678392Z ERROR detcore: prehook: PMU RCB overshoot! Clock_value: 5981131090. Stepped forward 5000000 RCBs, but should have trapped at 5000000
2026-07-27T17:08:18.943363Z ERROR detcore: prehook: PMU RCB overshoot! Clock_value: 5986131090. Stepped forward 5000000 RCBs, but should have trapped at 5000000
2026-07-27T17:08:19.295915Z ERROR detcore: prehook: PMU RCB overshoot! Clock_value: 5994999231. Stepped forward 5000000 RCBs, but should have trapped at 5000000
2026-07-27T17:08:19.575735Z ERROR detcore: prehook: PMU RCB overshoot! Clock_value: 5999999231. Stepped forward 5000000 RCBs, but should have trapped at 5000000
2026-07-27T17:08:19.871553Z ERROR detcore: prehook: PMU RCB overshoot! Clock_value: 6004999231. Stepped forward 5000000 RCBs, but should have trapped at 5000000
2026-07-27T17:08:20.147634Z ERROR detcore: prehook: PMU RCB overshoot! Clock_value: 6009999231. Stepped forward 5000000 RCBs, but should have trapped at 5000000
2026-07-27T17:08:20.439371Z ERROR detcore: prehook: PMU RCB overshoot! Clock_value: 6014999231. Stepped forward 5000000 RCBs, but should have trapped at 5000000
2026-07-27T17:08:20.696503Z ERROR detcore: prehook: PMU RCB overshoot! Clock_value: 6019999231. Stepped forward 5000000 RCBs, but should have trapped at 5000000
2026-07-27T17:08:20.907921Z ERROR detcore: prehook: PMU RCB overshoot! Clock_value: 6024999231. Stepped forward 5000000 RCBs, but should have trapped at 5000000
2026-07-27T17:08:21.186100Z ERROR detcore: prehook: PMU RCB overshoot! Clock_value: 6037999605. Stepped forward 4999800 RCBs, but should have trapped at 4999800
[    0.000000] Linux version 6.17.13-0_fbk0_crackerjackhost_0_g2b4321c50d79 (root@8799-0fd3-0004-0000.twshared50661.04.nha2.tw.fbinfra.net) (clang version 19.1.7 (CentOS 19.1.7-1.el9), LLD 19.1.7) #1 SMP Thu Dec 18 12:27:13 PST 2025
[    0.000000] Command line: console=ttyS0 panic=1
[    0.000000] KERNEL supported cpus:
[    0.000000]   Intel GenuineIntel
[    0.000000]   AMD AuthenticAMD
[    0.000000] BIOS-provided physical RAM map:
[    0.000000] BIOS-e820: [mem 0x0000000000000000-0x000000000009fbff] usable
[    0.000000] BIOS-e820: [mem 0x000000000009fc00-0x000000000009ffff] reserved
[    0.000000] BIOS-e820: [mem 0x00000000000f0000-0x00000000000fffff] reserved
[    0.000000] BIOS-e820: [mem 0x0000000000100000-0x000000000ffdffff] usable
[    0.000000] BIOS-e820: [mem 0x000000000ffe0000-0x000000000fffffff] reserved
[    0.000000] BIOS-e820: [mem 0x00000000fffc0000-0x00000000ffffffff] reserved
[    0.000000] NX (Execute Disable) protection: active
[    0.000000] APIC: Static calls initialized
[    0.000000] SMBIOS 2.8 present.
[    0.000000] DMI: Red Hat KVM, BIOS 1.16.3-5.el9 11/05/2023
[    0.000000] DMI: Memory slots populated: 1/1
[    0.000000] tsc: Fast TSC calibration using PIT
[    0.000000] tsc: Detected 1000.012 MHz processor
[    0.005062] last_pfn = 0xffe0 max_arch_pfn = 0x400000000
[    0.005068] MTRR map: 4 entries (3 fixed + 1 variable; max 19), built from 8 variable MTRRs
[    0.005073] x86/PAT: Configuration [0-7]: WB  WC  UC- UC  WB  WP  UC- WT  
[    0.006216] RAMDISK: [mem 0x0ffdf000-0x0ffdffff]
[    0.006220] ACPI: Early table checksum verification disabled
[    0.006224] ACPI: RSDP 0x00000000000F5290 000014 (v00 BOCHS )
[    0.006232] ACPI: RSDT 0x000000000FFE227E 000030 (v01 BOCHS  BXPC     00000001 BXPC 00000001)
[    0.006243] ACPI: FACP 0x000000000FFE216A 000074 (v01 BOCHS  BXPC     00000001 BXPC 00000001)
[    0.006256] ACPI: DSDT 0x000000000FFE0040 00212A (v01 BOCHS  BXPC     00000001 BXPC 00000001)
[    0.006267] ACPI: FACS 0x000000000FFE0000 000040
[    0.006275] ACPI: APIC 0x000000000FFE21DE 000078 (v03 BOCHS  BXPC     00000001 BXPC 00000001)
[    0.006286] ACPI: WAET 0x000000000FFE2256 000028 (v01 BOCHS  BXPC     00000001 BXPC 00000001)
[    0.006297] ACPI: Reserving FACP table memory at [mem 0xffe216a-0xffe21dd]
[    0.006301] ACPI: Reserving DSDT table memory at [mem 0xffe0040-0xffe2169]
[    0.006305] ACPI: Reserving FACS table memory at [mem 0xffe0000-0xffe003f]
[    0.006310] ACPI: Reserving APIC table memory at [mem 0xffe21de-0xffe2255]
[    0.006314] ACPI: Reserving WAET table memory at [mem 0xffe2256-0xffe227d]
[    0.006352] No NUMA configuration found
[    0.006354] Faking a node at [mem 0x0000000000000000-0x000000000ffdffff]
[    0.006360] NODE_DATA(0) allocated [mem 0x0ffdc500-0x0ffdefff]
[    0.006403] Zone ranges:
[    0.006405]   DMA      [mem 0x0000000000001000-0x0000000000ffffff]
[    0.006410]   DMA32    [mem 0x0000000001000000-0x000000000ffdffff]
[    0.006415]   Normal   empty
[    0.006418]   Device   empty
[    0.006421] Movable zone start for each node
[    0.006423] Early memory node ranges
[    0.006425]   node   0: [mem 0x0000000000001000-0x000000000009efff]
[    0.006429]   node   0: [mem 0x0000000000100000-0x000000000ffdffff]
[    0.006434] Initmem setup node 0 [mem 0x0000000000001000-0x000000000ffdffff]
[    0.006447] On node 0, zone DMA: 1 pages in unavailable ranges
[    0.006582] On node 0, zone DMA: 97 pages in unavailable ranges
[    0.008626] On node 0, zone DMA32: 32 pages in unavailable ranges
[    0.008634] ACPI: PM-Timer IO Port: 0x608
[    0.008644] ACPI: LAPIC_NMI (acpi_id[0xff] dfl dfl lint[0x1])
[    0.008650] IOAPIC[0]: apic_id 0, version 32, address 0xfec00000, GSI 0-23
[    0.008657] ACPI: INT_SRC_OVR (bus 0 bus_irq 0 global_irq 2 dfl dfl)
[    0.008662] ACPI: INT_SRC_OVR (bus 0 bus_irq 5 global_irq 5 high level)
[    0.008667] ACPI: INT_SRC_OVR (bus 0 bus_irq 9 global_irq 9 high level)
[    0.008672] ACPI: INT_SRC_OVR (bus 0 bus_irq 10 global_irq 10 high level)
[    0.008677] ACPI: INT_SRC_OVR (bus 0 bus_irq 11 global_irq 11 high level)
[    0.008688] ACPI: Using ACPI (MADT) for SMP configuration information
[    0.008722] CPU topo: Max. logical packages:   1
[    0.008725] CPU topo: Max. logical dies:       1
[    0.008727] CPU topo: Max. dies per package:   1
[    0.008761] CPU topo: Max. threads per core:   1
[    0.008764] CPU topo: Num. cores per package:     1
[    0.008766] CPU topo: Num. threads per package:   1
[    0.008769] CPU topo: Allowing 1 present CPUs plus 0 hotplug CPUs
[    0.008789] [mem 0x10000000-0xfffbffff] available for PCI devices
[    0.008792] Booting paravirtualized kernel on bare hardware
[    0.008795] clocksource: refined-jiffies: mask: 0xffffffff max_cycles: 0xffffffff, max_idle_ns: 1910969940391419 ns
[    0.037221] Load bootconfig: 23 bytes 3 nodes
[    0.037236] setup_percpu: NR_CPUS:512 nr_cpumask_bits:1 nr_cpu_ids:1 nr_node_ids:1
[    0.037723] percpu: Embedded 79 pages/cpu s286720 r8192 d28672 u2097152
[    0.037795] Kernel command line: csdlock_debug=1 console=ttyS0 panic=1
[    0.037847] printk: log buffer data + meta data: 2097152 + 7340032 = 9437184 bytes
[    0.037903] Dentry cache hash table entries: 32768 (order: 6, 262144 bytes, linear)
[    0.037935] Inode-cache hash table entries: 16384 (order: 5, 131072 bytes, linear)
[    0.037964] Fallback order for Node 0: 0 
[    0.037969] Built 1 zonelists, mobility grouping on.  Total pages: 65406
[    0.037973] Policy zone: DMA32
[    0.038397] mem auto-init: stack:off, heap alloc:off, heap free:off
[    0.039708] SLUB: HWalign=64, Order=0-3, MinObjects=0, CPUs=1, Nodes=1
[    0.042166] ftrace: allocating 58796 entries in 232 pages
[    0.042170] ftrace: allocated 232 pages with 4 groups
[    0.042300] rcu: Hierarchical RCU implementation.
[    0.042302] rcu: 	RCU restricting CPUs from NR_CPUS=512 to nr_cpu_ids=1.
[    0.042306] 	Rude variant of Tasks RCU enabled.
[    0.042308] 	Tracing variant of Tasks RCU enabled.
[    0.042309] rcu: RCU calculated value of scheduler-enlistment delay is 100 jiffies.
[    0.042312] rcu: Adjusting geometry for rcu_fanout_leaf=16, nr_cpu_ids=1
[    0.042322] RCU Tasks Rude: Setting shift to 0 and lim to 1 rcu_task_cb_adjust=1 rcu_task_cpu_ids=1.
[    0.042327] RCU Tasks Trace: Setting shift to 0 and lim to 1 rcu_task_cb_adjust=1 rcu_task_cpu_ids=1.
[    0.070827] NR_IRQS: 33024, nr_irqs: 256, preallocated irqs: 16
[    0.071081] rcu: srcu_init: Setting srcu_struct sizes based on contention.
[    0.071250] kfence: initialized - using 2097152 bytes for 255 objects at 0x(____ptrval____)-0x(____ptrval____)
[    0.071314] Console: colour VGA+ 80x25
[    0.071323] printk: legacy console [ttyS0] enabled
[    0.072230] ACPI: Core revision 20250404
2026-07-27T17:08:22.323090Z ERROR detcore: prehook: PMU RCB overshoot! Clock_value: 6051960031. Stepped forward 4992723 RCBs, but should have trapped at 4992723
[    0.072286] APIC: Switch to symmetric I/O mode setup
2026-07-27T17:08:22.542743Z ERROR detcore: prehook: PMU RCB overshoot! Clock_value: 6058144403. Stepped forward 4992723 RCBs, but should have trapped at 4992723
[    0.072501] ..TIMER: vector=0x30 apic1=0 pin1=2 apic2=-1 pin2=-1
2026-07-27T17:08:22.765448Z ERROR detcore: prehook: PMU RCB overshoot! Clock_value: 6065032757. Stepped forward 4995738 RCBs, but should have trapped at 4995738
2026-07-27T17:08:22.977956Z ERROR detcore: prehook: PMU RCB overshoot! Clock_value: 6070031757. Stepped forward 4998857 RCBs, but should have trapped at 4998857
2026-07-27T17:08:23.188800Z ERROR detcore: prehook: PMU RCB overshoot! Clock_value: 6075031757. Stepped forward 5000000 RCBs, but should have trapped at 5000000
2026-07-27T17:08:23.397999Z ERROR detcore: prehook: PMU RCB overshoot! Clock_value: 6080031757. Stepped forward 5000000 RCBs, but should have trapped at 5000000
2026-07-27T17:08:23.606490Z ERROR detcore: prehook: PMU RCB overshoot! Clock_value: 6085031757. Stepped forward 5000000 RCBs, but should have trapped at 5000000
2026-07-27T17:08:23.818012Z ERROR detcore: prehook: PMU RCB overshoot! Clock_value: 6093156458. Stepped forward 4999000 RCBs, but should have trapped at 4999000
2026-07-27T17:08:24.026352Z ERROR detcore: prehook: PMU RCB overshoot! Clock_value: 6098156458. Stepped forward 5000000 RCBs, but should have trapped at 5000000
2026-07-27T17:08:24.232046Z ERROR detcore: prehook: PMU RCB overshoot! Clock_value: 6103156458. Stepped forward 5000000 RCBs, but should have trapped at 5000000
2026-07-27T17:08:24.439020Z ERROR detcore: prehook: PMU RCB overshoot! Clock_value: 6108156458. Stepped forward 5000000 RCBs, but should have trapped at 5000000
2026-07-27T17:08:24.645097Z ERROR detcore: prehook: PMU RCB overshoot! Clock_value: 6113156458. Stepped forward 5000000 RCBs, but should have trapped at 5000000
2026-07-27T17:08:24.854032Z ERROR detcore: prehook: PMU RCB overshoot! Clock_value: 6118156458. Stepped forward 5000000 RCBs, but should have trapped at 5000000
2026-07-27T17:08:25.059837Z ERROR detcore: prehook: PMU RCB overshoot! Clock_value: 6123156458. Stepped forward 5000000 RCBs, but should have trapped at 5000000
2026-07-27T17:08:25.279950Z ERROR detcore: prehook: PMU RCB overshoot! Clock_value: 6131300269. Stepped forward 4999000 RCBs, but should have trapped at 4999000
2026-07-27T17:08:25.491701Z ERROR detcore: prehook: PMU RCB overshoot! Clock_value: 6136300269. Stepped forward 5000000 RCBs, but should have trapped at 5000000
2026-07-27T17:08:25.708320Z ERROR detcore: prehook: PMU RCB overshoot! Clock_value: 6141300269. Stepped forward 5000000 RCBs, but should have trapped at 5000000
2026-07-27T17:08:25.921877Z ERROR detcore: prehook: PMU RCB overshoot! Clock_value: 6146300269. Stepped forward 5000000 RCBs, but should have trapped at 5000000
2026-07-27T17:08:26.135591Z ERROR detcore: prehook: PMU RCB overshoot! Clock_value: 6151300269. Stepped forward 5000000 RCBs, but should have trapped at 5000000
2026-07-27T17:08:26.344126Z ERROR detcore: prehook: PMU RCB overshoot! Clock_value: 6156300269. Stepped forward 5000000 RCBs, but should have trapped at 5000000
2026-07-27T17:08:26.559248Z ERROR detcore: prehook: PMU RCB overshoot! Clock_value: 6161300269. Stepped forward 5000000 RCBs, but should have trapped at 5000000
2026-07-27T17:08:26.767634Z ERROR detcore: prehook: PMU RCB overshoot! Clock_value: 6167194726. Stepped forward 4999000 RCBs, but should have trapped at 4999000
2026-07-27T17:08:26.975723Z ERROR detcore: prehook: PMU RCB overshoot! Clock_value: 6172194726. Stepped forward 5000000 RCBs, but should have trapped at 5000000
2026-07-27T17:08:27.182858Z ERROR detcore: prehook: PMU RCB overshoot! Clock_value: 6177194726. Stepped forward 5000000 RCBs, but should have trapped at 5000000
2026-07-27T17:08:27.391959Z ERROR detcore: prehook: PMU RCB overshoot! Clock_value: 6182194726. Stepped forward 5000000 RCBs, but should have trapped at 5000000
2026-07-27T17:08:27.600812Z ERROR detcore: prehook: PMU RCB overshoot! Clock_value: 6187194726. Stepped forward 5000000 RCBs, but should have trapped at 5000000
2026-07-27T17:08:27.808744Z ERROR detcore: prehook: PMU RCB overshoot! Clock_value: 6192194726. Stepped forward 5000000 RCBs, but should have trapped at 5000000
2026-07-27T17:08:28.015573Z ERROR detcore: prehook: PMU RCB overshoot! Clock_value: 6197194726. Stepped forward 5000000 RCBs, but should have trapped at 5000000
2026-07-27T17:08:28.220340Z ERROR detcore: prehook: PMU RCB overshoot! Clock_value: 6202698334. Stepped forward 4999000 RCBs, but should have trapped at 4999000
2026-07-27T17:08:28.426415Z ERROR detcore: prehook: PMU RCB overshoot! Clock_value: 6207698334. Stepped forward 5000000 RCBs, but should have trapped at 5000000
2026-07-27T17:08:28.629998Z ERROR detcore: prehook: PMU RCB overshoot! Clock_value: 6212698334. Stepped forward 5000000 RCBs, but should have trapped at 5000000
2026-07-27T17:08:28.834894Z ERROR detcore: prehook: PMU RCB overshoot! Clock_value: 6217698334. Stepped forward 5000000 RCBs, but should have trapped at 5000000
2026-07-27T17:08:29.038418Z ERROR detcore: prehook: PMU RCB overshoot! Clock_value: 6222698334. Stepped forward 5000000 RCBs, but should have trapped at 5000000
2026-07-27T17:08:29.243451Z ERROR detcore: prehook: PMU RCB overshoot! Clock_value: 6227698334. Stepped forward 5000000 RCBs, but should have trapped at 5000000
2026-07-27T17:08:29.447813Z ERROR detcore: prehook: PMU RCB overshoot! Clock_value: 6232698334. Stepped forward 5000000 RCBs, but should have trapped at 5000000
[    0.077288] clocksource: tsc-early: mask: 0xffffffffffffffff max_cycles: 0xe6a2269eac, max_idle_ns: 440795236700 ns
[    0.077311] Calibrating delay loop (skipped), value calculated using timer frequency.. 2000.02 BogoMIPS (lpj=1000012)
[    0.077347] Last level iTLB entries: 4KB 0, 2MB 0, 4MB 0
[    0.077359] Last level dTLB entries: 4KB 0, 2MB 0, 4MB 0, 1GB 0
[    0.077376] mitigations: Enabled attack vectors: user_kernel, user_user, guest_host, guest_guest, SMT mitigations: auto
[    0.077407] Speculative Store Bypass: Vulnerable
[    0.077418] Spectre V2 : Mitigation: Retpolines
[    0.077428] Spectre V1 : Mitigation: usercopy/swapgs barriers and __user pointer sanitization
[    0.077444] Spectre V2 : Spectre v2 / SpectreRSB: Filling RSB on context switch and VMEXIT
[    0.077461] x86/fpu: x87 FPU will use FXSAVE
2026-07-27T17:08:30.030977Z ERROR detcore: prehook: PMU RCB overshoot! Clock_value: 6365439662. Stepped forward 4999000 RCBs, but should have trapped at 4999000
2026-07-27T17:08:30.346403Z ERROR detcore: prehook: PMU RCB overshoot! Clock_value: 6382909200. Stepped forward 4999000 RCBs, but should have trapped at 4999000
2026-07-27T17:08:30.565337Z ERROR detcore: prehook: PMU RCB overshoot! Clock_value: 6388196984. Stepped forward 4999000 RCBs, but should have trapped at 4999000
[    0.134272] Freeing SMP alternatives memory: 60K
[    0.134288] pid_max: default: 32768 minimum: 301
[    0.134339] LSM: initializing lsm=capability,bpf,ima
[    0.134723] LSM support for eBPF active
2026-07-27T17:08:32.760611Z ERROR detcore: prehook: PMU RCB overshoot! Clock_value: 6649583850. Stepped forward 4998460 RCBs, but should have trapped at 4998460
[    0.134789] Mount-cache hash table entries: 512 (order: 0, 4096 bytes, linear)
[    0.134807] Mountpoint-cache hash table entries: 512 (order: 0, 4096 bytes, linear)
2026-07-27T17:08:32.949244Z ERROR detcore: prehook: PMU RCB overshoot! Clock_value: 6655950511. Stepped forward 4993388 RCBs, but should have trapped at 4993388
2026-07-27T17:08:33.098180Z ERROR detcore: prehook: PMU RCB overshoot! Clock_value: 6660950511. Stepped forward 5000000 RCBs, but should have trapped at 5000000
2026-07-27T17:08:33.226540Z ERROR detcore: prehook: PMU RCB overshoot! Clock_value: 6665950511. Stepped forward 5000000 RCBs, but should have trapped at 5000000
2026-07-27T17:08:33.408171Z ERROR detcore: prehook: PMU RCB overshoot! Clock_value: 6670950511. Stepped forward 5000000 RCBs, but should have trapped at 5000000
2026-07-27T17:08:33.641028Z ERROR detcore: prehook: PMU RCB overshoot! Clock_value: 6675950511. Stepped forward 5000000 RCBs, but should have trapped at 5000000
2026-07-27T17:08:33.875715Z ERROR detcore: prehook: PMU RCB overshoot! Clock_value: 6680950511. Stepped forward 5000000 RCBs, but should have trapped at 5000000
2026-07-27T17:08:34.092024Z ERROR detcore: prehook: PMU RCB overshoot! Clock_value: 6689223961. Stepped forward 4997942 RCBs, but should have trapped at 4997942
2026-07-27T17:08:34.299426Z ERROR detcore: prehook: PMU RCB overshoot! Clock_value: 6694223961. Stepped forward 5000000 RCBs, but should have trapped at 5000000
2026-07-27T17:08:34.504627Z ERROR detcore: prehook: PMU RCB overshoot! Clock_value: 6699223461. Stepped forward 4999419 RCBs, but should have trapped at 4999419
2026-07-27T17:08:34.710922Z ERROR detcore: prehook: PMU RCB overshoot! Clock_value: 6704223461. Stepped forward 5000000 RCBs, but should have trapped at 5000000
2026-07-27T17:08:34.919358Z ERROR detcore: prehook: PMU RCB overshoot! Clock_value: 6709222961. Stepped forward 4999448 RCBs, but should have trapped at 4999448
2026-07-27T17:08:35.125674Z ERROR detcore: prehook: PMU RCB overshoot! Clock_value: 6714222961. Stepped forward 5000000 RCBs, but should have trapped at 5000000
2026-07-27T17:08:35.334559Z ERROR detcore: prehook: PMU RCB overshoot! Clock_value: 6721580090. Stepped forward 4997942 RCBs, but should have trapped at 4997942
2026-07-27T17:08:35.541294Z ERROR detcore: prehook: PMU RCB overshoot! Clock_value: 6726580090. Stepped forward 5000000 RCBs, but should have trapped at 5000000
2026-07-27T17:08:35.745703Z ERROR detcore: prehook: PMU RCB overshoot! Clock_value: 6731579590. Stepped forward 4999418 RCBs, but should have trapped at 4999418
2026-07-27T17:08:35.953077Z ERROR detcore: prehook: PMU RCB overshoot! Clock_value: 6736579590. Stepped forward 5000000 RCBs, but should have trapped at 5000000
2026-07-27T17:08:36.158005Z ERROR detcore: prehook: PMU RCB overshoot! Clock_value: 6741579090. Stepped forward 4999447 RCBs, but should have trapped at 4999447
2026-07-27T17:08:36.363762Z ERROR detcore: prehook: PMU RCB overshoot! Clock_value: 6746579090. Stepped forward 5000000 RCBs, but should have trapped at 5000000
2026-07-27T17:08:36.577553Z ERROR detcore: prehook: PMU RCB overshoot! Clock_value: 6753829383. Stepped forward 4997942 RCBs, but should have trapped at 4997942
2026-07-27T17:08:36.783076Z ERROR detcore: prehook: PMU RCB overshoot! Clock_value: 6758829383. Stepped forward 5000000 RCBs, but should have trapped at 5000000
2026-07-27T17:08:36.991950Z ERROR detcore: prehook: PMU RCB overshoot! Clock_value: 6763828883. Stepped forward 4999398 RCBs, but should have trapped at 4999398
2026-07-27T17:08:37.194415Z ERROR detcore: prehook: PMU RCB overshoot! Clock_value: 6768828883. Stepped forward 5000000 RCBs, but should have trapped at 5000000
2026-07-27T17:08:37.400650Z ERROR detcore: prehook: PMU RCB overshoot! Clock_value: 6773828383. Stepped forward 4999427 RCBs, but should have trapped at 4999427
2026-07-27T17:08:37.606924Z ERROR detcore: prehook: PMU RCB overshoot! Clock_value: 6778828383. Stepped forward 5000000 RCBs, but should have trapped at 5000000
2026-07-27T17:08:37.816360Z ERROR detcore: prehook: PMU RCB overshoot! Clock_value: 6785849547. Stepped forward 4997942 RCBs, but should have trapped at 4997942
2026-07-27T17:08:38.023621Z ERROR detcore: prehook: PMU RCB overshoot! Clock_value: 6790849547. Stepped forward 5000000 RCBs, but should have trapped at 5000000
2026-07-27T17:08:38.229777Z ERROR detcore: prehook: PMU RCB overshoot! Clock_value: 6795848547. Stepped forward 4998905 RCBs, but should have trapped at 4998905
2026-07-27T17:08:38.438730Z ERROR detcore: prehook: PMU RCB overshoot! Clock_value: 6800848547. Stepped forward 5000000 RCBs, but should have trapped at 5000000
2026-07-27T17:08:38.649584Z ERROR detcore: prehook: PMU RCB overshoot! Clock_value: 6805848547. Stepped forward 5000000 RCBs, but should have trapped at 5000000
2026-07-27T17:08:38.859372Z ERROR detcore: prehook: PMU RCB overshoot! Clock_value: 6810848547. Stepped forward 5000000 RCBs, but should have trapped at 5000000
2026-07-27T17:08:39.070514Z ERROR detcore: prehook: PMU RCB overshoot! Clock_value: 6817872964. Stepped forward 4999000 RCBs, but should have trapped at 4999000
2026-07-27T17:08:39.280740Z ERROR detcore: prehook: PMU RCB overshoot! Clock_value: 6822872964. Stepped forward 5000000 RCBs, but should have trapped at 5000000
2026-07-27T17:08:39.488963Z ERROR detcore: prehook: PMU RCB overshoot! Clock_value: 6827872964. Stepped forward 5000000 RCBs, but should have trapped at 5000000
2026-07-27T17:08:39.699259Z ERROR detcore: prehook: PMU RCB overshoot! Clock_value: 6832872964. Stepped forward 5000000 RCBs, but should have trapped at 5000000
2026-07-27T17:08:39.907825Z ERROR detcore: prehook: PMU RCB overshoot! Clock_value: 6837872964. Stepped forward 5000000 RCBs, but should have trapped at 5000000
2026-07-27T17:08:40.120034Z ERROR detcore: prehook: PMU RCB overshoot! Clock_value: 6842872964. Stepped forward 5000000 RCBs, but should have trapped at 5000000
2026-07-27T17:08:40.331064Z ERROR detcore: prehook: PMU RCB overshoot! Clock_value: 6849914091. Stepped forward 4999000 RCBs, but should have trapped at 4999000
2026-07-27T17:08:40.537960Z ERROR detcore: prehook: PMU RCB overshoot! Clock_value: 6854914091. Stepped forward 5000000 RCBs, but should have trapped at 5000000
2026-07-27T17:08:40.746626Z ERROR detcore: prehook: PMU RCB overshoot! Clock_value: 6859914091. Stepped forward 5000000 RCBs, but should have trapped at 5000000
2026-07-27T17:08:40.952719Z ERROR detcore: prehook: PMU RCB overshoot! Clock_value: 6864914091. Stepped forward 5000000 RCBs, but should have trapped at 5000000
2026-07-27T17:08:41.156214Z ERROR detcore: prehook: PMU RCB overshoot! Clock_value: 6869914091. Stepped forward 5000000 RCBs, but should have trapped at 5000000
2026-07-27T17:08:41.365771Z ERROR detcore: prehook: PMU RCB overshoot! Clock_value: 6874914091. Stepped forward 5000000 RCBs, but should have trapped at 5000000
2026-07-27T17:08:41.576548Z ERROR detcore: prehook: PMU RCB overshoot! Clock_value: 6881927951. Stepped forward 4999000 RCBs, but should have trapped at 4999000
2026-07-27T17:08:41.780816Z ERROR detcore: prehook: PMU RCB overshoot! Clock_value: 6886927951. Stepped forward 5000000 RCBs, but should have trapped at 5000000
2026-07-27T17:08:41.985665Z ERROR detcore: prehook: PMU RCB overshoot! Clock_value: 6891927951. Stepped forward 5000000 RCBs, but should have trapped at 5000000
2026-07-27T17:08:42.192301Z ERROR detcore: prehook: PMU RCB overshoot! Clock_value: 6896927951. Stepped forward 5000000 RCBs, but should have trapped at 5000000
2026-07-27T17:08:42.397164Z ERROR detcore: prehook: PMU RCB overshoot! Clock_value: 6901927951. Stepped forward 5000000 RCBs, but should have trapped at 5000000
2026-07-27T17:08:42.601564Z ERROR detcore: prehook: PMU RCB overshoot! Clock_value: 6906927951. Stepped forward 5000000 RCBs, but should have trapped at 5000000
2026-07-27T17:08:42.815454Z ERROR detcore: prehook: PMU RCB overshoot! Clock_value: 6913936375. Stepped forward 4999000 RCBs, but should have trapped at 4999000
2026-07-27T17:08:43.024486Z ERROR detcore: prehook: PMU RCB overshoot! Clock_value: 6918935375. Stepped forward 4998889 RCBs, but should have trapped at 4998889
2026-07-27T17:08:43.228142Z ERROR detcore: prehook: PMU RCB overshoot! Clock_value: 6923935375. Stepped forward 5000000 RCBs, but should have trapped at 5000000
2026-07-27T17:08:43.432913Z ERROR detcore: prehook: PMU RCB overshoot! Clock_value: 6928935375. Stepped forward 5000000 RCBs, but should have trapped at 5000000
2026-07-27T17:08:43.643565Z ERROR detcore: prehook: PMU RCB overshoot! Clock_value: 6933935375. Stepped forward 5000000 RCBs, but should have trapped at 5000000
2026-07-27T17:08:43.848180Z ERROR detcore: prehook: PMU RCB overshoot! Clock_value: 6938935375. Stepped forward 5000000 RCBs, but should have trapped at 5000000
2026-07-27T17:08:44.053694Z ERROR detcore: prehook: PMU RCB overshoot! Clock_value: 6945944594. Stepped forward 4999000 RCBs, but should have trapped at 4999000
2026-07-27T17:08:44.266092Z ERROR detcore: prehook: PMU RCB overshoot! Clock_value: 6950944594. Stepped forward 5000000 RCBs, but should have trapped at 5000000
2026-07-27T17:08:44.478962Z ERROR detcore: prehook: PMU RCB overshoot! Clock_value: 6955944594. Stepped forward 5000000 RCBs, but should have trapped at 5000000
2026-07-27T17:08:44.692434Z ERROR detcore: prehook: PMU RCB overshoot! Clock_value: 6960944594. Stepped forward 5000000 RCBs, but should have trapped at 5000000
2026-07-27T17:08:44.905406Z ERROR detcore: prehook: PMU RCB overshoot! Clock_value: 6965944594. Stepped forward 5000000 RCBs, but should have trapped at 5000000
2026-07-27T17:08:45.110301Z ERROR detcore: prehook: PMU RCB overshoot! Clock_value: 6970944594. Stepped forward 5000000 RCBs, but should have trapped at 5000000
2026-07-27T17:08:45.317654Z ERROR detcore: prehook: PMU RCB overshoot! Clock_value: 6977952901. Stepped forward 4999000 RCBs, but should have trapped at 4999000
2026-07-27T17:08:45.524959Z ERROR detcore: prehook: PMU RCB overshoot! Clock_value: 6982952901. Stepped forward 5000000 RCBs, but should have trapped at 5000000
2026-07-27T17:08:45.732757Z ERROR detcore: prehook: PMU RCB overshoot! Clock_value: 6987952901. Stepped forward 5000000 RCBs, but should have trapped at 5000000
2026-07-27T17:08:45.943147Z ERROR detcore: prehook: PMU RCB overshoot! Clock_value: 6992952901. Stepped forward 5000000 RCBs, but should have trapped at 5000000
2026-07-27T17:08:46.150959Z ERROR detcore: prehook: PMU RCB overshoot! Clock_value: 6997952901. Stepped forward 5000000 RCBs, but should have trapped at 5000000
2026-07-27T17:08:46.356458Z ERROR detcore: prehook: PMU RCB overshoot! Clock_value: 7002952901. Stepped forward 5000000 RCBs, but should have trapped at 5000000
2026-07-27T17:08:46.568946Z ERROR detcore: prehook: PMU RCB overshoot! Clock_value: 7009970584. Stepped forward 4999000 RCBs, but should have trapped at 4999000
2026-07-27T17:08:46.771626Z ERROR detcore: prehook: PMU RCB overshoot! Clock_value: 7014970584. Stepped forward 5000000 RCBs, but should have trapped at 5000000
2026-07-27T17:08:46.974391Z ERROR detcore: prehook: PMU RCB overshoot! Clock_value: 7019970584. Stepped forward 5000000 RCBs, but should have trapped at 5000000
2026-07-27T17:08:47.183017Z ERROR detcore: prehook: PMU RCB overshoot! Clock_value: 7024970584. Stepped forward 5000000 RCBs, but should have trapped at 5000000
2026-07-27T17:08:47.389328Z ERROR detcore: prehook: PMU RCB overshoot! Clock_value: 7029970584. Stepped forward 5000000 RCBs, but should have trapped at 5000000
2026-07-27T17:08:47.594770Z ERROR detcore: prehook: PMU RCB overshoot! Clock_value: 7034970584. Stepped forward 5000000 RCBs, but should have trapped at 5000000
2026-07-27T17:08:47.809566Z ERROR detcore: prehook: PMU RCB overshoot! Clock_value: 7041984166. Stepped forward 4999000 RCBs, but should have trapped at 4999000
2026-07-27T17:08:48.012870Z ERROR detcore: prehook: PMU RCB overshoot! Clock_value: 7046984166. Stepped forward 5000000 RCBs, but should have trapped at 5000000
2026-07-27T17:08:48.217829Z ERROR detcore: prehook: PMU RCB overshoot! Clock_value: 7051984166. Stepped forward 5000000 RCBs, but should have trapped at 5000000
2026-07-27T17:08:48.424204Z ERROR detcore: prehook: PMU RCB overshoot! Clock_value: 7056984166. Stepped forward 5000000 RCBs, but should have trapped at 5000000
2026-07-27T17:08:48.631618Z ERROR detcore: prehook: PMU RCB overshoot! Clock_value: 7061984166. Stepped forward 5000000 RCBs, but should have trapped at 5000000
2026-07-27T17:08:48.837612Z ERROR detcore: prehook: PMU RCB overshoot! Clock_value: 7066984166. Stepped forward 5000000 RCBs, but should have trapped at 5000000
2026-07-27T17:08:49.051895Z ERROR detcore: prehook: PMU RCB overshoot! Clock_value: 7073992695. Stepped forward 4999000 RCBs, but should have trapped at 4999000
2026-07-27T17:08:49.259118Z ERROR detcore: prehook: PMU RCB overshoot! Clock_value: 7078992695. Stepped forward 5000000 RCBs, but should have trapped at 5000000
2026-07-27T17:08:49.465406Z ERROR detcore: prehook: PMU RCB overshoot! Clock_value: 7083992695. Stepped forward 5000000 RCBs, but should have trapped at 5000000
2026-07-27T17:08:49.671288Z ERROR detcore: prehook: PMU RCB overshoot! Clock_value: 7088992695. Stepped forward 5000000 RCBs, but should have trapped at 5000000
2026-07-27T17:08:49.876952Z ERROR detcore: prehook: PMU RCB overshoot! Clock_value: 7093992695. Stepped forward 5000000 RCBs, but should have trapped at 5000000
2026-07-27T17:08:50.086398Z ERROR detcore: prehook: PMU RCB overshoot! Clock_value: 7098992695. Stepped forward 5000000 RCBs, but should have trapped at 5000000
2026-07-27T17:08:50.301307Z ERROR detcore: prehook: PMU RCB overshoot! Clock_value: 7106000908. Stepped forward 4999000 RCBs, but should have trapped at 4999000
2026-07-27T17:08:50.506853Z ERROR detcore: prehook: PMU RCB overshoot! Clock_value: 7111000908. Stepped forward 5000000 RCBs, but should have trapped at 5000000
2026-07-27T17:08:50.716745Z ERROR detcore: prehook: PMU RCB overshoot! Clock_value: 7116000908. Stepped forward 5000000 RCBs, but should have trapped at 5000000
2026-07-27T17:08:50.932834Z ERROR detcore: prehook: PMU RCB overshoot! Clock_value: 7121000908. Stepped forward 5000000 RCBs, but should have trapped at 5000000
2026-07-27T17:08:51.140537Z ERROR detcore: prehook: PMU RCB overshoot! Clock_value: 7126000908. Stepped forward 5000000 RCBs, but should have trapped at 5000000
2026-07-27T17:08:51.346958Z ERROR detcore: prehook: PMU RCB overshoot! Clock_value: 7131000908. Stepped forward 5000000 RCBs, but should have trapped at 5000000
2026-07-27T17:08:51.561584Z ERROR detcore: prehook: PMU RCB overshoot! Clock_value: 7138009203. Stepped forward 4999000 RCBs, but should have trapped at 4999000
2026-07-27T17:08:51.769878Z ERROR detcore: prehook: PMU RCB overshoot! Clock_value: 7143009203. Stepped forward 5000000 RCBs, but should have trapped at 5000000
2026-07-27T17:08:51.974011Z ERROR detcore: prehook: PMU RCB overshoot! Clock_value: 7148009203. Stepped forward 5000000 RCBs, but should have trapped at 5000000
2026-07-27T17:08:52.186671Z ERROR detcore: prehook: PMU RCB overshoot! Clock_value: 7153009203. Stepped forward 5000000 RCBs, but should have trapped at 5000000
2026-07-27T17:08:52.395205Z ERROR detcore: prehook: PMU RCB overshoot! Clock_value: 7158009203. Stepped forward 5000000 RCBs, but should have trapped at 5000000
2026-07-27T17:08:52.602179Z ERROR detcore: prehook: PMU RCB overshoot! Clock_value: 7163009203. Stepped forward 5000000 RCBs, but should have trapped at 5000000
2026-07-27T17:08:52.814218Z ERROR detcore: prehook: PMU RCB overshoot! Clock_value: 7170017335. Stepped forward 4999000 RCBs, but should have trapped at 4999000
2026-07-27T17:08:53.018250Z ERROR detcore: prehook: PMU RCB overshoot! Clock_value: 7175017335. Stepped forward 5000000 RCBs, but should have trapped at 5000000
2026-07-27T17:08:53.226112Z ERROR detcore: prehook: PMU RCB overshoot! Clock_value: 7180017335. Stepped forward 5000000 RCBs, but should have trapped at 5000000
2026-07-27T17:08:53.437500Z ERROR detcore: prehook: PMU RCB overshoot! Clock_value: 7185017335. Stepped forward 5000000 RCBs, but should have trapped at 5000000
2026-07-27T17:08:53.644156Z ERROR detcore: prehook: PMU RCB overshoot! Clock_value: 7190017335. Stepped forward 5000000 RCBs, but should have trapped at 5000000
2026-07-27T17:08:53.852111Z ERROR detcore: prehook: PMU RCB overshoot! Clock_value: 7195017335. Stepped forward 5000000 RCBs, but should have trapped at 5000000
2026-07-27T17:08:54.063016Z ERROR detcore: prehook: PMU RCB overshoot! Clock_value: 7202025753. Stepped forward 4999000 RCBs, but should have trapped at 4999000
2026-07-27T17:08:54.269038Z ERROR detcore: prehook: PMU RCB overshoot! Clock_value: 7207025753. Stepped forward 5000000 RCBs, but should have trapped at 5000000
2026-07-27T17:08:54.475172Z ERROR detcore: prehook: PMU RCB overshoot! Clock_value: 7212025753. Stepped forward 5000000 RCBs, but should have trapped at 5000000
2026-07-27T17:08:54.684596Z ERROR detcore: prehook: PMU RCB overshoot! Clock_value: 7217025753. Stepped forward 5000000 RCBs, but should have trapped at 5000000
2026-07-27T17:08:54.895559Z ERROR detcore: prehook: PMU RCB overshoot! Clock_value: 7222025753. Stepped forward 5000000 RCBs, but should have trapped at 5000000
2026-07-27T17:08:55.103080Z ERROR detcore: prehook: PMU RCB overshoot! Clock_value: 7227025753. Stepped forward 5000000 RCBs, but should have trapped at 5000000
2026-07-27T17:08:55.315056Z ERROR detcore: prehook: PMU RCB overshoot! Clock_value: 7234033965. Stepped forward 4999000 RCBs, but should have trapped at 4999000
2026-07-27T17:08:55.518591Z ERROR detcore: prehook: PMU RCB overshoot! Clock_value: 7239033965. Stepped forward 5000000 RCBs, but should have trapped at 5000000
2026-07-27T17:08:55.727425Z ERROR detcore: prehook: PMU RCB overshoot! Clock_value: 7244033965. Stepped forward 5000000 RCBs, but should have trapped at 5000000
2026-07-27T17:08:55.935579Z ERROR detcore: prehook: PMU RCB overshoot! Clock_value: 7249033965. Stepped forward 5000000 RCBs, but should have trapped at 5000000
2026-07-27T17:08:56.143767Z ERROR detcore: prehook: PMU RCB overshoot! Clock_value: 7254033965. Stepped forward 5000000 RCBs, but should have trapped at 5000000
2026-07-27T17:08:56.352141Z ERROR detcore: prehook: PMU RCB overshoot! Clock_value: 7259033965. Stepped forward 5000000 RCBs, but should have trapped at 5000000
2026-07-27T17:08:56.565439Z ERROR detcore: prehook: PMU RCB overshoot! Clock_value: 7266042266. Stepped forward 4999000 RCBs, but should have trapped at 4999000
2026-07-27T17:08:56.770735Z ERROR detcore: prehook: PMU RCB overshoot! Clock_value: 7271042266. Stepped forward 5000000 RCBs, but should have trapped at 5000000
2026-07-27T17:08:56.978960Z ERROR detcore: prehook: PMU RCB overshoot! Clock_value: 7276042266. Stepped forward 5000000 RCBs, but should have trapped at 5000000
2026-07-27T17:08:57.189706Z ERROR detcore: prehook: PMU RCB overshoot! Clock_value: 7281042266. Stepped forward 5000000 RCBs, but should have trapped at 5000000
2026-07-27T17:08:57.395424Z ERROR detcore: prehook: PMU RCB overshoot! Clock_value: 7286042266. Stepped forward 5000000 RCBs, but should have trapped at 5000000
2026-07-27T17:08:57.597924Z ERROR detcore: prehook: PMU RCB overshoot! Clock_value: 7291042266. Stepped forward 5000000 RCBs, but should have trapped at 5000000
2026-07-27T17:08:57.805890Z ERROR detcore: prehook: PMU RCB overshoot! Clock_value: 7298050446. Stepped forward 4999000 RCBs, but should have trapped at 4999000
2026-07-27T17:08:58.005387Z ERROR detcore: prehook: PMU RCB overshoot! Clock_value: 7303050446. Stepped forward 5000000 RCBs, but should have trapped at 5000000
2026-07-27T17:08:58.213261Z ERROR detcore: prehook: PMU RCB overshoot! Clock_value: 7308050446. Stepped forward 5000000 RCBs, but should have trapped at 5000000
2026-07-27T17:08:58.418339Z ERROR detcore: prehook: PMU RCB overshoot! Clock_value: 7313050446. Stepped forward 5000000 RCBs, but should have trapped at 5000000
2026-07-27T17:08:58.620015Z ERROR detcore: prehook: PMU RCB overshoot! Clock_value: 7318050446. Stepped forward 5000000 RCBs, but should have trapped at 5000000
2026-07-27T17:08:58.825963Z ERROR detcore: prehook: PMU RCB overshoot! Clock_value: 7323050446. Stepped forward 5000000 RCBs, but should have trapped at 5000000
2026-07-27T17:08:59.031149Z ERROR detcore: prehook: PMU RCB overshoot! Clock_value: 7330067007. Stepped forward 4999000 RCBs, but should have trapped at 4999000
2026-07-27T17:08:59.236153Z ERROR detcore: prehook: PMU RCB overshoot! Clock_value: 7335067007. Stepped forward 5000000 RCBs, but should have trapped at 5000000
2026-07-27T17:08:59.446584Z ERROR detcore: prehook: PMU RCB overshoot! Clock_value: 7340067007. Stepped forward 5000000 RCBs, but should have trapped at 5000000
2026-07-27T17:08:59.651352Z ERROR detcore: prehook: PMU RCB overshoot! Clock_value: 7345067007. Stepped forward 5000000 RCBs, but should have trapped at 5000000
2026-07-27T17:08:59.859464Z ERROR detcore: prehook: PMU RCB overshoot! Clock_value: 7350067007. Stepped forward 5000000 RCBs, but should have trapped at 5000000
2026-07-27T17:09:00.071784Z ERROR detcore: prehook: PMU RCB overshoot! Clock_value: 7355067007. Stepped forward 5000000 RCBs, but should have trapped at 5000000
2026-07-27T17:09:00.292559Z ERROR detcore: prehook: PMU RCB overshoot! Clock_value: 7362077943. Stepped forward 4999000 RCBs, but should have trapped at 4999000
2026-07-27T17:09:00.495147Z ERROR detcore: prehook: PMU RCB overshoot! Clock_value: 7367077943. Stepped forward 5000000 RCBs, but should have trapped at 5000000
2026-07-27T17:09:00.700404Z ERROR detcore: prehook: PMU RCB overshoot! Clock_value: 7372077943. Stepped forward 5000000 RCBs, but should have trapped at 5000000
2026-07-27T17:09:00.906481Z ERROR detcore: prehook: PMU RCB overshoot! Clock_value: 7377077943. Stepped forward 5000000 RCBs, but should have trapped at 5000000
2026-07-27T17:09:01.118369Z ERROR detcore: prehook: PMU RCB overshoot! Clock_value: 7382077943. Stepped forward 5000000 RCBs, but should have trapped at 5000000
2026-07-27T17:09:01.326847Z ERROR detcore: prehook: PMU RCB overshoot! Clock_value: 7387077943. Stepped forward 5000000 RCBs, but should have trapped at 5000000
2026-07-27T17:09:01.538988Z ERROR detcore: prehook: PMU RCB overshoot! Clock_value: 7394090570. Stepped forward 4999000 RCBs, but should have trapped at 4999000
2026-07-27T17:09:01.748108Z ERROR detcore: prehook: PMU RCB overshoot! Clock_value: 7399090570. Stepped forward 5000000 RCBs, but should have trapped at 5000000
2026-07-27T17:09:01.955961Z ERROR detcore: prehook: PMU RCB overshoot! Clock_value: 7404090570. Stepped forward 5000000 RCBs, but should have trapped at 5000000
2026-07-27T17:09:02.160246Z ERROR detcore: prehook: PMU RCB overshoot! Clock_value: 7409090570. Stepped forward 5000000 RCBs, but should have trapped at 5000000
2026-07-27T17:09:02.364369Z ERROR detcore: prehook: PMU RCB overshoot! Clock_value: 7414090570. Stepped forward 5000000 RCBs, but should have trapped at 5000000
2026-07-27T17:09:02.570710Z ERROR detcore: prehook: PMU RCB overshoot! Clock_value: 7419090570. Stepped forward 5000000 RCBs, but should have trapped at 5000000
2026-07-27T17:09:02.776003Z ERROR detcore: prehook: PMU RCB overshoot! Clock_value: 7426104756. Stepped forward 4999000 RCBs, but should have trapped at 4999000
2026-07-27T17:09:02.981916Z ERROR detcore: prehook: PMU RCB overshoot! Clock_value: 7431104756. Stepped forward 5000000 RCBs, but should have trapped at 5000000
2026-07-27T17:09:03.188818Z ERROR detcore: prehook: PMU RCB overshoot! Clock_value: 7436104756. Stepped forward 5000000 RCBs, but should have trapped at 5000000
2026-07-27T17:09:03.392952Z ERROR detcore: prehook: PMU RCB overshoot! Clock_value: 7441104756. Stepped forward 5000000 RCBs, but should have trapped at 5000000
2026-07-27T17:09:03.598666Z ERROR detcore: prehook: PMU RCB overshoot! Clock_value: 7446104756. Stepped forward 5000000 RCBs, but should have trapped at 5000000
2026-07-27T17:09:03.806283Z ERROR detcore: prehook: PMU RCB overshoot! Clock_value: 7451104756. Stepped forward 5000000 RCBs, but should have trapped at 5000000
2026-07-27T17:09:04.013003Z ERROR detcore: prehook: PMU RCB overshoot! Clock_value: 7458119271. Stepped forward 4999000 RCBs, but should have trapped at 4999000
2026-07-27T17:09:04.218957Z ERROR detcore: prehook: PMU RCB overshoot! Clock_value: 7463119271. Stepped forward 5000000 RCBs, but should have trapped at 5000000
2026-07-27T17:09:04.425992Z ERROR detcore: prehook: PMU RCB overshoot! Clock_value: 7468119271. Stepped forward 5000000 RCBs, but should have trapped at 5000000
2026-07-27T17:09:04.636628Z ERROR detcore: prehook: PMU RCB overshoot! Clock_value: 7473119271. Stepped forward 5000000 RCBs, but should have trapped at 5000000
2026-07-27T17:09:04.841542Z ERROR detcore: prehook: PMU RCB overshoot! Clock_value: 7478119271. Stepped forward 5000000 RCBs, but should have trapped at 5000000
2026-07-27T17:09:05.044960Z ERROR detcore: prehook: PMU RCB overshoot! Clock_value: 7483119271. Stepped forward 5000000 RCBs, but should have trapped at 5000000
2026-07-27T17:09:05.254578Z ERROR detcore: prehook: PMU RCB overshoot! Clock_value: 7490127517. Stepped forward 4999000 RCBs, but should have trapped at 4999000
2026-07-27T17:09:05.459610Z ERROR detcore: prehook: PMU RCB overshoot! Clock_value: 7495127517. Stepped forward 5000000 RCBs, but should have trapped at 5000000
2026-07-27T17:09:05.667081Z ERROR detcore: prehook: PMU RCB overshoot! Clock_value: 7500127517. Stepped forward 5000000 RCBs, but should have trapped at 5000000
2026-07-27T17:09:05.877740Z ERROR detcore: prehook: PMU RCB overshoot! Clock_value: 7505127517. Stepped forward 5000000 RCBs, but should have trapped at 5000000
2026-07-27T17:09:06.082599Z ERROR detcore: prehook: PMU RCB overshoot! Clock_value: 7510127517. Stepped forward 5000000 RCBs, but should have trapped at 5000000
2026-07-27T17:09:06.290252Z ERROR detcore: prehook: PMU RCB overshoot! Clock_value: 7515127517. Stepped forward 5000000 RCBs, but should have trapped at 5000000
2026-07-27T17:09:06.505547Z ERROR detcore: prehook: PMU RCB overshoot! Clock_value: 7522135818. Stepped forward 4999000 RCBs, but should have trapped at 4999000
2026-07-27T17:09:06.708983Z ERROR detcore: prehook: PMU RCB overshoot! Clock_value: 7527135818. Stepped forward 5000000 RCBs, but should have trapped at 5000000
2026-07-27T17:09:06.918994Z ERROR detcore: prehook: PMU RCB overshoot! Clock_value: 7532135818. Stepped forward 5000000 RCBs, but should have trapped at 5000000
2026-07-27T17:09:07.132822Z ERROR detcore: prehook: PMU RCB overshoot! Clock_value: 7537135818. Stepped forward 5000000 RCBs, but should have trapped at 5000000
2026-07-27T17:09:07.341919Z ERROR detcore: prehook: PMU RCB overshoot! Clock_value: 7542135818. Stepped forward 5000000 RCBs, but should have trapped at 5000000
2026-07-27T17:09:07.552458Z ERROR detcore: prehook: PMU RCB overshoot! Clock_value: 7547135818. Stepped forward 5000000 RCBs, but should have trapped at 5000000
2026-07-27T17:09:07.763249Z ERROR detcore: prehook: PMU RCB overshoot! Clock_value: 7554144025. Stepped forward 4999000 RCBs, but should have trapped at 4999000
2026-07-27T17:09:07.967698Z ERROR detcore: prehook: PMU RCB overshoot! Clock_value: 7559144025. Stepped forward 5000000 RCBs, but should have trapped at 5000000
2026-07-27T17:09:08.171283Z ERROR detcore: prehook: PMU RCB overshoot! Clock_value: 7564144025. Stepped forward 5000000 RCBs, but should have trapped at 5000000
2026-07-27T17:09:08.379737Z ERROR detcore: prehook: PMU RCB overshoot! Clock_value: 7569144025. Stepped forward 5000000 RCBs, but should have trapped at 5000000
2026-07-27T17:09:08.580891Z ERROR detcore: prehook: PMU RCB overshoot! Clock_value: 7574144025. Stepped forward 5000000 RCBs, but should have trapped at 5000000
2026-07-27T17:09:08.782609Z ERROR detcore: prehook: PMU RCB overshoot! Clock_value: 7579144025. Stepped forward 5000000 RCBs, but should have trapped at 5000000
2026-07-27T17:09:08.995668Z ERROR detcore: prehook: PMU RCB overshoot! Clock_value: 7586152206. Stepped forward 4999000 RCBs, but should have trapped at 4999000
2026-07-27T17:09:09.203217Z ERROR detcore: prehook: PMU RCB overshoot! Clock_value: 7591152206. Stepped forward 5000000 RCBs, but should have trapped at 5000000
2026-07-27T17:09:09.406558Z ERROR detcore: prehook: PMU RCB overshoot! Clock_value: 7596152206. Stepped forward 5000000 RCBs, but should have trapped at 5000000
2026-07-27T17:09:09.613949Z ERROR detcore: prehook: PMU RCB overshoot! Clock_value: 7601152206. Stepped forward 5000000 RCBs, but should have trapped at 5000000
2026-07-27T17:09:09.822340Z ERROR detcore: prehook: PMU RCB overshoot! Clock_value: 7606152206. Stepped forward 5000000 RCBs, but should have trapped at 5000000
2026-07-27T17:09:10.025015Z ERROR detcore: prehook: PMU RCB overshoot! Clock_value: 7611152206. Stepped forward 5000000 RCBs, but should have trapped at 5000000
2026-07-27T17:09:10.234138Z ERROR detcore: prehook: PMU RCB overshoot! Clock_value: 7618160694. Stepped forward 4999000 RCBs, but should have trapped at 4999000
2026-07-27T17:09:10.436010Z ERROR detcore: prehook: PMU RCB overshoot! Clock_value: 7623160694. Stepped forward 5000000 RCBs, but should have trapped at 5000000
2026-07-27T17:09:10.641118Z ERROR detcore: prehook: PMU RCB overshoot! Clock_value: 7628160694. Stepped forward 5000000 RCBs, but should have trapped at 5000000
2026-07-27T17:09:10.849610Z ERROR detcore: prehook: PMU RCB overshoot! Clock_value: 7633160694. Stepped forward 5000000 RCBs, but should have trapped at 5000000
2026-07-27T17:09:11.050596Z ERROR detcore: prehook: PMU RCB overshoot! Clock_value: 7638160694. Stepped forward 5000000 RCBs, but should have trapped at 5000000
2026-07-27T17:09:11.258935Z ERROR detcore: prehook: PMU RCB overshoot! Clock_value: 7643160694. Stepped forward 5000000 RCBs, but should have trapped at 5000000
2026-07-27T17:09:11.468425Z ERROR detcore: prehook: PMU RCB overshoot! Clock_value: 7650168939. Stepped forward 4999000 RCBs, but should have trapped at 4999000
2026-07-27T17:09:11.672514Z ERROR detcore: prehook: PMU RCB overshoot! Clock_value: 7655168939. Stepped forward 5000000 RCBs, but should have trapped at 5000000
2026-07-27T17:09:11.878460Z ERROR detcore: prehook: PMU RCB overshoot! Clock_value: 7660168939. Stepped forward 5000000 RCBs, but should have trapped at 5000000
2026-07-27T17:09:12.085433Z ERROR detcore: prehook: PMU RCB overshoot! Clock_value: 7665168939. Stepped forward 5000000 RCBs, but should have trapped at 5000000
2026-07-27T17:09:12.291746Z ERROR detcore: prehook: PMU RCB overshoot! Clock_value: 7670168939. Stepped forward 5000000 RCBs, but should have trapped at 5000000
2026-07-27T17:09:12.498031Z ERROR detcore: prehook: PMU RCB overshoot! Clock_value: 7675168939. Stepped forward 5000000 RCBs, but should have trapped at 5000000
2026-07-27T17:09:12.709323Z ERROR detcore: prehook: PMU RCB overshoot! Clock_value: 7682177231. Stepped forward 4999000 RCBs, but should have trapped at 4999000
2026-07-27T17:09:12.914177Z ERROR detcore: prehook: PMU RCB overshoot! Clock_value: 7687177231. Stepped forward 5000000 RCBs, but should have trapped at 5000000
2026-07-27T17:09:13.115141Z ERROR detcore: prehook: PMU RCB overshoot! Clock_value: 7692177231. Stepped forward 5000000 RCBs, but should have trapped at 5000000
2026-07-27T17:09:13.321443Z ERROR detcore: prehook: PMU RCB overshoot! Clock_value: 7697176731. Stepped forward 4999489 RCBs, but should have trapped at 4999489
2026-07-27T17:09:13.526157Z ERROR detcore: prehook: PMU RCB overshoot! Clock_value: 7702176731. Stepped forward 5000000 RCBs, but should have trapped at 5000000
2026-07-27T17:09:13.736849Z ERROR detcore: prehook: PMU RCB overshoot! Clock_value: 7707175731. Stepped forward 4998826 RCBs, but should have trapped at 4998826
2026-07-27T17:09:13.947497Z ERROR detcore: prehook: PMU RCB overshoot! Clock_value: 7714185406. Stepped forward 4999000 RCBs, but should have trapped at 4999000
2026-07-27T17:09:14.151742Z ERROR detcore: prehook: PMU RCB overshoot! Clock_value: 7719185406. Stepped forward 5000000 RCBs, but should have trapped at 5000000
2026-07-27T17:09:14.357432Z ERROR detcore: prehook: PMU RCB overshoot! Clock_value: 7724185406. Stepped forward 5000000 RCBs, but should have trapped at 5000000
2026-07-27T17:09:14.565959Z ERROR detcore: prehook: PMU RCB overshoot! Clock_value: 7729185406. Stepped forward 5000000 RCBs, but should have trapped at 5000000
2026-07-27T17:09:14.771452Z ERROR detcore: prehook: PMU RCB overshoot! Clock_value: 7734185406. Stepped forward 5000000 RCBs, but should have trapped at 5000000
2026-07-27T17:09:14.972813Z ERROR detcore: prehook: PMU RCB overshoot! Clock_value: 7739185406. Stepped forward 5000000 RCBs, but should have trapped at 5000000
2026-07-27T17:09:15.184848Z ERROR detcore: prehook: PMU RCB overshoot! Clock_value: 7746193827. Stepped forward 4999000 RCBs, but should have trapped at 4999000
2026-07-27T17:09:15.390756Z ERROR detcore: prehook: PMU RCB overshoot! Clock_value: 7751193827. Stepped forward 5000000 RCBs, but should have trapped at 5000000
2026-07-27T17:09:15.595692Z ERROR detcore: prehook: PMU RCB overshoot! Clock_value: 7756193827. Stepped forward 5000000 RCBs, but should have trapped at 5000000
2026-07-27T17:09:15.806675Z ERROR detcore: prehook: PMU RCB overshoot! Clock_value: 7761193827. Stepped forward 5000000 RCBs, but should have trapped at 5000000
2026-07-27T17:09:16.011403Z ERROR detcore: prehook: PMU RCB overshoot! Clock_value: 7766193827. Stepped forward 5000000 RCBs, but should have trapped at 5000000
2026-07-27T17:09:16.215005Z ERROR detcore: prehook: PMU RCB overshoot! Clock_value: 7771193827. Stepped forward 5000000 RCBs, but should have trapped at 5000000
2026-07-27T17:09:16.424563Z ERROR detcore: prehook: PMU RCB overshoot! Clock_value: 7778202039. Stepped forward 4999000 RCBs, but should have trapped at 4999000
2026-07-27T17:09:16.631995Z ERROR detcore: prehook: PMU RCB overshoot! Clock_value: 7783202039. Stepped forward 5000000 RCBs, but should have trapped at 5000000
2026-07-27T17:09:16.838698Z ERROR detcore: prehook: PMU RCB overshoot! Clock_value: 7788202039. Stepped forward 5000000 RCBs, but should have trapped at 5000000
2026-07-27T17:09:17.043921Z ERROR detcore: prehook: PMU RCB overshoot! Clock_value: 7793202039. Stepped forward 5000000 RCBs, but should have trapped at 5000000
2026-07-27T17:09:17.249442Z ERROR detcore: prehook: PMU RCB overshoot! Clock_value: 7798202039. Stepped forward 5000000 RCBs, but should have trapped at 5000000
2026-07-27T17:09:17.455495Z ERROR detcore: prehook: PMU RCB overshoot! Clock_value: 7803202039. Stepped forward 5000000 RCBs, but should have trapped at 5000000
2026-07-27T17:09:17.663209Z ERROR detcore: prehook: PMU RCB overshoot! Clock_value: 7810210343. Stepped forward 4999000 RCBs, but should have trapped at 4999000
2026-07-27T17:09:17.868663Z ERROR detcore: prehook: PMU RCB overshoot! Clock_value: 7815210343. Stepped forward 5000000 RCBs, but should have trapped at 5000000
2026-07-27T17:09:18.071660Z ERROR detcore: prehook: PMU RCB overshoot! Clock_value: 7820210343. Stepped forward 5000000 RCBs, but should have trapped at 5000000
2026-07-27T17:09:18.281779Z ERROR detcore: prehook: PMU RCB overshoot! Clock_value: 7825210343. Stepped forward 5000000 RCBs, but should have trapped at 5000000
2026-07-27T17:09:18.488554Z ERROR detcore: prehook: PMU RCB overshoot! Clock_value: 7830210343. Stepped forward 5000000 RCBs, but should have trapped at 5000000
2026-07-27T17:09:18.693518Z ERROR detcore: prehook: PMU RCB overshoot! Clock_value: 7835210343. Stepped forward 5000000 RCBs, but should have trapped at 5000000
2026-07-27T17:09:18.906155Z ERROR detcore: prehook: PMU RCB overshoot! Clock_value: 7842218526. Stepped forward 4999000 RCBs, but should have trapped at 4999000
2026-07-27T17:09:19.110991Z ERROR detcore: prehook: PMU RCB overshoot! Clock_value: 7847218526. Stepped forward 5000000 RCBs, but should have trapped at 5000000
2026-07-27T17:09:19.317862Z ERROR detcore: prehook: PMU RCB overshoot! Clock_value: 7852218526. Stepped forward 5000000 RCBs, but should have trapped at 5000000
2026-07-27T17:09:19.522736Z ERROR detcore: prehook: PMU RCB overshoot! Clock_value: 7857218526. Stepped forward 5000000 RCBs, but should have trapped at 5000000
2026-07-27T17:09:19.726483Z ERROR detcore: prehook: PMU RCB overshoot! Clock_value: 7862218526. Stepped forward 5000000 RCBs, but should have trapped at 5000000
2026-07-27T17:09:19.933084Z ERROR detcore: prehook: PMU RCB overshoot! Clock_value: 7867218526. Stepped forward 5000000 RCBs, but should have trapped at 5000000
2026-07-27T17:09:20.141440Z ERROR detcore: prehook: PMU RCB overshoot! Clock_value: 7874226951. Stepped forward 4999000 RCBs, but should have trapped at 4999000
2026-07-27T17:09:20.348212Z ERROR detcore: prehook: PMU RCB overshoot! Clock_value: 7879226951. Stepped forward 5000000 RCBs, but should have trapped at 5000000
2026-07-27T17:09:20.555992Z ERROR detcore: prehook: PMU RCB overshoot! Clock_value: 7884226951. Stepped forward 5000000 RCBs, but should have trapped at 5000000
2026-07-27T17:09:20.765735Z ERROR detcore: prehook: PMU RCB overshoot! Clock_value: 7889226951. Stepped forward 5000000 RCBs, but should have trapped at 5000000
2026-07-27T17:09:20.973951Z ERROR detcore: prehook: PMU RCB overshoot! Clock_value: 7894226951. Stepped forward 5000000 RCBs, but should have trapped at 5000000
2026-07-27T17:09:21.181579Z ERROR detcore: prehook: PMU RCB overshoot! Clock_value: 7899226951. Stepped forward 5000000 RCBs, but should have trapped at 5000000
2026-07-27T17:09:21.395105Z ERROR detcore: prehook: PMU RCB overshoot! Clock_value: 7906235159. Stepped forward 4999000 RCBs, but should have trapped at 4999000
2026-07-27T17:09:21.600703Z ERROR detcore: prehook: PMU RCB overshoot! Clock_value: 7911235159. Stepped forward 5000000 RCBs, but should have trapped at 5000000
2026-07-27T17:09:21.806883Z ERROR detcore: prehook: PMU RCB overshoot! Clock_value: 7916235159. Stepped forward 5000000 RCBs, but should have trapped at 5000000
2026-07-27T17:09:22.014935Z ERROR detcore: prehook: PMU RCB overshoot! Clock_value: 7921235159. Stepped forward 5000000 RCBs, but should have trapped at 5000000
2026-07-27T17:09:22.225023Z ERROR detcore: prehook: PMU RCB overshoot! Clock_value: 7926235159. Stepped forward 5000000 RCBs, but should have trapped at 5000000
2026-07-27T17:09:22.435950Z ERROR detcore: prehook: PMU RCB overshoot! Clock_value: 7931235159. Stepped forward 5000000 RCBs, but should have trapped at 5000000
2026-07-27T17:09:22.648861Z ERROR detcore: prehook: PMU RCB overshoot! Clock_value: 7938243451. Stepped forward 4999000 RCBs, but should have trapped at 4999000
2026-07-27T17:09:22.860196Z ERROR detcore: prehook: PMU RCB overshoot! Clock_value: 7943243451. Stepped forward 5000000 RCBs, but should have trapped at 5000000
2026-07-27T17:09:23.068280Z ERROR detcore: prehook: PMU RCB overshoot! Clock_value: 7948243451. Stepped forward 5000000 RCBs, but should have trapped at 5000000
2026-07-27T17:09:23.279961Z ERROR detcore: prehook: PMU RCB overshoot! Clock_value: 7953243451. Stepped forward 5000000 RCBs, but should have trapped at 5000000
2026-07-27T17:09:23.489185Z ERROR detcore: prehook: PMU RCB overshoot! Clock_value: 7958243451. Stepped forward 5000000 RCBs, but should have trapped at 5000000
2026-07-27T17:09:23.694788Z ERROR detcore: prehook: PMU RCB overshoot! Clock_value: 7963243451. Stepped forward 5000000 RCBs, but should have trapped at 5000000
2026-07-27T17:09:23.908505Z ERROR detcore: prehook: PMU RCB overshoot! Clock_value: 7970256036. Stepped forward 4999000 RCBs, but should have trapped at 4999000
2026-07-27T17:09:24.115255Z ERROR detcore: prehook: PMU RCB overshoot! Clock_value: 7975256036. Stepped forward 5000000 RCBs, but should have trapped at 5000000
2026-07-27T17:09:24.320969Z ERROR detcore: prehook: PMU RCB overshoot! Clock_value: 7980256036. Stepped forward 5000000 RCBs, but should have trapped at 5000000
2026-07-27T17:09:24.530408Z ERROR detcore: prehook: PMU RCB overshoot! Clock_value: 7985256036. Stepped forward 5000000 RCBs, but should have trapped at 5000000
2026-07-27T17:09:24.738088Z ERROR detcore: prehook: PMU RCB overshoot! Clock_value: 7990256036. Stepped forward 5000000 RCBs, but should have trapped at 5000000
2026-07-27T17:09:24.948361Z ERROR detcore: prehook: PMU RCB overshoot! Clock_value: 7995256036. Stepped forward 5000000 RCBs, but should have trapped at 5000000
2026-07-27T17:09:25.160005Z ERROR detcore: prehook: PMU RCB overshoot! Clock_value: 8002264227. Stepped forward 4999000 RCBs, but should have trapped at 4999000
2026-07-27T17:09:25.371250Z ERROR detcore: prehook: PMU RCB overshoot! Clock_value: 8007264227. Stepped forward 5000000 RCBs, but should have trapped at 5000000
2026-07-27T17:09:25.579255Z ERROR detcore: prehook: PMU RCB overshoot! Clock_value: 8012264227. Stepped forward 5000000 RCBs, but should have trapped at 5000000
2026-07-27T17:09:25.786412Z ERROR detcore: prehook: PMU RCB overshoot! Clock_value: 8017264227. Stepped forward 5000000 RCBs, but should have trapped at 5000000
2026-07-27T17:09:25.996179Z ERROR detcore: prehook: PMU RCB overshoot! Clock_value: 8022264227. Stepped forward 5000000 RCBs, but should have trapped at 5000000
2026-07-27T17:09:26.202816Z ERROR detcore: prehook: PMU RCB overshoot! Clock_value: 8027264227. Stepped forward 5000000 RCBs, but should have trapped at 5000000
2026-07-27T17:09:26.414074Z ERROR detcore: prehook: PMU RCB overshoot! Clock_value: 8034272544. Stepped forward 4999000 RCBs, but should have trapped at 4999000
2026-07-27T17:09:26.620904Z ERROR detcore: prehook: PMU RCB overshoot! Clock_value: 8039272544. Stepped forward 5000000 RCBs, but should have trapped at 5000000
2026-07-27T17:09:26.830302Z ERROR detcore: prehook: PMU RCB overshoot! Clock_value: 8044272544. Stepped forward 5000000 RCBs, but should have trapped at 5000000
2026-07-27T17:09:27.040181Z ERROR detcore: prehook: PMU RCB overshoot! Clock_value: 8049272544. Stepped forward 5000000 RCBs, but should have trapped at 5000000
2026-07-27T17:09:27.255895Z ERROR detcore: prehook: PMU RCB overshoot! Clock_value: 8054272544. Stepped forward 5000000 RCBs, but should have trapped at 5000000
2026-07-27T17:09:27.469616Z ERROR detcore: prehook: PMU RCB overshoot! Clock_value: 8059272544. Stepped forward 5000000 RCBs, but should have trapped at 5000000
2026-07-27T17:09:27.686244Z ERROR detcore: prehook: PMU RCB overshoot! Clock_value: 8066280896. Stepped forward 4999000 RCBs, but should have trapped at 4999000
2026-07-27T17:09:27.897266Z ERROR detcore: prehook: PMU RCB overshoot! Clock_value: 8071280896. Stepped forward 5000000 RCBs, but should have trapped at 5000000
2026-07-27T17:09:28.107266Z ERROR detcore: prehook: PMU RCB overshoot! Clock_value: 8076280896. Stepped forward 5000000 RCBs, but should have trapped at 5000000
2026-07-27T17:09:28.331530Z ERROR detcore: prehook: PMU RCB overshoot! Clock_value: 8081280896. Stepped forward 5000000 RCBs, but should have trapped at 5000000
2026-07-27T17:09:28.698116Z ERROR detcore: prehook: PMU RCB overshoot! Clock_value: 8086280896. Stepped forward 5000000 RCBs, but should have trapped at 5000000
2026-07-27T17:09:28.915786Z ERROR detcore: prehook: PMU RCB overshoot! Clock_value: 8091280896. Stepped forward 5000000 RCBs, but should have trapped at 5000000
2026-07-27T17:09:29.130421Z ERROR detcore: prehook: PMU RCB overshoot! Clock_value: 8098289103. Stepped forward 4999000 RCBs, but should have trapped at 4999000
2026-07-27T17:09:29.336590Z ERROR detcore: prehook: PMU RCB overshoot! Clock_value: 8103289103. Stepped forward 5000000 RCBs, but should have trapped at 5000000
2026-07-27T17:09:29.542679Z ERROR detcore: prehook: PMU RCB overshoot! Clock_value: 8108289103. Stepped forward 5000000 RCBs, but should have trapped at 5000000
2026-07-27T17:09:29.753642Z ERROR detcore: prehook: PMU RCB overshoot! Clock_value: 8113289103. Stepped forward 5000000 RCBs, but should have trapped at 5000000
2026-07-27T17:09:29.962509Z ERROR detcore: prehook: PMU RCB overshoot! Clock_value: 8118289103. Stepped forward 5000000 RCBs, but should have trapped at 5000000
2026-07-27T17:09:30.169620Z ERROR detcore: prehook: PMU RCB overshoot! Clock_value: 8123289103. Stepped forward 5000000 RCBs, but should have trapped at 5000000
2026-07-27T17:09:30.379031Z ERROR detcore: prehook: PMU RCB overshoot! Clock_value: 8130297264. Stepped forward 4999000 RCBs, but should have trapped at 4999000
2026-07-27T17:09:30.582497Z ERROR detcore: prehook: PMU RCB overshoot! Clock_value: 8135297264. Stepped forward 5000000 RCBs, but should have trapped at 5000000
2026-07-27T17:09:30.786041Z ERROR detcore: prehook: PMU RCB overshoot! Clock_value: 8140297264. Stepped forward 5000000 RCBs, but should have trapped at 5000000
2026-07-27T17:09:30.995994Z ERROR detcore: prehook: PMU RCB overshoot! Clock_value: 8145297264. Stepped forward 5000000 RCBs, but should have trapped at 5000000
2026-07-27T17:09:31.203282Z ERROR detcore: prehook: PMU RCB overshoot! Clock_value: 8150297264. Stepped forward 5000000 RCBs, but should have trapped at 5000000
2026-07-27T17:09:31.407493Z ERROR detcore: prehook: PMU RCB overshoot! Clock_value: 8155297264. Stepped forward 5000000 RCBs, but should have trapped at 5000000
2026-07-27T17:09:31.619520Z ERROR detcore: prehook: PMU RCB overshoot! Clock_value: 8162307118. Stepped forward 4999000 RCBs, but should have trapped at 4999000
2026-07-27T17:09:31.827775Z ERROR detcore: prehook: PMU RCB overshoot! Clock_value: 8167307118. Stepped forward 5000000 RCBs, but should have trapped at 5000000
2026-07-27T17:09:32.038234Z ERROR detcore: prehook: PMU RCB overshoot! Clock_value: 8172307118. Stepped forward 5000000 RCBs, but should have trapped at 5000000
2026-07-27T17:09:32.246906Z ERROR detcore: prehook: PMU RCB overshoot! Clock_value: 8177307118. Stepped forward 5000000 RCBs, but should have trapped at 5000000
2026-07-27T17:09:32.460230Z ERROR detcore: prehook: PMU RCB overshoot! Clock_value: 8182307118. Stepped forward 5000000 RCBs, but should have trapped at 5000000
2026-07-27T17:09:32.669344Z ERROR detcore: prehook: PMU RCB overshoot! Clock_value: 8187307118. Stepped forward 5000000 RCBs, but should have trapped at 5000000
2026-07-27T17:09:32.885256Z ERROR detcore: prehook: PMU RCB overshoot! Clock_value: 8194315418. Stepped forward 4999000 RCBs, but should have trapped at 4999000
2026-07-27T17:09:33.088438Z ERROR detcore: prehook: PMU RCB overshoot! Clock_value: 8199315418. Stepped forward 5000000 RCBs, but should have trapped at 5000000
2026-07-27T17:09:33.295255Z ERROR detcore: prehook: PMU RCB overshoot! Clock_value: 8204315418. Stepped forward 5000000 RCBs, but should have trapped at 5000000
2026-07-27T17:09:33.508227Z ERROR detcore: prehook: PMU RCB overshoot! Clock_value: 8209315418. Stepped forward 5000000 RCBs, but should have trapped at 5000000
2026-07-27T17:09:33.713892Z ERROR detcore: prehook: PMU RCB overshoot! Clock_value: 8214315418. Stepped forward 5000000 RCBs, but should have trapped at 5000000
2026-07-27T17:09:33.920103Z ERROR detcore: prehook: PMU RCB overshoot! Clock_value: 8219315418. Stepped forward 5000000 RCBs, but should have trapped at 5000000
2026-07-27T17:09:34.130928Z ERROR detcore: prehook: PMU RCB overshoot! Clock_value: 8226323261. Stepped forward 4999000 RCBs, but should have trapped at 4999000
2026-07-27T17:09:34.339857Z ERROR detcore: prehook: PMU RCB overshoot! Clock_value: 8231323261. Stepped forward 5000000 RCBs, but should have trapped at 5000000
2026-07-27T17:09:34.548996Z ERROR detcore: prehook: PMU RCB overshoot! Clock_value: 8236323261. Stepped forward 5000000 RCBs, but should have trapped at 5000000
2026-07-27T17:09:34.757635Z ERROR detcore: prehook: PMU RCB overshoot! Clock_value: 8241323261. Stepped forward 5000000 RCBs, but should have trapped at 5000000
2026-07-27T17:09:34.965818Z ERROR detcore: prehook: PMU RCB overshoot! Clock_value: 8246323261. Stepped forward 5000000 RCBs, but should have trapped at 5000000
2026-07-27T17:09:35.173777Z ERROR detcore: prehook: PMU RCB overshoot! Clock_value: 8251323261. Stepped forward 5000000 RCBs, but should have trapped at 5000000
2026-07-27T17:09:35.385636Z ERROR detcore: prehook: PMU RCB overshoot! Clock_value: 8258331742. Stepped forward 4999000 RCBs, but should have trapped at 4999000
2026-07-27T17:09:35.592921Z ERROR detcore: prehook: PMU RCB overshoot! Clock_value: 8263331742. Stepped forward 5000000 RCBs, but should have trapped at 5000000
2026-07-27T17:09:35.800007Z ERROR detcore: prehook: PMU RCB overshoot! Clock_value: 8268331742. Stepped forward 5000000 RCBs, but should have trapped at 5000000
2026-07-27T17:09:36.012027Z ERROR detcore: prehook: PMU RCB overshoot! Clock_value: 8273331742. Stepped forward 5000000 RCBs, but should have trapped at 5000000
2026-07-27T17:09:36.217538Z ERROR detcore: prehook: PMU RCB overshoot! Clock_value: 8278331742. Stepped forward 5000000 RCBs, but should have trapped at 5000000
2026-07-27T17:09:36.420719Z ERROR detcore: prehook: PMU RCB overshoot! Clock_value: 8283331742. Stepped forward 5000000 RCBs, but should have trapped at 5000000
2026-07-27T17:09:36.630315Z ERROR detcore: prehook: PMU RCB overshoot! Clock_value: 8290339952. Stepped forward 4999000 RCBs, but should have trapped at 4999000
2026-07-27T17:09:36.834382Z ERROR detcore: prehook: PMU RCB overshoot! Clock_value: 8295339952. Stepped forward 5000000 RCBs, but should have trapped at 5000000
2026-07-27T17:09:37.039183Z ERROR detcore: prehook: PMU RCB overshoot! Clock_value: 8300339952. Stepped forward 5000000 RCBs, but should have trapped at 5000000
2026-07-27T17:09:37.248261Z ERROR detcore: prehook: PMU RCB overshoot! Clock_value: 8305339952. Stepped forward 5000000 RCBs, but should have trapped at 5000000
2026-07-27T17:09:37.459461Z ERROR detcore: prehook: PMU RCB overshoot! Clock_value: 8310339952. Stepped forward 5000000 RCBs, but should have trapped at 5000000
2026-07-27T17:09:37.667811Z ERROR detcore: prehook: PMU RCB overshoot! Clock_value: 8315339952. Stepped forward 5000000 RCBs, but should have trapped at 5000000
2026-07-27T17:09:37.883105Z ERROR detcore: prehook: PMU RCB overshoot! Clock_value: 8322348300. Stepped forward 4999000 RCBs, but should have trapped at 4999000
2026-07-27T17:09:38.090603Z ERROR detcore: prehook: PMU RCB overshoot! Clock_value: 8327348300. Stepped forward 5000000 RCBs, but should have trapped at 5000000
2026-07-27T17:09:38.299724Z ERROR detcore: prehook: PMU RCB overshoot! Clock_value: 8332348300. Stepped forward 5000000 RCBs, but should have trapped at 5000000
2026-07-27T17:09:38.513224Z ERROR detcore: prehook: PMU RCB overshoot! Clock_value: 8337348300. Stepped forward 5000000 RCBs, but should have trapped at 5000000
2026-07-27T17:09:38.721682Z ERROR detcore: prehook: PMU RCB overshoot! Clock_value: 8342348300. Stepped forward 5000000 RCBs, but should have trapped at 5000000
2026-07-27T17:09:38.929017Z ERROR detcore: prehook: PMU RCB overshoot! Clock_value: 8347348300. Stepped forward 5000000 RCBs, but should have trapped at 5000000
2026-07-27T17:09:39.140142Z ERROR detcore: prehook: PMU RCB overshoot! Clock_value: 8354356155. Stepped forward 4999000 RCBs, but should have trapped at 4999000
2026-07-27T17:09:39.349699Z ERROR detcore: prehook: PMU RCB overshoot! Clock_value: 8359356155. Stepped forward 5000000 RCBs, but should have trapped at 5000000
2026-07-27T17:09:39.560314Z ERROR detcore: prehook: PMU RCB overshoot! Clock_value: 8364356155. Stepped forward 5000000 RCBs, but should have trapped at 5000000
2026-07-27T17:09:39.770979Z ERROR detcore: prehook: PMU RCB overshoot! Clock_value: 8369356155. Stepped forward 5000000 RCBs, but should have trapped at 5000000
2026-07-27T17:09:39.979624Z ERROR detcore: prehook: PMU RCB overshoot! Clock_value: 8374356155. Stepped forward 5000000 RCBs, but should have trapped at 5000000
2026-07-27T17:09:40.190020Z ERROR detcore: prehook: PMU RCB overshoot! Clock_value: 8379356155. Stepped forward 5000000 RCBs, but should have trapped at 5000000
2026-07-27T17:09:40.399803Z ERROR detcore: prehook: PMU RCB overshoot! Clock_value: 8386364640. Stepped forward 4999000 RCBs, but should have trapped at 4999000
2026-07-27T17:09:40.608349Z ERROR detcore: prehook: PMU RCB overshoot! Clock_value: 8391364640. Stepped forward 5000000 RCBs, but should have trapped at 5000000
2026-07-27T17:09:40.816927Z ERROR detcore: prehook: PMU RCB overshoot! Clock_value: 8396364640. Stepped forward 5000000 RCBs, but should have trapped at 5000000
2026-07-27T17:09:41.076575Z ERROR detcore: prehook: PMU RCB overshoot! Clock_value: 8401364640. Stepped forward 5000000 RCBs, but should have trapped at 5000000
2026-07-27T17:09:41.412159Z ERROR detcore: prehook: PMU RCB overshoot! Clock_value: 8406364640. Stepped forward 5000000 RCBs, but should have trapped at 5000000
2026-07-27T17:09:41.722744Z ERROR detcore: prehook: PMU RCB overshoot! Clock_value: 8411364640. Stepped forward 5000000 RCBs, but should have trapped at 5000000
2026-07-27T17:09:42.069082Z ERROR detcore: prehook: PMU RCB overshoot! Clock_value: 8418372809. Stepped forward 4999000 RCBs, but should have trapped at 4999000
2026-07-27T17:09:42.357307Z ERROR detcore: prehook: PMU RCB overshoot! Clock_value: 8423372809. Stepped forward 5000000 RCBs, but should have trapped at 5000000
2026-07-27T17:09:42.639157Z ERROR detcore: prehook: PMU RCB overshoot! Clock_value: 8428372809. Stepped forward 5000000 RCBs, but should have trapped at 5000000
2026-07-27T17:09:42.854080Z ERROR detcore: prehook: PMU RCB overshoot! Clock_value: 8433372809. Stepped forward 5000000 RCBs, but should have trapped at 5000000
2026-07-27T17:09:43.059261Z ERROR detcore: prehook: PMU RCB overshoot! Clock_value: 8438372809. Stepped forward 5000000 RCBs, but should have trapped at 5000000
2026-07-27T17:09:43.263469Z ERROR detcore: prehook: PMU RCB overshoot! Clock_value: 8443372809. Stepped forward 5000000 RCBs, but should have trapped at 5000000
2026-07-27T17:09:43.475540Z ERROR detcore: prehook: PMU RCB overshoot! Clock_value: 8450381145. Stepped forward 4999000 RCBs, but should have trapped at 4999000
2026-07-27T17:09:43.682608Z ERROR detcore: prehook: PMU RCB overshoot! Clock_value: 8455381145. Stepped forward 5000000 RCBs, but should have trapped at 5000000
2026-07-27T17:09:43.888638Z ERROR detcore: prehook: PMU RCB overshoot! Clock_value: 8460380645. Stepped forward 4999422 RCBs, but should have trapped at 4999422
2026-07-27T17:09:44.089809Z ERROR detcore: prehook: PMU RCB overshoot! Clock_value: 8465380645. Stepped forward 5000000 RCBs, but should have trapped at 5000000
2026-07-27T17:09:44.293237Z ERROR detcore: prehook: PMU RCB overshoot! Clock_value: 8470380145. Stepped forward 4999451 RCBs, but should have trapped at 4999451
2026-07-27T17:09:44.500616Z ERROR detcore: prehook: PMU RCB overshoot! Clock_value: 8475380145. Stepped forward 5000000 RCBs, but should have trapped at 5000000
2026-07-27T17:09:44.709628Z ERROR detcore: prehook: PMU RCB overshoot! Clock_value: 8482388488. Stepped forward 4997942 RCBs, but should have trapped at 4997942
2026-07-27T17:09:44.914861Z ERROR detcore: prehook: PMU RCB overshoot! Clock_value: 8487388488. Stepped forward 5000000 RCBs, but should have trapped at 5000000
2026-07-27T17:09:45.122587Z ERROR detcore: prehook: PMU RCB overshoot! Clock_value: 8492387488. Stepped forward 4998833 RCBs, but should have trapped at 4998833
2026-07-27T17:09:45.330405Z ERROR detcore: prehook: PMU RCB overshoot! Clock_value: 8497387488. Stepped forward 5000000 RCBs, but should have trapped at 5000000
2026-07-27T17:09:45.539214Z ERROR detcore: prehook: PMU RCB overshoot! Clock_value: 8502387488. Stepped forward 5000000 RCBs, but should have trapped at 5000000
2026-07-27T17:09:45.750721Z ERROR detcore: prehook: PMU RCB overshoot! Clock_value: 8507387488. Stepped forward 5000000 RCBs, but should have trapped at 5000000
2026-07-27T17:09:45.969307Z ERROR detcore: prehook: PMU RCB overshoot! Clock_value: 8514397472. Stepped forward 4999000 RCBs, but should have trapped at 4999000
2026-07-27T17:09:46.177787Z ERROR detcore: prehook: PMU RCB overshoot! Clock_value: 8519397472. Stepped forward 5000000 RCBs, but should have trapped at 5000000
2026-07-27T17:09:46.386687Z ERROR detcore: prehook: PMU RCB overshoot! Clock_value: 8524397472. Stepped forward 5000000 RCBs, but should have trapped at 5000000
2026-07-27T17:09:46.595203Z ERROR detcore: prehook: PMU RCB overshoot! Clock_value: 8529397472. Stepped forward 5000000 RCBs, but should have trapped at 5000000
2026-07-27T17:09:46.804174Z ERROR detcore: prehook: PMU RCB overshoot! Clock_value: 8534397472. Stepped forward 5000000 RCBs, but should have trapped at 5000000
2026-07-27T17:09:47.007909Z ERROR detcore: prehook: PMU RCB overshoot! Clock_value: 8539397472. Stepped forward 5000000 RCBs, but should have trapped at 5000000
2026-07-27T17:09:47.220100Z ERROR detcore: prehook: PMU RCB overshoot! Clock_value: 8546405645. Stepped forward 4999000 RCBs, but should have trapped at 4999000
2026-07-27T17:09:47.428078Z ERROR detcore: prehook: PMU RCB overshoot! Clock_value: 8551405645. Stepped forward 5000000 RCBs, but should have trapped at 5000000
2026-07-27T17:09:47.634868Z ERROR detcore: prehook: PMU RCB overshoot! Clock_value: 8556405645. Stepped forward 5000000 RCBs, but should have trapped at 5000000
2026-07-27T17:09:47.842522Z ERROR detcore: prehook: PMU RCB overshoot! Clock_value: 8561405645. Stepped forward 5000000 RCBs, but should have trapped at 5000000
2026-07-27T17:09:48.052231Z ERROR detcore: prehook: PMU RCB overshoot! Clock_value: 8566405645. Stepped forward 5000000 RCBs, but should have trapped at 5000000
2026-07-27T17:09:48.258157Z ERROR detcore: prehook: PMU RCB overshoot! Clock_value: 8571405645. Stepped forward 5000000 RCBs, but should have trapped at 5000000
2026-07-27T17:09:48.471024Z ERROR detcore: prehook: PMU RCB overshoot! Clock_value: 8578413957. Stepped forward 4999000 RCBs, but should have trapped at 4999000
2026-07-27T17:09:48.676564Z ERROR detcore: prehook: PMU RCB overshoot! Clock_value: 8583413957. Stepped forward 5000000 RCBs, but should have trapped at 5000000
2026-07-27T17:09:48.882202Z ERROR detcore: prehook: PMU RCB overshoot! Clock_value: 8588413957. Stepped forward 5000000 RCBs, but should have trapped at 5000000
2026-07-27T17:09:49.091996Z ERROR detcore: prehook: PMU RCB overshoot! Clock_value: 8593413957. Stepped forward 5000000 RCBs, but should have trapped at 5000000
2026-07-27T17:09:49.300618Z ERROR detcore: prehook: PMU RCB overshoot! Clock_value: 8598413957. Stepped forward 5000000 RCBs, but should have trapped at 5000000
2026-07-27T17:09:49.508911Z ERROR detcore: prehook: PMU RCB overshoot! Clock_value: 8603413957. Stepped forward 5000000 RCBs, but should have trapped at 5000000
2026-07-27T17:09:49.718717Z ERROR detcore: prehook: PMU RCB overshoot! Clock_value: 8610421812. Stepped forward 4999000 RCBs, but should have trapped at 4999000
2026-07-27T17:09:49.928260Z ERROR detcore: prehook: PMU RCB overshoot! Clock_value: 8615421812. Stepped forward 5000000 RCBs, but should have trapped at 5000000
2026-07-27T17:09:50.140378Z ERROR detcore: prehook: PMU RCB overshoot! Clock_value: 8620421812. Stepped forward 5000000 RCBs, but should have trapped at 5000000
2026-07-27T17:09:50.350324Z ERROR detcore: prehook: PMU RCB overshoot! Clock_value: 8625421812. Stepped forward 5000000 RCBs, but should have trapped at 5000000
2026-07-27T17:09:50.559281Z ERROR detcore: prehook: PMU RCB overshoot! Clock_value: 8630421812. Stepped forward 5000000 RCBs, but should have trapped at 5000000
2026-07-27T17:09:50.773393Z ERROR detcore: prehook: PMU RCB overshoot! Clock_value: 8635421812. Stepped forward 5000000 RCBs, but should have trapped at 5000000
2026-07-27T17:09:50.983936Z ERROR detcore: prehook: PMU RCB overshoot! Clock_value: 8642434659. Stepped forward 4999000 RCBs, but should have trapped at 4999000
2026-07-27T17:09:51.192479Z ERROR detcore: prehook: PMU RCB overshoot! Clock_value: 8647434659. Stepped forward 5000000 RCBs, but should have trapped at 5000000
2026-07-27T17:09:51.401488Z ERROR detcore: prehook: PMU RCB overshoot! Clock_value: 8652434659. Stepped forward 5000000 RCBs, but should have trapped at 5000000
2026-07-27T17:09:51.612446Z ERROR detcore: prehook: PMU RCB overshoot! Clock_value: 8657434659. Stepped forward 5000000 RCBs, but should have trapped at 5000000
2026-07-27T17:09:51.816474Z ERROR detcore: prehook: PMU RCB overshoot! Clock_value: 8662434659. Stepped forward 5000000 RCBs, but should have trapped at 5000000
2026-07-27T17:09:52.021520Z ERROR detcore: prehook: PMU RCB overshoot! Clock_value: 8667434659. Stepped forward 5000000 RCBs, but should have trapped at 5000000
2026-07-27T17:09:52.232098Z ERROR detcore: prehook: PMU RCB overshoot! Clock_value: 8674443143. Stepped forward 4999000 RCBs, but should have trapped at 4999000
2026-07-27T17:09:52.440939Z ERROR detcore: prehook: PMU RCB overshoot! Clock_value: 8679443143. Stepped forward 5000000 RCBs, but should have trapped at 5000000
2026-07-27T17:09:52.650061Z ERROR detcore: prehook: PMU RCB overshoot! Clock_value: 8684443143. Stepped forward 5000000 RCBs, but should have trapped at 5000000
2026-07-27T17:09:52.859364Z ERROR detcore: prehook: PMU RCB overshoot! Clock_value: 8689443143. Stepped forward 5000000 RCBs, but should have trapped at 5000000
2026-07-27T17:09:53.066120Z ERROR detcore: prehook: PMU RCB overshoot! Clock_value: 8694443143. Stepped forward 5000000 RCBs, but should have trapped at 5000000
2026-07-27T17:09:53.274898Z ERROR detcore: prehook: PMU RCB overshoot! Clock_value: 8699443143. Stepped forward 5000000 RCBs, but should have trapped at 5000000
2026-07-27T17:09:53.485020Z ERROR detcore: prehook: PMU RCB overshoot! Clock_value: 8706451418. Stepped forward 4999000 RCBs, but should have trapped at 4999000
2026-07-27T17:09:53.688823Z ERROR detcore: prehook: PMU RCB overshoot! Clock_value: 8711451418. Stepped forward 5000000 RCBs, but should have trapped at 5000000
2026-07-27T17:09:53.892441Z ERROR detcore: prehook: PMU RCB overshoot! Clock_value: 8716451418. Stepped forward 5000000 RCBs, but should have trapped at 5000000
2026-07-27T17:09:54.098270Z ERROR detcore: prehook: PMU RCB overshoot! Clock_value: 8721451418. Stepped forward 5000000 RCBs, but should have trapped at 5000000
2026-07-27T17:09:54.305877Z ERROR detcore: prehook: PMU RCB overshoot! Clock_value: 8726451418. Stepped forward 5000000 RCBs, but should have trapped at 5000000
2026-07-27T17:09:54.515269Z ERROR detcore: prehook: PMU RCB overshoot! Clock_value: 8731451418. Stepped forward 5000000 RCBs, but should have trapped at 5000000
2026-07-27T17:09:54.730235Z ERROR detcore: prehook: PMU RCB overshoot! Clock_value: 8738459648. Stepped forward 4999000 RCBs, but should have trapped at 4999000
2026-07-27T17:09:54.942054Z ERROR detcore: prehook: PMU RCB overshoot! Clock_value: 8743459648. Stepped forward 5000000 RCBs, but should have trapped at 5000000
2026-07-27T17:09:55.148269Z ERROR detcore: prehook: PMU RCB overshoot! Clock_value: 8748459648. Stepped forward 5000000 RCBs, but should have trapped at 5000000
2026-07-27T17:09:55.357295Z ERROR detcore: prehook: PMU RCB overshoot! Clock_value: 8753459648. Stepped forward 5000000 RCBs, but should have trapped at 5000000
2026-07-27T17:09:55.567306Z ERROR detcore: prehook: PMU RCB overshoot! Clock_value: 8758459648. Stepped forward 5000000 RCBs, but should have trapped at 5000000
2026-07-27T17:09:55.775463Z ERROR detcore: prehook: PMU RCB overshoot! Clock_value: 8763459648. Stepped forward 5000000 RCBs, but should have trapped at 5000000
2026-07-27T17:09:55.986758Z ERROR detcore: prehook: PMU RCB overshoot! Clock_value: 8770467821. Stepped forward 4999000 RCBs, but should have trapped at 4999000
2026-07-27T17:09:56.203578Z ERROR detcore: prehook: PMU RCB overshoot! Clock_value: 8775467821. Stepped forward 5000000 RCBs, but should have trapped at 5000000
2026-07-27T17:09:56.412617Z ERROR detcore: prehook: PMU RCB overshoot! Clock_value: 8780467821. Stepped forward 5000000 RCBs, but should have trapped at 5000000
2026-07-27T17:09:56.627994Z ERROR detcore: prehook: PMU RCB overshoot! Clock_value: 8785467821. Stepped forward 5000000 RCBs, but should have trapped at 5000000
2026-07-27T17:09:56.838109Z ERROR detcore: prehook: PMU RCB overshoot! Clock_value: 8790467821. Stepped forward 5000000 RCBs, but should have trapped at 5000000
2026-07-27T17:09:57.044762Z ERROR detcore: prehook: PMU RCB overshoot! Clock_value: 8795467821. Stepped forward 5000000 RCBs, but should have trapped at 5000000
2026-07-27T17:09:57.250066Z ERROR detcore: prehook: PMU RCB overshoot! Clock_value: 8802476344. Stepped forward 4999000 RCBs, but should have trapped at 4999000
2026-07-27T17:09:57.452779Z ERROR detcore: prehook: PMU RCB overshoot! Clock_value: 8807476344. Stepped forward 5000000 RCBs, but should have trapped at 5000000
2026-07-27T17:09:57.659910Z ERROR detcore: prehook: PMU RCB overshoot! Clock_value: 8812476344. Stepped forward 5000000 RCBs, but should have trapped at 5000000
2026-07-27T17:09:57.862347Z ERROR detcore: prehook: PMU RCB overshoot! Clock_value: 8817476344. Stepped forward 5000000 RCBs, but should have trapped at 5000000
2026-07-27T17:09:58.065350Z ERROR detcore: prehook: PMU RCB overshoot! Clock_value: 8822476344. Stepped forward 5000000 RCBs, but should have trapped at 5000000
2026-07-27T17:09:58.275378Z ERROR detcore: prehook: PMU RCB overshoot! Clock_value: 8827476344. Stepped forward 5000000 RCBs, but should have trapped at 5000000
2026-07-27T17:09:58.488427Z ERROR detcore: prehook: PMU RCB overshoot! Clock_value: 8834486168. Stepped forward 4999000 RCBs, but should have trapped at 4999000
2026-07-27T17:09:58.696489Z ERROR detcore: prehook: PMU RCB overshoot! Clock_value: 8839486168. Stepped forward 5000000 RCBs, but should have trapped at 5000000
2026-07-27T17:09:58.902522Z ERROR detcore: prehook: PMU RCB overshoot! Clock_value: 8844486168. Stepped forward 5000000 RCBs, but should have trapped at 5000000
2026-07-27T17:09:59.110640Z ERROR detcore: prehook: PMU RCB overshoot! Clock_value: 8849486168. Stepped forward 5000000 RCBs, but should have trapped at 5000000
2026-07-27T17:09:59.318818Z ERROR detcore: prehook: PMU RCB overshoot! Clock_value: 8854486168. Stepped forward 5000000 RCBs, but should have trapped at 5000000
2026-07-27T17:09:59.525052Z ERROR detcore: prehook: PMU RCB overshoot! Clock_value: 8859486168. Stepped forward 5000000 RCBs, but should have trapped at 5000000
2026-07-27T17:09:59.737810Z ERROR detcore: prehook: PMU RCB overshoot! Clock_value: 8866494094. Stepped forward 4999000 RCBs, but should have trapped at 4999000
2026-07-27T17:09:59.944177Z ERROR detcore: prehook: PMU RCB overshoot! Clock_value: 8871494094. Stepped forward 5000000 RCBs, but should have trapped at 5000000
2026-07-27T17:10:00.149651Z ERROR detcore: prehook: PMU RCB overshoot! Clock_value: 8876494094. Stepped forward 5000000 RCBs, but should have trapped at 5000000
2026-07-27T17:10:00.363478Z ERROR detcore: prehook: PMU RCB overshoot! Clock_value: 8881494094. Stepped forward 5000000 RCBs, but should have trapped at 5000000
2026-07-27T17:10:00.577214Z ERROR detcore: prehook: PMU RCB overshoot! Clock_value: 8886494094. Stepped forward 5000000 RCBs, but should have trapped at 5000000
2026-07-27T17:10:00.783250Z ERROR detcore: prehook: PMU RCB overshoot! Clock_value: 8891494094. Stepped forward 5000000 RCBs, but should have trapped at 5000000
2026-07-27T17:10:00.991903Z ERROR detcore: prehook: PMU RCB overshoot! Clock_value: 8898502255. Stepped forward 4999000 RCBs, but should have trapped at 4999000
2026-07-27T17:10:01.204211Z ERROR detcore: prehook: PMU RCB overshoot! Clock_value: 8903502255. Stepped forward 5000000 RCBs, but should have trapped at 5000000
2026-07-27T17:10:01.412590Z ERROR detcore: prehook: PMU RCB overshoot! Clock_value: 8908502255. Stepped forward 5000000 RCBs, but should have trapped at 5000000
2026-07-27T17:10:01.621369Z ERROR detcore: prehook: PMU RCB overshoot! Clock_value: 8913502255. Stepped forward 5000000 RCBs, but should have trapped at 5000000
2026-07-27T17:10:01.831427Z ERROR detcore: prehook: PMU RCB overshoot! Clock_value: 8918502255. Stepped forward 5000000 RCBs, but should have trapped at 5000000
2026-07-27T17:10:02.038741Z ERROR detcore: prehook: PMU RCB overshoot! Clock_value: 8923502255. Stepped forward 5000000 RCBs, but should have trapped at 5000000
2026-07-27T17:10:02.250879Z ERROR detcore: prehook: PMU RCB overshoot! Clock_value: 8930510568. Stepped forward 4999000 RCBs, but should have trapped at 4999000
2026-07-27T17:10:02.456987Z ERROR detcore: prehook: PMU RCB overshoot! Clock_value: 8935510568. Stepped forward 5000000 RCBs, but should have trapped at 5000000
2026-07-27T17:10:02.663603Z ERROR detcore: prehook: PMU RCB overshoot! Clock_value: 8940510568. Stepped forward 5000000 RCBs, but should have trapped at 5000000
2026-07-27T17:10:02.872561Z ERROR detcore: prehook: PMU RCB overshoot! Clock_value: 8945510568. Stepped forward 5000000 RCBs, but should have trapped at 5000000
2026-07-27T17:10:03.079560Z ERROR detcore: prehook: PMU RCB overshoot! Clock_value: 8950510568. Stepped forward 5000000 RCBs, but should have trapped at 5000000
2026-07-27T17:10:03.287043Z ERROR detcore: prehook: PMU RCB overshoot! Clock_value: 8955510568. Stepped forward 5000000 RCBs, but should have trapped at 5000000
2026-07-27T17:10:03.499031Z ERROR detcore: prehook: PMU RCB overshoot! Clock_value: 8962518871. Stepped forward 4999000 RCBs, but should have trapped at 4999000
2026-07-27T17:10:03.706592Z ERROR detcore: prehook: PMU RCB overshoot! Clock_value: 8967518871. Stepped forward 5000000 RCBs, but should have trapped at 5000000
2026-07-27T17:10:03.910912Z ERROR detcore: prehook: PMU RCB overshoot! Clock_value: 8972518871. Stepped forward 5000000 RCBs, but should have trapped at 5000000
2026-07-27T17:10:04.118561Z ERROR detcore: prehook: PMU RCB overshoot! Clock_value: 8977518871. Stepped forward 5000000 RCBs, but should have trapped at 5000000
2026-07-27T17:10:04.326332Z ERROR detcore: prehook: PMU RCB overshoot! Clock_value: 8982518871. Stepped forward 5000000 RCBs, but should have trapped at 5000000
2026-07-27T17:10:04.532320Z ERROR detcore: prehook: PMU RCB overshoot! Clock_value: 8987518871. Stepped forward 5000000 RCBs, but should have trapped at 5000000
2026-07-27T17:10:04.748962Z ERROR detcore: prehook: PMU RCB overshoot! Clock_value: 8994526750. Stepped forward 4999000 RCBs, but should have trapped at 4999000
2026-07-27T17:10:04.954785Z ERROR detcore: prehook: PMU RCB overshoot! Clock_value: 8999526750. Stepped forward 5000000 RCBs, but should have trapped at 5000000
2026-07-27T17:10:05.161863Z ERROR detcore: prehook: PMU RCB overshoot! Clock_value: 9004526750. Stepped forward 5000000 RCBs, but should have trapped at 5000000
2026-07-27T17:10:05.372343Z ERROR detcore: prehook: PMU RCB overshoot! Clock_value: 9009526750. Stepped forward 5000000 RCBs, but should have trapped at 5000000
2026-07-27T17:10:05.580012Z ERROR detcore: prehook: PMU RCB overshoot! Clock_value: 9014526750. Stepped forward 5000000 RCBs, but should have trapped at 5000000
2026-07-27T17:10:05.790027Z ERROR detcore: prehook: PMU RCB overshoot! Clock_value: 9019526750. Stepped forward 5000000 RCBs, but should have trapped at 5000000
2026-07-27T17:10:05.998043Z ERROR detcore: prehook: PMU RCB overshoot! Clock_value: 9026534907. Stepped forward 4999000 RCBs, but should have trapped at 4999000
2026-07-27T17:10:06.208251Z ERROR detcore: prehook: PMU RCB overshoot! Clock_value: 9031534907. Stepped forward 5000000 RCBs, but should have trapped at 5000000
2026-07-27T17:10:06.416919Z ERROR detcore: prehook: PMU RCB overshoot! Clock_value: 9036534907. Stepped forward 5000000 RCBs, but should have trapped at 5000000
2026-07-27T17:10:06.624100Z ERROR detcore: prehook: PMU RCB overshoot! Clock_value: 9041534907. Stepped forward 5000000 RCBs, but should have trapped at 5000000
2026-07-27T17:10:06.831707Z ERROR detcore: prehook: PMU RCB overshoot! Clock_value: 9046534907. Stepped forward 5000000 RCBs, but should have trapped at 5000000
2026-07-27T17:10:07.042277Z ERROR detcore: prehook: PMU RCB overshoot! Clock_value: 9051534907. Stepped forward 5000000 RCBs, but should have trapped at 5000000
2026-07-27T17:10:07.259653Z ERROR detcore: prehook: PMU RCB overshoot! Clock_value: 9058543158. Stepped forward 4999000 RCBs, but should have trapped at 4999000
2026-07-27T17:10:07.469917Z ERROR detcore: prehook: PMU RCB overshoot! Clock_value: 9063543158. Stepped forward 5000000 RCBs, but should have trapped at 5000000
2026-07-27T17:10:07.680226Z ERROR detcore: prehook: PMU RCB overshoot! Clock_value: 9068543158. Stepped forward 5000000 RCBs, but should have trapped at 5000000
2026-07-27T17:10:07.896067Z ERROR detcore: prehook: PMU RCB overshoot! Clock_value: 9073543158. Stepped forward 5000000 RCBs, but should have trapped at 5000000
2026-07-27T17:10:08.107342Z ERROR detcore: prehook: PMU RCB overshoot! Clock_value: 9078543158. Stepped forward 5000000 RCBs, but should have trapped at 5000000
2026-07-27T17:10:08.315151Z ERROR detcore: prehook: PMU RCB overshoot! Clock_value: 9083543158. Stepped forward 5000000 RCBs, but should have trapped at 5000000
2026-07-27T17:10:08.528560Z ERROR detcore: prehook: PMU RCB overshoot! Clock_value: 9090551401. Stepped forward 4999000 RCBs, but should have trapped at 4999000
2026-07-27T17:10:08.737212Z ERROR detcore: prehook: PMU RCB overshoot! Clock_value: 9095551401. Stepped forward 5000000 RCBs, but should have trapped at 5000000
2026-07-27T17:10:08.946984Z ERROR detcore: prehook: PMU RCB overshoot! Clock_value: 9100551401. Stepped forward 5000000 RCBs, but should have trapped at 5000000
2026-07-27T17:10:09.160978Z ERROR detcore: prehook: PMU RCB overshoot! Clock_value: 9105551401. Stepped forward 5000000 RCBs, but should have trapped at 5000000
2026-07-27T17:10:09.370048Z ERROR detcore: prehook: PMU RCB overshoot! Clock_value: 9110551401. Stepped forward 5000000 RCBs, but should have trapped at 5000000
2026-07-27T17:10:09.577542Z ERROR detcore: prehook: PMU RCB overshoot! Clock_value: 9115551401. Stepped forward 5000000 RCBs, but should have trapped at 5000000
2026-07-27T17:10:09.791389Z ERROR detcore: prehook: PMU RCB overshoot! Clock_value: 9122559572. Stepped forward 4999000 RCBs, but should have trapped at 4999000
2026-07-27T17:10:10.000800Z ERROR detcore: prehook: PMU RCB overshoot! Clock_value: 9127559572. Stepped forward 5000000 RCBs, but should have trapped at 5000000
2026-07-27T17:10:10.214253Z ERROR detcore: prehook: PMU RCB overshoot! Clock_value: 9132559572. Stepped forward 5000000 RCBs, but should have trapped at 5000000
2026-07-27T17:10:10.424801Z ERROR detcore: prehook: PMU RCB overshoot! Clock_value: 9137559572. Stepped forward 5000000 RCBs, but should have trapped at 5000000
2026-07-27T17:10:10.636485Z ERROR detcore: prehook: PMU RCB overshoot! Clock_value: 9142559572. Stepped forward 5000000 RCBs, but should have trapped at 5000000
2026-07-27T17:10:10.850480Z ERROR detcore: prehook: PMU RCB overshoot! Clock_value: 9147559572. Stepped forward 5000000 RCBs, but should have trapped at 5000000
2026-07-27T17:10:11.063481Z ERROR detcore: prehook: PMU RCB overshoot! Clock_value: 9154567767. Stepped forward 4999000 RCBs, but should have trapped at 4999000
2026-07-27T17:10:11.276080Z ERROR detcore: prehook: PMU RCB overshoot! Clock_value: 9159567767. Stepped forward 5000000 RCBs, but should have trapped at 5000000
2026-07-27T17:10:11.481692Z ERROR detcore: prehook: PMU RCB overshoot! Clock_value: 9164567767. Stepped forward 5000000 RCBs, but should have trapped at 5000000
2026-07-27T17:10:11.689044Z ERROR detcore: prehook: PMU RCB overshoot! Clock_value: 9169567767. Stepped forward 5000000 RCBs, but should have trapped at 5000000
2026-07-27T17:10:11.897503Z ERROR detcore: prehook: PMU RCB overshoot! Clock_value: 9174567767. Stepped forward 5000000 RCBs, but should have trapped at 5000000
2026-07-27T17:10:12.102428Z ERROR detcore: prehook: PMU RCB overshoot! Clock_value: 9179567767. Stepped forward 5000000 RCBs, but should have trapped at 5000000
2026-07-27T17:10:12.315368Z ERROR detcore: prehook: PMU RCB overshoot! Clock_value: 9186576074. Stepped forward 4999000 RCBs, but should have trapped at 4999000
2026-07-27T17:10:12.524145Z ERROR detcore: prehook: PMU RCB overshoot! Clock_value: 9191576074. Stepped forward 5000000 RCBs, but should have trapped at 5000000
2026-07-27T17:10:12.727353Z ERROR detcore: prehook: PMU RCB overshoot! Clock_value: 9196576074. Stepped forward 5000000 RCBs, but should have trapped at 5000000
2026-07-27T17:10:12.933348Z ERROR detcore: prehook: PMU RCB overshoot! Clock_value: 9201576074. Stepped forward 5000000 RCBs, but should have trapped at 5000000
2026-07-27T17:10:13.141132Z ERROR detcore: prehook: PMU RCB overshoot! Clock_value: 9206575074. Stepped forward 4998857 RCBs, but should have trapped at 4998857
2026-07-27T17:10:13.349112Z ERROR detcore: prehook: PMU RCB overshoot! Clock_value: 9211575074. Stepped forward 5000000 RCBs, but should have trapped at 5000000
2026-07-27T17:10:13.560800Z ERROR detcore: prehook: PMU RCB overshoot! Clock_value: 9218584421. Stepped forward 4999000 RCBs, but should have trapped at 4999000
2026-07-27T17:10:13.766062Z ERROR detcore: prehook: PMU RCB overshoot! Clock_value: 9223584421. Stepped forward 5000000 RCBs, but should have trapped at 5000000
2026-07-27T17:10:13.970549Z ERROR detcore: prehook: PMU RCB overshoot! Clock_value: 9228584421. Stepped forward 5000000 RCBs, but should have trapped at 5000000
2026-07-27T17:10:14.180080Z ERROR detcore: prehook: PMU RCB overshoot! Clock_value: 9233584421. Stepped forward 5000000 RCBs, but should have trapped at 5000000
2026-07-27T17:10:14.386827Z ERROR detcore: prehook: PMU RCB overshoot! Clock_value: 9238584421. Stepped forward 5000000 RCBs, but should have trapped at 5000000
2026-07-27T17:10:14.595069Z ERROR detcore: prehook: PMU RCB overshoot! Clock_value: 9243584421. Stepped forward 5000000 RCBs, but should have trapped at 5000000
2026-07-27T17:10:14.807893Z ERROR detcore: prehook: PMU RCB overshoot! Clock_value: 9250592580. Stepped forward 4999000 RCBs, but should have trapped at 4999000
2026-07-27T17:10:15.013250Z ERROR detcore: prehook: PMU RCB overshoot! Clock_value: 9255592580. Stepped forward 5000000 RCBs, but should have trapped at 5000000
2026-07-27T17:10:15.216001Z ERROR detcore: prehook: PMU RCB overshoot! Clock_value: 9260592580. Stepped forward 5000000 RCBs, but should have trapped at 5000000
2026-07-27T17:10:15.422237Z ERROR detcore: prehook: PMU RCB overshoot! Clock_value: 9265592580. Stepped forward 5000000 RCBs, but should have trapped at 5000000
2026-07-27T17:10:15.627832Z ERROR detcore: prehook: PMU RCB overshoot! Clock_value: 9270592580. Stepped forward 5000000 RCBs, but should have trapped at 5000000
2026-07-27T17:10:15.833457Z ERROR detcore: prehook: PMU RCB overshoot! Clock_value: 9275592580. Stepped forward 5000000 RCBs, but should have trapped at 5000000
2026-07-27T17:10:16.039540Z ERROR detcore: prehook: PMU RCB overshoot! Clock_value: 9282605458. Stepped forward 4999000 RCBs, but should have trapped at 4999000
2026-07-27T17:10:16.243946Z ERROR detcore: prehook: PMU RCB overshoot! Clock_value: 9287605458. Stepped forward 5000000 RCBs, but should have trapped at 5000000
2026-07-27T17:10:16.449280Z ERROR detcore: prehook: PMU RCB overshoot! Clock_value: 9292605458. Stepped forward 5000000 RCBs, but should have trapped at 5000000
2026-07-27T17:10:16.655987Z ERROR detcore: prehook: PMU RCB overshoot! Clock_value: 9297605458. Stepped forward 5000000 RCBs, but should have trapped at 5000000
2026-07-27T17:10:16.863779Z ERROR detcore: prehook: PMU RCB overshoot! Clock_value: 9302605458. Stepped forward 5000000 RCBs, but should have trapped at 5000000
2026-07-27T17:10:17.062822Z ERROR detcore: prehook: PMU RCB overshoot! Clock_value: 9307605458. Stepped forward 5000000 RCBs, but should have trapped at 5000000
2026-07-27T17:10:17.276681Z ERROR detcore: prehook: PMU RCB overshoot! Clock_value: 9314613847. Stepped forward 4999000 RCBs, but should have trapped at 4999000
2026-07-27T17:10:17.484653Z ERROR detcore: prehook: PMU RCB overshoot! Clock_value: 9319613847. Stepped forward 5000000 RCBs, but should have trapped at 5000000
2026-07-27T17:10:17.689615Z ERROR detcore: prehook: PMU RCB overshoot! Clock_value: 9324613847. Stepped forward 5000000 RCBs, but should have trapped at 5000000
2026-07-27T17:10:17.900574Z ERROR detcore: prehook: PMU RCB overshoot! Clock_value: 9329613847. Stepped forward 5000000 RCBs, but should have trapped at 5000000
2026-07-27T17:10:18.101444Z ERROR detcore: prehook: PMU RCB overshoot! Clock_value: 9334613847. Stepped forward 5000000 RCBs, but should have trapped at 5000000
2026-07-27T17:10:18.306876Z ERROR detcore: prehook: PMU RCB overshoot! Clock_value: 9339613847. Stepped forward 5000000 RCBs, but should have trapped at 5000000
2026-07-27T17:10:18.518196Z ERROR detcore: prehook: PMU RCB overshoot! Clock_value: 9346622065. Stepped forward 4999000 RCBs, but should have trapped at 4999000
2026-07-27T17:10:18.727821Z ERROR detcore: prehook: PMU RCB overshoot! Clock_value: 9351622065. Stepped forward 5000000 RCBs, but should have trapped at 5000000
2026-07-27T17:10:18.936882Z ERROR detcore: prehook: PMU RCB overshoot! Clock_value: 9356622065. Stepped forward 5000000 RCBs, but should have trapped at 5000000
2026-07-27T17:10:19.142646Z ERROR detcore: prehook: PMU RCB overshoot! Clock_value: 9361622065. Stepped forward 5000000 RCBs, but should have trapped at 5000000
2026-07-27T17:10:19.349390Z ERROR detcore: prehook: PMU RCB overshoot! Clock_value: 9366622065. Stepped forward 5000000 RCBs, but should have trapped at 5000000
2026-07-27T17:10:19.555511Z ERROR detcore: prehook: PMU RCB overshoot! Clock_value: 9371622065. Stepped forward 5000000 RCBs, but should have trapped at 5000000
2026-07-27T17:10:19.764843Z ERROR detcore: prehook: PMU RCB overshoot! Clock_value: 9378630407. Stepped forward 4999000 RCBs, but should have trapped at 4999000
2026-07-27T17:10:19.974209Z ERROR detcore: prehook: PMU RCB overshoot! Clock_value: 9383630407. Stepped forward 5000000 RCBs, but should have trapped at 5000000
2026-07-27T17:10:20.182587Z ERROR detcore: prehook: PMU RCB overshoot! Clock_value: 9388630407. Stepped forward 5000000 RCBs, but should have trapped at 5000000
2026-07-27T17:10:20.390183Z ERROR detcore: prehook: PMU RCB overshoot! Clock_value: 9393630407. Stepped forward 5000000 RCBs, but should have trapped at 5000000
2026-07-27T17:10:20.595389Z ERROR detcore: prehook: PMU RCB overshoot! Clock_value: 9398630407. Stepped forward 5000000 RCBs, but should have trapped at 5000000
2026-07-27T17:10:20.803457Z ERROR detcore: prehook: PMU RCB overshoot! Clock_value: 9403630407. Stepped forward 5000000 RCBs, but should have trapped at 5000000
2026-07-27T17:10:21.019617Z ERROR detcore: prehook: PMU RCB overshoot! Clock_value: 9410638585. Stepped forward 4999000 RCBs, but should have trapped at 4999000
2026-07-27T17:10:21.227873Z ERROR detcore: prehook: PMU RCB overshoot! Clock_value: 9415638585. Stepped forward 5000000 RCBs, but should have trapped at 5000000
2026-07-27T17:10:21.439128Z ERROR detcore: prehook: PMU RCB overshoot! Clock_value: 9420638585. Stepped forward 5000000 RCBs, but should have trapped at 5000000
2026-07-27T17:10:21.651856Z ERROR detcore: prehook: PMU RCB overshoot! Clock_value: 9425638585. Stepped forward 5000000 RCBs, but should have trapped at 5000000
2026-07-27T17:10:21.859905Z ERROR detcore: prehook: PMU RCB overshoot! Clock_value: 9430638585. Stepped forward 5000000 RCBs, but should have trapped at 5000000
2026-07-27T17:10:22.066661Z ERROR detcore: prehook: PMU RCB overshoot! Clock_value: 9435638585. Stepped forward 5000000 RCBs, but should have trapped at 5000000
2026-07-27T17:10:22.282820Z ERROR detcore: prehook: PMU RCB overshoot! Clock_value: 9442647005. Stepped forward 4999000 RCBs, but should have trapped at 4999000
2026-07-27T17:10:22.493559Z ERROR detcore: prehook: PMU RCB overshoot! Clock_value: 9447647005. Stepped forward 5000000 RCBs, but should have trapped at 5000000
2026-07-27T17:10:22.703590Z ERROR detcore: prehook: PMU RCB overshoot! Clock_value: 9452647005. Stepped forward 5000000 RCBs, but should have trapped at 5000000
2026-07-27T17:10:22.917809Z ERROR detcore: prehook: PMU RCB overshoot! Clock_value: 9457647005. Stepped forward 5000000 RCBs, but should have trapped at 5000000
2026-07-27T17:10:23.125478Z ERROR detcore: prehook: PMU RCB overshoot! Clock_value: 9462647005. Stepped forward 5000000 RCBs, but should have trapped at 5000000
2026-07-27T17:10:23.335342Z ERROR detcore: prehook: PMU RCB overshoot! Clock_value: 9467647005. Stepped forward 5000000 RCBs, but should have trapped at 5000000
2026-07-27T17:10:23.548054Z ERROR detcore: prehook: PMU RCB overshoot! Clock_value: 9474655208. Stepped forward 4999000 RCBs, but should have trapped at 4999000
2026-07-27T17:10:23.753689Z ERROR detcore: prehook: PMU RCB overshoot! Clock_value: 9479655208. Stepped forward 5000000 RCBs, but should have trapped at 5000000
2026-07-27T17:10:23.958766Z ERROR detcore: prehook: PMU RCB overshoot! Clock_value: 9484655208. Stepped forward 5000000 RCBs, but should have trapped at 5000000
2026-07-27T17:10:24.165693Z ERROR detcore: prehook: PMU RCB overshoot! Clock_value: 9489655208. Stepped forward 5000000 RCBs, but should have trapped at 5000000
2026-07-27T17:10:24.352250Z ERROR detcore: prehook: PMU RCB overshoot! Clock_value: 9494655208. Stepped forward 5000000 RCBs, but should have trapped at 5000000
2026-07-27T17:10:24.562318Z ERROR detcore: prehook: PMU RCB overshoot! Clock_value: 9499655208. Stepped forward 5000000 RCBs, but should have trapped at 5000000
2026-07-27T17:10:24.774044Z ERROR detcore: prehook: PMU RCB overshoot! Clock_value: 9506663503. Stepped forward 4999000 RCBs, but should have trapped at 4999000
2026-07-27T17:10:24.988897Z ERROR detcore: prehook: PMU RCB overshoot! Clock_value: 9511663503. Stepped forward 5000000 RCBs, but should have trapped at 5000000
2026-07-27T17:10:25.199680Z ERROR detcore: prehook: PMU RCB overshoot! Clock_value: 9516663503. Stepped forward 5000000 RCBs, but should have trapped at 5000000
2026-07-27T17:10:25.408234Z ERROR detcore: prehook: PMU RCB overshoot! Clock_value: 9521663503. Stepped forward 5000000 RCBs, but should have trapped at 5000000
2026-07-27T17:10:25.618713Z ERROR detcore: prehook: PMU RCB overshoot! Clock_value: 9526663503. Stepped forward 5000000 RCBs, but should have trapped at 5000000
2026-07-27T17:10:25.827858Z ERROR detcore: prehook: PMU RCB overshoot! Clock_value: 9531663503. Stepped forward 5000000 RCBs, but should have trapped at 5000000
2026-07-27T17:10:26.042238Z ERROR detcore: prehook: PMU RCB overshoot! Clock_value: 9538673209. Stepped forward 4999000 RCBs, but should have trapped at 4999000
2026-07-27T17:10:26.255702Z ERROR detcore: prehook: PMU RCB overshoot! Clock_value: 9543673209. Stepped forward 5000000 RCBs, but should have trapped at 5000000
2026-07-27T17:10:26.465307Z ERROR detcore: prehook: PMU RCB overshoot! Clock_value: 9548673209. Stepped forward 5000000 RCBs, but should have trapped at 5000000
2026-07-27T17:10:26.673524Z ERROR detcore: prehook: PMU RCB overshoot! Clock_value: 9553673209. Stepped forward 5000000 RCBs, but should have trapped at 5000000
2026-07-27T17:10:26.886622Z ERROR detcore: prehook: PMU RCB overshoot! Clock_value: 9558673209. Stepped forward 5000000 RCBs, but should have trapped at 5000000
2026-07-27T17:10:27.091708Z ERROR detcore: prehook: PMU RCB overshoot! Clock_value: 9563673209. Stepped forward 5000000 RCBs, but should have trapped at 5000000
2026-07-27T17:10:27.306531Z ERROR detcore: prehook: PMU RCB overshoot! Clock_value: 9570681484. Stepped forward 4999000 RCBs, but should have trapped at 4999000
2026-07-27T17:10:27.519067Z ERROR detcore: prehook: PMU RCB overshoot! Clock_value: 9575681484. Stepped forward 5000000 RCBs, but should have trapped at 5000000
2026-07-27T17:10:27.728193Z ERROR detcore: prehook: PMU RCB overshoot! Clock_value: 9580681484. Stepped forward 5000000 RCBs, but should have trapped at 5000000
2026-07-27T17:10:27.940782Z ERROR detcore: prehook: PMU RCB overshoot! Clock_value: 9585681484. Stepped forward 5000000 RCBs, but should have trapped at 5000000
2026-07-27T17:10:28.148084Z ERROR detcore: prehook: PMU RCB overshoot! Clock_value: 9590681484. Stepped forward 5000000 RCBs, but should have trapped at 5000000
2026-07-27T17:10:28.354037Z ERROR detcore: prehook: PMU RCB overshoot! Clock_value: 9595681484. Stepped forward 5000000 RCBs, but should have trapped at 5000000
2026-07-27T17:10:28.569201Z ERROR detcore: prehook: PMU RCB overshoot! Clock_value: 9602689699. Stepped forward 4999000 RCBs, but should have trapped at 4999000
2026-07-27T17:10:28.774768Z ERROR detcore: prehook: PMU RCB overshoot! Clock_value: 9607689699. Stepped forward 5000000 RCBs, but should have trapped at 5000000
2026-07-27T17:10:28.984443Z ERROR detcore: prehook: PMU RCB overshoot! Clock_value: 9612689699. Stepped forward 5000000 RCBs, but should have trapped at 5000000
2026-07-27T17:10:29.194423Z ERROR detcore: prehook: PMU RCB overshoot! Clock_value: 9617689699. Stepped forward 5000000 RCBs, but should have trapped at 5000000
2026-07-27T17:10:29.400356Z ERROR detcore: prehook: PMU RCB overshoot! Clock_value: 9622689699. Stepped forward 5000000 RCBs, but should have trapped at 5000000
2026-07-27T17:10:29.608342Z ERROR detcore: prehook: PMU RCB overshoot! Clock_value: 9627689699. Stepped forward 5000000 RCBs, but should have trapped at 5000000
2026-07-27T17:10:29.826078Z ERROR detcore: prehook: PMU RCB overshoot! Clock_value: 9634697906. Stepped forward 4999000 RCBs, but should have trapped at 4999000
2026-07-27T17:10:30.034667Z ERROR detcore: prehook: PMU RCB overshoot! Clock_value: 9639697906. Stepped forward 5000000 RCBs, but should have trapped at 5000000
2026-07-27T17:10:30.241578Z ERROR detcore: prehook: PMU RCB overshoot! Clock_value: 9644697906. Stepped forward 5000000 RCBs, but should have trapped at 5000000
2026-07-27T17:10:30.455957Z ERROR detcore: prehook: PMU RCB overshoot! Clock_value: 9649697906. Stepped forward 5000000 RCBs, but should have trapped at 5000000
2026-07-27T17:10:30.662193Z ERROR detcore: prehook: PMU RCB overshoot! Clock_value: 9654697906. Stepped forward 5000000 RCBs, but should have trapped at 5000000
2026-07-27T17:10:30.872740Z ERROR detcore: prehook: PMU RCB overshoot! Clock_value: 9659697906. Stepped forward 5000000 RCBs, but should have trapped at 5000000
2026-07-27T17:10:31.092595Z ERROR detcore: prehook: PMU RCB overshoot! Clock_value: 9666706048. Stepped forward 4999000 RCBs, but should have trapped at 4999000
2026-07-27T17:10:31.299319Z ERROR detcore: prehook: PMU RCB overshoot! Clock_value: 9671706048. Stepped forward 5000000 RCBs, but should have trapped at 5000000
2026-07-27T17:10:31.506461Z ERROR detcore: prehook: PMU RCB overshoot! Clock_value: 9676706048. Stepped forward 5000000 RCBs, but should have trapped at 5000000
2026-07-27T17:10:31.716266Z ERROR detcore: prehook: PMU RCB overshoot! Clock_value: 9681706048. Stepped forward 5000000 RCBs, but should have trapped at 5000000
2026-07-27T17:10:31.923772Z ERROR detcore: prehook: PMU RCB overshoot! Clock_value: 9686706048. Stepped forward 5000000 RCBs, but should have trapped at 5000000
2026-07-27T17:10:32.132195Z ERROR detcore: prehook: PMU RCB overshoot! Clock_value: 9691706048. Stepped forward 5000000 RCBs, but should have trapped at 5000000
2026-07-27T17:10:32.349240Z ERROR detcore: prehook: PMU RCB overshoot! Clock_value: 9698714567. Stepped forward 4999000 RCBs, but should have trapped at 4999000
2026-07-27T17:10:32.558629Z ERROR detcore: prehook: PMU RCB overshoot! Clock_value: 9703714567. Stepped forward 5000000 RCBs, but should have trapped at 5000000
2026-07-27T17:10:32.767941Z ERROR detcore: prehook: PMU RCB overshoot! Clock_value: 9708714567. Stepped forward 5000000 RCBs, but should have trapped at 5000000
2026-07-27T17:10:32.979993Z ERROR detcore: prehook: PMU RCB overshoot! Clock_value: 9713714567. Stepped forward 5000000 RCBs, but should have trapped at 5000000
2026-07-27T17:10:33.188543Z ERROR detcore: prehook: PMU RCB overshoot! Clock_value: 9718714567. Stepped forward 5000000 RCBs, but should have trapped at 5000000
2026-07-27T17:10:33.395345Z ERROR detcore: prehook: PMU RCB overshoot! Clock_value: 9723714567. Stepped forward 5000000 RCBs, but should have trapped at 5000000
2026-07-27T17:10:33.609982Z ERROR detcore: prehook: PMU RCB overshoot! Clock_value: 9730722736. Stepped forward 4999000 RCBs, but should have trapped at 4999000
2026-07-27T17:10:33.818217Z ERROR detcore: prehook: PMU RCB overshoot! Clock_value: 9735722736. Stepped forward 5000000 RCBs, but should have trapped at 5000000
2026-07-27T17:10:34.023255Z ERROR detcore: prehook: PMU RCB overshoot! Clock_value: 9740722736. Stepped forward 5000000 RCBs, but should have trapped at 5000000
2026-07-27T17:10:34.232569Z ERROR detcore: prehook: PMU RCB overshoot! Clock_value: 9745722736. Stepped forward 5000000 RCBs, but should have trapped at 5000000
2026-07-27T17:10:34.440627Z ERROR detcore: prehook: PMU RCB overshoot! Clock_value: 9750722736. Stepped forward 5000000 RCBs, but should have trapped at 5000000
2026-07-27T17:10:34.648898Z ERROR detcore: prehook: PMU RCB overshoot! Clock_value: 9755722736. Stepped forward 5000000 RCBs, but should have trapped at 5000000
2026-07-27T17:10:34.865710Z ERROR detcore: prehook: PMU RCB overshoot! Clock_value: 9762730966. Stepped forward 4999000 RCBs, but should have trapped at 4999000
2026-07-27T17:10:35.074904Z ERROR detcore: prehook: PMU RCB overshoot! Clock_value: 9767730966. Stepped forward 5000000 RCBs, but should have trapped at 5000000
2026-07-27T17:10:35.286662Z ERROR detcore: prehook: PMU RCB overshoot! Clock_value: 9772730966. Stepped forward 5000000 RCBs, but should have trapped at 5000000
2026-07-27T17:10:35.500249Z ERROR detcore: prehook: PMU RCB overshoot! Clock_value: 9777730966. Stepped forward 5000000 RCBs, but should have trapped at 5000000
2026-07-27T17:10:35.706336Z ERROR detcore: prehook: PMU RCB overshoot! Clock_value: 9782730966. Stepped forward 5000000 RCBs, but should have trapped at 5000000
2026-07-27T17:10:35.914409Z ERROR detcore: prehook: PMU RCB overshoot! Clock_value: 9787730966. Stepped forward 5000000 RCBs, but should have trapped at 5000000
2026-07-27T17:10:36.132215Z ERROR detcore: prehook: PMU RCB overshoot! Clock_value: 9794739104. Stepped forward 4999000 RCBs, but should have trapped at 4999000
2026-07-27T17:10:36.341683Z ERROR detcore: prehook: PMU RCB overshoot! Clock_value: 9799739104. Stepped forward 5000000 RCBs, but should have trapped at 5000000
2026-07-27T17:10:36.551473Z ERROR detcore: prehook: PMU RCB overshoot! Clock_value: 9804739104. Stepped forward 5000000 RCBs, but should have trapped at 5000000
2026-07-27T17:10:36.762035Z ERROR detcore: prehook: PMU RCB overshoot! Clock_value: 9809739104. Stepped forward 5000000 RCBs, but should have trapped at 5000000
2026-07-27T17:10:36.971472Z ERROR detcore: prehook: PMU RCB overshoot! Clock_value: 9814739104. Stepped forward 5000000 RCBs, but should have trapped at 5000000
2026-07-27T17:10:37.178962Z ERROR detcore: prehook: PMU RCB overshoot! Clock_value: 9819739104. Stepped forward 5000000 RCBs, but should have trapped at 5000000
2026-07-27T17:10:37.394079Z ERROR detcore: prehook: PMU RCB overshoot! Clock_value: 9826747627. Stepped forward 4999000 RCBs, but should have trapped at 4999000
2026-07-27T17:10:37.602952Z ERROR detcore: prehook: PMU RCB overshoot! Clock_value: 9831747627. Stepped forward 5000000 RCBs, but should have trapped at 5000000
2026-07-27T17:10:37.811332Z ERROR detcore: prehook: PMU RCB overshoot! Clock_value: 9836747627. Stepped forward 5000000 RCBs, but should have trapped at 5000000
2026-07-27T17:10:38.021044Z ERROR detcore: prehook: PMU RCB overshoot! Clock_value: 9841747627. Stepped forward 5000000 RCBs, but should have trapped at 5000000
2026-07-27T17:10:38.230410Z ERROR detcore: prehook: PMU RCB overshoot! Clock_value: 9846747627. Stepped forward 5000000 RCBs, but should have trapped at 5000000
2026-07-27T17:10:38.437566Z ERROR detcore: prehook: PMU RCB overshoot! Clock_value: 9851747627. Stepped forward 5000000 RCBs, but should have trapped at 5000000
2026-07-27T17:10:38.648370Z ERROR detcore: prehook: PMU RCB overshoot! Clock_value: 9858755808. Stepped forward 4999000 RCBs, but should have trapped at 4999000
2026-07-27T17:10:38.862684Z ERROR detcore: prehook: PMU RCB overshoot! Clock_value: 9863755808. Stepped forward 5000000 RCBs, but should have trapped at 5000000
2026-07-27T17:10:39.071099Z ERROR detcore: prehook: PMU RCB overshoot! Clock_value: 9868755808. Stepped forward 5000000 RCBs, but should have trapped at 5000000
2026-07-27T17:10:39.281749Z ERROR detcore: prehook: PMU RCB overshoot! Clock_value: 9873755808. Stepped forward 5000000 RCBs, but should have trapped at 5000000
2026-07-27T17:10:39.492741Z ERROR detcore: prehook: PMU RCB overshoot! Clock_value: 9878755808. Stepped forward 5000000 RCBs, but should have trapped at 5000000
2026-07-27T17:10:39.702707Z ERROR detcore: prehook: PMU RCB overshoot! Clock_value: 9883755808. Stepped forward 5000000 RCBs, but should have trapped at 5000000
2026-07-27T17:10:39.921478Z ERROR detcore: prehook: PMU RCB overshoot! Clock_value: 9890764050. Stepped forward 4999000 RCBs, but should have trapped at 4999000
2026-07-27T17:10:40.131055Z ERROR detcore: prehook: PMU RCB overshoot! Clock_value: 9895764050. Stepped forward 5000000 RCBs, but should have trapped at 5000000
2026-07-27T17:10:40.339031Z ERROR detcore: prehook: PMU RCB overshoot! Clock_value: 9900764050. Stepped forward 5000000 RCBs, but should have trapped at 5000000
2026-07-27T17:10:40.555611Z ERROR detcore: prehook: PMU RCB overshoot! Clock_value: 9905764050. Stepped forward 5000000 RCBs, but should have trapped at 5000000
2026-07-27T17:10:40.764391Z ERROR detcore: prehook: PMU RCB overshoot! Clock_value: 9910764050. Stepped forward 5000000 RCBs, but should have trapped at 5000000
2026-07-27T17:10:40.974115Z ERROR detcore: prehook: PMU RCB overshoot! Clock_value: 9915764050. Stepped forward 5000000 RCBs, but should have trapped at 5000000
2026-07-27T17:10:41.183752Z ERROR detcore: prehook: PMU RCB overshoot! Clock_value: 9922772192. Stepped forward 4999000 RCBs, but should have trapped at 4999000
2026-07-27T17:10:41.390371Z ERROR detcore: prehook: PMU RCB overshoot! Clock_value: 9927772192. Stepped forward 5000000 RCBs, but should have trapped at 5000000
2026-07-27T17:10:41.602263Z ERROR detcore: prehook: PMU RCB overshoot! Clock_value: 9932772192. Stepped forward 5000000 RCBs, but should have trapped at 5000000
2026-07-27T17:10:41.811009Z ERROR detcore: prehook: PMU RCB overshoot! Clock_value: 9937772192. Stepped forward 5000000 RCBs, but should have trapped at 5000000
2026-07-27T17:10:42.018989Z ERROR detcore: prehook: PMU RCB overshoot! Clock_value: 9942772192. Stepped forward 5000000 RCBs, but should have trapped at 5000000
2026-07-27T17:10:42.232590Z ERROR detcore: prehook: PMU RCB overshoot! Clock_value: 9947772192. Stepped forward 5000000 RCBs, but should have trapped at 5000000
[    0.237266] smpboot: CPU0: AMD QEMU Virtual CPU version 2.5+ (family: 0x6, model: 0x6, stepping: 0x3)
2026-07-27T17:10:42.452057Z ERROR detcore: prehook: PMU RCB overshoot! Clock_value: 9955078256. Stepped forward 4999500 RCBs, but should have trapped at 4999500
[    0.237309] Performance Events: PMU not available due to virtualization, using software events only.
[    0.237309] signal: max sigframe size: 1440
[    0.237309] rcu: Hierarchical SRCU implementation.
[    0.237309] rcu: 	Max phase no-delay instances is 400.
2026-07-27T17:10:42.710120Z ERROR detcore: prehook: PMU RCB overshoot! Clock_value: 9969320190. Stepped forward 4999000 RCBs, but should have trapped at 4999000
[    0.237888] NMI watchdog: Perf NMI watchdog permanently disabled
[    0.237963] smp: Bringing up secondary CPUs ...
[    0.237976] smp: Brought up 1 node, 1 CPU
[    0.237987] smpboot: Total of 1 processors activated (2000.02 BogoMIPS)
2026-07-27T17:10:42.997896Z ERROR detcore: prehook: PMU RCB overshoot! Clock_value: 9979077482. Stepped forward 4996824 RCBs, but should have trapped at 4996824
[    0.238060] Memory: 188544K/261624K available (20273K kernel code, 9610K rwdata, 15088K rodata, 2512K init, 6488K bss, 69328K reserved, 0K cma-reserved)
2026-07-27T17:10:43.119700Z ERROR detcore: prehook: PMU RCB overshoot! Clock_value: 9984419738. Stepped forward 4991851 RCBs, but should have trapped at 4991851
[    0.238232] devtmpfs: initialized
[    0.238307] x86/mm: Memory block size: 128MB
[    0.238986] clocksource: jiffies: mask: 0xffffffff max_cycles: 0xffffffff, max_idle_ns: 1911260446275000 ns
[    0.239009] posixtimers hash table entries: 512 (order: 1, 8192 bytes, linear)
[    0.239031] futex hash table entries: 256 (16384 bytes on 1 NUMA nodes, total 16 KiB, linear).
[    0.240933] NET: Registered PF_NETLINK/PF_ROUTE protocol family
[    0.241197] DMA: preallocated 128 KiB GFP_KERNEL pool for atomic allocations
[    0.241216] DMA: preallocated 128 KiB GFP_KERNEL|GFP_DMA pool for atomic allocations
[    0.241235] DMA: preallocated 128 KiB GFP_KERNEL|GFP_DMA32 pool for atomic allocations
[    0.241265] audit: initializing netlink subsys (disabled)
2026-07-27T17:10:43.451255Z ERROR detcore: prehook: PMU RCB overshoot! Clock_value: 10023688467. Stepped forward 4999000 RCBs, but should have trapped at 4999000
[    0.241505] thermal_sys: Registered thermal governor 'step_wise'
[    0.241509] thermal_sys: Registered thermal governor 'user_space'
[    0.241530] audit: type=2000 audit(1640995264.169:1): state=initialized audit_enabled=0 res=1
[    0.241562] cpuidle: using governor menu
[    0.241750] dca service started, version 1.12.1
[    0.241769] PCI: Using configuration type 1 for base access
[    0.242030] kprobes: kprobe jump-optimization is enabled. All kprobes are optimized if possible.
[    0.385403] HugeTLB: registered 2.00 MiB page size, pre-allocated 0 pages
[    0.385416] HugeTLB: 28 KiB vmemmap can be freed for a 2.00 MiB page
2026-07-27T17:10:43.985313Z ERROR detcore: prehook: PMU RCB overshoot! Clock_value: 10151309183. Stepped forward 4999000 RCBs, but should have trapped at 4999000
2026-07-27T17:10:44.188811Z ERROR detcore: prehook: PMU RCB overshoot! Clock_value: 10156309183. Stepped forward 5000000 RCBs, but should have trapped at 5000000
2026-07-27T17:10:44.393973Z ERROR detcore: prehook: PMU RCB overshoot! Clock_value: 10161309183. Stepped forward 5000000 RCBs, but should have trapped at 5000000
2026-07-27T17:10:44.603421Z ERROR detcore: prehook: PMU RCB overshoot! Clock_value: 10166309183. Stepped forward 5000000 RCBs, but should have trapped at 5000000
2026-07-27T17:10:44.814868Z ERROR detcore: prehook: PMU RCB overshoot! Clock_value: 10171309183. Stepped forward 5000000 RCBs, but should have trapped at 5000000
2026-07-27T17:10:45.029786Z ERROR detcore: prehook: PMU RCB overshoot! Clock_value: 10176309183. Stepped forward 5000000 RCBs, but should have trapped at 5000000
2026-07-27T17:10:45.236811Z ERROR detcore: prehook: PMU RCB overshoot! Clock_value: 10181309183. Stepped forward 5000000 RCBs, but should have trapped at 5000000
2026-07-27T17:10:45.442146Z ERROR detcore: prehook: PMU RCB overshoot! Clock_value: 10186309183. Stepped forward 5000000 RCBs, but should have trapped at 5000000
[    0.407326] raid6: sse2x4   gen()  1287 MB/s
2026-07-27T17:10:45.751032Z ERROR detcore: prehook: PMU RCB overshoot! Clock_value: 10242801947. Stepped forward 4992917 RCBs, but should have trapped at 4992917
2026-07-27T17:10:45.965888Z ERROR detcore: prehook: PMU RCB overshoot! Clock_value: 10247801947. Stepped forward 5000000 RCBs, but should have trapped at 5000000
2026-07-27T17:10:46.177543Z ERROR detcore: prehook: PMU RCB overshoot! Clock_value: 10252800947. Stepped forward 4998914 RCBs, but should have trapped at 4998914
2026-07-27T17:10:46.387559Z ERROR detcore: prehook: PMU RCB overshoot! Clock_value: 10257800947. Stepped forward 5000000 RCBs, but should have trapped at 5000000
2026-07-27T17:10:46.592993Z ERROR detcore: prehook: PMU RCB overshoot! Clock_value: 10262800947. Stepped forward 5000000 RCBs, but should have trapped at 5000000
2026-07-27T17:10:46.797713Z ERROR detcore: prehook: PMU RCB overshoot! Clock_value: 10267800947. Stepped forward 5000000 RCBs, but should have trapped at 5000000
2026-07-27T17:10:47.003086Z ERROR detcore: prehook: PMU RCB overshoot! Clock_value: 10272800947. Stepped forward 5000000 RCBs, but should have trapped at 5000000
2026-07-27T17:10:47.207180Z ERROR detcore: prehook: PMU RCB overshoot! Clock_value: 10277800947. Stepped forward 5000000 RCBs, but should have trapped at 5000000
2026-07-27T17:10:47.409768Z ERROR detcore: prehook: PMU RCB overshoot! Clock_value: 10282800947. Stepped forward 5000000 RCBs, but should have trapped at 5000000
2026-07-27T17:10:47.619855Z ERROR detcore: prehook: PMU RCB overshoot! Clock_value: 10287800947. Stepped forward 5000000 RCBs, but should have trapped at 5000000
2026-07-27T17:10:47.825849Z ERROR detcore: prehook: PMU RCB overshoot! Clock_value: 10292800947. Stepped forward 5000000 RCBs, but should have trapped at 5000000
2026-07-27T17:10:48.033128Z ERROR detcore: prehook: PMU RCB overshoot! Clock_value: 10297800947. Stepped forward 5000000 RCBs, but should have trapped at 5000000
[    0.424326] raid6: sse2x2   gen()  1365 MB/s
2026-07-27T17:10:48.339407Z ERROR detcore: prehook: PMU RCB overshoot! Clock_value: 10354679775. Stepped forward 4999408 RCBs, but should have trapped at 4999408
2026-07-27T17:10:48.549316Z ERROR detcore: prehook: PMU RCB overshoot! Clock_value: 10359679775. Stepped forward 5000000 RCBs, but should have trapped at 5000000
2026-07-27T17:10:48.754699Z ERROR detcore: prehook: PMU RCB overshoot! Clock_value: 10364678775. Stepped forward 4998875 RCBs, but should have trapped at 4998875
2026-07-27T17:10:48.964574Z ERROR detcore: prehook: PMU RCB overshoot! Clock_value: 10369678775. Stepped forward 5000000 RCBs, but should have trapped at 5000000
2026-07-27T17:10:49.175621Z ERROR detcore: prehook: PMU RCB overshoot! Clock_value: 10374678775. Stepped forward 5000000 RCBs, but should have trapped at 5000000
2026-07-27T17:10:49.382893Z ERROR detcore: prehook: PMU RCB overshoot! Clock_value: 10379678775. Stepped forward 5000000 RCBs, but should have trapped at 5000000
2026-07-27T17:10:49.589995Z ERROR detcore: prehook: PMU RCB overshoot! Clock_value: 10384678775. Stepped forward 5000000 RCBs, but should have trapped at 5000000
2026-07-27T17:10:49.796211Z ERROR detcore: prehook: PMU RCB overshoot! Clock_value: 10389678775. Stepped forward 5000000 RCBs, but should have trapped at 5000000
2026-07-27T17:10:50.004208Z ERROR detcore: prehook: PMU RCB overshoot! Clock_value: 10394678775. Stepped forward 5000000 RCBs, but should have trapped at 5000000
2026-07-27T17:10:50.217490Z ERROR detcore: prehook: PMU RCB overshoot! Clock_value: 10399678775. Stepped forward 5000000 RCBs, but should have trapped at 5000000
2026-07-27T17:10:50.430927Z ERROR detcore: prehook: PMU RCB overshoot! Clock_value: 10404678775. Stepped forward 5000000 RCBs, but should have trapped at 5000000
2026-07-27T17:10:50.638280Z ERROR detcore: prehook: PMU RCB overshoot! Clock_value: 10409678775. Stepped forward 5000000 RCBs, but should have trapped at 5000000
[    0.441315] raid6: sse2x1   gen()  1135 MB/s
[    0.441325] raid6: using algorithm sse2x2 gen() 1365 MB/s
2026-07-27T17:10:50.932190Z ERROR detcore: prehook: PMU RCB overshoot! Clock_value: 10460168355. Stepped forward 4997899 RCBs, but should have trapped at 4997899
2026-07-27T17:10:51.137911Z ERROR detcore: prehook: PMU RCB overshoot! Clock_value: 10465168355. Stepped forward 5000000 RCBs, but should have trapped at 5000000
2026-07-27T17:10:51.343300Z ERROR detcore: prehook: PMU RCB overshoot! Clock_value: 10470167355. Stepped forward 4998857 RCBs, but should have trapped at 4998857
2026-07-27T17:10:51.556642Z ERROR detcore: prehook: PMU RCB overshoot! Clock_value: 10475167355. Stepped forward 5000000 RCBs, but should have trapped at 5000000
2026-07-27T17:10:51.767362Z ERROR detcore: prehook: PMU RCB overshoot! Clock_value: 10480167355. Stepped forward 5000000 RCBs, but should have trapped at 5000000
2026-07-27T17:10:51.973986Z ERROR detcore: prehook: PMU RCB overshoot! Clock_value: 10485167355. Stepped forward 5000000 RCBs, but should have trapped at 5000000
2026-07-27T17:10:52.182492Z ERROR detcore: prehook: PMU RCB overshoot! Clock_value: 10490167355. Stepped forward 5000000 RCBs, but should have trapped at 5000000
2026-07-27T17:10:52.389041Z ERROR detcore: prehook: PMU RCB overshoot! Clock_value: 10495167355. Stepped forward 5000000 RCBs, but should have trapped at 5000000
2026-07-27T17:10:52.592946Z ERROR detcore: prehook: PMU RCB overshoot! Clock_value: 10500167355. Stepped forward 5000000 RCBs, but should have trapped at 5000000
2026-07-27T17:10:52.803603Z ERROR detcore: prehook: PMU RCB overshoot! Clock_value: 10505167355. Stepped forward 5000000 RCBs, but should have trapped at 5000000
2026-07-27T17:10:53.013235Z ERROR detcore: prehook: PMU RCB overshoot! Clock_value: 10510167355. Stepped forward 5000000 RCBs, but should have trapped at 5000000
2026-07-27T17:10:53.222914Z ERROR detcore: prehook: PMU RCB overshoot! Clock_value: 10515167355. Stepped forward 5000000 RCBs, but should have trapped at 5000000
[    0.458314] raid6: .... xor() 838 MB/s, rmw enabled
[    0.458325] raid6: using intx1 recovery algorithm
[    0.458396] ACPI: Added _OSI(Module Device)
[    0.458406] ACPI: Added _OSI(Processor Device)
[    0.458417] ACPI: Added _OSI(Processor Aggregator Device)
[    0.461479] ACPI: 1 ACPI AML tables successfully acquired and loaded
2026-07-27T17:10:53.837294Z ERROR detcore: prehook: PMU RCB overshoot! Clock_value: 10674434887. Stepped forward 4995680 RCBs, but should have trapped at 4995680
[    0.539557] ACPI: Interpreter enabled
[    0.539573] ACPI: PM: (supports S0 S5)
[    0.539582] ACPI: Using IOAPIC for interrupt routing
[    0.539610] PCI: Using host bridge windows from ACPI; if necessary, use "pci=nocrs" and report a bug
[    0.539627] PCI: Ignoring E820 reservations for host bridge windows
[    0.539871] ACPI: Enabled 2 GPEs in block 00 to 0F
[    0.546186] ACPI: PCI Root Bridge [PCI0] (domain 0000 [bus 00-ff])
[    0.546206] acpi PNP0A03:00: _OSC: OS supports [ASPM ClockPM Segments MSI EDR HPX-Type3]
[    0.546225] acpi PNP0A03:00: _OSC: not requesting OS control; OS requires [ExtendedConfig ASPM ClockPM MSI]
[    0.546262] acpi PNP0A03:00: fail to add MMCONFIG information, can't access extended configuration space under this bridge
[    0.546596] PCI host bridge to bus 0000:00
[    0.546611] pci_bus 0000:00: root bus resource [io  0x0000-0x0cf7 window]
[    0.546627] pci_bus 0000:00: root bus resource [io  0x0d00-0xffff window]
[    0.546644] pci_bus 0000:00: root bus resource [mem 0x000a0000-0x000bffff window]
[    0.546661] pci_bus 0000:00: root bus resource [mem 0x10000000-0xfebfffff window]
[    0.546679] pci_bus 0000:00: root bus resource [mem 0x100000000-0x17fffffff window]
[    0.546697] pci_bus 0000:00: root bus resource [bus 00-ff]
[    0.546736] pci 0000:00:00.0: [8086:1237] type 00 class 0x060000 conventional PCI endpoint
[    0.546876] pci 0000:00:01.0: [8086:7000] type 00 class 0x060100 conventional PCI endpoint
[    0.547029] pci 0000:00:01.1: [8086:7010] type 00 class 0x010180 conventional PCI endpoint
[    0.547055] pci 0000:00:01.1: BAR 4 [io  0xc040-0xc04f]
[    0.547070] pci 0000:00:01.1: BAR 0 [io  0x01f0-0x01f7]: legacy IDE quirk
[    0.547086] pci 0000:00:01.1: BAR 1 [io  0x03f6]: legacy IDE quirk
[    0.547101] pci 0000:00:01.1: BAR 2 [io  0x0170-0x0177]: legacy IDE quirk
[    0.547117] pci 0000:00:01.1: BAR 3 [io  0x0376]: legacy IDE quirk
[    0.548544] pci 0000:00:01.3: [8086:7113] type 00 class 0x068000 conventional PCI endpoint
[    0.548576] pci 0000:00:01.3: quirk: [io  0x0600-0x063f] claimed by PIIX4 ACPI
[    0.548594] pci 0000:00:01.3: quirk: [io  0x0700-0x070f] claimed by PIIX4 SMB
[    0.548724] pci 0000:00:02.0: [1234:1111] type 00 class 0x030000 conventional PCI endpoint
[    0.548749] pci 0000:00:02.0: BAR 0 [mem 0xfd000000-0xfdffffff pref]
[    0.548766] pci 0000:00:02.0: BAR 2 [mem 0xfebf0000-0xfebf0fff]
[    0.548782] pci 0000:00:02.0: ROM [mem 0xfebe0000-0xfebeffff pref]
[    0.548808] pci 0000:00:02.0: Video device with shadowed ROM at [mem 0x000c0000-0x000dffff]
[    0.548934] pci 0000:00:03.0: [8086:100e] type 00 class 0x020000 conventional PCI endpoint
[    0.548960] pci 0000:00:03.0: BAR 0 [mem 0xfebc0000-0xfebdffff]
[    0.548975] pci 0000:00:03.0: BAR 1 [io  0xc000-0xc03f]
[    0.548991] pci 0000:00:03.0: ROM [mem 0xfeb80000-0xfebbffff pref]
[    0.550835] ACPI: PCI: Interrupt link LNKA configured for IRQ 10
[    0.550973] ACPI: PCI: Interrupt link LNKB configured for IRQ 10
[    0.551112] ACPI: PCI: Interrupt link LNKC configured for IRQ 11
[    0.551251] ACPI: PCI: Interrupt link LNKD configured for IRQ 11
[    0.551325] ACPI: PCI: Interrupt link LNKS configured for IRQ 9
[    0.560879] iommu: Default domain type: Translated
[    0.560890] iommu: DMA domain TLB invalidation policy: lazy mode
[    0.561147] SCSI subsystem initialized
[    0.561225] ACPI: bus type USB registered
[    0.561273] usbcore: registered new interface driver usbfs
[    0.561303] usbcore: registered new interface driver hub
[    0.561330] usbcore: registered new device driver usb
[    0.561375] pps_core: LinuxPPS API ver. 1 registered
[    0.561385] pps_core: Software ver. 5.3.6 - Copyright 2005-2007 Rodolfo Giometti <giometti@linux.it>
[    0.561407] PTP clock support registered
[    0.562484] EDAC MC: Ver: 3.0.0
2026-07-27T17:10:54.754536Z ERROR detcore: prehook: PMU RCB overshoot! Clock_value: 10747213859. Stepped forward 4992917 RCBs, but should have trapped at 4992917
2026-07-27T17:10:55.046058Z ERROR detcore: prehook: PMU RCB overshoot! Clock_value: 10752213859. Stepped forward 5000000 RCBs, but should have trapped at 5000000
[    0.563160] PCI: Using ACPI for IRQ routing
[    0.565127] clocksource: Switched to clocksource tsc-early
[    0.565307] VFS: Disk quotas dquot_6.6.0
[    0.565307] VFS: Dquot-cache hash table entries: 512 (order 0, 4096 bytes)
[    0.565307] pnp: PnP ACPI init
[    0.565307] pnp: PnP ACPI: found 5 devices
2026-07-27T17:10:55.358874Z ERROR detcore: prehook: PMU RCB overshoot! Clock_value: 10789417579. Stepped forward 4998266 RCBs, but should have trapped at 4998266
2026-07-27T17:10:55.569793Z ERROR detcore: prehook: PMU RCB overshoot! Clock_value: 10794417579. Stepped forward 5000000 RCBs, but should have trapped at 5000000
2026-07-27T17:10:55.785226Z ERROR detcore: prehook: PMU RCB overshoot! Clock_value: 10799417079. Stepped forward 4999392 RCBs, but should have trapped at 4999392
2026-07-27T17:10:55.995624Z ERROR detcore: prehook: PMU RCB overshoot! Clock_value: 10804417079. Stepped forward 5000000 RCBs, but should have trapped at 5000000
2026-07-27T17:10:56.209812Z ERROR detcore: prehook: PMU RCB overshoot! Clock_value: 10809416579. Stepped forward 4999413 RCBs, but should have trapped at 4999413
2026-07-27T17:10:56.420319Z ERROR detcore: prehook: PMU RCB overshoot! Clock_value: 10815127899. Stepped forward 4998266 RCBs, but should have trapped at 4998266
2026-07-27T17:10:56.628923Z ERROR detcore: prehook: PMU RCB overshoot! Clock_value: 10820127899. Stepped forward 5000000 RCBs, but should have trapped at 5000000
2026-07-27T17:10:56.837062Z ERROR detcore: prehook: PMU RCB overshoot! Clock_value: 10825126899. Stepped forward 4998843 RCBs, but should have trapped at 4998843
2026-07-27T17:10:57.045080Z ERROR detcore: prehook: PMU RCB overshoot! Clock_value: 10830126899. Stepped forward 5000000 RCBs, but should have trapped at 5000000
2026-07-27T17:10:57.253312Z ERROR detcore: prehook: PMU RCB overshoot! Clock_value: 10835126899. Stepped forward 5000000 RCBs, but should have trapped at 5000000
2026-07-27T17:10:57.460718Z ERROR detcore: prehook: PMU RCB overshoot! Clock_value: 10841815390. Stepped forward 4999000 RCBs, but should have trapped at 4999000
2026-07-27T17:10:57.669986Z ERROR detcore: prehook: PMU RCB overshoot! Clock_value: 10846815390. Stepped forward 5000000 RCBs, but should have trapped at 5000000
2026-07-27T17:10:57.878036Z ERROR detcore: prehook: PMU RCB overshoot! Clock_value: 10851815390. Stepped forward 5000000 RCBs, but should have trapped at 5000000
2026-07-27T17:10:58.080556Z ERROR detcore: prehook: PMU RCB overshoot! Clock_value: 10856815390. Stepped forward 5000000 RCBs, but should have trapped at 5000000
2026-07-27T17:10:58.292645Z ERROR detcore: prehook: PMU RCB overshoot! Clock_value: 10861815390. Stepped forward 5000000 RCBs, but should have trapped at 5000000
2026-07-27T17:10:58.503095Z ERROR detcore: prehook: PMU RCB overshoot! Clock_value: 10868505888. Stepped forward 4999000 RCBs, but should have trapped at 4999000
2026-07-27T17:10:58.712698Z ERROR detcore: prehook: PMU RCB overshoot! Clock_value: 10873505888. Stepped forward 5000000 RCBs, but should have trapped at 5000000
2026-07-27T17:10:58.919357Z ERROR detcore: prehook: PMU RCB overshoot! Clock_value: 10878505888. Stepped forward 5000000 RCBs, but should have trapped at 5000000
2026-07-27T17:10:59.123983Z ERROR detcore: prehook: PMU RCB overshoot! Clock_value: 10883505888. Stepped forward 5000000 RCBs, but should have trapped at 5000000
2026-07-27T17:10:59.330086Z ERROR detcore: prehook: PMU RCB overshoot! Clock_value: 10888505888. Stepped forward 5000000 RCBs, but should have trapped at 5000000
2026-07-27T17:10:59.537530Z ERROR detcore: prehook: PMU RCB overshoot! Clock_value: 10895197392. Stepped forward 4999000 RCBs, but should have trapped at 4999000
2026-07-27T17:10:59.744764Z ERROR detcore: prehook: PMU RCB overshoot! Clock_value: 10900197392. Stepped forward 5000000 RCBs, but should have trapped at 5000000
2026-07-27T17:10:59.936451Z ERROR detcore: prehook: PMU RCB overshoot! Clock_value: 10905197392. Stepped forward 5000000 RCBs, but should have trapped at 5000000
[    0.577059] clocksource: acpi_pm: mask: 0xffffff max_cycles: 0xffffff, max_idle_ns: 2085701024 ns
[    0.577249] NET: Registered PF_INET protocol family
[    0.577345] IP idents hash table entries: 4096 (order: 3, 32768 bytes, linear)
2026-07-27T17:11:00.264974Z ERROR detcore: prehook: PMU RCB overshoot! Clock_value: 10912192956. Stepped forward 4999000 RCBs, but should have trapped at 4999000
[    0.716609] tcp_listen_portaddr_hash hash table entries: 256 (order: 0, 4096 bytes, linear)
[    0.716631] Table-perturb hash table entries: 65536 (order: 6, 262144 bytes, linear)
[    0.716652] TCP established hash table entries: 2048 (order: 2, 16384 bytes, linear)
[    0.716685] TCP bind hash table entries: 2048 (order: 4, 65536 bytes, linear)
[    0.716727] TCP: Hash tables configured (established 2048 bind 2048)
[    0.716799] MPTCP token hash table entries: 256 (order: 1, 6144 bytes, linear)
[    0.716829] UDP hash table entries: 256 (order: 2, 16384 bytes, linear)
[    0.716857] UDP-Lite hash table entries: 256 (order: 2, 16384 bytes, linear)
[    0.716947] NET: Registered PF_UNIX/PF_LOCAL protocol family
[    0.716967] NET: Registered PF_XDP protocol family
[    0.716987] pci_bus 0000:00: resource 4 [io  0x0000-0x0cf7 window]
[    0.717003] pci_bus 0000:00: resource 5 [io  0x0d00-0xffff window]
[    0.717019] pci_bus 0000:00: resource 6 [mem 0x000a0000-0x000bffff window]
[    0.717036] pci_bus 0000:00: resource 7 [mem 0x10000000-0xfebfffff window]
[    0.717053] pci_bus 0000:00: resource 8 [mem 0x100000000-0x17fffffff window]
[    0.717150] pci 0000:00:01.0: PIIX3: Enabling Passive Release
[    0.717165] pci 0000:00:00.0: Limiting direct PCI/PCI transfers
[    0.717218] PCI: CLS 0 bytes, default 64
[    0.717438] Trying to unpack rootfs image as initramfs...
2026-07-27T17:11:00.897481Z ERROR detcore: prehook: PMU RCB overshoot! Clock_value: 11072651339. Stepped forward 4999000 RCBs, but should have trapped at 4999000
[    0.717606] Freeing initrd memory: 4K
[    1.117637] Initialise system trusted keyrings
[    1.117751] workingset: timestamp_bits=43 max_order=16 bucket_order=0
[    1.118212] fuse: init (API version 7.44)
[    1.118587] SGI XFS with ACLs, security attributes, realtime, quota, no debug enabled
[    1.121309] cryptd: max_cpu_qlen set to 1000
[    1.217579] NET: Registered PF_ALG protocol family
[    1.217606] xor: measuring software checksum speed
2026-07-27T17:11:02.311364Z ERROR detcore: prehook: PMU RCB overshoot! Clock_value: 11571980213. Stepped forward 4998997 RCBs, but should have trapped at 4998997
[    1.218465]    prefetch64-sse  :  3860 MB/sec
2026-07-27T17:11:02.665898Z ERROR detcore: prehook: PMU RCB overshoot! Clock_value: 11583128121. Stepped forward 4992510 RCBs, but should have trapped at 4992510
[    1.219430]    generic_sse     :  3438 MB/sec
[    1.219441] xor: using function: prefetch64-sse (3860 MB/sec)
[    1.219453] Key type asymmetric registered
[    1.219463] Asymmetric key parser 'x509' registered
[    1.219490] Block layer SCSI generic (bsg) driver version 0.4 loaded (major 245)
[    1.219621] io scheduler mq-deadline registered
[    1.219631] io scheduler kyber registered
[    1.219705] Memory allocation profiling is not supported!
[    1.220026] ioatdma: Intel(R) QuickData Technology Driver 5.00
[    1.220143] Serial: 8250/16550 driver, 16 ports, IRQ sharing enabled
[    1.220281] 00:03: ttyS0 at I/O 0x3f8 (irq = 4, base_baud = 115200) is a 16550A
2026-07-27T17:11:02.883971Z ERROR detcore: prehook: PMU RCB overshoot! Clock_value: 11610745119. Stepped forward 4999000 RCBs, but should have trapped at 4999000
[    1.224002] brd: module loaded
[    1.224650] wireguard: WireGuard 1.0.0 loaded. See www.wireguard.com for information.
[    1.224664] wireguard: Copyright (C) 2015-2019 Jason A. Donenfeld <Jason@zx2c4.com>. All Rights Reserved.
[    1.225026] igb: Intel(R) Gigabit Ethernet Network Driver
[    1.225037] igb: Copyright (c) 2007-2014 Intel Corporation.
[    1.225075] ixgbe: Intel(R) 10 Gigabit PCI Express Network Driver
[    1.225087] ixgbe: Copyright (c) 1999-2016 Intel Corporation.
[    1.225457] usbcore: registered new interface driver ark3116
[    1.225478] usbserial: USB Serial support registered for ark3116
[    1.225506] usbcore: registered new interface driver pl2303
[    1.225527] usbserial: USB Serial support registered for pl2303
[    1.225608] i8042: PNP: PS/2 Controller [PNP0303:KBD,PNP0f13:MOU] at 0x60,0x64 irq 1,12
2026-07-27T17:11:03.193326Z ERROR detcore: prehook: PMU RCB overshoot! Clock_value: 11630078125. Stepped forward 4990307 RCBs, but should have trapped at 4990307
[    1.225825] serio: i8042 KBD port at 0x60,0x64 irq 1
[    1.225841] serio: i8042 AUX port at 0x60,0x64 irq 12
[    1.225897] rtc_cmos 00:04: RTC can wake from S4
[    1.226107] input: AT Translated Set 2 keyboard as /devices/platform/i8042/serio0/input/input0
[    1.226363] rtc_cmos 00:04: registered as rtc0
[    2.227417] rtc_cmos 00:04: unable to read current time
[    2.227429] rtc_cmos 00:04: hctosys: unable to read the hardware clock
[    2.227468] rtc_cmos 00:04: alarms up to one day, y3k, 242 bytes nvram
[    2.227499] i2c_dev: i2c /dev entries driver
[    2.227661] device-mapper: core: CONFIG_IMA_DISABLE_HTABLE is disabled. Duplicate IMA measurements will not be recorded in the IMA log.
[    2.227750] tsc: Refined TSC clocksource calibration: 999.999 MHz
[    2.227764] clocksource: tsc: mask: 0xffffffffffffffff max_cycles: 0x1cd42c7a813, max_idle_ns: 881590565951 ns
[    2.227900] clocksource: Switched to clocksource tsc
[    2.227968] device-mapper: ioctl: 4.50.0-ioctl (2025-04-28) initialised: dm-devel@lists.linux.dev
[    2.227986] amd_pstate: the _CPC object is not present in SBIOS or ACPI disabled
[    2.228323] usbcore: registered new interface driver usbhid
[    2.228335] usbhid: USB HID core driver
[    2.228569] Initializing XFRM netlink socket
[    2.228600] NET: Registered PF_INET6 protocol family
2026-07-27T17:11:40.487362Z ERROR detcore: prehook: PMU RCB overshoot! Clock_value: 38337218657. Stepped forward 4996979 RCBs, but should have trapped at 4996979
[    2.229063] Segment Routing with IPv6
[    2.229106] In-situ OAM (IOAM) with IPv6
[    2.229153] NET: Registered PF_PACKET protocol family
[    2.229251] Key type dns_resolver registered
[    2.229325] NET: Registered PF_VSOCK protocol family
[    2.229556] IPI shorthand broadcast: enabled
[    2.238554] sched_clock: Marking stable (2237001570, 1224229)->(2239948980, -1723181)
[    2.238739] registered taskstats version 1
[    2.239262] Loading compiled-in X.509 certificates
2026-07-27T17:11:40.741158Z ERROR detcore: prehook: PMU RCB overshoot! Clock_value: 38364233781. Stepped forward 4998997 RCBs, but should have trapped at 4998997
2026-07-27T17:11:40.882363Z ERROR detcore: prehook: PMU RCB overshoot! Clock_value: 38369233781. Stepped forward 5000000 RCBs, but should have trapped at 5000000
[    2.243805] Loaded X.509 cert 'Build time autogenerated kernel key: f6dfbbfd890fcc62dc7a9694aa194ccefbcceb25'
[    2.243909] Loaded X.509 cert 'Facebook, Inc.: 5a72a683c8fca25b0231d7422a1ed5a038ff5fd9'
[    2.254556] Demotion targets for Node 0: null
[    2.255891] Btrfs loaded, zoned=no, fsverity=yes
[    2.256022] ima: No TPM chip found, activating TPM-bypass!
[    2.256035] ima: Allocated hash algorithm: sha256
[    2.256065] ima: No architecture policies found
[    2.256632] netconsole: network logging started
[    2.285909] clk: Disabling unused clocks
[    2.296615] Freeing unused decrypted memory: 2036K
2026-07-27T17:11:41.345715Z ERROR detcore: prehook: PMU RCB overshoot! Clock_value: 38461493391. Stepped forward 4999000 RCBs, but should have trapped at 4999000
2026-07-27T17:11:41.542387Z ERROR detcore: prehook: PMU RCB overshoot! Clock_value: 38466493391. Stepped forward 5000000 RCBs, but should have trapped at 5000000
2026-07-27T17:11:41.756037Z ERROR detcore: prehook: PMU RCB overshoot! Clock_value: 38471493391. Stepped forward 5000000 RCBs, but should have trapped at 5000000
2026-07-27T17:11:41.953529Z ERROR detcore: prehook: PMU RCB overshoot! Clock_value: 38476493391. Stepped forward 5000000 RCBs, but should have trapped at 5000000
2026-07-27T17:11:42.169239Z ERROR detcore: prehook: PMU RCB overshoot! Clock_value: 38481493391. Stepped forward 5000000 RCBs, but should have trapped at 5000000
2026-07-27T17:11:42.339469Z ERROR detcore: prehook: PMU RCB overshoot! Clock_value: 38486493391. Stepped forward 5000000 RCBs, but should have trapped at 5000000
2026-07-27T17:11:42.541751Z ERROR detcore: prehook: PMU RCB overshoot! Clock_value: 38491493391. Stepped forward 5000000 RCBs, but should have trapped at 5000000
2026-07-27T17:11:42.714169Z ERROR detcore: prehook: PMU RCB overshoot! Clock_value: 38496493391. Stepped forward 5000000 RCBs, but should have trapped at 5000000
2026-07-27T17:11:42.920033Z ERROR detcore: prehook: PMU RCB overshoot! Clock_value: 38501493391. Stepped forward 5000000 RCBs, but should have trapped at 5000000
2026-07-27T17:11:43.110816Z ERROR detcore: prehook: PMU RCB overshoot! Clock_value: 38506493391. Stepped forward 5000000 RCBs, but should have trapped at 5000000
2026-07-27T17:11:43.298795Z ERROR detcore: prehook: PMU RCB overshoot! Clock_value: 38511493391. Stepped forward 5000000 RCBs, but should have trapped at 5000000
2026-07-27T17:11:43.499375Z ERROR detcore: prehook: PMU RCB overshoot! Clock_value: 38516493391. Stepped forward 5000000 RCBs, but should have trapped at 5000000
2026-07-27T17:11:43.692436Z ERROR detcore: prehook: PMU RCB overshoot! Clock_value: 38521493391. Stepped forward 5000000 RCBs, but should have trapped at 5000000
2026-07-27T17:11:44.013525Z ERROR detcore: prehook: PMU RCB overshoot! Clock_value: 38526493391. Stepped forward 5000000 RCBs, but should have trapped at 5000000
[    2.298298] Freeing unused kernel image (initmem) memory: 2512K
[    2.298540] Write protecting the kernel read-only data: 36864k
[    2.299486] Freeing unused kernel image (text/rodata gap) memory: 204K
[    2.300303] Freeing unused kernel image (rodata/data gap) memory: 1296K
[    2.300314] Run /init as init process
2026-07-27T17:11:44.259025Z ERROR detcore: prehook: PMU RCB overshoot! Clock_value: 38537186649. Stepped forward 4995802 RCBs, but should have trapped at 4995802
2026-07-27T17:11:44.380368Z ERROR detcore: prehook: PMU RCB overshoot! Clock_value: 38548480796. Stepped forward 4999800 RCBs, but should have trapped at 4999800
SHARED_FUTEX_QEMU_KERNEL_OK release=6.17.13-0_fbk0_crackerjackhost_0_g2b4321c50d79 machine=x86_64
[    2.300605] ACPI: PM: Preparing to enter system sleep state S5
[    2.300626] reboot: Power down
2026-07-27T17:11:44.635451Z ERROR detcore: prehook: PMU RCB overshoot! Clock_value: 38567569062. Stepped forward 4997446 RCBs, but should have trapped at 4997446
2026-07-27T17:11:44.847306Z ERROR detcore: prehook: PMU RCB overshoot! Clock_value: 38572569062. Stepped forward 5000000 RCBs, but should have trapped at 5000000
2026-07-27T17:11:45.055799Z ERROR detcore: prehook: PMU RCB overshoot! Clock_value: 38577568562. Stepped forward 4999413 RCBs, but should have trapped at 4999413
2026-07-27T17:11:45.261509Z ERROR detcore: prehook: PMU RCB overshoot! Clock_value: 38582568562. Stepped forward 5000000 RCBs, but should have trapped at 5000000
2026-07-27T17:11:45.467451Z ERROR detcore: prehook: PMU RCB overshoot! Clock_value: 38587568062. Stepped forward 4999442 RCBs, but should have trapped at 4999442
2026-07-27T17:11:45.680666Z ERROR detcore: prehook: PMU RCB overshoot! Clock_value: 38592568062. Stepped forward 5000000 RCBs, but should have trapped at 5000000
