label,mode,drv,out,run_index,nar_sha256_base32,status,wall_s
nondet-time,native,/nix/store/c7km7f6x4xx60phwnxgy4sjhqdimh8fh-nondet-time.drv,/nix/store/l334v1iwif7b6ik97k81wia9kzhmgxqv-nondet-time,1,02v4cri37s2kas736vcsaplf9fray0sd3sigq6201x2l4qc2biz0,ok,1
nondet-time,native,/nix/store/c7km7f6x4xx60phwnxgy4sjhqdimh8fh-nondet-time.drv,/nix/store/l334v1iwif7b6ik97k81wia9kzhmgxqv-nondet-time,2,1lx6fbila3ivyhkmkgscp2qmh3qnw98bp5i2228bxhlg9k30n43g,ok,0
nondet-time,native,/nix/store/c7km7f6x4xx60phwnxgy4sjhqdimh8fh-nondet-time.drv,/nix/store/l334v1iwif7b6ik97k81wia9kzhmgxqv-nondet-time,3,110vy97dig1k2rqzpzr6yv81iajppz4z1fkcd4l4b69gzpyjs1b0,ok,0
nondet-time,hermit,/nix/store/ndcg5day1m7sdykzazjzdsh3vbpg9s94-nondet-time.drv,/nix/store/fbqyjxwbiis2675wsr16ay00yzixdjcj-nondet-time,1,1c3jld7yb2j70khjvd0md6wqqpxwyyp2zmcvg6gq155znda1ch95,ok,3
nondet-time,hermit,/nix/store/ndcg5day1m7sdykzazjzdsh3vbpg9s94-nondet-time.drv,/nix/store/fbqyjxwbiis2675wsr16ay00yzixdjcj-nondet-time,2,0nvvqzgs41m2mqsksip4cx0fg814lmkvnvhsid3p6r39494sz1w9,ok,5
nondet-time,hermit,/nix/store/ndcg5day1m7sdykzazjzdsh3vbpg9s94-nondet-time.drv,/nix/store/fbqyjxwbiis2675wsr16ay00yzixdjcj-nondet-time,3,1c3jld7yb2j70khjvd0md6wqqpxwyyp2zmcvg6gq155znda1ch95,ok,3
nondet-time-native,native,/nix/store/c7km7f6x4xx60phwnxgy4sjhqdimh8fh-nondet-time.drv,/nix/store/l334v1iwif7b6ik97k81wia9kzhmgxqv-nondet-time,1,11p6pg312qalljxh42526fw51yqyvl01icr7q19acp0mb0da5841,ok,1
nondet-time-native,native,/nix/store/c7km7f6x4xx60phwnxgy4sjhqdimh8fh-nondet-time.drv,/nix/store/l334v1iwif7b6ik97k81wia9kzhmgxqv-nondet-time,2,1nk1zlssgmcrdf6ifnc1451nx1ycdh726g1mfda06l5i8ggcwq0m,ok,0
nondet-time-native,native,/nix/store/c7km7f6x4xx60phwnxgy4sjhqdimh8fh-nondet-time.drv,/nix/store/l334v1iwif7b6ik97k81wia9kzhmgxqv-nondet-time,3,13g4v6fgkf1p0k3wgz39qz31v6mnr0ar268nddkcwzl9jkrmx3qy,ok,0
nondet-time-native,native,/nix/store/c7km7f6x4xx60phwnxgy4sjhqdimh8fh-nondet-time.drv,/nix/store/l334v1iwif7b6ik97k81wia9kzhmgxqv-nondet-time,4,1x4nlhf2kgz0jds33i4cdajc53024fb3rc62l5kms3qzr0cxm7jv,ok,0
nondet-time-native,native,/nix/store/c7km7f6x4xx60phwnxgy4sjhqdimh8fh-nondet-time.drv,/nix/store/l334v1iwif7b6ik97k81wia9kzhmgxqv-nondet-time,5,1lbva0dxvpkvmdirxxznc95v22118zy51w0hzprlv2nh9axvjp7f,ok,0
nondet-time-run-no-namespace,hermit,/nix/store/ndcg5day1m7sdykzazjzdsh3vbpg9s94-nondet-time.drv,/nix/store/fbqyjxwbiis2675wsr16ay00yzixdjcj-nondet-time,1,1c3jld7yb2j70khjvd0md6wqqpxwyyp2zmcvg6gq155znda1ch95,ok,3
nondet-time-run-no-namespace,hermit,/nix/store/ndcg5day1m7sdykzazjzdsh3vbpg9s94-nondet-time.drv,/nix/store/fbqyjxwbiis2675wsr16ay00yzixdjcj-nondet-time,2,0nvvqzgs41m2mqsksip4cx0fg814lmkvnvhsid3p6r39494sz1w9,ok,5
nondet-time-run-no-namespace,hermit,/nix/store/ndcg5day1m7sdykzazjzdsh3vbpg9s94-nondet-time.drv,/nix/store/fbqyjxwbiis2675wsr16ay00yzixdjcj-nondet-time,3,1c3jld7yb2j70khjvd0md6wqqpxwyyp2zmcvg6gq155znda1ch95,ok,6
nondet-time-run-no-namespace,hermit,/nix/store/ndcg5day1m7sdykzazjzdsh3vbpg9s94-nondet-time.drv,/nix/store/fbqyjxwbiis2675wsr16ay00yzixdjcj-nondet-time,4,1c3jld7yb2j70khjvd0md6wqqpxwyyp2zmcvg6gq155znda1ch95,ok,4
nondet-time-run-no-namespace,hermit,/nix/store/ndcg5day1m7sdykzazjzdsh3vbpg9s94-nondet-time.drv,/nix/store/fbqyjxwbiis2675wsr16ay00yzixdjcj-nondet-time,5,1c3jld7yb2j70khjvd0md6wqqpxwyyp2zmcvg6gq155znda1ch95,ok,4
nondet-time-run-no-namespace-sequentialize-threads,hermit,/nix/store/snlx16k502w98105z4rkgacnpgwyqjsh-nondet-time.drv,/nix/store/f28a3lmjciyvj3yhar9zf65x1i5xqmdv-nondet-time,1,041z8gldlmc2cpyai91p31s4873x2p2ag1b0gps9hjhg3fn61508,ok,4
nondet-time-run-no-namespace-sequentialize-threads,hermit,/nix/store/snlx16k502w98105z4rkgacnpgwyqjsh-nondet-time.drv,/nix/store/f28a3lmjciyvj3yhar9zf65x1i5xqmdv-nondet-time,2,041z8gldlmc2cpyai91p31s4873x2p2ag1b0gps9hjhg3fn61508,ok,4
nondet-time-run-no-namespace-sequentialize-threads,hermit,/nix/store/snlx16k502w98105z4rkgacnpgwyqjsh-nondet-time.drv,/nix/store/f28a3lmjciyvj3yhar9zf65x1i5xqmdv-nondet-time,3,1x3ig7w5vwvb8gyzsviqwrssmhjibzbndm6psjpnxbq2xlcfsgmy,ok,4
nondet-time-run-no-namespace-sequentialize-threads,hermit,/nix/store/snlx16k502w98105z4rkgacnpgwyqjsh-nondet-time.drv,/nix/store/f28a3lmjciyvj3yhar9zf65x1i5xqmdv-nondet-time,4,041z8gldlmc2cpyai91p31s4873x2p2ag1b0gps9hjhg3fn61508,ok,5
nondet-time-run-no-namespace-sequentialize-threads,hermit,/nix/store/snlx16k502w98105z4rkgacnpgwyqjsh-nondet-time.drv,/nix/store/f28a3lmjciyvj3yhar9zf65x1i5xqmdv-nondet-time,5,041z8gldlmc2cpyai91p31s4873x2p2ag1b0gps9hjhg3fn61508,ok,3
nondet-time-run-no-namespace-no-rcb-time,hermit,/nix/store/dzfkf3jyc4h5qr8b4rxm42hl5cd3jy20-nondet-time.drv,/nix/store/gx7nzs4md0dsdd3zrk94997lh86l4z9c-nondet-time,1,153qdyybsgz4bcirwcjabajm42kqk6i4il833rdrhyvdgr28dxpw,ok,3
nondet-time-run-no-namespace-no-rcb-time,hermit,/nix/store/dzfkf3jyc4h5qr8b4rxm42hl5cd3jy20-nondet-time.drv,/nix/store/gx7nzs4md0dsdd3zrk94997lh86l4z9c-nondet-time,2,153qdyybsgz4bcirwcjabajm42kqk6i4il833rdrhyvdgr28dxpw,ok,3
nondet-time-run-no-namespace-no-rcb-time,hermit,/nix/store/dzfkf3jyc4h5qr8b4rxm42hl5cd3jy20-nondet-time.drv,/nix/store/gx7nzs4md0dsdd3zrk94997lh86l4z9c-nondet-time,3,153qdyybsgz4bcirwcjabajm42kqk6i4il833rdrhyvdgr28dxpw,ok,4
nondet-time-run-no-namespace-no-rcb-time,hermit,/nix/store/dzfkf3jyc4h5qr8b4rxm42hl5cd3jy20-nondet-time.drv,/nix/store/gx7nzs4md0dsdd3zrk94997lh86l4z9c-nondet-time,4,153qdyybsgz4bcirwcjabajm42kqk6i4il833rdrhyvdgr28dxpw,ok,3
nondet-time-run-no-namespace-no-rcb-time,hermit,/nix/store/dzfkf3jyc4h5qr8b4rxm42hl5cd3jy20-nondet-time.drv,/nix/store/gx7nzs4md0dsdd3zrk94997lh86l4z9c-nondet-time,5,153qdyybsgz4bcirwcjabajm42kqk6i4il833rdrhyvdgr28dxpw,ok,3
nondet-time-run-no-namespace-no-rcb-time-max-timeslice-disabled,hermit,/nix/store/y3shhxhbfapci6xlv928pzpc3qj41x9r-nondet-time.drv,/nix/store/rrmxvnrk0553qzarwhf67wk72l9h6a7m-nondet-time,1,0jwklxmc0fd019vadzfzgdhx1i2m5qmc90bzyvkns70afjj5vq7h,ok,1
nondet-time-run-no-namespace-no-rcb-time-max-timeslice-disabled,hermit,/nix/store/y3shhxhbfapci6xlv928pzpc3qj41x9r-nondet-time.drv,/nix/store/rrmxvnrk0553qzarwhf67wk72l9h6a7m-nondet-time,2,0jwklxmc0fd019vadzfzgdhx1i2m5qmc90bzyvkns70afjj5vq7h,ok,1
nondet-time-run-no-namespace-no-rcb-time-max-timeslice-disabled,hermit,/nix/store/y3shhxhbfapci6xlv928pzpc3qj41x9r-nondet-time.drv,/nix/store/rrmxvnrk0553qzarwhf67wk72l9h6a7m-nondet-time,3,0jwklxmc0fd019vadzfzgdhx1i2m5qmc90bzyvkns70afjj5vq7h,ok,1
nondet-time-run-no-namespace-no-rcb-time-max-timeslice-disabled,hermit,/nix/store/y3shhxhbfapci6xlv928pzpc3qj41x9r-nondet-time.drv,/nix/store/rrmxvnrk0553qzarwhf67wk72l9h6a7m-nondet-time,4,0jwklxmc0fd019vadzfzgdhx1i2m5qmc90bzyvkns70afjj5vq7h,ok,1
nondet-time-run-no-namespace-no-rcb-time-max-timeslice-disabled,hermit,/nix/store/y3shhxhbfapci6xlv928pzpc3qj41x9r-nondet-time.drv,/nix/store/rrmxvnrk0553qzarwhf67wk72l9h6a7m-nondet-time,5,0jwklxmc0fd019vadzfzgdhx1i2m5qmc90bzyvkns70afjj5vq7h,ok,1
nondet-time-run-no-namespace-no-rcb-time-max-timeslice-disabled-strict,hermit,/nix/store/0byz760gvw1svpg0r2na3l4jvvrq9kg2-nondet-time.drv,/nix/store/m0i72564wg827snckfp2ywv91g8bizms-nondet-time,1,0jwklxmc0fd019vadzfzgdhx1i2m5qmc90bzyvkns70afjj5vq7h,ok,2
nondet-time-run-no-namespace-no-rcb-time-max-timeslice-disabled-strict,hermit,/nix/store/0byz760gvw1svpg0r2na3l4jvvrq9kg2-nondet-time.drv,/nix/store/m0i72564wg827snckfp2ywv91g8bizms-nondet-time,2,0jwklxmc0fd019vadzfzgdhx1i2m5qmc90bzyvkns70afjj5vq7h,ok,1
nondet-time-run-no-namespace-no-rcb-time-max-timeslice-disabled-strict,hermit,/nix/store/0byz760gvw1svpg0r2na3l4jvvrq9kg2-nondet-time.drv,/nix/store/m0i72564wg827snckfp2ywv91g8bizms-nondet-time,3,0jwklxmc0fd019vadzfzgdhx1i2m5qmc90bzyvkns70afjj5vq7h,ok,1
nondet-time-run-no-namespace-no-rcb-time-max-timeslice-disabled-strict,hermit,/nix/store/0byz760gvw1svpg0r2na3l4jvvrq9kg2-nondet-time.drv,/nix/store/m0i72564wg827snckfp2ywv91g8bizms-nondet-time,4,0jwklxmc0fd019vadzfzgdhx1i2m5qmc90bzyvkns70afjj5vq7h,ok,1
nondet-time-run-no-namespace-no-rcb-time-max-timeslice-disabled-strict,hermit,/nix/store/0byz760gvw1svpg0r2na3l4jvvrq9kg2-nondet-time.drv,/nix/store/m0i72564wg827snckfp2ywv91g8bizms-nondet-time,5,0jwklxmc0fd019vadzfzgdhx1i2m5qmc90bzyvkns70afjj5vq7h,ok,1
lensfun,native,/nix/store/01pd7dfb7fn23c082qys0f92h8mfrcbm-lensfun-0.3.4.drv,/nix/store/wmjww6njfsrmz830iqyis6wi19w82hfk-lensfun-0.3.4,1,17r8fxjwqg978q88s6ikmnjbnwrdxlpxbq10mjs4ri7ybyl6vi7y,ok,7
lensfun,native,/nix/store/01pd7dfb7fn23c082qys0f92h8mfrcbm-lensfun-0.3.4.drv,/nix/store/wmjww6njfsrmz830iqyis6wi19w82hfk-lensfun-0.3.4,2,0bwvk74gmpw4nj4m4r380r03vpyna2gspkwfjg2724lx4j3l3lka,ok,7
lensfun,native,/nix/store/01pd7dfb7fn23c082qys0f92h8mfrcbm-lensfun-0.3.4.drv,/nix/store/wmjww6njfsrmz830iqyis6wi19w82hfk-lensfun-0.3.4,3,0wa6q6i0j8ypjj5d4dlk33qkyxxxvwx6d4x4k8az1k4bnafryngn,ok,7
hs-call-stack,native,/nix/store/wnlpi8f3cpawawjr7z6l7njqvngyf0g4-call-stack-0.4.0.drv,/nix/store/vz01af3aw2bsskvgjd52smm9qf99vl4g-call-stack-0.4.0,1,1nwkk3v5dhr57bb4svvhlby3mj5nxam40cnzm6kb41lf4hiyf9ni,ok,6
hs-code-page,native,/nix/store/79wfn9a50djiyssxx5p9inw3ll20d8vc-code-page-0.2.1.drv,/nix/store/l1rpcjwrj5mzqywxqkpji6vys4g6kmba-code-page-0.2.1-doc,1,01llqm9mamh4xn62jmyrsfah22cnh080i3gfzl2rin2alcml0ahz,ok,6
hs-logging-facade,native,/nix/store/x288m1sg91r8jf01qsg44ia85ln2dkv6-logging-facade-0.3.1.drv,/nix/store/2zqkiz7b3dwbg8y03sg5psiv064q7792-logging-facade-0.3.1,1,0nnjnwjmjyhgh7aclgf5gmygy6mx4n1wyd7wpmrpmh8xvrp8v1mh,ok,7
hs-unliftio-core,native,/nix/store/6nkl247db5irbibl560cb0f2zpsn96fw-unliftio-core-0.2.1.0.drv,/nix/store/fziqsqn5wlyw5qqw38mkcpwrap04gvrs-unliftio-core-0.2.1.0-doc,1,1qmn0b8spvzj3wlpi3vnhl6jn1w6m6k2fzcwwj7gsbwna62gnvhq,ok,6
hs-code-page,native,/nix/store/79wfn9a50djiyssxx5p9inw3ll20d8vc-code-page-0.2.1.drv,/nix/store/l1rpcjwrj5mzqywxqkpji6vys4g6kmba-code-page-0.2.1-doc,2,01llqm9mamh4xn62jmyrsfah22cnh080i3gfzl2rin2alcml0ahz,ok,7
hs-unliftio-core,native,/nix/store/6nkl247db5irbibl560cb0f2zpsn96fw-unliftio-core-0.2.1.0.drv,/nix/store/fziqsqn5wlyw5qqw38mkcpwrap04gvrs-unliftio-core-0.2.1.0-doc,2,1qmn0b8spvzj3wlpi3vnhl6jn1w6m6k2fzcwwj7gsbwna62gnvhq,ok,6
hs-code-page,native,/nix/store/79wfn9a50djiyssxx5p9inw3ll20d8vc-code-page-0.2.1.drv,/nix/store/l1rpcjwrj5mzqywxqkpji6vys4g6kmba-code-page-0.2.1-doc,3,01llqm9mamh4xn62jmyrsfah22cnh080i3gfzl2rin2alcml0ahz,ok,7
hs-utf8-string,native,/nix/store/lhmrxkk37mlwk12ssvv036xy4m9j189g-utf8-string-1.0.2.drv,/nix/store/c2imiaciv8mkkp9nyzrkm0gialzv7k16-utf8-string-1.0.2,1,1ssjk7154a7bfi2nkh0jv0jipdmvjb436h0hgikdja7n4gfbvhva,ok,13
hs-unliftio-core,native,/nix/store/6nkl247db5irbibl560cb0f2zpsn96fw-unliftio-core-0.2.1.0.drv,/nix/store/fziqsqn5wlyw5qqw38mkcpwrap04gvrs-unliftio-core-0.2.1.0-doc,3,1qmn0b8spvzj3wlpi3vnhl6jn1w6m6k2fzcwwj7gsbwna62gnvhq,ok,6
hs-haskell-lexer,native,/nix/store/47in88wws40wj7n0z3aalq9yc2pg2k1q-haskell-lexer-1.1.2.drv,/nix/store/4v9bhhnkg4lvkdy07rhc7w1y63c31nb2-haskell-lexer-1.1.2-doc,1,0q8dfchb96ki7m6avcb07hzb3dny5fmzrk20vj3j8amyw5b4k49j,ok,32
hs-haskell-lexer,native,/nix/store/47in88wws40wj7n0z3aalq9yc2pg2k1q-haskell-lexer-1.1.2.drv,/nix/store/4v9bhhnkg4lvkdy07rhc7w1y63c31nb2-haskell-lexer-1.1.2-doc,2,0q8dfchb96ki7m6avcb07hzb3dny5fmzrk20vj3j8amyw5b4k49j,ok,31
hs-haskell-lexer,native,/nix/store/47in88wws40wj7n0z3aalq9yc2pg2k1q-haskell-lexer-1.1.2.drv,/nix/store/4v9bhhnkg4lvkdy07rhc7w1y63c31nb2-haskell-lexer-1.1.2-doc,3,0q8dfchb96ki7m6avcb07hzb3dny5fmzrk20vj3j8amyw5b4k49j,ok,32
hs-os-string,native,/nix/store/33q3c0zv3sff68cjigmxcjpynf92wc5p-os-string-2.0.7.drv,/nix/store/m1j3skv42ajqjri4kh77drcd4lkci5wn-os-string-2.0.7-doc,1,0ap7qh7arp8wl0p0qig32wywf75ngcpf0bcdjh4d98mzrcfsvm0f,ok,101
lensfun-tarfix,native,/nix/store/xs2pp2l4p791l0q0f4likpazn6zw0n7k-lensfun-0.3.4.drv,/nix/store/8v4c7i38qz4k9n2mqjp1n7iqw4rr8qgz-lensfun-0.3.4,1,1cxy3mja5x8fhys1nj7fr6x64a6a459fyf4ppvdvmmcgmahfxpyj,ok,7
lensfun,native,/nix/store/01pd7dfb7fn23c082qys0f92h8mfrcbm-lensfun-0.3.4.drv,/nix/store/wmjww6njfsrmz830iqyis6wi19w82hfk-lensfun-0.3.4,1,0n892g5w0jx3m1wwqgxzardpc5g5ifh676ca5k9znl2rlinyh6x5,ok,7
lensfun-tarfix,native,/nix/store/xs2pp2l4p791l0q0f4likpazn6zw0n7k-lensfun-0.3.4.drv,/nix/store/8v4c7i38qz4k9n2mqjp1n7iqw4rr8qgz-lensfun-0.3.4,2,0rjdpjy395nlb0gy4lsqmgjiyj4dxa7s1lsbnsiibhi32cv9pc8j,ok,6
lensfun,native,/nix/store/01pd7dfb7fn23c082qys0f92h8mfrcbm-lensfun-0.3.4.drv,/nix/store/wmjww6njfsrmz830iqyis6wi19w82hfk-lensfun-0.3.4,2,1d83js502m65hhsp733fw7zx7vjcpadqshlj07vdkja8qzsgc9m3,ok,7
lensfun-tarfix,native,/nix/store/xs2pp2l4p791l0q0f4likpazn6zw0n7k-lensfun-0.3.4.drv,/nix/store/8v4c7i38qz4k9n2mqjp1n7iqw4rr8qgz-lensfun-0.3.4,3,1q7gsq7b4rbfllfgk22fvlmjbz8ymiq3gqcna9kh4pdryy603qbq,ok,7
lensfun,native,/nix/store/01pd7dfb7fn23c082qys0f92h8mfrcbm-lensfun-0.3.4.drv,/nix/store/wmjww6njfsrmz830iqyis6wi19w82hfk-lensfun-0.3.4,3,0yax9fnc9lihvp1ffngy1lbil3ap6y5s41a35c86wbjkar7wrhln,ok,6
urandom-temp-names,native,/nix/store/6syh327jhywxgpp4cmvs0w2gibsnvjwq-urandom-temp-names.drv,/nix/store/g5b3i32qc1ic033y8hjdxjbfvmxdplcj-urandom-temp-names,1,1kfdj12yknhkpmmb6nz7nfk2qv0bcw9i3k0a9pcdzgdzrrhg1vff,ok,0
urandom-temp-names,native,/nix/store/6syh327jhywxgpp4cmvs0w2gibsnvjwq-urandom-temp-names.drv,/nix/store/g5b3i32qc1ic033y8hjdxjbfvmxdplcj-urandom-temp-names,2,1in9pz1dy0ykx8v2vbm8fr4p9sdp4qk05qxan9yfj0mr4g9k123m,ok,0
urandom-temp-names,native,/nix/store/6syh327jhywxgpp4cmvs0w2gibsnvjwq-urandom-temp-names.drv,/nix/store/g5b3i32qc1ic033y8hjdxjbfvmxdplcj-urandom-temp-names,3,1qjjp8q32ch7sal1jk9s3b8x9f6n0m78bxa88swrl0vl3mnzkny3,ok,1
urandom-temp-names,hermit,/nix/store/9km71zm89jfdqxlb7vw39q7nbip8x6gr-urandom-temp-names.drv,/nix/store/rcng0300av9gwhf6dm13sxnma2gsb7w3-urandom-temp-names,1,0wx7gxi6m9b34i9z8p0r9dpj4bhqpnk2fa34n47wiz2jkmrvi3dv,ok,1
urandom-temp-names,hermit,/nix/store/9km71zm89jfdqxlb7vw39q7nbip8x6gr-urandom-temp-names.drv,/nix/store/rcng0300av9gwhf6dm13sxnma2gsb7w3-urandom-temp-names,2,0wx7gxi6m9b34i9z8p0r9dpj4bhqpnk2fa34n47wiz2jkmrvi3dv,ok,1
urandom-temp-names,hermit,/nix/store/9km71zm89jfdqxlb7vw39q7nbip8x6gr-urandom-temp-names.drv,/nix/store/rcng0300av9gwhf6dm13sxnma2gsb7w3-urandom-temp-names,3,0wx7gxi6m9b34i9z8p0r9dpj4bhqpnk2fa34n47wiz2jkmrvi3dv,ok,1
hs-os-string,native,/nix/store/33q3c0zv3sff68cjigmxcjpynf92wc5p-os-string-2.0.7.drv,/nix/store/m1j3skv42ajqjri4kh77drcd4lkci5wn-os-string-2.0.7-doc,2,0ap7qh7arp8wl0p0qig32wywf75ngcpf0bcdjh4d98mzrcfsvm0f,ok,101
hs-nanospec,native,/nix/store/jrr1zm2313hw65cv6xzlxl0iqjc76n82-nanospec-0.2.2.drv,/nix/store/0q1rhxaf9a0mdd2zfdf1z6xyl8i86qnk-nanospec-0.2.2-doc,1,07c3k7mrizilmb2k68xwd2a8ggiilh6l9fllx4yk770lxm0gwfwk+0bdl81v3grqbprs7hpm59lx1jhnxqw4y0gqn6lxrzvvrc9xvnnj2,ok,6
hs-logging-facade,native,/nix/store/x288m1sg91r8jf01qsg44ia85ln2dkv6-logging-facade-0.3.1.drv,/nix/store/2fkv05idwi2pxj0gsmaz4lai90y0nx8g-logging-facade-0.3.1-doc,1,1zkymdzlxqkvg4fdn8j2w1mjixn6x2xwni8bgwrywdlp4barl9im+0nnjnwjmjyhgh7aclgf5gmygy6mx4n1wyd7wpmrpmh8xvrp8v1mh,ok,8
hs-nanospec,native,/nix/store/jrr1zm2313hw65cv6xzlxl0iqjc76n82-nanospec-0.2.2.drv,/nix/store/0q1rhxaf9a0mdd2zfdf1z6xyl8i86qnk-nanospec-0.2.2-doc,2,07c3k7mrizilmb2k68xwd2a8ggiilh6l9fllx4yk770lxm0gwfwk+0bdl81v3grqbprs7hpm59lx1jhnxqw4y0gqn6lxrzvvrc9xvnnj2,ok,6
hs-utf8-string,native,/nix/store/lhmrxkk37mlwk12ssvv036xy4m9j189g-utf8-string-1.0.2.drv,/nix/store/3h437734inwdcbblih6i05206122axls-utf8-string-1.0.2-doc,1,0z6fqcq5y1p6ipx5k5nvr12yxsz3lkxqkhdxmv2hq6piyx3s378p+1ssjk7154a7bfi2nkh0jv0jipdmvjb436h0hgikdja7n4gfbvhva,ok,12
hs-logging-facade,native,/nix/store/x288m1sg91r8jf01qsg44ia85ln2dkv6-logging-facade-0.3.1.drv,/nix/store/2fkv05idwi2pxj0gsmaz4lai90y0nx8g-logging-facade-0.3.1-doc,2,1zkymdzlxqkvg4fdn8j2w1mjixn6x2xwni8bgwrywdlp4barl9im+0nnjnwjmjyhgh7aclgf5gmygy6mx4n1wyd7wpmrpmh8xvrp8v1mh,ok,8
hs-nanospec,native,/nix/store/jrr1zm2313hw65cv6xzlxl0iqjc76n82-nanospec-0.2.2.drv,/nix/store/0q1rhxaf9a0mdd2zfdf1z6xyl8i86qnk-nanospec-0.2.2-doc,3,07c3k7mrizilmb2k68xwd2a8ggiilh6l9fllx4yk770lxm0gwfwk+0bdl81v3grqbprs7hpm59lx1jhnxqw4y0gqn6lxrzvvrc9xvnnj2,ok,6
hs-logging-facade,native,/nix/store/x288m1sg91r8jf01qsg44ia85ln2dkv6-logging-facade-0.3.1.drv,/nix/store/2fkv05idwi2pxj0gsmaz4lai90y0nx8g-logging-facade-0.3.1-doc,3,1zkymdzlxqkvg4fdn8j2w1mjixn6x2xwni8bgwrywdlp4barl9im+0nnjnwjmjyhgh7aclgf5gmygy6mx4n1wyd7wpmrpmh8xvrp8v1mh,ok,7
hs-utf8-string,native,/nix/store/lhmrxkk37mlwk12ssvv036xy4m9j189g-utf8-string-1.0.2.drv,/nix/store/3h437734inwdcbblih6i05206122axls-utf8-string-1.0.2-doc,2,0z6fqcq5y1p6ipx5k5nvr12yxsz3lkxqkhdxmv2hq6piyx3s378p+1ssjk7154a7bfi2nkh0jv0jipdmvjb436h0hgikdja7n4gfbvhva,ok,13
hs-utf8-string,native,/nix/store/lhmrxkk37mlwk12ssvv036xy4m9j189g-utf8-string-1.0.2.drv,/nix/store/3h437734inwdcbblih6i05206122axls-utf8-string-1.0.2-doc,3,0z6fqcq5y1p6ipx5k5nvr12yxsz3lkxqkhdxmv2hq6piyx3s378p+1ssjk7154a7bfi2nkh0jv0jipdmvjb436h0hgikdja7n4gfbvhva,ok,12
hs-os-string,native,/nix/store/33q3c0zv3sff68cjigmxcjpynf92wc5p-os-string-2.0.7.drv,/nix/store/m1j3skv42ajqjri4kh77drcd4lkci5wn-os-string-2.0.7-doc,3,0ap7qh7arp8wl0p0qig32wywf75ngcpf0bcdjh4d98mzrcfsvm0f,ok,101
tree,native,/nix/store/nja7kb2kklj7h24bckdxncfwzxbpzika-tree-2.2.1.drv,/nix/store/524xz90lr7y38h26v4nazds20xji8lmx-tree-2.2.1,1,10mw75s89r8d22ailspjl7mcczcv50znkgw52x2a2s1gq3qaqfnc,ok,2
which,native,/nix/store/8j1ppvc6n2i1cwmchmzk8sxyxp8f163p-which-2.23.drv,/nix/store/k44kjnci6lsjnr3migs25xflbvn651hm-which-2.23,1,10akgdnskylvddfbn6v7y908r7nqp4h1ap0jbfm1pydhhqzjppb9,ok,4
tree,native,/nix/store/nja7kb2kklj7h24bckdxncfwzxbpzika-tree-2.2.1.drv,/nix/store/524xz90lr7y38h26v4nazds20xji8lmx-tree-2.2.1,2,10mw75s89r8d22ailspjl7mcczcv50znkgw52x2a2s1gq3qaqfnc,ok,2
which,native,/nix/store/8j1ppvc6n2i1cwmchmzk8sxyxp8f163p-which-2.23.drv,/nix/store/k44kjnci6lsjnr3migs25xflbvn651hm-which-2.23,2,10akgdnskylvddfbn6v7y908r7nqp4h1ap0jbfm1pydhhqzjppb9,ok,4
bc,native,/nix/store/hv077sb3v305vrmhh9kp8kv4pzmsh4i8-bc-1.08.2.drv,/nix/store/p5knpvbq7h1zfxrwa89yhaqs2i81rnp1-bc-1.08.2,1,1wnriq90x07313nf6jixyhyy2p0ra7mmxd8xn93srmd6y7g86sh2,ok,9
figlet,native,/nix/store/qf5szhhdgbhaga91d9m10c0n0i98ccb3-figlet-2.2.5.drv,/nix/store/970rara0fyrgbzsb3kmwasrkf1kvszn5-figlet-2.2.5,1,0xjjizc42fhmrv92bd24xcwha8n6j89hk4kibgwxy5pagl3a570i,ok,2
figlet,native,/nix/store/qf5szhhdgbhaga91d9m10c0n0i98ccb3-figlet-2.2.5.drv,/nix/store/970rara0fyrgbzsb3kmwasrkf1kvszn5-figlet-2.2.5,2,0xjjizc42fhmrv92bd24xcwha8n6j89hk4kibgwxy5pagl3a570i,ok,2
hello,native,/nix/store/5g60vyp4cbgwl12pav5apyi571smp62s-hello-2.12.2.drv,/nix/store/wvfhs8k86740b7j3h1iss94z7cb0ggj1-hello-2.12.2,1,1q27ixp15f8ggr11gjfgqql5s10iwv9gnh3hqgwdwrrxwk0kc0ii,ok,17
bc,native,/nix/store/hv077sb3v305vrmhh9kp8kv4pzmsh4i8-bc-1.08.2.drv,/nix/store/p5knpvbq7h1zfxrwa89yhaqs2i81rnp1-bc-1.08.2,2,1wnriq90x07313nf6jixyhyy2p0ra7mmxd8xn93srmd6y7g86sh2,ok,9
hello,native,/nix/store/5g60vyp4cbgwl12pav5apyi571smp62s-hello-2.12.2.drv,/nix/store/wvfhs8k86740b7j3h1iss94z7cb0ggj1-hello-2.12.2,2,1q27ixp15f8ggr11gjfgqql5s10iwv9gnh3hqgwdwrrxwk0kc0ii,ok,18
smoke-tmp,hermit,"run --tmp=/tmp",/nix/store/3nihi5zmpx380f81i8rs1m5bad7g2p8k-nondet-time.drv,/nix/store/9k6kpzyg2hdz245mxkim90655487bsbh-nondet-time,1,0qg90m1j7k94wi1r9f8dwxdc09bcw9baa2255iwcjrs54w4rabq1,ok,3
smoke-tmp,hermit,"run --tmp=/tmp",/nix/store/3nihi5zmpx380f81i8rs1m5bad7g2p8k-nondet-time.drv,/nix/store/9k6kpzyg2hdz245mxkim90655487bsbh-nondet-time,2,07aqp9plp2xd4x2nkbdzina5z4gkhn5yzkgy1gnlapdvwj18dmgs,ok,3
smoke-tmp,hermit,"run --tmp=/tmp",/nix/store/3nihi5zmpx380f81i8rs1m5bad7g2p8k-nondet-time.drv,/nix/store/9k6kpzyg2hdz245mxkim90655487bsbh-nondet-time,3,0qg90m1j7k94wi1r9f8dwxdc09bcw9baa2255iwcjrs54w4rabq1,ok,3
nt10-native,native,"native",/nix/store/c7km7f6x4xx60phwnxgy4sjhqdimh8fh-nondet-time.drv,/nix/store/l334v1iwif7b6ik97k81wia9kzhmgxqv-nondet-time,1,0iff6zrvfxqncvmf9yhgxls5rlwygi678f8wxs19psj30a2pjp1x,ok,0
nt10-native,native,"native",/nix/store/c7km7f6x4xx60phwnxgy4sjhqdimh8fh-nondet-time.drv,/nix/store/l334v1iwif7b6ik97k81wia9kzhmgxqv-nondet-time,2,0q6fk75ssl0vmh7ysidpmqlnd1v9rvism6d9dbgrmdv5gs47alm5,ok,0
nt10-native,native,"native",/nix/store/c7km7f6x4xx60phwnxgy4sjhqdimh8fh-nondet-time.drv,/nix/store/l334v1iwif7b6ik97k81wia9kzhmgxqv-nondet-time,3,1nkmm5krw9r7f7zyr5k24n1714ych9dxd0xly5lgwlpyg475kila,ok,0
nt10-native,native,"native",/nix/store/c7km7f6x4xx60phwnxgy4sjhqdimh8fh-nondet-time.drv,/nix/store/l334v1iwif7b6ik97k81wia9kzhmgxqv-nondet-time,4,1mw14q0f3y7h61pmwjlyhknklbz48jkq4625mn1bbmwiccppnjzj,ok,1
nt10-native,native,"native",/nix/store/c7km7f6x4xx60phwnxgy4sjhqdimh8fh-nondet-time.drv,/nix/store/l334v1iwif7b6ik97k81wia9kzhmgxqv-nondet-time,5,02q1frhlpz4wkpnw1bg0ap3p40zkwsphpbmp633rbfgmn8jxrmqz,ok,0
nt10-native,native,"native",/nix/store/c7km7f6x4xx60phwnxgy4sjhqdimh8fh-nondet-time.drv,/nix/store/l334v1iwif7b6ik97k81wia9kzhmgxqv-nondet-time,6,00k7h739i4wfpq31m6j1nd7myckpmab0i4q7akcvsh2i9rpfqggf,ok,0
nt10-native,native,"native",/nix/store/c7km7f6x4xx60phwnxgy4sjhqdimh8fh-nondet-time.drv,/nix/store/l334v1iwif7b6ik97k81wia9kzhmgxqv-nondet-time,7,130hya13k80hxggbb8z1lpgajas3h8a0akqw6ahlnjnmj9pyqgj7,ok,0
nt10-native,native,"native",/nix/store/c7km7f6x4xx60phwnxgy4sjhqdimh8fh-nondet-time.drv,/nix/store/l334v1iwif7b6ik97k81wia9kzhmgxqv-nondet-time,8,1s1axd8nrf68rfwzd6jnvm2r5n7zga19g4rrgfrlv5irj5lyblgl,ok,0
nt10-native,native,"native",/nix/store/c7km7f6x4xx60phwnxgy4sjhqdimh8fh-nondet-time.drv,/nix/store/l334v1iwif7b6ik97k81wia9kzhmgxqv-nondet-time,9,0pfdp94d7ihf60jlm4fdi3x8qlrf37kihf2jkdnjdqwc0rz02qkd,ok,1
nt10-native,native,"native",/nix/store/c7km7f6x4xx60phwnxgy4sjhqdimh8fh-nondet-time.drv,/nix/store/l334v1iwif7b6ik97k81wia9kzhmgxqv-nondet-time,10,00ysmx0k2l3xp49b6cbdmx32j090cnyz9ax214pcgi10xr6lgwca,ok,0
nt10-run-tmp-tmp,hermit,"run --tmp=/tmp",/nix/store/3nihi5zmpx380f81i8rs1m5bad7g2p8k-nondet-time.drv,/nix/store/9k6kpzyg2hdz245mxkim90655487bsbh-nondet-time,1,0qg90m1j7k94wi1r9f8dwxdc09bcw9baa2255iwcjrs54w4rabq1,ok,2
nt10-run-tmp-tmp,hermit,"run --tmp=/tmp",/nix/store/3nihi5zmpx380f81i8rs1m5bad7g2p8k-nondet-time.drv,/nix/store/9k6kpzyg2hdz245mxkim90655487bsbh-nondet-time,2,1mi495cr3ll9h9wikaiabhyr02cvw86pvda156zcabz4dqwqbpn3,ok,3
nt10-run-tmp-tmp,hermit,"run --tmp=/tmp",/nix/store/3nihi5zmpx380f81i8rs1m5bad7g2p8k-nondet-time.drv,/nix/store/9k6kpzyg2hdz245mxkim90655487bsbh-nondet-time,3,1z1yhhxy622gc1kb796f0d20ba10cz3fyagjwissn70ws0zbm5j6,ok,59
nt10-run-tmp-tmp,hermit,"run --tmp=/tmp",/nix/store/3nihi5zmpx380f81i8rs1m5bad7g2p8k-nondet-time.drv,/nix/store/9k6kpzyg2hdz245mxkim90655487bsbh-nondet-time,4,0qg90m1j7k94wi1r9f8dwxdc09bcw9baa2255iwcjrs54w4rabq1,ok,2
nt10-run-tmp-tmp,hermit,"run --tmp=/tmp",/nix/store/3nihi5zmpx380f81i8rs1m5bad7g2p8k-nondet-time.drv,/nix/store/9k6kpzyg2hdz245mxkim90655487bsbh-nondet-time,5,0qg90m1j7k94wi1r9f8dwxdc09bcw9baa2255iwcjrs54w4rabq1,ok,4
nt10-run-tmp-tmp,hermit,"run --tmp=/tmp",/nix/store/3nihi5zmpx380f81i8rs1m5bad7g2p8k-nondet-time.drv,/nix/store/9k6kpzyg2hdz245mxkim90655487bsbh-nondet-time,6,0qg90m1j7k94wi1r9f8dwxdc09bcw9baa2255iwcjrs54w4rabq1,ok,3
nt10-run-tmp-tmp,hermit,"run --tmp=/tmp",/nix/store/3nihi5zmpx380f81i8rs1m5bad7g2p8k-nondet-time.drv,/nix/store/9k6kpzyg2hdz245mxkim90655487bsbh-nondet-time,7,0qg90m1j7k94wi1r9f8dwxdc09bcw9baa2255iwcjrs54w4rabq1,ok,2
nt10-run-tmp-tmp,hermit,"run --tmp=/tmp",/nix/store/3nihi5zmpx380f81i8rs1m5bad7g2p8k-nondet-time.drv,/nix/store/9k6kpzyg2hdz245mxkim90655487bsbh-nondet-time,8,0qg90m1j7k94wi1r9f8dwxdc09bcw9baa2255iwcjrs54w4rabq1,ok,3
nt10-run-tmp-tmp,hermit,"run --tmp=/tmp",/nix/store/3nihi5zmpx380f81i8rs1m5bad7g2p8k-nondet-time.drv,/nix/store/9k6kpzyg2hdz245mxkim90655487bsbh-nondet-time,9,0qg90m1j7k94wi1r9f8dwxdc09bcw9baa2255iwcjrs54w4rabq1,ok,4
nt10-run-tmp-tmp,hermit,"run --tmp=/tmp",/nix/store/3nihi5zmpx380f81i8rs1m5bad7g2p8k-nondet-time.drv,/nix/store/9k6kpzyg2hdz245mxkim90655487bsbh-nondet-time,10,0qg90m1j7k94wi1r9f8dwxdc09bcw9baa2255iwcjrs54w4rabq1,ok,3
nt10-run-tmp-tmp-no-rcb-time,hermit,"run --tmp=/tmp --no-rcb-time",/nix/store/jmi0v5k1d41w51hzcs2b9n9xv6f2p7ss-nondet-time.drv,/nix/store/y2088qzdyi7dfbgw4fbph3lam8ihnkk7-nondet-time,1,0ghkw74sd3d1x01sgyy0wkf541zxm1i89i7dprx0217i7gaj6h55,ok,2
nt10-run-tmp-tmp-no-rcb-time,hermit,"run --tmp=/tmp --no-rcb-time",/nix/store/jmi0v5k1d41w51hzcs2b9n9xv6f2p7ss-nondet-time.drv,/nix/store/y2088qzdyi7dfbgw4fbph3lam8ihnkk7-nondet-time,2,0ghkw74sd3d1x01sgyy0wkf541zxm1i89i7dprx0217i7gaj6h55,ok,4
nt10-run-tmp-tmp-no-rcb-time,hermit,"run --tmp=/tmp --no-rcb-time",/nix/store/jmi0v5k1d41w51hzcs2b9n9xv6f2p7ss-nondet-time.drv,/nix/store/y2088qzdyi7dfbgw4fbph3lam8ihnkk7-nondet-time,3,0ghkw74sd3d1x01sgyy0wkf541zxm1i89i7dprx0217i7gaj6h55,ok,3
nt10-run-tmp-tmp-no-rcb-time,hermit,"run --tmp=/tmp --no-rcb-time",/nix/store/jmi0v5k1d41w51hzcs2b9n9xv6f2p7ss-nondet-time.drv,/nix/store/y2088qzdyi7dfbgw4fbph3lam8ihnkk7-nondet-time,4,0ghkw74sd3d1x01sgyy0wkf541zxm1i89i7dprx0217i7gaj6h55,ok,3
nt10-run-tmp-tmp-no-rcb-time,hermit,"run --tmp=/tmp --no-rcb-time",/nix/store/jmi0v5k1d41w51hzcs2b9n9xv6f2p7ss-nondet-time.drv,/nix/store/y2088qzdyi7dfbgw4fbph3lam8ihnkk7-nondet-time,5,0ghkw74sd3d1x01sgyy0wkf541zxm1i89i7dprx0217i7gaj6h55,ok,3
nt10-run-tmp-tmp-no-rcb-time,hermit,"run --tmp=/tmp --no-rcb-time",/nix/store/jmi0v5k1d41w51hzcs2b9n9xv6f2p7ss-nondet-time.drv,/nix/store/y2088qzdyi7dfbgw4fbph3lam8ihnkk7-nondet-time,6,0ghkw74sd3d1x01sgyy0wkf541zxm1i89i7dprx0217i7gaj6h55,ok,3
nt10-run-tmp-tmp-no-rcb-time,hermit,"run --tmp=/tmp --no-rcb-time",/nix/store/jmi0v5k1d41w51hzcs2b9n9xv6f2p7ss-nondet-time.drv,/nix/store/y2088qzdyi7dfbgw4fbph3lam8ihnkk7-nondet-time,7,0ghkw74sd3d1x01sgyy0wkf541zxm1i89i7dprx0217i7gaj6h55,ok,3
nt10-run-tmp-tmp-no-rcb-time,hermit,"run --tmp=/tmp --no-rcb-time",/nix/store/jmi0v5k1d41w51hzcs2b9n9xv6f2p7ss-nondet-time.drv,/nix/store/y2088qzdyi7dfbgw4fbph3lam8ihnkk7-nondet-time,8,0ghkw74sd3d1x01sgyy0wkf541zxm1i89i7dprx0217i7gaj6h55,ok,4
nt10-run-tmp-tmp-no-rcb-time,hermit,"run --tmp=/tmp --no-rcb-time",/nix/store/jmi0v5k1d41w51hzcs2b9n9xv6f2p7ss-nondet-time.drv,/nix/store/y2088qzdyi7dfbgw4fbph3lam8ihnkk7-nondet-time,9,0ghkw74sd3d1x01sgyy0wkf541zxm1i89i7dprx0217i7gaj6h55,ok,3
nt10-run-tmp-tmp-no-rcb-time,hermit,"run --tmp=/tmp --no-rcb-time",/nix/store/jmi0v5k1d41w51hzcs2b9n9xv6f2p7ss-nondet-time.drv,/nix/store/y2088qzdyi7dfbgw4fbph3lam8ihnkk7-nondet-time,10,0ghkw74sd3d1x01sgyy0wkf541zxm1i89i7dprx0217i7gaj6h55,ok,3
nt10-run-tmp-tmp-no-rcb-time-max-timeslice-disabled,hermit,"run --tmp=/tmp --no-rcb-time --max-timeslice disabled",/nix/store/zchz93ccrkcnfhx9nfl6izrcy7j900kq-nondet-time.drv,/nix/store/f5dyl4j4s904fxignnlw9c71vxxll684-nondet-time,1,1l9290vfk3lca7lmrss1p8virylharzjjb485cmmjcg6kl85njda,ok,1
nt10-run-tmp-tmp-no-rcb-time-max-timeslice-disabled,hermit,"run --tmp=/tmp --no-rcb-time --max-timeslice disabled",/nix/store/zchz93ccrkcnfhx9nfl6izrcy7j900kq-nondet-time.drv,/nix/store/f5dyl4j4s904fxignnlw9c71vxxll684-nondet-time,2,1l9290vfk3lca7lmrss1p8virylharzjjb485cmmjcg6kl85njda,ok,1
nt10-run-tmp-tmp-no-rcb-time-max-timeslice-disabled,hermit,"run --tmp=/tmp --no-rcb-time --max-timeslice disabled",/nix/store/zchz93ccrkcnfhx9nfl6izrcy7j900kq-nondet-time.drv,/nix/store/f5dyl4j4s904fxignnlw9c71vxxll684-nondet-time,3,1l9290vfk3lca7lmrss1p8virylharzjjb485cmmjcg6kl85njda,ok,1
nt10-run-tmp-tmp-no-rcb-time-max-timeslice-disabled,hermit,"run --tmp=/tmp --no-rcb-time --max-timeslice disabled",/nix/store/zchz93ccrkcnfhx9nfl6izrcy7j900kq-nondet-time.drv,/nix/store/f5dyl4j4s904fxignnlw9c71vxxll684-nondet-time,4,1l9290vfk3lca7lmrss1p8virylharzjjb485cmmjcg6kl85njda,ok,1
nt10-run-tmp-tmp-no-rcb-time-max-timeslice-disabled,hermit,"run --tmp=/tmp --no-rcb-time --max-timeslice disabled",/nix/store/zchz93ccrkcnfhx9nfl6izrcy7j900kq-nondet-time.drv,/nix/store/f5dyl4j4s904fxignnlw9c71vxxll684-nondet-time,5,1l9290vfk3lca7lmrss1p8virylharzjjb485cmmjcg6kl85njda,ok,1
nt10-run-tmp-tmp-no-rcb-time-max-timeslice-disabled,hermit,"run --tmp=/tmp --no-rcb-time --max-timeslice disabled",/nix/store/zchz93ccrkcnfhx9nfl6izrcy7j900kq-nondet-time.drv,/nix/store/f5dyl4j4s904fxignnlw9c71vxxll684-nondet-time,6,1l9290vfk3lca7lmrss1p8virylharzjjb485cmmjcg6kl85njda,ok,1
nt10-run-tmp-tmp-no-rcb-time-max-timeslice-disabled,hermit,"run --tmp=/tmp --no-rcb-time --max-timeslice disabled",/nix/store/zchz93ccrkcnfhx9nfl6izrcy7j900kq-nondet-time.drv,/nix/store/f5dyl4j4s904fxignnlw9c71vxxll684-nondet-time,7,1l9290vfk3lca7lmrss1p8virylharzjjb485cmmjcg6kl85njda,ok,1
nt10-run-tmp-tmp-no-rcb-time-max-timeslice-disabled,hermit,"run --tmp=/tmp --no-rcb-time --max-timeslice disabled",/nix/store/zchz93ccrkcnfhx9nfl6izrcy7j900kq-nondet-time.drv,/nix/store/f5dyl4j4s904fxignnlw9c71vxxll684-nondet-time,8,1l9290vfk3lca7lmrss1p8virylharzjjb485cmmjcg6kl85njda,ok,1
nt10-run-tmp-tmp-no-rcb-time-max-timeslice-disabled,hermit,"run --tmp=/tmp --no-rcb-time --max-timeslice disabled",/nix/store/zchz93ccrkcnfhx9nfl6izrcy7j900kq-nondet-time.drv,/nix/store/f5dyl4j4s904fxignnlw9c71vxxll684-nondet-time,9,1l9290vfk3lca7lmrss1p8virylharzjjb485cmmjcg6kl85njda,ok,1
nt10-run-tmp-tmp-no-rcb-time-max-timeslice-disabled,hermit,"run --tmp=/tmp --no-rcb-time --max-timeslice disabled",/nix/store/zchz93ccrkcnfhx9nfl6izrcy7j900kq-nondet-time.drv,/nix/store/f5dyl4j4s904fxignnlw9c71vxxll684-nondet-time,10,1l9290vfk3lca7lmrss1p8virylharzjjb485cmmjcg6kl85njda,ok,1
nt10-run-tmp-tmp-no-rcb-time-max-timeslice-disabled-strict,hermit,"run --tmp=/tmp --no-rcb-time --max-timeslice disabled --strict",/nix/store/xaadwx8samzjd5crdzqiq026mn4cv5pv-nondet-time.drv,/nix/store/qi9qihnvf1zg6lv1pmc2d5zsjny1i7rh-nondet-time,1,1l9290vfk3lca7lmrss1p8virylharzjjb485cmmjcg6kl85njda,ok,1
nt10-run-tmp-tmp-no-rcb-time-max-timeslice-disabled-strict,hermit,"run --tmp=/tmp --no-rcb-time --max-timeslice disabled --strict",/nix/store/xaadwx8samzjd5crdzqiq026mn4cv5pv-nondet-time.drv,/nix/store/qi9qihnvf1zg6lv1pmc2d5zsjny1i7rh-nondet-time,2,1l9290vfk3lca7lmrss1p8virylharzjjb485cmmjcg6kl85njda,ok,1
nt10-run-tmp-tmp-no-rcb-time-max-timeslice-disabled-strict,hermit,"run --tmp=/tmp --no-rcb-time --max-timeslice disabled --strict",/nix/store/xaadwx8samzjd5crdzqiq026mn4cv5pv-nondet-time.drv,/nix/store/qi9qihnvf1zg6lv1pmc2d5zsjny1i7rh-nondet-time,3,1l9290vfk3lca7lmrss1p8virylharzjjb485cmmjcg6kl85njda,ok,1
nt10-run-tmp-tmp-no-rcb-time-max-timeslice-disabled-strict,hermit,"run --tmp=/tmp --no-rcb-time --max-timeslice disabled --strict",/nix/store/xaadwx8samzjd5crdzqiq026mn4cv5pv-nondet-time.drv,/nix/store/qi9qihnvf1zg6lv1pmc2d5zsjny1i7rh-nondet-time,4,1l9290vfk3lca7lmrss1p8virylharzjjb485cmmjcg6kl85njda,ok,1
nt10-run-tmp-tmp-no-rcb-time-max-timeslice-disabled-strict,hermit,"run --tmp=/tmp --no-rcb-time --max-timeslice disabled --strict",/nix/store/xaadwx8samzjd5crdzqiq026mn4cv5pv-nondet-time.drv,/nix/store/qi9qihnvf1zg6lv1pmc2d5zsjny1i7rh-nondet-time,5,1l9290vfk3lca7lmrss1p8virylharzjjb485cmmjcg6kl85njda,ok,1
nt10-run-tmp-tmp-no-rcb-time-max-timeslice-disabled-strict,hermit,"run --tmp=/tmp --no-rcb-time --max-timeslice disabled --strict",/nix/store/xaadwx8samzjd5crdzqiq026mn4cv5pv-nondet-time.drv,/nix/store/qi9qihnvf1zg6lv1pmc2d5zsjny1i7rh-nondet-time,6,1l9290vfk3lca7lmrss1p8virylharzjjb485cmmjcg6kl85njda,ok,1
nt10-run-tmp-tmp-no-rcb-time-max-timeslice-disabled-strict,hermit,"run --tmp=/tmp --no-rcb-time --max-timeslice disabled --strict",/nix/store/xaadwx8samzjd5crdzqiq026mn4cv5pv-nondet-time.drv,/nix/store/qi9qihnvf1zg6lv1pmc2d5zsjny1i7rh-nondet-time,7,1l9290vfk3lca7lmrss1p8virylharzjjb485cmmjcg6kl85njda,ok,1
nt10-run-tmp-tmp-no-rcb-time-max-timeslice-disabled-strict,hermit,"run --tmp=/tmp --no-rcb-time --max-timeslice disabled --strict",/nix/store/xaadwx8samzjd5crdzqiq026mn4cv5pv-nondet-time.drv,/nix/store/qi9qihnvf1zg6lv1pmc2d5zsjny1i7rh-nondet-time,8,1l9290vfk3lca7lmrss1p8virylharzjjb485cmmjcg6kl85njda,ok,1
nt10-run-tmp-tmp-no-rcb-time-max-timeslice-disabled-strict,hermit,"run --tmp=/tmp --no-rcb-time --max-timeslice disabled --strict",/nix/store/xaadwx8samzjd5crdzqiq026mn4cv5pv-nondet-time.drv,/nix/store/qi9qihnvf1zg6lv1pmc2d5zsjny1i7rh-nondet-time,9,1l9290vfk3lca7lmrss1p8virylharzjjb485cmmjcg6kl85njda,ok,1
nt10-run-tmp-tmp-no-rcb-time-max-timeslice-disabled-strict,hermit,"run --tmp=/tmp --no-rcb-time --max-timeslice disabled --strict",/nix/store/xaadwx8samzjd5crdzqiq026mn4cv5pv-nondet-time.drv,/nix/store/qi9qihnvf1zg6lv1pmc2d5zsjny1i7rh-nondet-time,10,1l9290vfk3lca7lmrss1p8virylharzjjb485cmmjcg6kl85njda,ok,1
nt10-run-no-namespace,hermit,"run --no-namespace +setarch-R",/nix/store/ndcg5day1m7sdykzazjzdsh3vbpg9s94-nondet-time.drv,/nix/store/fbqyjxwbiis2675wsr16ay00yzixdjcj-nondet-time,1,0d3yd7ijn865nrpl9yfjyvbzyps5v0idp03m8zsjxqs1sxpm67xk,ok,3
nt10-run-no-namespace,hermit,"run --no-namespace +setarch-R",/nix/store/ndcg5day1m7sdykzazjzdsh3vbpg9s94-nondet-time.drv,/nix/store/fbqyjxwbiis2675wsr16ay00yzixdjcj-nondet-time,2,00mgkhw1h6gkbxgy8z8y4grpmbscg60a8jqwcqvb0mcvsr4fpfhs,ok,3
nt10-run-no-namespace,hermit,"run --no-namespace +setarch-R",/nix/store/ndcg5day1m7sdykzazjzdsh3vbpg9s94-nondet-time.drv,/nix/store/fbqyjxwbiis2675wsr16ay00yzixdjcj-nondet-time,3,07vsgy9s9cwvj7sfllknpf30yqhgzkm5idd2b8hlzwa1q38qrday,ok,4
nt10-run-no-namespace,hermit,"run --no-namespace +setarch-R",/nix/store/ndcg5day1m7sdykzazjzdsh3vbpg9s94-nondet-time.drv,/nix/store/fbqyjxwbiis2675wsr16ay00yzixdjcj-nondet-time,4,00mgkhw1h6gkbxgy8z8y4grpmbscg60a8jqwcqvb0mcvsr4fpfhs,ok,3
nt10-run-no-namespace,hermit,"run --no-namespace +setarch-R",/nix/store/ndcg5day1m7sdykzazjzdsh3vbpg9s94-nondet-time.drv,/nix/store/fbqyjxwbiis2675wsr16ay00yzixdjcj-nondet-time,5,00mgkhw1h6gkbxgy8z8y4grpmbscg60a8jqwcqvb0mcvsr4fpfhs,ok,2
nt10-run-no-namespace,hermit,"run --no-namespace +setarch-R",/nix/store/ndcg5day1m7sdykzazjzdsh3vbpg9s94-nondet-time.drv,/nix/store/fbqyjxwbiis2675wsr16ay00yzixdjcj-nondet-time,6,1hjsrlwxb22w9yvkf5763y63qpdwjnfb279c6igim3cxb6ynncsz,ok,3
nt10-run-no-namespace,hermit,"run --no-namespace +setarch-R",/nix/store/ndcg5day1m7sdykzazjzdsh3vbpg9s94-nondet-time.drv,/nix/store/fbqyjxwbiis2675wsr16ay00yzixdjcj-nondet-time,7,00mgkhw1h6gkbxgy8z8y4grpmbscg60a8jqwcqvb0mcvsr4fpfhs,ok,2
nt10-run-no-namespace,hermit,"run --no-namespace +setarch-R",/nix/store/ndcg5day1m7sdykzazjzdsh3vbpg9s94-nondet-time.drv,/nix/store/fbqyjxwbiis2675wsr16ay00yzixdjcj-nondet-time,8,00mgkhw1h6gkbxgy8z8y4grpmbscg60a8jqwcqvb0mcvsr4fpfhs,ok,3
nt10-run-no-namespace,hermit,"run --no-namespace +setarch-R",/nix/store/ndcg5day1m7sdykzazjzdsh3vbpg9s94-nondet-time.drv,/nix/store/fbqyjxwbiis2675wsr16ay00yzixdjcj-nondet-time,9,1hjsrlwxb22w9yvkf5763y63qpdwjnfb279c6igim3cxb6ynncsz,ok,4
nt10-run-no-namespace,hermit,"run --no-namespace +setarch-R",/nix/store/ndcg5day1m7sdykzazjzdsh3vbpg9s94-nondet-time.drv,/nix/store/fbqyjxwbiis2675wsr16ay00yzixdjcj-nondet-time,10,1hjsrlwxb22w9yvkf5763y63qpdwjnfb279c6igim3cxb6ynncsz,ok,4
nt10-run-no-namespace-no-rcb-time-max-timeslice-disabled,hermit,"run --no-namespace --no-rcb-time --max-timeslice disabled +setarch-R",/nix/store/y3shhxhbfapci6xlv928pzpc3qj41x9r-nondet-time.drv,/nix/store/rrmxvnrk0553qzarwhf67wk72l9h6a7m-nondet-time,1,0jwklxmc0fd019vadzfzgdhx1i2m5qmc90bzyvkns70afjj5vq7h,ok,1
nt10-run-no-namespace-no-rcb-time-max-timeslice-disabled,hermit,"run --no-namespace --no-rcb-time --max-timeslice disabled +setarch-R",/nix/store/y3shhxhbfapci6xlv928pzpc3qj41x9r-nondet-time.drv,/nix/store/rrmxvnrk0553qzarwhf67wk72l9h6a7m-nondet-time,2,0jwklxmc0fd019vadzfzgdhx1i2m5qmc90bzyvkns70afjj5vq7h,ok,1
nt10-run-no-namespace-no-rcb-time-max-timeslice-disabled,hermit,"run --no-namespace --no-rcb-time --max-timeslice disabled +setarch-R",/nix/store/y3shhxhbfapci6xlv928pzpc3qj41x9r-nondet-time.drv,/nix/store/rrmxvnrk0553qzarwhf67wk72l9h6a7m-nondet-time,3,0vrmax7vdq3cyiiy9kskfvnal3lswv37z7qy46a70br09xp6wbx4,ok,1
nt10-run-no-namespace-no-rcb-time-max-timeslice-disabled,hermit,"run --no-namespace --no-rcb-time --max-timeslice disabled +setarch-R",/nix/store/y3shhxhbfapci6xlv928pzpc3qj41x9r-nondet-time.drv,/nix/store/rrmxvnrk0553qzarwhf67wk72l9h6a7m-nondet-time,4,0jwklxmc0fd019vadzfzgdhx1i2m5qmc90bzyvkns70afjj5vq7h,ok,1
nt10-run-no-namespace-no-rcb-time-max-timeslice-disabled,hermit,"run --no-namespace --no-rcb-time --max-timeslice disabled +setarch-R",/nix/store/y3shhxhbfapci6xlv928pzpc3qj41x9r-nondet-time.drv,/nix/store/rrmxvnrk0553qzarwhf67wk72l9h6a7m-nondet-time,5,0jwklxmc0fd019vadzfzgdhx1i2m5qmc90bzyvkns70afjj5vq7h,ok,1
nt10-run-no-namespace-no-rcb-time-max-timeslice-disabled,hermit,"run --no-namespace --no-rcb-time --max-timeslice disabled +setarch-R",/nix/store/y3shhxhbfapci6xlv928pzpc3qj41x9r-nondet-time.drv,/nix/store/rrmxvnrk0553qzarwhf67wk72l9h6a7m-nondet-time,6,0jwklxmc0fd019vadzfzgdhx1i2m5qmc90bzyvkns70afjj5vq7h,ok,2
nt10-run-no-namespace-no-rcb-time-max-timeslice-disabled,hermit,"run --no-namespace --no-rcb-time --max-timeslice disabled +setarch-R",/nix/store/y3shhxhbfapci6xlv928pzpc3qj41x9r-nondet-time.drv,/nix/store/rrmxvnrk0553qzarwhf67wk72l9h6a7m-nondet-time,7,0jwklxmc0fd019vadzfzgdhx1i2m5qmc90bzyvkns70afjj5vq7h,ok,1
nt10-run-no-namespace-no-rcb-time-max-timeslice-disabled,hermit,"run --no-namespace --no-rcb-time --max-timeslice disabled +setarch-R",/nix/store/y3shhxhbfapci6xlv928pzpc3qj41x9r-nondet-time.drv,/nix/store/rrmxvnrk0553qzarwhf67wk72l9h6a7m-nondet-time,8,0jwklxmc0fd019vadzfzgdhx1i2m5qmc90bzyvkns70afjj5vq7h,ok,2
nt10-run-no-namespace-no-rcb-time-max-timeslice-disabled,hermit,"run --no-namespace --no-rcb-time --max-timeslice disabled +setarch-R",/nix/store/y3shhxhbfapci6xlv928pzpc3qj41x9r-nondet-time.drv,/nix/store/rrmxvnrk0553qzarwhf67wk72l9h6a7m-nondet-time,9,0jwklxmc0fd019vadzfzgdhx1i2m5qmc90bzyvkns70afjj5vq7h,ok,1
nt10-run-no-namespace-no-rcb-time-max-timeslice-disabled,hermit,"run --no-namespace --no-rcb-time --max-timeslice disabled +setarch-R",/nix/store/y3shhxhbfapci6xlv928pzpc3qj41x9r-nondet-time.drv,/nix/store/rrmxvnrk0553qzarwhf67wk72l9h6a7m-nondet-time,10,0jwklxmc0fd019vadzfzgdhx1i2m5qmc90bzyvkns70afjj5vq7h,ok,1
figlet,native,"native",/nix/store/qf5szhhdgbhaga91d9m10c0n0i98ccb3-figlet-2.2.5.drv,/nix/store/970rara0fyrgbzsb3kmwasrkf1kvszn5-figlet-2.2.5,1,0xjjizc42fhmrv92bd24xcwha8n6j89hk4kibgwxy5pagl3a570i,ok,3
which,native,"native",/nix/store/8j1ppvc6n2i1cwmchmzk8sxyxp8f163p-which-2.23.drv,/nix/store/k44kjnci6lsjnr3migs25xflbvn651hm-which-2.23,1,10akgdnskylvddfbn6v7y908r7nqp4h1ap0jbfm1pydhhqzjppb9,ok,4
figlet,native,"native",/nix/store/qf5szhhdgbhaga91d9m10c0n0i98ccb3-figlet-2.2.5.drv,/nix/store/970rara0fyrgbzsb3kmwasrkf1kvszn5-figlet-2.2.5,2,0xjjizc42fhmrv92bd24xcwha8n6j89hk4kibgwxy5pagl3a570i,ok,3
which,native,"native",/nix/store/8j1ppvc6n2i1cwmchmzk8sxyxp8f163p-which-2.23.drv,/nix/store/k44kjnci6lsjnr3migs25xflbvn651hm-which-2.23,2,10akgdnskylvddfbn6v7y908r7nqp4h1ap0jbfm1pydhhqzjppb9,ok,4
bc,native,"native",/nix/store/hv077sb3v305vrmhh9kp8kv4pzmsh4i8-bc-1.08.2.drv,/nix/store/p5knpvbq7h1zfxrwa89yhaqs2i81rnp1-bc-1.08.2,1,1wnriq90x07313nf6jixyhyy2p0ra7mmxd8xn93srmd6y7g86sh2,ok,11
hello,native,"native",/nix/store/5g60vyp4cbgwl12pav5apyi571smp62s-hello-2.12.2.drv,/nix/store/wvfhs8k86740b7j3h1iss94z7cb0ggj1-hello-2.12.2,1,1q27ixp15f8ggr11gjfgqql5s10iwv9gnh3hqgwdwrrxwk0kc0ii,ok,20
bc,native,"native",/nix/store/hv077sb3v305vrmhh9kp8kv4pzmsh4i8-bc-1.08.2.drv,/nix/store/p5knpvbq7h1zfxrwa89yhaqs2i81rnp1-bc-1.08.2,2,1wnriq90x07313nf6jixyhyy2p0ra7mmxd8xn93srmd6y7g86sh2,ok,10
hello,native,"native",/nix/store/5g60vyp4cbgwl12pav5apyi571smp62s-hello-2.12.2.drv,/nix/store/wvfhs8k86740b7j3h1iss94z7cb0ggj1-hello-2.12.2,2,1q27ixp15f8ggr11gjfgqql5s10iwv9gnh3hqgwdwrrxwk0kc0ii,ok,19
figlet-tarfix,native,"native",/nix/store/r2r0irpp1l5byww69j44wjq1mphldsx4-figlet-2.2.5.drv,/nix/store/ajyp5a40lvq92f0r2xm25w7rb99fdpxw-figlet-2.2.5,1,1715l2jgr6ynyxl4kcdajf3babg1j4kqm49flai4dajxrpsf426n,ok,2
which-tarfix,native,"native",/nix/store/va87i9hfzlkpsj7axqx84b3k1gbw11q3-which-2.23.drv,/nix/store/mjsz8996l00xgxfvxfkkfhjyixnlymaf-which-2.23,1,10akgdnskylvddfbn6v7y908r7nqp4h1ap0jbfm1pydhhqzjppb9,ok,3
figlet-tarfix,native,"native",/nix/store/r2r0irpp1l5byww69j44wjq1mphldsx4-figlet-2.2.5.drv,/nix/store/ajyp5a40lvq92f0r2xm25w7rb99fdpxw-figlet-2.2.5,2,1715l2jgr6ynyxl4kcdajf3babg1j4kqm49flai4dajxrpsf426n,ok,2
which-tarfix,native,"native",/nix/store/va87i9hfzlkpsj7axqx84b3k1gbw11q3-which-2.23.drv,/nix/store/mjsz8996l00xgxfvxfkkfhjyixnlymaf-which-2.23,2,10akgdnskylvddfbn6v7y908r7nqp4h1ap0jbfm1pydhhqzjppb9,ok,4
bc-tarfix,native,"native",/nix/store/i52mfa8fa0jvpqd2slvsqqa70gxh96xn-bc-1.08.2.drv,/nix/store/cwkjgjyg24n2mvwkf0nfrd6zcf6hl10g-bc-1.08.2,1,1wnriq90x07313nf6jixyhyy2p0ra7mmxd8xn93srmd6y7g86sh2,ok,9
hello-tarfix,native,"native",/nix/store/6i7d9pbs0fpfxlmyj6hfccj1xp4gnyb2-hello-2.12.2.drv,/nix/store/xyyfbiykdczv41sg4px3rgxxbihcp3kk-hello-2.12.2,1,0q4v0q6lkiw92q4lhia55lgvf20ykhv4p64cain94szp0dbcw296,ok,19
bc-tarfix,native,"native",/nix/store/i52mfa8fa0jvpqd2slvsqqa70gxh96xn-bc-1.08.2.drv,/nix/store/cwkjgjyg24n2mvwkf0nfrd6zcf6hl10g-bc-1.08.2,2,1wnriq90x07313nf6jixyhyy2p0ra7mmxd8xn93srmd6y7g86sh2,ok,11
hello-tarfix,native,"native",/nix/store/6i7d9pbs0fpfxlmyj6hfccj1xp4gnyb2-hello-2.12.2.drv,/nix/store/xyyfbiykdczv41sg4px3rgxxbihcp3kk-hello-2.12.2,2,0q4v0q6lkiw92q4lhia55lgvf20ykhv4p64cain94szp0dbcw296,ok,22
demo10-native,native,"native",/nix/store/0d51xyvk1y4c3a1bclnzcbafbfljn9c4-nondet-demo.drv,/nix/store/176z04f330k06pgld90hryhj73s6kjzc-nondet-demo,1,06h9wfw857lpnd5bfwh2p47rj3ijryfdc3rdm7vf1r806y5c222g,ok,1
demo10-native,native,"native",/nix/store/0d51xyvk1y4c3a1bclnzcbafbfljn9c4-nondet-demo.drv,/nix/store/176z04f330k06pgld90hryhj73s6kjzc-nondet-demo,2,1ir4g8byrzl711z3n2xsjgd9n2vap0jhrngwwq2pwy5cb2jw518p,ok,1
urnd10-native,native,"native",/nix/store/6syh327jhywxgpp4cmvs0w2gibsnvjwq-urandom-temp-names.drv,/nix/store/g5b3i32qc1ic033y8hjdxjbfvmxdplcj-urandom-temp-names,1,02lzfji8fmjznyfsblzn71cnsgyibwsq3cycgqcp3m1wnawpy07h,ok,0
demo10-native,native,"native",/nix/store/0d51xyvk1y4c3a1bclnzcbafbfljn9c4-nondet-demo.drv,/nix/store/176z04f330k06pgld90hryhj73s6kjzc-nondet-demo,3,13dld1lsc2rznj5im5xy1zz6gkjhc92nm2zcyibvmd64z58kyyhr,ok,0
urnd10-native,native,"native",/nix/store/6syh327jhywxgpp4cmvs0w2gibsnvjwq-urandom-temp-names.drv,/nix/store/g5b3i32qc1ic033y8hjdxjbfvmxdplcj-urandom-temp-names,2,17328379fsk71g91m708a1ismkm14ibjcn2mcrn9j1jp2n2wx3vl,ok,1
n20-nondet-time,native,"native",/nix/store/c7km7f6x4xx60phwnxgy4sjhqdimh8fh-nondet-time.drv,/nix/store/l334v1iwif7b6ik97k81wia9kzhmgxqv-nondet-time,1,16kmgzf42z2zx6dmymrkca6as6c52gb17dzf5jj28xss6nnbmy03,ok,0
demo10-native,native,"native",/nix/store/0d51xyvk1y4c3a1bclnzcbafbfljn9c4-nondet-demo.drv,/nix/store/176z04f330k06pgld90hryhj73s6kjzc-nondet-demo,4,159l1ir7499b5gzwmzcm1h1zsa71yxgj30wsrlmssa8a3k8y5iay,ok,0
urnd10-native,native,"native",/nix/store/6syh327jhywxgpp4cmvs0w2gibsnvjwq-urandom-temp-names.drv,/nix/store/g5b3i32qc1ic033y8hjdxjbfvmxdplcj-urandom-temp-names,3,0nawl0ipf7q8005znkmmrb1yrxkn19fr0s2pwqcx1nzjzyysqd36,ok,0
n20-nondet-time,native,"native",/nix/store/c7km7f6x4xx60phwnxgy4sjhqdimh8fh-nondet-time.drv,/nix/store/l334v1iwif7b6ik97k81wia9kzhmgxqv-nondet-time,2,1qqlprh58sgwj8zjy53ik1hfvscx5ikasf5ac34k4s37krw34z43,ok,0
demo10-native,native,"native",/nix/store/0d51xyvk1y4c3a1bclnzcbafbfljn9c4-nondet-demo.drv,/nix/store/176z04f330k06pgld90hryhj73s6kjzc-nondet-demo,5,0wrywbdcxry2c0v7qgjjhk4lljyc437iq1hd2km8h4zyv0fx60df,ok,1
urnd10-native,native,"native",/nix/store/6syh327jhywxgpp4cmvs0w2gibsnvjwq-urandom-temp-names.drv,/nix/store/g5b3i32qc1ic033y8hjdxjbfvmxdplcj-urandom-temp-names,4,1hdk9jgn51i2hm21v5k4dfbqpbnfx3w9jr4ql8glj4s63k88q3by,ok,0
n20-nondet-time,native,"native",/nix/store/c7km7f6x4xx60phwnxgy4sjhqdimh8fh-nondet-time.drv,/nix/store/l334v1iwif7b6ik97k81wia9kzhmgxqv-nondet-time,3,0nahhiivqzcxc8fyahcsw44cw7bg58734lrknz78ggwrwqkw2ggz,ok,0
demo10-native,native,"native",/nix/store/0d51xyvk1y4c3a1bclnzcbafbfljn9c4-nondet-demo.drv,/nix/store/176z04f330k06pgld90hryhj73s6kjzc-nondet-demo,6,07f1vaazizcg26dxmwa82vlya0rwlnzr0vnlpgxhmnwsr6slpi32,ok,1
urnd10-native,native,"native",/nix/store/6syh327jhywxgpp4cmvs0w2gibsnvjwq-urandom-temp-names.drv,/nix/store/g5b3i32qc1ic033y8hjdxjbfvmxdplcj-urandom-temp-names,5,15cd1wryzf213w7555v52cpls0w0gmndk4ilhiy3zm01haxvg86y,ok,0
n20-nondet-time,native,"native",/nix/store/c7km7f6x4xx60phwnxgy4sjhqdimh8fh-nondet-time.drv,/nix/store/l334v1iwif7b6ik97k81wia9kzhmgxqv-nondet-time,4,16k6sbqhknnxwwi928s8lcizxgbmk2ivyqkfy6gq6xrl5jm58q0v,ok,0
demo10-native,native,"native",/nix/store/0d51xyvk1y4c3a1bclnzcbafbfljn9c4-nondet-demo.drv,/nix/store/176z04f330k06pgld90hryhj73s6kjzc-nondet-demo,7,0axrwwya99w1qh3fqh0z32x2z11b92xhfpx5bmiwgl3df919pam9,ok,0
urnd10-native,native,"native",/nix/store/6syh327jhywxgpp4cmvs0w2gibsnvjwq-urandom-temp-names.drv,/nix/store/g5b3i32qc1ic033y8hjdxjbfvmxdplcj-urandom-temp-names,6,1sqf1k3dxdhb7ympwdb31adc289r9b7kwagvcsgx6igg2d8nzf3y,ok,0
n20-nondet-time,native,"native",/nix/store/c7km7f6x4xx60phwnxgy4sjhqdimh8fh-nondet-time.drv,/nix/store/l334v1iwif7b6ik97k81wia9kzhmgxqv-nondet-time,5,1v7p7hq901569xg1h36gr8sbz0mhihrbddw3sh5sv79cslfp4yzv,ok,1
demo10-native,native,"native",/nix/store/0d51xyvk1y4c3a1bclnzcbafbfljn9c4-nondet-demo.drv,/nix/store/176z04f330k06pgld90hryhj73s6kjzc-nondet-demo,8,1b3znskfvpyk2jg29w6323h2jg7vb9fl4jrny5v2vbdrmkaq46v7,ok,0
urnd10-native,native,"native",/nix/store/6syh327jhywxgpp4cmvs0w2gibsnvjwq-urandom-temp-names.drv,/nix/store/g5b3i32qc1ic033y8hjdxjbfvmxdplcj-urandom-temp-names,7,1486nf43c84nbvddqmka2lmq0yk7l63cvcmjbdxgjirl2dpvvi9h,ok,0
n20-nondet-time,native,"native",/nix/store/c7km7f6x4xx60phwnxgy4sjhqdimh8fh-nondet-time.drv,/nix/store/l334v1iwif7b6ik97k81wia9kzhmgxqv-nondet-time,6,18njqin4hjv3nd2ibh3nqzr9a1cc0xwh6w50bj1j2mh48j6ak01i,ok,0
demo10-native,native,"native",/nix/store/0d51xyvk1y4c3a1bclnzcbafbfljn9c4-nondet-demo.drv,/nix/store/176z04f330k06pgld90hryhj73s6kjzc-nondet-demo,9,0qbqk5p8np58rqlzb8qrk1q118pjhqx7n4wrk6lf7sm5gjafih7z,ok,0
urnd10-native,native,"native",/nix/store/6syh327jhywxgpp4cmvs0w2gibsnvjwq-urandom-temp-names.drv,/nix/store/g5b3i32qc1ic033y8hjdxjbfvmxdplcj-urandom-temp-names,8,1dvzlwh5nf70k3i25sl1yzfrvlgdnmwi2mh5zhczx2vc3pwmvqwh,ok,0
n20-nondet-time,native,"native",/nix/store/c7km7f6x4xx60phwnxgy4sjhqdimh8fh-nondet-time.drv,/nix/store/l334v1iwif7b6ik97k81wia9kzhmgxqv-nondet-time,7,0z60bsing4lsgrnmm33zq5g15wvdxili6b779fkfrnl44grcvjir,ok,0
demo10-native,native,"native",/nix/store/0d51xyvk1y4c3a1bclnzcbafbfljn9c4-nondet-demo.drv,/nix/store/176z04f330k06pgld90hryhj73s6kjzc-nondet-demo,10,1vxmqlsivqwnr646xkxc1gapj6gmnj3zvikcn353xr95j8h8phds,ok,0
urnd10-native,native,"native",/nix/store/6syh327jhywxgpp4cmvs0w2gibsnvjwq-urandom-temp-names.drv,/nix/store/g5b3i32qc1ic033y8hjdxjbfvmxdplcj-urandom-temp-names,9,0ccbjb3andpysfkyhc4dmjzaigs25knnl19j6jm42i87p2gspasz,ok,1
n20-nondet-time,native,"native",/nix/store/c7km7f6x4xx60phwnxgy4sjhqdimh8fh-nondet-time.drv,/nix/store/l334v1iwif7b6ik97k81wia9kzhmgxqv-nondet-time,8,0zbvpx35ri749x35286zds25cdp7cc9184s69viglj21zi8vndmh,ok,0
urnd10-native,native,"native",/nix/store/6syh327jhywxgpp4cmvs0w2gibsnvjwq-urandom-temp-names.drv,/nix/store/g5b3i32qc1ic033y8hjdxjbfvmxdplcj-urandom-temp-names,10,1kgddrbi5cmn1nnnn7zaw9xw40g134jjdavw12f9qldraw0w72qr,ok,0
n20-nondet-time,native,"native",/nix/store/c7km7f6x4xx60phwnxgy4sjhqdimh8fh-nondet-time.drv,/nix/store/l334v1iwif7b6ik97k81wia9kzhmgxqv-nondet-time,9,1l35r5wshvxcgm99aawq3p9bkac6hzqhd6ps5f87859m27zcv8m6,ok,0
n20-nondet-time,native,"native",/nix/store/c7km7f6x4xx60phwnxgy4sjhqdimh8fh-nondet-time.drv,/nix/store/l334v1iwif7b6ik97k81wia9kzhmgxqv-nondet-time,10,16zx4zpm3g5ra3diaszm5w13clznb93wikn9yb6z0jfmxgs9q5ff,ok,0
n20-nondet-time,native,"native",/nix/store/c7km7f6x4xx60phwnxgy4sjhqdimh8fh-nondet-time.drv,/nix/store/l334v1iwif7b6ik97k81wia9kzhmgxqv-nondet-time,11,0jl3jk5dfnyjlgm0974aqhzc4j791ld5yc07fc1z4zll55q5gshp,ok,0
n20-nondet-time,native,"native",/nix/store/c7km7f6x4xx60phwnxgy4sjhqdimh8fh-nondet-time.drv,/nix/store/l334v1iwif7b6ik97k81wia9kzhmgxqv-nondet-time,12,0ch8x2rlv340bycxzwrn6njl4s7lja6ycrjz8a6knxrfbay0cv6r,ok,0
n20-nondet-time,native,"native",/nix/store/c7km7f6x4xx60phwnxgy4sjhqdimh8fh-nondet-time.drv,/nix/store/l334v1iwif7b6ik97k81wia9kzhmgxqv-nondet-time,13,0yl9mw5xl3prs34mird25064c1kvdx3q85zl7x9lcmgj79f5i1sr,ok,0
n20-nondet-time,native,"native",/nix/store/c7km7f6x4xx60phwnxgy4sjhqdimh8fh-nondet-time.drv,/nix/store/l334v1iwif7b6ik97k81wia9kzhmgxqv-nondet-time,14,10jp38rmpwa75kgr8zz3sx38f9qarf7p3v3whcahy7xn3c3j730n,ok,0
n20-nondet-time,native,"native",/nix/store/c7km7f6x4xx60phwnxgy4sjhqdimh8fh-nondet-time.drv,/nix/store/l334v1iwif7b6ik97k81wia9kzhmgxqv-nondet-time,15,1dbjsnbdmwngrjz6v1g544xafv73i712457dknr83qpfbwgjiwpa,ok,1
urnd10-run-tmp-tmp,hermit,"run --tmp=/tmp",/nix/store/888dc29rrz83270s16xhkzkj5yycn4g0-urandom-temp-names.drv,/nix/store/bmw16lhaaj4v49aj3i532ryb8r66syl4-urandom-temp-names,1,0wx7gxi6m9b34i9z8p0r9dpj4bhqpnk2fa34n47wiz2jkmrvi3dv,ok,6
n20-nondet-time,native,"native",/nix/store/c7km7f6x4xx60phwnxgy4sjhqdimh8fh-nondet-time.drv,/nix/store/l334v1iwif7b6ik97k81wia9kzhmgxqv-nondet-time,16,09q01fb09yf7ha3yk8z04l7k6wkmy0yj4w2h0al6475gk7vz1lqz,ok,0
n20-nondet-time,native,"native",/nix/store/c7km7f6x4xx60phwnxgy4sjhqdimh8fh-nondet-time.drv,/nix/store/l334v1iwif7b6ik97k81wia9kzhmgxqv-nondet-time,17,1qq8q9hrnni7jq16bi0q8h6by3jfnbiskjjjw4xfh0kvyzvgfxn4,ok,1
n20-nondet-time,native,"native",/nix/store/c7km7f6x4xx60phwnxgy4sjhqdimh8fh-nondet-time.drv,/nix/store/l334v1iwif7b6ik97k81wia9kzhmgxqv-nondet-time,18,0js6nfzhbv1rslji1jhccfyyg9g187adin5wp0qf706kcq7ilb9s,ok,0
n20-nondet-time,native,"native",/nix/store/c7km7f6x4xx60phwnxgy4sjhqdimh8fh-nondet-time.drv,/nix/store/l334v1iwif7b6ik97k81wia9kzhmgxqv-nondet-time,19,0h0jywck7hx98xxa89sg18fckzkav49k961y2gsp3qf8gpljf456,ok,0
n20-nondet-time,native,"native",/nix/store/c7km7f6x4xx60phwnxgy4sjhqdimh8fh-nondet-time.drv,/nix/store/l334v1iwif7b6ik97k81wia9kzhmgxqv-nondet-time,20,1dv0xrmkc82d4vwqgprn991cfwxmfyjnvp692qz3gnbr2b2n6pdr,ok,0
n20-nondet-time,hermit,"run --tmp=/tmp --no-rcb-time --max-timeslice disabled",/nix/store/zchz93ccrkcnfhx9nfl6izrcy7j900kq-nondet-time.drv,/nix/store/f5dyl4j4s904fxignnlw9c71vxxll684-nondet-time,1,1l9290vfk3lca7lmrss1p8virylharzjjb485cmmjcg6kl85njda,ok,1
urnd10-run-tmp-tmp,hermit,"run --tmp=/tmp",/nix/store/888dc29rrz83270s16xhkzkj5yycn4g0-urandom-temp-names.drv,/nix/store/bmw16lhaaj4v49aj3i532ryb8r66syl4-urandom-temp-names,2,0wx7gxi6m9b34i9z8p0r9dpj4bhqpnk2fa34n47wiz2jkmrvi3dv,ok,5
n20-nondet-time,hermit,"run --tmp=/tmp --no-rcb-time --max-timeslice disabled",/nix/store/zchz93ccrkcnfhx9nfl6izrcy7j900kq-nondet-time.drv,/nix/store/f5dyl4j4s904fxignnlw9c71vxxll684-nondet-time,2,1l9290vfk3lca7lmrss1p8virylharzjjb485cmmjcg6kl85njda,ok,1
n20-nondet-time,hermit,"run --tmp=/tmp --no-rcb-time --max-timeslice disabled",/nix/store/zchz93ccrkcnfhx9nfl6izrcy7j900kq-nondet-time.drv,/nix/store/f5dyl4j4s904fxignnlw9c71vxxll684-nondet-time,3,1l9290vfk3lca7lmrss1p8virylharzjjb485cmmjcg6kl85njda,ok,1
urnd10-run-tmp-tmp,hermit,"run --tmp=/tmp",/nix/store/888dc29rrz83270s16xhkzkj5yycn4g0-urandom-temp-names.drv,/nix/store/bmw16lhaaj4v49aj3i532ryb8r66syl4-urandom-temp-names,3,0wx7gxi6m9b34i9z8p0r9dpj4bhqpnk2fa34n47wiz2jkmrvi3dv,ok,3
n20-nondet-time,hermit,"run --tmp=/tmp --no-rcb-time --max-timeslice disabled",/nix/store/zchz93ccrkcnfhx9nfl6izrcy7j900kq-nondet-time.drv,/nix/store/f5dyl4j4s904fxignnlw9c71vxxll684-nondet-time,4,1l9290vfk3lca7lmrss1p8virylharzjjb485cmmjcg6kl85njda,ok,2
n20-nondet-time,hermit,"run --tmp=/tmp --no-rcb-time --max-timeslice disabled",/nix/store/zchz93ccrkcnfhx9nfl6izrcy7j900kq-nondet-time.drv,/nix/store/f5dyl4j4s904fxignnlw9c71vxxll684-nondet-time,5,1l9290vfk3lca7lmrss1p8virylharzjjb485cmmjcg6kl85njda,ok,1
urnd10-run-tmp-tmp,hermit,"run --tmp=/tmp",/nix/store/888dc29rrz83270s16xhkzkj5yycn4g0-urandom-temp-names.drv,/nix/store/bmw16lhaaj4v49aj3i532ryb8r66syl4-urandom-temp-names,4,0wx7gxi6m9b34i9z8p0r9dpj4bhqpnk2fa34n47wiz2jkmrvi3dv,ok,4
n20-nondet-time,hermit,"run --tmp=/tmp --no-rcb-time --max-timeslice disabled",/nix/store/zchz93ccrkcnfhx9nfl6izrcy7j900kq-nondet-time.drv,/nix/store/f5dyl4j4s904fxignnlw9c71vxxll684-nondet-time,6,1l9290vfk3lca7lmrss1p8virylharzjjb485cmmjcg6kl85njda,ok,1
n20-nondet-time,hermit,"run --tmp=/tmp --no-rcb-time --max-timeslice disabled",/nix/store/zchz93ccrkcnfhx9nfl6izrcy7j900kq-nondet-time.drv,/nix/store/f5dyl4j4s904fxignnlw9c71vxxll684-nondet-time,7,1l9290vfk3lca7lmrss1p8virylharzjjb485cmmjcg6kl85njda,ok,1
n20-nondet-time,hermit,"run --tmp=/tmp --no-rcb-time --max-timeslice disabled",/nix/store/zchz93ccrkcnfhx9nfl6izrcy7j900kq-nondet-time.drv,/nix/store/f5dyl4j4s904fxignnlw9c71vxxll684-nondet-time,8,1l9290vfk3lca7lmrss1p8virylharzjjb485cmmjcg6kl85njda,ok,2
urnd10-run-tmp-tmp,hermit,"run --tmp=/tmp",/nix/store/888dc29rrz83270s16xhkzkj5yycn4g0-urandom-temp-names.drv,/nix/store/bmw16lhaaj4v49aj3i532ryb8r66syl4-urandom-temp-names,5,0wx7gxi6m9b34i9z8p0r9dpj4bhqpnk2fa34n47wiz2jkmrvi3dv,ok,6
n20-nondet-time,hermit,"run --tmp=/tmp --no-rcb-time --max-timeslice disabled",/nix/store/zchz93ccrkcnfhx9nfl6izrcy7j900kq-nondet-time.drv,/nix/store/f5dyl4j4s904fxignnlw9c71vxxll684-nondet-time,9,1l9290vfk3lca7lmrss1p8virylharzjjb485cmmjcg6kl85njda,ok,1
n20-nondet-time,hermit,"run --tmp=/tmp --no-rcb-time --max-timeslice disabled",/nix/store/zchz93ccrkcnfhx9nfl6izrcy7j900kq-nondet-time.drv,/nix/store/f5dyl4j4s904fxignnlw9c71vxxll684-nondet-time,10,1l9290vfk3lca7lmrss1p8virylharzjjb485cmmjcg6kl85njda,ok,1
n20-nondet-time,hermit,"run --tmp=/tmp --no-rcb-time --max-timeslice disabled",/nix/store/zchz93ccrkcnfhx9nfl6izrcy7j900kq-nondet-time.drv,/nix/store/f5dyl4j4s904fxignnlw9c71vxxll684-nondet-time,11,1l9290vfk3lca7lmrss1p8virylharzjjb485cmmjcg6kl85njda,ok,1
n20-nondet-time,hermit,"run --tmp=/tmp --no-rcb-time --max-timeslice disabled",/nix/store/zchz93ccrkcnfhx9nfl6izrcy7j900kq-nondet-time.drv,/nix/store/f5dyl4j4s904fxignnlw9c71vxxll684-nondet-time,12,1l9290vfk3lca7lmrss1p8virylharzjjb485cmmjcg6kl85njda,ok,2
urnd10-run-tmp-tmp,hermit,"run --tmp=/tmp",/nix/store/888dc29rrz83270s16xhkzkj5yycn4g0-urandom-temp-names.drv,/nix/store/bmw16lhaaj4v49aj3i532ryb8r66syl4-urandom-temp-names,6,0wx7gxi6m9b34i9z8p0r9dpj4bhqpnk2fa34n47wiz2jkmrvi3dv,ok,6
n20-nondet-time,hermit,"run --tmp=/tmp --no-rcb-time --max-timeslice disabled",/nix/store/zchz93ccrkcnfhx9nfl6izrcy7j900kq-nondet-time.drv,/nix/store/f5dyl4j4s904fxignnlw9c71vxxll684-nondet-time,13,1l9290vfk3lca7lmrss1p8virylharzjjb485cmmjcg6kl85njda,ok,1
n20-nondet-time,hermit,"run --tmp=/tmp --no-rcb-time --max-timeslice disabled",/nix/store/zchz93ccrkcnfhx9nfl6izrcy7j900kq-nondet-time.drv,/nix/store/f5dyl4j4s904fxignnlw9c71vxxll684-nondet-time,14,1l9290vfk3lca7lmrss1p8virylharzjjb485cmmjcg6kl85njda,ok,1
urnd10-run-tmp-tmp,hermit,"run --tmp=/tmp",/nix/store/888dc29rrz83270s16xhkzkj5yycn4g0-urandom-temp-names.drv,/nix/store/bmw16lhaaj4v49aj3i532ryb8r66syl4-urandom-temp-names,7,0wx7gxi6m9b34i9z8p0r9dpj4bhqpnk2fa34n47wiz2jkmrvi3dv,ok,3
n20-nondet-time,hermit,"run --tmp=/tmp --no-rcb-time --max-timeslice disabled",/nix/store/zchz93ccrkcnfhx9nfl6izrcy7j900kq-nondet-time.drv,/nix/store/f5dyl4j4s904fxignnlw9c71vxxll684-nondet-time,15,1l9290vfk3lca7lmrss1p8virylharzjjb485cmmjcg6kl85njda,ok,1
n20-nondet-time,hermit,"run --tmp=/tmp --no-rcb-time --max-timeslice disabled",/nix/store/zchz93ccrkcnfhx9nfl6izrcy7j900kq-nondet-time.drv,/nix/store/f5dyl4j4s904fxignnlw9c71vxxll684-nondet-time,16,1l9290vfk3lca7lmrss1p8virylharzjjb485cmmjcg6kl85njda,ok,1
urnd10-run-tmp-tmp,hermit,"run --tmp=/tmp",/nix/store/888dc29rrz83270s16xhkzkj5yycn4g0-urandom-temp-names.drv,/nix/store/bmw16lhaaj4v49aj3i532ryb8r66syl4-urandom-temp-names,8,0wx7gxi6m9b34i9z8p0r9dpj4bhqpnk2fa34n47wiz2jkmrvi3dv,ok,4
n20-nondet-time,hermit,"run --tmp=/tmp --no-rcb-time --max-timeslice disabled",/nix/store/zchz93ccrkcnfhx9nfl6izrcy7j900kq-nondet-time.drv,/nix/store/f5dyl4j4s904fxignnlw9c71vxxll684-nondet-time,17,1l9290vfk3lca7lmrss1p8virylharzjjb485cmmjcg6kl85njda,ok,1
n20-nondet-time,hermit,"run --tmp=/tmp --no-rcb-time --max-timeslice disabled",/nix/store/zchz93ccrkcnfhx9nfl6izrcy7j900kq-nondet-time.drv,/nix/store/f5dyl4j4s904fxignnlw9c71vxxll684-nondet-time,18,1l9290vfk3lca7lmrss1p8virylharzjjb485cmmjcg6kl85njda,ok,1
urnd10-run-tmp-tmp,hermit,"run --tmp=/tmp",/nix/store/888dc29rrz83270s16xhkzkj5yycn4g0-urandom-temp-names.drv,/nix/store/bmw16lhaaj4v49aj3i532ryb8r66syl4-urandom-temp-names,9,0wx7gxi6m9b34i9z8p0r9dpj4bhqpnk2fa34n47wiz2jkmrvi3dv,ok,4
n20-nondet-time,hermit,"run --tmp=/tmp --no-rcb-time --max-timeslice disabled",/nix/store/zchz93ccrkcnfhx9nfl6izrcy7j900kq-nondet-time.drv,/nix/store/f5dyl4j4s904fxignnlw9c71vxxll684-nondet-time,19,1l9290vfk3lca7lmrss1p8virylharzjjb485cmmjcg6kl85njda,ok,1
n20-nondet-time,hermit,"run --tmp=/tmp --no-rcb-time --max-timeslice disabled",/nix/store/zchz93ccrkcnfhx9nfl6izrcy7j900kq-nondet-time.drv,/nix/store/f5dyl4j4s904fxignnlw9c71vxxll684-nondet-time,20,1l9290vfk3lca7lmrss1p8virylharzjjb485cmmjcg6kl85njda,ok,1
n20-nondet-demo,native,"native",/nix/store/0d51xyvk1y4c3a1bclnzcbafbfljn9c4-nondet-demo.drv,/nix/store/176z04f330k06pgld90hryhj73s6kjzc-nondet-demo,1,1wkc51lzva1hhlh3g9c9p55qnnhnl51nmccjp222gz3pgyins58y,ok,1
urnd10-run-tmp-tmp,hermit,"run --tmp=/tmp",/nix/store/888dc29rrz83270s16xhkzkj5yycn4g0-urandom-temp-names.drv,/nix/store/bmw16lhaaj4v49aj3i532ryb8r66syl4-urandom-temp-names,10,0wx7gxi6m9b34i9z8p0r9dpj4bhqpnk2fa34n47wiz2jkmrvi3dv,ok,4
n20-nondet-demo,native,"native",/nix/store/0d51xyvk1y4c3a1bclnzcbafbfljn9c4-nondet-demo.drv,/nix/store/176z04f330k06pgld90hryhj73s6kjzc-nondet-demo,2,087hlv9955cyjidv9r36y1iv0igr8ksffwklkascrnp06nps4xsh,ok,1
n20-nondet-demo,native,"native",/nix/store/0d51xyvk1y4c3a1bclnzcbafbfljn9c4-nondet-demo.drv,/nix/store/176z04f330k06pgld90hryhj73s6kjzc-nondet-demo,3,1w6lq1cjqfnfscqvgaz67c029nlwdcwpys1cfskpjagfqls5yrhw,ok,0
n20-nondet-demo,native,"native",/nix/store/0d51xyvk1y4c3a1bclnzcbafbfljn9c4-nondet-demo.drv,/nix/store/176z04f330k06pgld90hryhj73s6kjzc-nondet-demo,4,0rpas37znfwqkdrzbai9722xjy015ici2g5jqxz1vmzdfixdlq87,ok,0
n20-nondet-demo,native,"native",/nix/store/0d51xyvk1y4c3a1bclnzcbafbfljn9c4-nondet-demo.drv,/nix/store/176z04f330k06pgld90hryhj73s6kjzc-nondet-demo,5,038swkkpm9q5fxi5n8qbfm7fc72bfb4kfzzh3fardh061wazz6m1,ok,0
n20-nondet-demo,native,"native",/nix/store/0d51xyvk1y4c3a1bclnzcbafbfljn9c4-nondet-demo.drv,/nix/store/176z04f330k06pgld90hryhj73s6kjzc-nondet-demo,6,1sfiv5ng79jnmx8db6n14mcva5sgv3krhaar2lf8v1b46lr68jwy,ok,0
urnd10-run-tmp-tmp-no-rcb-time,hermit,"run --tmp=/tmp --no-rcb-time",/nix/store/0a4sr4w10d229xh9dsskq5dg9vq58ayj-urandom-temp-names.drv,/nix/store/3ic95570gkm5q64nxdp2cc0jh1lfi510-urandom-temp-names,1,0wx7gxi6m9b34i9z8p0r9dpj4bhqpnk2fa34n47wiz2jkmrvi3dv,ok,3
n20-nondet-demo,native,"native",/nix/store/0d51xyvk1y4c3a1bclnzcbafbfljn9c4-nondet-demo.drv,/nix/store/176z04f330k06pgld90hryhj73s6kjzc-nondet-demo,7,0fa0nvkgv4qv3p5yqkdg9c6jzfbard76gcrdr5gcnfbzvngj4y0i,ok,0
n20-nondet-demo,native,"native",/nix/store/0d51xyvk1y4c3a1bclnzcbafbfljn9c4-nondet-demo.drv,/nix/store/176z04f330k06pgld90hryhj73s6kjzc-nondet-demo,8,1qaqwwjwkw3cdli4jr9ln9pkm0f0xcpphvvry917fx67szipvxm5,ok,1
n20-nondet-demo,native,"native",/nix/store/0d51xyvk1y4c3a1bclnzcbafbfljn9c4-nondet-demo.drv,/nix/store/176z04f330k06pgld90hryhj73s6kjzc-nondet-demo,9,01svvi1n49vy9pfplgyjixcs43wjkmh5f411qawzkszdabby1k8z,ok,0
n20-nondet-demo,native,"native",/nix/store/0d51xyvk1y4c3a1bclnzcbafbfljn9c4-nondet-demo.drv,/nix/store/176z04f330k06pgld90hryhj73s6kjzc-nondet-demo,10,1snfwi00w131xfm2s9p3bn5ixwa3xzssvr20xb1w760wqcj7dwj4,ok,0
urnd10-run-tmp-tmp-no-rcb-time,hermit,"run --tmp=/tmp --no-rcb-time",/nix/store/0a4sr4w10d229xh9dsskq5dg9vq58ayj-urandom-temp-names.drv,/nix/store/3ic95570gkm5q64nxdp2cc0jh1lfi510-urandom-temp-names,2,0wx7gxi6m9b34i9z8p0r9dpj4bhqpnk2fa34n47wiz2jkmrvi3dv,ok,3
n20-nondet-demo,native,"native",/nix/store/0d51xyvk1y4c3a1bclnzcbafbfljn9c4-nondet-demo.drv,/nix/store/176z04f330k06pgld90hryhj73s6kjzc-nondet-demo,11,0vphlw7nzqkw2364znkkw97wskd74cfnl4llswm5laxmzkfcgj2m,ok,0
n20-nondet-demo,native,"native",/nix/store/0d51xyvk1y4c3a1bclnzcbafbfljn9c4-nondet-demo.drv,/nix/store/176z04f330k06pgld90hryhj73s6kjzc-nondet-demo,12,1qsj1w16idi2jfy8jxx14f7hk9yli63k6c5939h9fbqgvi1vvbha,ok,1
n20-nondet-demo,native,"native",/nix/store/0d51xyvk1y4c3a1bclnzcbafbfljn9c4-nondet-demo.drv,/nix/store/176z04f330k06pgld90hryhj73s6kjzc-nondet-demo,13,0nbwxs43mbb1bcwd95y7ijfbhifgqb7hm7xqnaj0fh89g0yrrwjp,ok,0
n20-nondet-demo,native,"native",/nix/store/0d51xyvk1y4c3a1bclnzcbafbfljn9c4-nondet-demo.drv,/nix/store/176z04f330k06pgld90hryhj73s6kjzc-nondet-demo,14,0h6llkcbn7dh3pq6m11i8zz7x1rclrxhi7m3zpxpazfgj6zlmh3m,ok,0
n20-nondet-demo,native,"native",/nix/store/0d51xyvk1y4c3a1bclnzcbafbfljn9c4-nondet-demo.drv,/nix/store/176z04f330k06pgld90hryhj73s6kjzc-nondet-demo,15,1zlcc2019l965dm7f2ahc8ihgwyz5jzqylnbjy7d420lxhawc2hc,ok,0
n20-nondet-demo,native,"native",/nix/store/0d51xyvk1y4c3a1bclnzcbafbfljn9c4-nondet-demo.drv,/nix/store/176z04f330k06pgld90hryhj73s6kjzc-nondet-demo,16,10zc360mj77944b13rzzaib3yb1jyrrfcfm2d7qskwf25rnzpq9y,ok,0
n20-nondet-demo,native,"native",/nix/store/0d51xyvk1y4c3a1bclnzcbafbfljn9c4-nondet-demo.drv,/nix/store/176z04f330k06pgld90hryhj73s6kjzc-nondet-demo,17,16ybi2vqda5lh5mly70ggnxni73kvinbrqkcdm2gl9fp25jmdbnf,ok,0
urnd10-run-tmp-tmp-no-rcb-time,hermit,"run --tmp=/tmp --no-rcb-time",/nix/store/0a4sr4w10d229xh9dsskq5dg9vq58ayj-urandom-temp-names.drv,/nix/store/3ic95570gkm5q64nxdp2cc0jh1lfi510-urandom-temp-names,3,0wx7gxi6m9b34i9z8p0r9dpj4bhqpnk2fa34n47wiz2jkmrvi3dv,ok,5
n20-nondet-demo,native,"native",/nix/store/0d51xyvk1y4c3a1bclnzcbafbfljn9c4-nondet-demo.drv,/nix/store/176z04f330k06pgld90hryhj73s6kjzc-nondet-demo,18,1lmgp3fkgc6pjhls3nflpdyajx5qkcdxw7fc315npb060vk2mrfv,ok,0
n20-nondet-demo,native,"native",/nix/store/0d51xyvk1y4c3a1bclnzcbafbfljn9c4-nondet-demo.drv,/nix/store/176z04f330k06pgld90hryhj73s6kjzc-nondet-demo,19,19dx0vwfppnf836jxvnnlrqk5hsr2fcmhdsiz58gfnfh0j7vmhl3,ok,0
n20-nondet-demo,native,"native",/nix/store/0d51xyvk1y4c3a1bclnzcbafbfljn9c4-nondet-demo.drv,/nix/store/176z04f330k06pgld90hryhj73s6kjzc-nondet-demo,20,01wr0p5hjziwbbgbqm5rsv07y3v3aszdxzwlphq1bffhs31bz4x4,ok,0
urnd10-run-tmp-tmp-no-rcb-time,hermit,"run --tmp=/tmp --no-rcb-time",/nix/store/0a4sr4w10d229xh9dsskq5dg9vq58ayj-urandom-temp-names.drv,/nix/store/3ic95570gkm5q64nxdp2cc0jh1lfi510-urandom-temp-names,4,0wx7gxi6m9b34i9z8p0r9dpj4bhqpnk2fa34n47wiz2jkmrvi3dv,ok,2
urnd10-run-tmp-tmp-no-rcb-time,hermit,"run --tmp=/tmp --no-rcb-time",/nix/store/0a4sr4w10d229xh9dsskq5dg9vq58ayj-urandom-temp-names.drv,/nix/store/3ic95570gkm5q64nxdp2cc0jh1lfi510-urandom-temp-names,5,0wx7gxi6m9b34i9z8p0r9dpj4bhqpnk2fa34n47wiz2jkmrvi3dv,ok,6
urnd10-run-tmp-tmp-no-rcb-time,hermit,"run --tmp=/tmp --no-rcb-time",/nix/store/0a4sr4w10d229xh9dsskq5dg9vq58ayj-urandom-temp-names.drv,/nix/store/3ic95570gkm5q64nxdp2cc0jh1lfi510-urandom-temp-names,6,0wx7gxi6m9b34i9z8p0r9dpj4bhqpnk2fa34n47wiz2jkmrvi3dv,ok,3
urnd10-run-tmp-tmp-no-rcb-time,hermit,"run --tmp=/tmp --no-rcb-time",/nix/store/0a4sr4w10d229xh9dsskq5dg9vq58ayj-urandom-temp-names.drv,/nix/store/3ic95570gkm5q64nxdp2cc0jh1lfi510-urandom-temp-names,7,0wx7gxi6m9b34i9z8p0r9dpj4bhqpnk2fa34n47wiz2jkmrvi3dv,ok,3
urnd10-run-tmp-tmp-no-rcb-time,hermit,"run --tmp=/tmp --no-rcb-time",/nix/store/0a4sr4w10d229xh9dsskq5dg9vq58ayj-urandom-temp-names.drv,/nix/store/3ic95570gkm5q64nxdp2cc0jh1lfi510-urandom-temp-names,8,0wx7gxi6m9b34i9z8p0r9dpj4bhqpnk2fa34n47wiz2jkmrvi3dv,ok,3
urnd10-run-tmp-tmp-no-rcb-time,hermit,"run --tmp=/tmp --no-rcb-time",/nix/store/0a4sr4w10d229xh9dsskq5dg9vq58ayj-urandom-temp-names.drv,/nix/store/3ic95570gkm5q64nxdp2cc0jh1lfi510-urandom-temp-names,9,0wx7gxi6m9b34i9z8p0r9dpj4bhqpnk2fa34n47wiz2jkmrvi3dv,ok,2
urnd10-run-tmp-tmp-no-rcb-time,hermit,"run --tmp=/tmp --no-rcb-time",/nix/store/0a4sr4w10d229xh9dsskq5dg9vq58ayj-urandom-temp-names.drv,/nix/store/3ic95570gkm5q64nxdp2cc0jh1lfi510-urandom-temp-names,10,0wx7gxi6m9b34i9z8p0r9dpj4bhqpnk2fa34n47wiz2jkmrvi3dv,ok,3
urnd10-run-tmp-tmp-no-rcb-time-max-timeslice-disabled,hermit,"run --tmp=/tmp --no-rcb-time --max-timeslice disabled",/nix/store/d9b2gdlvi3pfzal1bpk6iih6g6qlfsmv-urandom-temp-names.drv,/nix/store/hxvv7nw859sk6dv2ixrxlnr2dq92w3xa-urandom-temp-names,1,0wx7gxi6m9b34i9z8p0r9dpj4bhqpnk2fa34n47wiz2jkmrvi3dv,ok,2
urnd10-run-tmp-tmp-no-rcb-time-max-timeslice-disabled,hermit,"run --tmp=/tmp --no-rcb-time --max-timeslice disabled",/nix/store/d9b2gdlvi3pfzal1bpk6iih6g6qlfsmv-urandom-temp-names.drv,/nix/store/hxvv7nw859sk6dv2ixrxlnr2dq92w3xa-urandom-temp-names,2,0wx7gxi6m9b34i9z8p0r9dpj4bhqpnk2fa34n47wiz2jkmrvi3dv,ok,2
urnd10-run-tmp-tmp-no-rcb-time-max-timeslice-disabled,hermit,"run --tmp=/tmp --no-rcb-time --max-timeslice disabled",/nix/store/d9b2gdlvi3pfzal1bpk6iih6g6qlfsmv-urandom-temp-names.drv,/nix/store/hxvv7nw859sk6dv2ixrxlnr2dq92w3xa-urandom-temp-names,3,0wx7gxi6m9b34i9z8p0r9dpj4bhqpnk2fa34n47wiz2jkmrvi3dv,ok,2
urnd10-run-tmp-tmp-no-rcb-time-max-timeslice-disabled,hermit,"run --tmp=/tmp --no-rcb-time --max-timeslice disabled",/nix/store/d9b2gdlvi3pfzal1bpk6iih6g6qlfsmv-urandom-temp-names.drv,/nix/store/hxvv7nw859sk6dv2ixrxlnr2dq92w3xa-urandom-temp-names,4,0wx7gxi6m9b34i9z8p0r9dpj4bhqpnk2fa34n47wiz2jkmrvi3dv,ok,1
urnd10-run-tmp-tmp-no-rcb-time-max-timeslice-disabled,hermit,"run --tmp=/tmp --no-rcb-time --max-timeslice disabled",/nix/store/d9b2gdlvi3pfzal1bpk6iih6g6qlfsmv-urandom-temp-names.drv,/nix/store/hxvv7nw859sk6dv2ixrxlnr2dq92w3xa-urandom-temp-names,5,0wx7gxi6m9b34i9z8p0r9dpj4bhqpnk2fa34n47wiz2jkmrvi3dv,ok,2
urnd10-run-tmp-tmp-no-rcb-time-max-timeslice-disabled,hermit,"run --tmp=/tmp --no-rcb-time --max-timeslice disabled",/nix/store/d9b2gdlvi3pfzal1bpk6iih6g6qlfsmv-urandom-temp-names.drv,/nix/store/hxvv7nw859sk6dv2ixrxlnr2dq92w3xa-urandom-temp-names,6,0wx7gxi6m9b34i9z8p0r9dpj4bhqpnk2fa34n47wiz2jkmrvi3dv,ok,1
urnd10-run-tmp-tmp-no-rcb-time-max-timeslice-disabled,hermit,"run --tmp=/tmp --no-rcb-time --max-timeslice disabled",/nix/store/d9b2gdlvi3pfzal1bpk6iih6g6qlfsmv-urandom-temp-names.drv,/nix/store/hxvv7nw859sk6dv2ixrxlnr2dq92w3xa-urandom-temp-names,7,0wx7gxi6m9b34i9z8p0r9dpj4bhqpnk2fa34n47wiz2jkmrvi3dv,ok,1
urnd10-run-tmp-tmp-no-rcb-time-max-timeslice-disabled,hermit,"run --tmp=/tmp --no-rcb-time --max-timeslice disabled",/nix/store/d9b2gdlvi3pfzal1bpk6iih6g6qlfsmv-urandom-temp-names.drv,/nix/store/hxvv7nw859sk6dv2ixrxlnr2dq92w3xa-urandom-temp-names,8,0wx7gxi6m9b34i9z8p0r9dpj4bhqpnk2fa34n47wiz2jkmrvi3dv,ok,1
urnd10-run-tmp-tmp-no-rcb-time-max-timeslice-disabled,hermit,"run --tmp=/tmp --no-rcb-time --max-timeslice disabled",/nix/store/d9b2gdlvi3pfzal1bpk6iih6g6qlfsmv-urandom-temp-names.drv,/nix/store/hxvv7nw859sk6dv2ixrxlnr2dq92w3xa-urandom-temp-names,9,0wx7gxi6m9b34i9z8p0r9dpj4bhqpnk2fa34n47wiz2jkmrvi3dv,ok,1
urnd10-run-tmp-tmp-no-rcb-time-max-timeslice-disabled,hermit,"run --tmp=/tmp --no-rcb-time --max-timeslice disabled",/nix/store/d9b2gdlvi3pfzal1bpk6iih6g6qlfsmv-urandom-temp-names.drv,/nix/store/hxvv7nw859sk6dv2ixrxlnr2dq92w3xa-urandom-temp-names,10,0wx7gxi6m9b34i9z8p0r9dpj4bhqpnk2fa34n47wiz2jkmrvi3dv,ok,1
urnd10-run-tmp-tmp-no-rcb-time-max-timeslice-disabled-strict,hermit,"run --tmp=/tmp --no-rcb-time --max-timeslice disabled --strict",/nix/store/1c7861klbzjpj7yb1lsb9ni1jp4g9mzx-urandom-temp-names.drv,/nix/store/fr4fnla1p8wr491wsb9djbbywp5b0haz-urandom-temp-names,1,0wx7gxi6m9b34i9z8p0r9dpj4bhqpnk2fa34n47wiz2jkmrvi3dv,ok,1
urnd10-run-tmp-tmp-no-rcb-time-max-timeslice-disabled-strict,hermit,"run --tmp=/tmp --no-rcb-time --max-timeslice disabled --strict",/nix/store/1c7861klbzjpj7yb1lsb9ni1jp4g9mzx-urandom-temp-names.drv,/nix/store/fr4fnla1p8wr491wsb9djbbywp5b0haz-urandom-temp-names,2,0wx7gxi6m9b34i9z8p0r9dpj4bhqpnk2fa34n47wiz2jkmrvi3dv,ok,1
urnd10-run-tmp-tmp-no-rcb-time-max-timeslice-disabled-strict,hermit,"run --tmp=/tmp --no-rcb-time --max-timeslice disabled --strict",/nix/store/1c7861klbzjpj7yb1lsb9ni1jp4g9mzx-urandom-temp-names.drv,/nix/store/fr4fnla1p8wr491wsb9djbbywp5b0haz-urandom-temp-names,3,0wx7gxi6m9b34i9z8p0r9dpj4bhqpnk2fa34n47wiz2jkmrvi3dv,ok,1
urnd10-run-tmp-tmp-no-rcb-time-max-timeslice-disabled-strict,hermit,"run --tmp=/tmp --no-rcb-time --max-timeslice disabled --strict",/nix/store/1c7861klbzjpj7yb1lsb9ni1jp4g9mzx-urandom-temp-names.drv,/nix/store/fr4fnla1p8wr491wsb9djbbywp5b0haz-urandom-temp-names,4,0wx7gxi6m9b34i9z8p0r9dpj4bhqpnk2fa34n47wiz2jkmrvi3dv,ok,2
urnd10-run-tmp-tmp-no-rcb-time-max-timeslice-disabled-strict,hermit,"run --tmp=/tmp --no-rcb-time --max-timeslice disabled --strict",/nix/store/1c7861klbzjpj7yb1lsb9ni1jp4g9mzx-urandom-temp-names.drv,/nix/store/fr4fnla1p8wr491wsb9djbbywp5b0haz-urandom-temp-names,5,0wx7gxi6m9b34i9z8p0r9dpj4bhqpnk2fa34n47wiz2jkmrvi3dv,ok,1
urnd10-run-tmp-tmp-no-rcb-time-max-timeslice-disabled-strict,hermit,"run --tmp=/tmp --no-rcb-time --max-timeslice disabled --strict",/nix/store/1c7861klbzjpj7yb1lsb9ni1jp4g9mzx-urandom-temp-names.drv,/nix/store/fr4fnla1p8wr491wsb9djbbywp5b0haz-urandom-temp-names,6,0wx7gxi6m9b34i9z8p0r9dpj4bhqpnk2fa34n47wiz2jkmrvi3dv,ok,1
urnd10-run-tmp-tmp-no-rcb-time-max-timeslice-disabled-strict,hermit,"run --tmp=/tmp --no-rcb-time --max-timeslice disabled --strict",/nix/store/1c7861klbzjpj7yb1lsb9ni1jp4g9mzx-urandom-temp-names.drv,/nix/store/fr4fnla1p8wr491wsb9djbbywp5b0haz-urandom-temp-names,7,0wx7gxi6m9b34i9z8p0r9dpj4bhqpnk2fa34n47wiz2jkmrvi3dv,ok,1
urnd10-run-tmp-tmp-no-rcb-time-max-timeslice-disabled-strict,hermit,"run --tmp=/tmp --no-rcb-time --max-timeslice disabled --strict",/nix/store/1c7861klbzjpj7yb1lsb9ni1jp4g9mzx-urandom-temp-names.drv,/nix/store/fr4fnla1p8wr491wsb9djbbywp5b0haz-urandom-temp-names,8,0wx7gxi6m9b34i9z8p0r9dpj4bhqpnk2fa34n47wiz2jkmrvi3dv,ok,1
urnd10-run-tmp-tmp-no-rcb-time-max-timeslice-disabled-strict,hermit,"run --tmp=/tmp --no-rcb-time --max-timeslice disabled --strict",/nix/store/1c7861klbzjpj7yb1lsb9ni1jp4g9mzx-urandom-temp-names.drv,/nix/store/fr4fnla1p8wr491wsb9djbbywp5b0haz-urandom-temp-names,9,0wx7gxi6m9b34i9z8p0r9dpj4bhqpnk2fa34n47wiz2jkmrvi3dv,ok,1
urnd10-run-tmp-tmp-no-rcb-time-max-timeslice-disabled-strict,hermit,"run --tmp=/tmp --no-rcb-time --max-timeslice disabled --strict",/nix/store/1c7861klbzjpj7yb1lsb9ni1jp4g9mzx-urandom-temp-names.drv,/nix/store/fr4fnla1p8wr491wsb9djbbywp5b0haz-urandom-temp-names,10,0wx7gxi6m9b34i9z8p0r9dpj4bhqpnk2fa34n47wiz2jkmrvi3dv,ok,1
urnd10-run-no-namespace,hermit,"run --no-namespace +setarch-R",/nix/store/x998xalbwwv8x464ms9b0a4qzs14fpig-urandom-temp-names.drv,/nix/store/0vb74ndvg7m6vgzhb24i8nc1ac10bk24-urandom-temp-names,1,0wx7gxi6m9b34i9z8p0r9dpj4bhqpnk2fa34n47wiz2jkmrvi3dv,ok,2
urnd10-run-no-namespace,hermit,"run --no-namespace +setarch-R",/nix/store/x998xalbwwv8x464ms9b0a4qzs14fpig-urandom-temp-names.drv,/nix/store/0vb74ndvg7m6vgzhb24i8nc1ac10bk24-urandom-temp-names,2,0wx7gxi6m9b34i9z8p0r9dpj4bhqpnk2fa34n47wiz2jkmrvi3dv,ok,2
urnd10-run-no-namespace,hermit,"run --no-namespace +setarch-R",/nix/store/x998xalbwwv8x464ms9b0a4qzs14fpig-urandom-temp-names.drv,/nix/store/0vb74ndvg7m6vgzhb24i8nc1ac10bk24-urandom-temp-names,3,0wx7gxi6m9b34i9z8p0r9dpj4bhqpnk2fa34n47wiz2jkmrvi3dv,ok,2
urnd10-run-no-namespace,hermit,"run --no-namespace +setarch-R",/nix/store/x998xalbwwv8x464ms9b0a4qzs14fpig-urandom-temp-names.drv,/nix/store/0vb74ndvg7m6vgzhb24i8nc1ac10bk24-urandom-temp-names,4,0wx7gxi6m9b34i9z8p0r9dpj4bhqpnk2fa34n47wiz2jkmrvi3dv,ok,4
urnd10-run-no-namespace,hermit,"run --no-namespace +setarch-R",/nix/store/x998xalbwwv8x464ms9b0a4qzs14fpig-urandom-temp-names.drv,/nix/store/0vb74ndvg7m6vgzhb24i8nc1ac10bk24-urandom-temp-names,5,0wx7gxi6m9b34i9z8p0r9dpj4bhqpnk2fa34n47wiz2jkmrvi3dv,ok,2
urnd10-run-no-namespace,hermit,"run --no-namespace +setarch-R",/nix/store/x998xalbwwv8x464ms9b0a4qzs14fpig-urandom-temp-names.drv,/nix/store/0vb74ndvg7m6vgzhb24i8nc1ac10bk24-urandom-temp-names,6,0wx7gxi6m9b34i9z8p0r9dpj4bhqpnk2fa34n47wiz2jkmrvi3dv,ok,2
urnd10-run-no-namespace,hermit,"run --no-namespace +setarch-R",/nix/store/x998xalbwwv8x464ms9b0a4qzs14fpig-urandom-temp-names.drv,/nix/store/0vb74ndvg7m6vgzhb24i8nc1ac10bk24-urandom-temp-names,7,0wx7gxi6m9b34i9z8p0r9dpj4bhqpnk2fa34n47wiz2jkmrvi3dv,ok,2
urnd10-run-no-namespace,hermit,"run --no-namespace +setarch-R",/nix/store/x998xalbwwv8x464ms9b0a4qzs14fpig-urandom-temp-names.drv,/nix/store/0vb74ndvg7m6vgzhb24i8nc1ac10bk24-urandom-temp-names,8,0wx7gxi6m9b34i9z8p0r9dpj4bhqpnk2fa34n47wiz2jkmrvi3dv,ok,2
urnd10-run-no-namespace,hermit,"run --no-namespace +setarch-R",/nix/store/x998xalbwwv8x464ms9b0a4qzs14fpig-urandom-temp-names.drv,/nix/store/0vb74ndvg7m6vgzhb24i8nc1ac10bk24-urandom-temp-names,9,0wx7gxi6m9b34i9z8p0r9dpj4bhqpnk2fa34n47wiz2jkmrvi3dv,ok,2
urnd10-run-no-namespace,hermit,"run --no-namespace +setarch-R",/nix/store/x998xalbwwv8x464ms9b0a4qzs14fpig-urandom-temp-names.drv,/nix/store/0vb74ndvg7m6vgzhb24i8nc1ac10bk24-urandom-temp-names,10,0wx7gxi6m9b34i9z8p0r9dpj4bhqpnk2fa34n47wiz2jkmrvi3dv,ok,2
urnd10-run-no-namespace-no-rcb-time-max-timeslice-disabled,hermit,"run --no-namespace --no-rcb-time --max-timeslice disabled +setarch-R",/nix/store/9km71zm89jfdqxlb7vw39q7nbip8x6gr-urandom-temp-names.drv,/nix/store/rcng0300av9gwhf6dm13sxnma2gsb7w3-urandom-temp-names,1,0wx7gxi6m9b34i9z8p0r9dpj4bhqpnk2fa34n47wiz2jkmrvi3dv,ok,1
urnd10-run-no-namespace-no-rcb-time-max-timeslice-disabled,hermit,"run --no-namespace --no-rcb-time --max-timeslice disabled +setarch-R",/nix/store/9km71zm89jfdqxlb7vw39q7nbip8x6gr-urandom-temp-names.drv,/nix/store/rcng0300av9gwhf6dm13sxnma2gsb7w3-urandom-temp-names,2,0wx7gxi6m9b34i9z8p0r9dpj4bhqpnk2fa34n47wiz2jkmrvi3dv,ok,1
urnd10-run-no-namespace-no-rcb-time-max-timeslice-disabled,hermit,"run --no-namespace --no-rcb-time --max-timeslice disabled +setarch-R",/nix/store/9km71zm89jfdqxlb7vw39q7nbip8x6gr-urandom-temp-names.drv,/nix/store/rcng0300av9gwhf6dm13sxnma2gsb7w3-urandom-temp-names,3,0wx7gxi6m9b34i9z8p0r9dpj4bhqpnk2fa34n47wiz2jkmrvi3dv,ok,1
urnd10-run-no-namespace-no-rcb-time-max-timeslice-disabled,hermit,"run --no-namespace --no-rcb-time --max-timeslice disabled +setarch-R",/nix/store/9km71zm89jfdqxlb7vw39q7nbip8x6gr-urandom-temp-names.drv,/nix/store/rcng0300av9gwhf6dm13sxnma2gsb7w3-urandom-temp-names,4,0wx7gxi6m9b34i9z8p0r9dpj4bhqpnk2fa34n47wiz2jkmrvi3dv,ok,1
urnd10-run-no-namespace-no-rcb-time-max-timeslice-disabled,hermit,"run --no-namespace --no-rcb-time --max-timeslice disabled +setarch-R",/nix/store/9km71zm89jfdqxlb7vw39q7nbip8x6gr-urandom-temp-names.drv,/nix/store/rcng0300av9gwhf6dm13sxnma2gsb7w3-urandom-temp-names,5,0wx7gxi6m9b34i9z8p0r9dpj4bhqpnk2fa34n47wiz2jkmrvi3dv,ok,1
urnd10-run-no-namespace-no-rcb-time-max-timeslice-disabled,hermit,"run --no-namespace --no-rcb-time --max-timeslice disabled +setarch-R",/nix/store/9km71zm89jfdqxlb7vw39q7nbip8x6gr-urandom-temp-names.drv,/nix/store/rcng0300av9gwhf6dm13sxnma2gsb7w3-urandom-temp-names,6,0wx7gxi6m9b34i9z8p0r9dpj4bhqpnk2fa34n47wiz2jkmrvi3dv,ok,1
urnd10-run-no-namespace-no-rcb-time-max-timeslice-disabled,hermit,"run --no-namespace --no-rcb-time --max-timeslice disabled +setarch-R",/nix/store/9km71zm89jfdqxlb7vw39q7nbip8x6gr-urandom-temp-names.drv,/nix/store/rcng0300av9gwhf6dm13sxnma2gsb7w3-urandom-temp-names,7,0wx7gxi6m9b34i9z8p0r9dpj4bhqpnk2fa34n47wiz2jkmrvi3dv,ok,1
urnd10-run-no-namespace-no-rcb-time-max-timeslice-disabled,hermit,"run --no-namespace --no-rcb-time --max-timeslice disabled +setarch-R",/nix/store/9km71zm89jfdqxlb7vw39q7nbip8x6gr-urandom-temp-names.drv,/nix/store/rcng0300av9gwhf6dm13sxnma2gsb7w3-urandom-temp-names,8,0wx7gxi6m9b34i9z8p0r9dpj4bhqpnk2fa34n47wiz2jkmrvi3dv,ok,2
urnd10-run-no-namespace-no-rcb-time-max-timeslice-disabled,hermit,"run --no-namespace --no-rcb-time --max-timeslice disabled +setarch-R",/nix/store/9km71zm89jfdqxlb7vw39q7nbip8x6gr-urandom-temp-names.drv,/nix/store/rcng0300av9gwhf6dm13sxnma2gsb7w3-urandom-temp-names,9,0wx7gxi6m9b34i9z8p0r9dpj4bhqpnk2fa34n47wiz2jkmrvi3dv,ok,2
urnd10-run-no-namespace-no-rcb-time-max-timeslice-disabled,hermit,"run --no-namespace --no-rcb-time --max-timeslice disabled +setarch-R",/nix/store/9km71zm89jfdqxlb7vw39q7nbip8x6gr-urandom-temp-names.drv,/nix/store/rcng0300av9gwhf6dm13sxnma2gsb7w3-urandom-temp-names,10,0wx7gxi6m9b34i9z8p0r9dpj4bhqpnk2fa34n47wiz2jkmrvi3dv,ok,2
demofast10-native,native,"native",/nix/store/8hk24bav45fd4mlwl6xqw87fawjidpw4-nondet-demo.drv,/nix/store/y702qvkk1smx6b0dqnw8zv5k9sbrjw81-nondet-demo,1,0vk15hj95gbx3k7iaxwqy0z8ancl8srcjzgimfwcqyq3fss1cq0k,ok,0
demofast10-native,native,"native",/nix/store/8hk24bav45fd4mlwl6xqw87fawjidpw4-nondet-demo.drv,/nix/store/y702qvkk1smx6b0dqnw8zv5k9sbrjw81-nondet-demo,2,0sclaj59n6sy6lga2sshkpxbxbq90zhvq1jkng6ywg10d67vrkwm,ok,0
demofast10-native,native,"native",/nix/store/8hk24bav45fd4mlwl6xqw87fawjidpw4-nondet-demo.drv,/nix/store/y702qvkk1smx6b0dqnw8zv5k9sbrjw81-nondet-demo,3,04brwwk4drhwfqwa8dnxjpsaw54rwdsfzhcr2k54dv61zyxyxjjs,ok,0
demofast10-native,native,"native",/nix/store/8hk24bav45fd4mlwl6xqw87fawjidpw4-nondet-demo.drv,/nix/store/y702qvkk1smx6b0dqnw8zv5k9sbrjw81-nondet-demo,4,1nln45mmlabvc45l586svq3sv2mj8y7dz5q1p7n1fljhml8gjzj0,ok,0
demofast10-native,native,"native",/nix/store/8hk24bav45fd4mlwl6xqw87fawjidpw4-nondet-demo.drv,/nix/store/y702qvkk1smx6b0dqnw8zv5k9sbrjw81-nondet-demo,5,0rxm34dr3ng3jkc58ymk789nsvkjfhiyc3qbf7ak2gycjsqci1fw,ok,0
demofast10-native,native,"native",/nix/store/8hk24bav45fd4mlwl6xqw87fawjidpw4-nondet-demo.drv,/nix/store/y702qvkk1smx6b0dqnw8zv5k9sbrjw81-nondet-demo,6,0q9nqxnqc3yc0vx9dky47m3yznz0ab7vhn7ixr61jzf88w03p1v9,ok,1
demofast10-native,native,"native",/nix/store/8hk24bav45fd4mlwl6xqw87fawjidpw4-nondet-demo.drv,/nix/store/y702qvkk1smx6b0dqnw8zv5k9sbrjw81-nondet-demo,7,10qp09q68kik7m9k41pl36zmkc2745mxkxwjlilygczh1azry0vf,ok,0
demofast10-native,native,"native",/nix/store/8hk24bav45fd4mlwl6xqw87fawjidpw4-nondet-demo.drv,/nix/store/y702qvkk1smx6b0dqnw8zv5k9sbrjw81-nondet-demo,8,1q2sdz1rw78zgdfhmj4zdwsskyayxdg5k1szqylwbkrzjg6nkp4d,ok,0
demofast10-native,native,"native",/nix/store/8hk24bav45fd4mlwl6xqw87fawjidpw4-nondet-demo.drv,/nix/store/y702qvkk1smx6b0dqnw8zv5k9sbrjw81-nondet-demo,9,11wb15n97ympqydqfkhw91nz0sfb767v2pcc17fihhakd1bwd40d,ok,0
demofast10-native,native,"native",/nix/store/8hk24bav45fd4mlwl6xqw87fawjidpw4-nondet-demo.drv,/nix/store/y702qvkk1smx6b0dqnw8zv5k9sbrjw81-nondet-demo,10,0bqq04z3nfd46kbdrax39x69b60a2g11fydxc0j4x8zk22vkpzs2,ok,0
demofast10-run-tmp-tmp,hermit,"run --tmp=/tmp",/nix/store/mfzn9h1wv09gpqy6hhb4ds5432f6y6ng-nondet-demo.drv,/nix/store/r676gs90gqy34zdnb4qs3yaw5y8szlhz-nondet-demo,1,1xk0sw2dlilvq065kqx62x0ncgjxnr5p9clkzzl3ff82irxid9f0,ok,4
demofast10-run-tmp-tmp,hermit,"run --tmp=/tmp",/nix/store/mfzn9h1wv09gpqy6hhb4ds5432f6y6ng-nondet-demo.drv,/nix/store/r676gs90gqy34zdnb4qs3yaw5y8szlhz-nondet-demo,2,07yi866m7scfvikqhxm5w65fspyqya9bzaa8mpqbd3332nx0g4lr,ok,4
demofast10-run-tmp-tmp,hermit,"run --tmp=/tmp",/nix/store/mfzn9h1wv09gpqy6hhb4ds5432f6y6ng-nondet-demo.drv,/nix/store/r676gs90gqy34zdnb4qs3yaw5y8szlhz-nondet-demo,3,0qz5m0mx071ackfdmm281zv5qv1xbp6l4cvmb1kbsbwk4acagviv,ok,7
demofast10-run-tmp-tmp,hermit,"run --tmp=/tmp",/nix/store/mfzn9h1wv09gpqy6hhb4ds5432f6y6ng-nondet-demo.drv,/nix/store/r676gs90gqy34zdnb4qs3yaw5y8szlhz-nondet-demo,4,04wj7x03zyam8xva6z9kvwbzygap975n0kzm0s5p5fxgv7pw8v30,ok,4
demofast10-run-tmp-tmp,hermit,"run --tmp=/tmp",/nix/store/mfzn9h1wv09gpqy6hhb4ds5432f6y6ng-nondet-demo.drv,/nix/store/r676gs90gqy34zdnb4qs3yaw5y8szlhz-nondet-demo,5,0qz5m0mx071ackfdmm281zv5qv1xbp6l4cvmb1kbsbwk4acagviv,ok,4
demofast10-run-tmp-tmp,hermit,"run --tmp=/tmp",/nix/store/mfzn9h1wv09gpqy6hhb4ds5432f6y6ng-nondet-demo.drv,/nix/store/r676gs90gqy34zdnb4qs3yaw5y8szlhz-nondet-demo,6,0qz5m0mx071ackfdmm281zv5qv1xbp6l4cvmb1kbsbwk4acagviv,ok,4
demofast10-run-tmp-tmp,hermit,"run --tmp=/tmp",/nix/store/mfzn9h1wv09gpqy6hhb4ds5432f6y6ng-nondet-demo.drv,/nix/store/r676gs90gqy34zdnb4qs3yaw5y8szlhz-nondet-demo,7,0qz5m0mx071ackfdmm281zv5qv1xbp6l4cvmb1kbsbwk4acagviv,ok,5
demofast10-run-tmp-tmp,hermit,"run --tmp=/tmp",/nix/store/mfzn9h1wv09gpqy6hhb4ds5432f6y6ng-nondet-demo.drv,/nix/store/r676gs90gqy34zdnb4qs3yaw5y8szlhz-nondet-demo,8,0qz5m0mx071ackfdmm281zv5qv1xbp6l4cvmb1kbsbwk4acagviv,ok,8
demofast10-run-tmp-tmp,hermit,"run --tmp=/tmp",/nix/store/mfzn9h1wv09gpqy6hhb4ds5432f6y6ng-nondet-demo.drv,/nix/store/r676gs90gqy34zdnb4qs3yaw5y8szlhz-nondet-demo,9,0qz5m0mx071ackfdmm281zv5qv1xbp6l4cvmb1kbsbwk4acagviv,ok,7
demofast10-run-tmp-tmp,hermit,"run --tmp=/tmp",/nix/store/mfzn9h1wv09gpqy6hhb4ds5432f6y6ng-nondet-demo.drv,/nix/store/r676gs90gqy34zdnb4qs3yaw5y8szlhz-nondet-demo,10,04wj7x03zyam8xva6z9kvwbzygap975n0kzm0s5p5fxgv7pw8v30,ok,2
demofast10-run-tmp-tmp-no-rcb-time,hermit,"run --tmp=/tmp --no-rcb-time",/nix/store/352lpcwxflvc50ybggj71z7v78zg43ai-nondet-demo.drv,/nix/store/cn9bk2vrbc33f5jzd386734in3f6zyny-nondet-demo,1,09l62zfv57l6f6yfsp18771615895fs253p62fhs2cm5a8bdh8n0,ok,3
demofast10-run-tmp-tmp-no-rcb-time,hermit,"run --tmp=/tmp --no-rcb-time",/nix/store/352lpcwxflvc50ybggj71z7v78zg43ai-nondet-demo.drv,/nix/store/cn9bk2vrbc33f5jzd386734in3f6zyny-nondet-demo,2,09l62zfv57l6f6yfsp18771615895fs253p62fhs2cm5a8bdh8n0,ok,3
demofast10-run-tmp-tmp-no-rcb-time,hermit,"run --tmp=/tmp --no-rcb-time",/nix/store/352lpcwxflvc50ybggj71z7v78zg43ai-nondet-demo.drv,/nix/store/cn9bk2vrbc33f5jzd386734in3f6zyny-nondet-demo,3,1n43ymsnxc1cv2zgqbhxwkqplkjshl68rnkcgz3iiwp7ypsjrj0x,ok,3
demofast10-run-tmp-tmp-no-rcb-time,hermit,"run --tmp=/tmp --no-rcb-time",/nix/store/352lpcwxflvc50ybggj71z7v78zg43ai-nondet-demo.drv,/nix/store/cn9bk2vrbc33f5jzd386734in3f6zyny-nondet-demo,4,1n43ymsnxc1cv2zgqbhxwkqplkjshl68rnkcgz3iiwp7ypsjrj0x,ok,3
demofast10-run-tmp-tmp-no-rcb-time,hermit,"run --tmp=/tmp --no-rcb-time",/nix/store/352lpcwxflvc50ybggj71z7v78zg43ai-nondet-demo.drv,/nix/store/cn9bk2vrbc33f5jzd386734in3f6zyny-nondet-demo,5,09l62zfv57l6f6yfsp18771615895fs253p62fhs2cm5a8bdh8n0,ok,3
demofast10-run-tmp-tmp-no-rcb-time,hermit,"run --tmp=/tmp --no-rcb-time",/nix/store/352lpcwxflvc50ybggj71z7v78zg43ai-nondet-demo.drv,/nix/store/cn9bk2vrbc33f5jzd386734in3f6zyny-nondet-demo,6,09l62zfv57l6f6yfsp18771615895fs253p62fhs2cm5a8bdh8n0,ok,3
demofast10-run-tmp-tmp-no-rcb-time,hermit,"run --tmp=/tmp --no-rcb-time",/nix/store/352lpcwxflvc50ybggj71z7v78zg43ai-nondet-demo.drv,/nix/store/cn9bk2vrbc33f5jzd386734in3f6zyny-nondet-demo,7,1n43ymsnxc1cv2zgqbhxwkqplkjshl68rnkcgz3iiwp7ypsjrj0x,ok,6
demofast10-run-tmp-tmp-no-rcb-time,hermit,"run --tmp=/tmp --no-rcb-time",/nix/store/352lpcwxflvc50ybggj71z7v78zg43ai-nondet-demo.drv,/nix/store/cn9bk2vrbc33f5jzd386734in3f6zyny-nondet-demo,8,09l62zfv57l6f6yfsp18771615895fs253p62fhs2cm5a8bdh8n0,ok,3
demofast10-run-tmp-tmp-no-rcb-time,hermit,"run --tmp=/tmp --no-rcb-time",/nix/store/352lpcwxflvc50ybggj71z7v78zg43ai-nondet-demo.drv,/nix/store/cn9bk2vrbc33f5jzd386734in3f6zyny-nondet-demo,9,09l62zfv57l6f6yfsp18771615895fs253p62fhs2cm5a8bdh8n0,ok,5
demofast10-run-tmp-tmp-no-rcb-time,hermit,"run --tmp=/tmp --no-rcb-time",/nix/store/352lpcwxflvc50ybggj71z7v78zg43ai-nondet-demo.drv,/nix/store/cn9bk2vrbc33f5jzd386734in3f6zyny-nondet-demo,10,09l62zfv57l6f6yfsp18771615895fs253p62fhs2cm5a8bdh8n0,ok,3
demofast10-run-tmp-tmp-no-rcb-time-max-timeslice-disabled,hermit,"run --tmp=/tmp --no-rcb-time --max-timeslice disabled",/nix/store/a9rdw63mxl57glmrpw2abkny0lbvas77-nondet-demo.drv,/nix/store/4za0gqmiai5rlaic0dlvcajwsgs77c3c-nondet-demo,1,0wwlb5szq4v7q40366kxc20q2shcbh76v16askx1ha7prampksaj,ok,1
demofast10-run-tmp-tmp-no-rcb-time-max-timeslice-disabled,hermit,"run --tmp=/tmp --no-rcb-time --max-timeslice disabled",/nix/store/a9rdw63mxl57glmrpw2abkny0lbvas77-nondet-demo.drv,/nix/store/4za0gqmiai5rlaic0dlvcajwsgs77c3c-nondet-demo,2,0wwlb5szq4v7q40366kxc20q2shcbh76v16askx1ha7prampksaj,ok,2
demofast10-run-tmp-tmp-no-rcb-time-max-timeslice-disabled,hermit,"run --tmp=/tmp --no-rcb-time --max-timeslice disabled",/nix/store/a9rdw63mxl57glmrpw2abkny0lbvas77-nondet-demo.drv,/nix/store/4za0gqmiai5rlaic0dlvcajwsgs77c3c-nondet-demo,3,0wwlb5szq4v7q40366kxc20q2shcbh76v16askx1ha7prampksaj,ok,1
demofast10-run-tmp-tmp-no-rcb-time-max-timeslice-disabled,hermit,"run --tmp=/tmp --no-rcb-time --max-timeslice disabled",/nix/store/a9rdw63mxl57glmrpw2abkny0lbvas77-nondet-demo.drv,/nix/store/4za0gqmiai5rlaic0dlvcajwsgs77c3c-nondet-demo,4,1l7h865j0qb3w82q51irw43lxw93rggz373ij6hmcdn9dcjx4pfn,ok,1
demofast10-run-tmp-tmp-no-rcb-time-max-timeslice-disabled,hermit,"run --tmp=/tmp --no-rcb-time --max-timeslice disabled",/nix/store/a9rdw63mxl57glmrpw2abkny0lbvas77-nondet-demo.drv,/nix/store/4za0gqmiai5rlaic0dlvcajwsgs77c3c-nondet-demo,5,0wwlb5szq4v7q40366kxc20q2shcbh76v16askx1ha7prampksaj,ok,1
demofast10-run-tmp-tmp-no-rcb-time-max-timeslice-disabled,hermit,"run --tmp=/tmp --no-rcb-time --max-timeslice disabled",/nix/store/a9rdw63mxl57glmrpw2abkny0lbvas77-nondet-demo.drv,/nix/store/4za0gqmiai5rlaic0dlvcajwsgs77c3c-nondet-demo,6,0wwlb5szq4v7q40366kxc20q2shcbh76v16askx1ha7prampksaj,ok,1
demofast10-run-tmp-tmp-no-rcb-time-max-timeslice-disabled,hermit,"run --tmp=/tmp --no-rcb-time --max-timeslice disabled",/nix/store/a9rdw63mxl57glmrpw2abkny0lbvas77-nondet-demo.drv,/nix/store/4za0gqmiai5rlaic0dlvcajwsgs77c3c-nondet-demo,7,1l7h865j0qb3w82q51irw43lxw93rggz373ij6hmcdn9dcjx4pfn,ok,1
demofast10-run-tmp-tmp-no-rcb-time-max-timeslice-disabled,hermit,"run --tmp=/tmp --no-rcb-time --max-timeslice disabled",/nix/store/a9rdw63mxl57glmrpw2abkny0lbvas77-nondet-demo.drv,/nix/store/4za0gqmiai5rlaic0dlvcajwsgs77c3c-nondet-demo,8,0wwlb5szq4v7q40366kxc20q2shcbh76v16askx1ha7prampksaj,ok,1
demofast10-run-tmp-tmp-no-rcb-time-max-timeslice-disabled,hermit,"run --tmp=/tmp --no-rcb-time --max-timeslice disabled",/nix/store/a9rdw63mxl57glmrpw2abkny0lbvas77-nondet-demo.drv,/nix/store/4za0gqmiai5rlaic0dlvcajwsgs77c3c-nondet-demo,9,0wwlb5szq4v7q40366kxc20q2shcbh76v16askx1ha7prampksaj,ok,1
demofast10-run-tmp-tmp-no-rcb-time-max-timeslice-disabled,hermit,"run --tmp=/tmp --no-rcb-time --max-timeslice disabled",/nix/store/a9rdw63mxl57glmrpw2abkny0lbvas77-nondet-demo.drv,/nix/store/4za0gqmiai5rlaic0dlvcajwsgs77c3c-nondet-demo,10,1l7h865j0qb3w82q51irw43lxw93rggz373ij6hmcdn9dcjx4pfn,ok,1
demofast10-run-tmp-tmp-no-rcb-time-max-timeslice-disabled-strict,hermit,"run --tmp=/tmp --no-rcb-time --max-timeslice disabled --strict",/nix/store/0mz1rqg6768w455j9104l9rd5p3sbhb5-nondet-demo.drv,/nix/store/bhh09xxr2drk65ln0bg07fzbnyjyv67v-nondet-demo,1,0wwlb5szq4v7q40366kxc20q2shcbh76v16askx1ha7prampksaj,ok,1
demofast10-run-tmp-tmp-no-rcb-time-max-timeslice-disabled-strict,hermit,"run --tmp=/tmp --no-rcb-time --max-timeslice disabled --strict",/nix/store/0mz1rqg6768w455j9104l9rd5p3sbhb5-nondet-demo.drv,/nix/store/bhh09xxr2drk65ln0bg07fzbnyjyv67v-nondet-demo,2,1l7h865j0qb3w82q51irw43lxw93rggz373ij6hmcdn9dcjx4pfn,ok,1
demofast10-run-tmp-tmp-no-rcb-time-max-timeslice-disabled-strict,hermit,"run --tmp=/tmp --no-rcb-time --max-timeslice disabled --strict",/nix/store/0mz1rqg6768w455j9104l9rd5p3sbhb5-nondet-demo.drv,/nix/store/bhh09xxr2drk65ln0bg07fzbnyjyv67v-nondet-demo,3,0wwlb5szq4v7q40366kxc20q2shcbh76v16askx1ha7prampksaj,ok,1
demofast10-run-tmp-tmp-no-rcb-time-max-timeslice-disabled-strict,hermit,"run --tmp=/tmp --no-rcb-time --max-timeslice disabled --strict",/nix/store/0mz1rqg6768w455j9104l9rd5p3sbhb5-nondet-demo.drv,/nix/store/bhh09xxr2drk65ln0bg07fzbnyjyv67v-nondet-demo,4,0wwlb5szq4v7q40366kxc20q2shcbh76v16askx1ha7prampksaj,ok,1
demofast10-run-tmp-tmp-no-rcb-time-max-timeslice-disabled-strict,hermit,"run --tmp=/tmp --no-rcb-time --max-timeslice disabled --strict",/nix/store/0mz1rqg6768w455j9104l9rd5p3sbhb5-nondet-demo.drv,/nix/store/bhh09xxr2drk65ln0bg07fzbnyjyv67v-nondet-demo,5,0wwlb5szq4v7q40366kxc20q2shcbh76v16askx1ha7prampksaj,ok,1
demofast10-run-tmp-tmp-no-rcb-time-max-timeslice-disabled-strict,hermit,"run --tmp=/tmp --no-rcb-time --max-timeslice disabled --strict",/nix/store/0mz1rqg6768w455j9104l9rd5p3sbhb5-nondet-demo.drv,/nix/store/bhh09xxr2drk65ln0bg07fzbnyjyv67v-nondet-demo,6,0wwlb5szq4v7q40366kxc20q2shcbh76v16askx1ha7prampksaj,ok,1
demofast10-run-tmp-tmp-no-rcb-time-max-timeslice-disabled-strict,hermit,"run --tmp=/tmp --no-rcb-time --max-timeslice disabled --strict",/nix/store/0mz1rqg6768w455j9104l9rd5p3sbhb5-nondet-demo.drv,/nix/store/bhh09xxr2drk65ln0bg07fzbnyjyv67v-nondet-demo,7,1l7h865j0qb3w82q51irw43lxw93rggz373ij6hmcdn9dcjx4pfn,ok,1
demofast10-run-tmp-tmp-no-rcb-time-max-timeslice-disabled-strict,hermit,"run --tmp=/tmp --no-rcb-time --max-timeslice disabled --strict",/nix/store/0mz1rqg6768w455j9104l9rd5p3sbhb5-nondet-demo.drv,/nix/store/bhh09xxr2drk65ln0bg07fzbnyjyv67v-nondet-demo,8,0wwlb5szq4v7q40366kxc20q2shcbh76v16askx1ha7prampksaj,ok,1
demofast10-run-tmp-tmp-no-rcb-time-max-timeslice-disabled-strict,hermit,"run --tmp=/tmp --no-rcb-time --max-timeslice disabled --strict",/nix/store/0mz1rqg6768w455j9104l9rd5p3sbhb5-nondet-demo.drv,/nix/store/bhh09xxr2drk65ln0bg07fzbnyjyv67v-nondet-demo,9,0wwlb5szq4v7q40366kxc20q2shcbh76v16askx1ha7prampksaj,ok,2
demofast10-run-tmp-tmp-no-rcb-time-max-timeslice-disabled-strict,hermit,"run --tmp=/tmp --no-rcb-time --max-timeslice disabled --strict",/nix/store/0mz1rqg6768w455j9104l9rd5p3sbhb5-nondet-demo.drv,/nix/store/bhh09xxr2drk65ln0bg07fzbnyjyv67v-nondet-demo,10,0wwlb5szq4v7q40366kxc20q2shcbh76v16askx1ha7prampksaj,ok,1
demofast10-run-no-namespace,hermit,"run --no-namespace +setarch-R",/nix/store/208wzjf5jlz74c8snbrazfyf88xvjxjf-nondet-demo.drv,/nix/store/pilkqi3mkahwl5i2aggbankn7lr1pgz2-nondet-demo,1,012a0hqgnnip46iv89my0hxxs3a56lvbasx3ifp2lbrhw0wjs0d9,ok,1
demofast10-run-no-namespace,hermit,"run --no-namespace +setarch-R",/nix/store/208wzjf5jlz74c8snbrazfyf88xvjxjf-nondet-demo.drv,/nix/store/pilkqi3mkahwl5i2aggbankn7lr1pgz2-nondet-demo,2,0azmvd0xj8diiiixhijxq7dlyzhpg2sh7gnksp6ggbpxl1sf5shd,ok,1
demofast10-run-no-namespace,hermit,"run --no-namespace +setarch-R",/nix/store/208wzjf5jlz74c8snbrazfyf88xvjxjf-nondet-demo.drv,/nix/store/pilkqi3mkahwl5i2aggbankn7lr1pgz2-nondet-demo,3,0cg1r0bkb3a7pg3glnz6daxxs80pxfhn561kh1dnd5anlza6hfl7,ok,1
demofast10-run-no-namespace,hermit,"run --no-namespace +setarch-R",/nix/store/208wzjf5jlz74c8snbrazfyf88xvjxjf-nondet-demo.drv,/nix/store/pilkqi3mkahwl5i2aggbankn7lr1pgz2-nondet-demo,4,0gb3inzj9x6v8w68saf552qlyqw2iahpr2yw45samga8v5yabrk2,ok,2
demofast10-run-no-namespace,hermit,"run --no-namespace +setarch-R",/nix/store/208wzjf5jlz74c8snbrazfyf88xvjxjf-nondet-demo.drv,/nix/store/pilkqi3mkahwl5i2aggbankn7lr1pgz2-nondet-demo,5,04qvd5s74iv6dhymlx344ajv7gw6bygp5nh3l0l15pp6ayd725h7,ok,2
demofast10-run-no-namespace,hermit,"run --no-namespace +setarch-R",/nix/store/208wzjf5jlz74c8snbrazfyf88xvjxjf-nondet-demo.drv,/nix/store/pilkqi3mkahwl5i2aggbankn7lr1pgz2-nondet-demo,6,1mnv0g16vbxh0j475g5q0dn6scxkv7b9mjv9g6f2mr0bbpjc6fw7,ok,3
demofast10-run-no-namespace,hermit,"run --no-namespace +setarch-R",/nix/store/208wzjf5jlz74c8snbrazfyf88xvjxjf-nondet-demo.drv,/nix/store/pilkqi3mkahwl5i2aggbankn7lr1pgz2-nondet-demo,7,0dfch1xj15rm5avmqvhkviv0sfaj36dp5sbd7hzf5nsz3zd7fnxz,ok,4
demofast10-run-no-namespace,hermit,"run --no-namespace +setarch-R",/nix/store/208wzjf5jlz74c8snbrazfyf88xvjxjf-nondet-demo.drv,/nix/store/pilkqi3mkahwl5i2aggbankn7lr1pgz2-nondet-demo,8,1c9jc8k8y4q4jlw8myvxf8g84z6yvcg74v2zq0yv0c4vs9fivj67,ok,2
demofast10-run-no-namespace,hermit,"run --no-namespace +setarch-R",/nix/store/208wzjf5jlz74c8snbrazfyf88xvjxjf-nondet-demo.drv,/nix/store/pilkqi3mkahwl5i2aggbankn7lr1pgz2-nondet-demo,9,01c6m2f8g1f3v9bfg4gfcl7w3qrwxfjb3shpg5wkvw3323zgrw3h,ok,2
demofast10-run-no-namespace,hermit,"run --no-namespace +setarch-R",/nix/store/208wzjf5jlz74c8snbrazfyf88xvjxjf-nondet-demo.drv,/nix/store/pilkqi3mkahwl5i2aggbankn7lr1pgz2-nondet-demo,10,10ilgsggz3vaw7rb9jgas7p3xnjf266nr54kyl4bs1dmch1gxcpq,ok,2
demofast10-run-no-namespace-no-rcb-time-max-timeslice-disabled,hermit,"run --no-namespace --no-rcb-time --max-timeslice disabled +setarch-R",/nix/store/07jd2gb54dw5z9fxnddcg9yfn95hfdx0-nondet-demo.drv,/nix/store/qfydx4mm8kx4qx3dlrfm1jhyhrqlcc3d-nondet-demo,1,1ina145kwf4bvghnbr6ab0q9frqfr4qkfl2s0ksbk8i7km3dqjf8,ok,1
demofast10-run-no-namespace-no-rcb-time-max-timeslice-disabled,hermit,"run --no-namespace --no-rcb-time --max-timeslice disabled +setarch-R",/nix/store/07jd2gb54dw5z9fxnddcg9yfn95hfdx0-nondet-demo.drv,/nix/store/qfydx4mm8kx4qx3dlrfm1jhyhrqlcc3d-nondet-demo,2,11fqab6d7bdaxmawhd5917mfpscj4ha9y18hp3g371nszj6zspil,ok,1
demofast-seq,hermit,"run --tmp=/tmp --no-rcb-time --max-timeslice disabled --sequentialize-threads",/nix/store/wwmmkjqx22rqmbvwyzcizz9qzywvb85m-nondet-demo.drv,/nix/store/7kxgm6hs977djyzxm887b2c44k8hbv2k-nondet-demo,1,1l7h865j0qb3w82q51irw43lxw93rggz373ij6hmcdn9dcjx4pfn,ok,1
demofast10-run-no-namespace-no-rcb-time-max-timeslice-disabled,hermit,"run --no-namespace --no-rcb-time --max-timeslice disabled +setarch-R",/nix/store/07jd2gb54dw5z9fxnddcg9yfn95hfdx0-nondet-demo.drv,/nix/store/qfydx4mm8kx4qx3dlrfm1jhyhrqlcc3d-nondet-demo,3,1bv248wk40ijsdwpv4l61n55nf9w92kf8p4ylg1rqdg0aj164nw7,ok,1
demofast-seq,hermit,"run --tmp=/tmp --no-rcb-time --max-timeslice disabled --sequentialize-threads",/nix/store/wwmmkjqx22rqmbvwyzcizz9qzywvb85m-nondet-demo.drv,/nix/store/7kxgm6hs977djyzxm887b2c44k8hbv2k-nondet-demo,2,0wwlb5szq4v7q40366kxc20q2shcbh76v16askx1ha7prampksaj,ok,1
demofast10-run-no-namespace-no-rcb-time-max-timeslice-disabled,hermit,"run --no-namespace --no-rcb-time --max-timeslice disabled +setarch-R",/nix/store/07jd2gb54dw5z9fxnddcg9yfn95hfdx0-nondet-demo.drv,/nix/store/qfydx4mm8kx4qx3dlrfm1jhyhrqlcc3d-nondet-demo,4,1ljfqvf947mvldh3m351jy0f50sryncqcc1449w5slqv9nxbr62p,ok,1
demofast-seq,hermit,"run --tmp=/tmp --no-rcb-time --max-timeslice disabled --sequentialize-threads",/nix/store/wwmmkjqx22rqmbvwyzcizz9qzywvb85m-nondet-demo.drv,/nix/store/7kxgm6hs977djyzxm887b2c44k8hbv2k-nondet-demo,3,0wwlb5szq4v7q40366kxc20q2shcbh76v16askx1ha7prampksaj,ok,1
demofast10-run-no-namespace-no-rcb-time-max-timeslice-disabled,hermit,"run --no-namespace --no-rcb-time --max-timeslice disabled +setarch-R",/nix/store/07jd2gb54dw5z9fxnddcg9yfn95hfdx0-nondet-demo.drv,/nix/store/qfydx4mm8kx4qx3dlrfm1jhyhrqlcc3d-nondet-demo,5,0ybn0f5zwlvjsxkvqcrls59hbaqikiykrsjm3j2hpqy2hlqvjjwy,ok,2
demofast-seq,hermit,"run --tmp=/tmp --no-rcb-time --max-timeslice disabled --sequentialize-threads",/nix/store/wwmmkjqx22rqmbvwyzcizz9qzywvb85m-nondet-demo.drv,/nix/store/7kxgm6hs977djyzxm887b2c44k8hbv2k-nondet-demo,4,0wwlb5szq4v7q40366kxc20q2shcbh76v16askx1ha7prampksaj,ok,1
demofast10-run-no-namespace-no-rcb-time-max-timeslice-disabled,hermit,"run --no-namespace --no-rcb-time --max-timeslice disabled +setarch-R",/nix/store/07jd2gb54dw5z9fxnddcg9yfn95hfdx0-nondet-demo.drv,/nix/store/qfydx4mm8kx4qx3dlrfm1jhyhrqlcc3d-nondet-demo,6,0p9wdlai5m9mm5bwwk6szqv27281lmq91dsn3pnq1f8g5gn8l8kw,ok,1
demofast-seq,hermit,"run --tmp=/tmp --no-rcb-time --max-timeslice disabled --sequentialize-threads",/nix/store/wwmmkjqx22rqmbvwyzcizz9qzywvb85m-nondet-demo.drv,/nix/store/7kxgm6hs977djyzxm887b2c44k8hbv2k-nondet-demo,5,0wwlb5szq4v7q40366kxc20q2shcbh76v16askx1ha7prampksaj,ok,1
demofast10-run-no-namespace-no-rcb-time-max-timeslice-disabled,hermit,"run --no-namespace --no-rcb-time --max-timeslice disabled +setarch-R",/nix/store/07jd2gb54dw5z9fxnddcg9yfn95hfdx0-nondet-demo.drv,/nix/store/qfydx4mm8kx4qx3dlrfm1jhyhrqlcc3d-nondet-demo,7,0vdbjpjnwzgq1gaamiq4slnh5564ilfh0rknj22ac5r97rllnq55,ok,1
demofast-seq,hermit,"run --tmp=/tmp --no-rcb-time --max-timeslice disabled --sequentialize-threads",/nix/store/wwmmkjqx22rqmbvwyzcizz9qzywvb85m-nondet-demo.drv,/nix/store/7kxgm6hs977djyzxm887b2c44k8hbv2k-nondet-demo,6,0wwlb5szq4v7q40366kxc20q2shcbh76v16askx1ha7prampksaj,ok,1
demofast10-run-no-namespace-no-rcb-time-max-timeslice-disabled,hermit,"run --no-namespace --no-rcb-time --max-timeslice disabled +setarch-R",/nix/store/07jd2gb54dw5z9fxnddcg9yfn95hfdx0-nondet-demo.drv,/nix/store/qfydx4mm8kx4qx3dlrfm1jhyhrqlcc3d-nondet-demo,8,1yj3qwqlgr7i5s1fqrl5a1aimdaynpx5dvirpb78y3q8pa6x8chd,ok,1
demofast-seq,hermit,"run --tmp=/tmp --no-rcb-time --max-timeslice disabled --sequentialize-threads",/nix/store/wwmmkjqx22rqmbvwyzcizz9qzywvb85m-nondet-demo.drv,/nix/store/7kxgm6hs977djyzxm887b2c44k8hbv2k-nondet-demo,7,0wwlb5szq4v7q40366kxc20q2shcbh76v16askx1ha7prampksaj,ok,1
demofast10-run-no-namespace-no-rcb-time-max-timeslice-disabled,hermit,"run --no-namespace --no-rcb-time --max-timeslice disabled +setarch-R",/nix/store/07jd2gb54dw5z9fxnddcg9yfn95hfdx0-nondet-demo.drv,/nix/store/qfydx4mm8kx4qx3dlrfm1jhyhrqlcc3d-nondet-demo,9,19y61jjy707r8g8amlss8ml0vvz4shrbqdk7l61352xqdanskcw8,ok,1
demofast-seq,hermit,"run --tmp=/tmp --no-rcb-time --max-timeslice disabled --sequentialize-threads",/nix/store/wwmmkjqx22rqmbvwyzcizz9qzywvb85m-nondet-demo.drv,/nix/store/7kxgm6hs977djyzxm887b2c44k8hbv2k-nondet-demo,8,0wwlb5szq4v7q40366kxc20q2shcbh76v16askx1ha7prampksaj,ok,2
demofast10-run-no-namespace-no-rcb-time-max-timeslice-disabled,hermit,"run --no-namespace --no-rcb-time --max-timeslice disabled +setarch-R",/nix/store/07jd2gb54dw5z9fxnddcg9yfn95hfdx0-nondet-demo.drv,/nix/store/qfydx4mm8kx4qx3dlrfm1jhyhrqlcc3d-nondet-demo,10,14qji5hwgiqfsciz99kd7x4s0ljw9swvdlak9ghkm790dv3jrp1v,ok,1
demofast-seq,hermit,"run --tmp=/tmp --no-rcb-time --max-timeslice disabled --sequentialize-threads",/nix/store/wwmmkjqx22rqmbvwyzcizz9qzywvb85m-nondet-demo.drv,/nix/store/7kxgm6hs977djyzxm887b2c44k8hbv2k-nondet-demo,9,1l7h865j0qb3w82q51irw43lxw93rggz373ij6hmcdn9dcjx4pfn,ok,1
n20-nondet-demo-fast,native,"native",/nix/store/8hk24bav45fd4mlwl6xqw87fawjidpw4-nondet-demo.drv,/nix/store/y702qvkk1smx6b0dqnw8zv5k9sbrjw81-nondet-demo,1,0dwimqajc1s841lisbmw3x84pwhknvxncqs09r9y55jg6k5jz9ii,ok,0
n20-nondet-demo-fast,native,"native",/nix/store/8hk24bav45fd4mlwl6xqw87fawjidpw4-nondet-demo.drv,/nix/store/y702qvkk1smx6b0dqnw8zv5k9sbrjw81-nondet-demo,2,09nag549ym44npvq960ffyhjcdlqrs059nkw11n63nz0zwp4i38p,ok,0
demofast-seq,hermit,"run --tmp=/tmp --no-rcb-time --max-timeslice disabled --sequentialize-threads",/nix/store/wwmmkjqx22rqmbvwyzcizz9qzywvb85m-nondet-demo.drv,/nix/store/7kxgm6hs977djyzxm887b2c44k8hbv2k-nondet-demo,10,0wwlb5szq4v7q40366kxc20q2shcbh76v16askx1ha7prampksaj,ok,1
n20-nondet-demo-fast,native,"native",/nix/store/8hk24bav45fd4mlwl6xqw87fawjidpw4-nondet-demo.drv,/nix/store/y702qvkk1smx6b0dqnw8zv5k9sbrjw81-nondet-demo,3,17smmrik7cjbrj4b0vfpx42fbxx13w2cyisiixbws5qnlb4pd7wn,ok,1
n20-nondet-demo-fast,native,"native",/nix/store/8hk24bav45fd4mlwl6xqw87fawjidpw4-nondet-demo.drv,/nix/store/y702qvkk1smx6b0dqnw8zv5k9sbrjw81-nondet-demo,4,1jzpcbdmy1pwm275c3naaqdkw32l8hzwvpwwqjbdmws8p5n819xi,ok,0
demofast-tts,hermit,"run --tmp=/tmp --no-rcb-time --max-timeslice disabled --target-timeslice 1000000000",/nix/store/qhynl8b4d7yjq1fqlfk5zj49n085yzz8-nondet-demo.drv,/nix/store/v1zw0ig4ax415gj7nfa8yrisf6zkvfb5-nondet-demo,1,07cc20yswgwx7m0647zgpaq68zb9wl0g2s4crkhhbl3wvpjizlid,ok,1
n20-nondet-demo-fast,native,"native",/nix/store/8hk24bav45fd4mlwl6xqw87fawjidpw4-nondet-demo.drv,/nix/store/y702qvkk1smx6b0dqnw8zv5k9sbrjw81-nondet-demo,5,1zc243zj3kvwyxikl9dd30h8vg8dx1dvm356g5xfk54k2i848dzm,ok,0
n20-nondet-demo-fast,native,"native",/nix/store/8hk24bav45fd4mlwl6xqw87fawjidpw4-nondet-demo.drv,/nix/store/y702qvkk1smx6b0dqnw8zv5k9sbrjw81-nondet-demo,6,1h34bww51rrwd56w9za2kn1hk7w4w2k569zhnyzpf3xfrr0dslbm,ok,0
demofast-tts,hermit,"run --tmp=/tmp --no-rcb-time --max-timeslice disabled --target-timeslice 1000000000",/nix/store/qhynl8b4d7yjq1fqlfk5zj49n085yzz8-nondet-demo.drv,/nix/store/v1zw0ig4ax415gj7nfa8yrisf6zkvfb5-nondet-demo,2,07cc20yswgwx7m0647zgpaq68zb9wl0g2s4crkhhbl3wvpjizlid,ok,1
n20-nondet-demo-fast,native,"native",/nix/store/8hk24bav45fd4mlwl6xqw87fawjidpw4-nondet-demo.drv,/nix/store/y702qvkk1smx6b0dqnw8zv5k9sbrjw81-nondet-demo,7,0y9hxsan739pikxplg98b0csrrxmci0b5kca95g6mqx7dqvvpa76,ok,0
n20-nondet-demo-fast,native,"native",/nix/store/8hk24bav45fd4mlwl6xqw87fawjidpw4-nondet-demo.drv,/nix/store/y702qvkk1smx6b0dqnw8zv5k9sbrjw81-nondet-demo,8,0gris50dpcnmkds2901xpndayhbma2d5cs68lzg6gr28d4nk64y0,ok,0
demofast-tts,hermit,"run --tmp=/tmp --no-rcb-time --max-timeslice disabled --target-timeslice 1000000000",/nix/store/qhynl8b4d7yjq1fqlfk5zj49n085yzz8-nondet-demo.drv,/nix/store/v1zw0ig4ax415gj7nfa8yrisf6zkvfb5-nondet-demo,3,1b9gjjkf6krvshjpnqfamf5v4lr1xagpns6l2ws1y8pxmrdsa5w2,ok,1
n20-nondet-demo-fast,native,"native",/nix/store/8hk24bav45fd4mlwl6xqw87fawjidpw4-nondet-demo.drv,/nix/store/y702qvkk1smx6b0dqnw8zv5k9sbrjw81-nondet-demo,9,16w30sd2hjyf2ab8ipxarhgaqxl4a5d178ca0pbb1aykxf9gwp5d,ok,0
n20-nondet-demo-fast,native,"native",/nix/store/8hk24bav45fd4mlwl6xqw87fawjidpw4-nondet-demo.drv,/nix/store/y702qvkk1smx6b0dqnw8zv5k9sbrjw81-nondet-demo,10,1xk4bhyfsmnvkcj93pssq1ndcilc3j8dvwfh0cmjj5bq3d123n2s,ok,0
demofast-tts,hermit,"run --tmp=/tmp --no-rcb-time --max-timeslice disabled --target-timeslice 1000000000",/nix/store/qhynl8b4d7yjq1fqlfk5zj49n085yzz8-nondet-demo.drv,/nix/store/v1zw0ig4ax415gj7nfa8yrisf6zkvfb5-nondet-demo,4,1b9gjjkf6krvshjpnqfamf5v4lr1xagpns6l2ws1y8pxmrdsa5w2,ok,1
n20-nondet-demo-fast,native,"native",/nix/store/8hk24bav45fd4mlwl6xqw87fawjidpw4-nondet-demo.drv,/nix/store/y702qvkk1smx6b0dqnw8zv5k9sbrjw81-nondet-demo,11,07blir77w1vzx4mhms8g2v4zp98cb752v4gx9fljrrj5zi0yvla7,ok,0
n20-nondet-demo-fast,native,"native",/nix/store/8hk24bav45fd4mlwl6xqw87fawjidpw4-nondet-demo.drv,/nix/store/y702qvkk1smx6b0dqnw8zv5k9sbrjw81-nondet-demo,12,03mgmqjxh5q1k0ga67xn0dybnm06blavrmwbkywc8g29wv0yvgnw,ok,0
demofast-tts,hermit,"run --tmp=/tmp --no-rcb-time --max-timeslice disabled --target-timeslice 1000000000",/nix/store/qhynl8b4d7yjq1fqlfk5zj49n085yzz8-nondet-demo.drv,/nix/store/v1zw0ig4ax415gj7nfa8yrisf6zkvfb5-nondet-demo,5,07cc20yswgwx7m0647zgpaq68zb9wl0g2s4crkhhbl3wvpjizlid,ok,1
n20-nondet-demo-fast,native,"native",/nix/store/8hk24bav45fd4mlwl6xqw87fawjidpw4-nondet-demo.drv,/nix/store/y702qvkk1smx6b0dqnw8zv5k9sbrjw81-nondet-demo,13,1cjn1agim6jw0yj9x92x3sismcyyrhk1v3s7zwnjha6l6vdy4bpj,ok,0
n20-nondet-demo-fast,native,"native",/nix/store/8hk24bav45fd4mlwl6xqw87fawjidpw4-nondet-demo.drv,/nix/store/y702qvkk1smx6b0dqnw8zv5k9sbrjw81-nondet-demo,14,0bzjnxc7nfbmjpyhyp6cx0nva55fz064fsmb1aggv6ndsvvm11rr,ok,0
demofast-tts,hermit,"run --tmp=/tmp --no-rcb-time --max-timeslice disabled --target-timeslice 1000000000",/nix/store/qhynl8b4d7yjq1fqlfk5zj49n085yzz8-nondet-demo.drv,/nix/store/v1zw0ig4ax415gj7nfa8yrisf6zkvfb5-nondet-demo,6,07cc20yswgwx7m0647zgpaq68zb9wl0g2s4crkhhbl3wvpjizlid,ok,1
n20-nondet-demo-fast,native,"native",/nix/store/8hk24bav45fd4mlwl6xqw87fawjidpw4-nondet-demo.drv,/nix/store/y702qvkk1smx6b0dqnw8zv5k9sbrjw81-nondet-demo,15,1qmz47z2b0bihr5hi051kjq7nlwzqa9jds0dwqyfqm15mq4f4bin,ok,0
n20-nondet-demo-fast,native,"native",/nix/store/8hk24bav45fd4mlwl6xqw87fawjidpw4-nondet-demo.drv,/nix/store/y702qvkk1smx6b0dqnw8zv5k9sbrjw81-nondet-demo,16,1xnpyb1zi2dncisy99i0hfhaffp0my4dhpq7z887nfzi18jwhnvy,ok,0
demofast-tts,hermit,"run --tmp=/tmp --no-rcb-time --max-timeslice disabled --target-timeslice 1000000000",/nix/store/qhynl8b4d7yjq1fqlfk5zj49n085yzz8-nondet-demo.drv,/nix/store/v1zw0ig4ax415gj7nfa8yrisf6zkvfb5-nondet-demo,7,07cc20yswgwx7m0647zgpaq68zb9wl0g2s4crkhhbl3wvpjizlid,ok,1
n20-nondet-demo-fast,native,"native",/nix/store/8hk24bav45fd4mlwl6xqw87fawjidpw4-nondet-demo.drv,/nix/store/y702qvkk1smx6b0dqnw8zv5k9sbrjw81-nondet-demo,17,0bl873zdjk1lxgw6sqh6p24f6j5ffzbk2vsix8nfzmiwbgphjw7c,ok,0
n20-nondet-demo-fast,native,"native",/nix/store/8hk24bav45fd4mlwl6xqw87fawjidpw4-nondet-demo.drv,/nix/store/y702qvkk1smx6b0dqnw8zv5k9sbrjw81-nondet-demo,18,19q7jf4n3yn4ln3ca174qari1isydb3sfxwkikbi2fbnsy86cw7b,ok,1
demofast-tts,hermit,"run --tmp=/tmp --no-rcb-time --max-timeslice disabled --target-timeslice 1000000000",/nix/store/qhynl8b4d7yjq1fqlfk5zj49n085yzz8-nondet-demo.drv,/nix/store/v1zw0ig4ax415gj7nfa8yrisf6zkvfb5-nondet-demo,8,07cc20yswgwx7m0647zgpaq68zb9wl0g2s4crkhhbl3wvpjizlid,ok,1
n20-nondet-demo-fast,native,"native",/nix/store/8hk24bav45fd4mlwl6xqw87fawjidpw4-nondet-demo.drv,/nix/store/y702qvkk1smx6b0dqnw8zv5k9sbrjw81-nondet-demo,19,0fyy0jlrgnjxydvqvwcmk3ki3grc8jcdzx0iq7xp5zw1fz1xnd9j,ok,0
n20-nondet-demo-fast,native,"native",/nix/store/8hk24bav45fd4mlwl6xqw87fawjidpw4-nondet-demo.drv,/nix/store/y702qvkk1smx6b0dqnw8zv5k9sbrjw81-nondet-demo,20,13i756kkh2avfj2wvfzhnhns3q92j0q5i2rzz6yw2lm3c9y7nxq0,ok,1
demofast-tts,hermit,"run --tmp=/tmp --no-rcb-time --max-timeslice disabled --target-timeslice 1000000000",/nix/store/qhynl8b4d7yjq1fqlfk5zj49n085yzz8-nondet-demo.drv,/nix/store/v1zw0ig4ax415gj7nfa8yrisf6zkvfb5-nondet-demo,9,07cc20yswgwx7m0647zgpaq68zb9wl0g2s4crkhhbl3wvpjizlid,ok,1
demofast-tts,hermit,"run --tmp=/tmp --no-rcb-time --max-timeslice disabled --target-timeslice 1000000000",/nix/store/qhynl8b4d7yjq1fqlfk5zj49n085yzz8-nondet-demo.drv,/nix/store/v1zw0ig4ax415gj7nfa8yrisf6zkvfb5-nondet-demo,10,07cc20yswgwx7m0647zgpaq68zb9wl0g2s4crkhhbl3wvpjizlid,ok,1
n20-nondet-demo-fast,hermit,"run --tmp=/tmp --no-rcb-time --max-timeslice disabled",/nix/store/a9rdw63mxl57glmrpw2abkny0lbvas77-nondet-demo.drv,/nix/store/4za0gqmiai5rlaic0dlvcajwsgs77c3c-nondet-demo,1,0wwlb5szq4v7q40366kxc20q2shcbh76v16askx1ha7prampksaj,ok,1
n20-nondet-demo-fast,hermit,"run --tmp=/tmp --no-rcb-time --max-timeslice disabled",/nix/store/a9rdw63mxl57glmrpw2abkny0lbvas77-nondet-demo.drv,/nix/store/4za0gqmiai5rlaic0dlvcajwsgs77c3c-nondet-demo,2,1l7h865j0qb3w82q51irw43lxw93rggz373ij6hmcdn9dcjx4pfn,ok,1
n20-nondet-demo-fast,hermit,"run --tmp=/tmp --no-rcb-time --max-timeslice disabled",/nix/store/a9rdw63mxl57glmrpw2abkny0lbvas77-nondet-demo.drv,/nix/store/4za0gqmiai5rlaic0dlvcajwsgs77c3c-nondet-demo,3,1l7h865j0qb3w82q51irw43lxw93rggz373ij6hmcdn9dcjx4pfn,ok,1
n20-nondet-demo-fast,hermit,"run --tmp=/tmp --no-rcb-time --max-timeslice disabled",/nix/store/a9rdw63mxl57glmrpw2abkny0lbvas77-nondet-demo.drv,/nix/store/4za0gqmiai5rlaic0dlvcajwsgs77c3c-nondet-demo,4,0wwlb5szq4v7q40366kxc20q2shcbh76v16askx1ha7prampksaj,ok,1
n20-nondet-demo-fast,hermit,"run --tmp=/tmp --no-rcb-time --max-timeslice disabled",/nix/store/a9rdw63mxl57glmrpw2abkny0lbvas77-nondet-demo.drv,/nix/store/4za0gqmiai5rlaic0dlvcajwsgs77c3c-nondet-demo,5,0wwlb5szq4v7q40366kxc20q2shcbh76v16askx1ha7prampksaj,ok,2
n20-nondet-demo-fast,hermit,"run --tmp=/tmp --no-rcb-time --max-timeslice disabled",/nix/store/a9rdw63mxl57glmrpw2abkny0lbvas77-nondet-demo.drv,/nix/store/4za0gqmiai5rlaic0dlvcajwsgs77c3c-nondet-demo,6,1l7h865j0qb3w82q51irw43lxw93rggz373ij6hmcdn9dcjx4pfn,ok,1
n20-nondet-demo-fast,hermit,"run --tmp=/tmp --no-rcb-time --max-timeslice disabled",/nix/store/a9rdw63mxl57glmrpw2abkny0lbvas77-nondet-demo.drv,/nix/store/4za0gqmiai5rlaic0dlvcajwsgs77c3c-nondet-demo,7,0wwlb5szq4v7q40366kxc20q2shcbh76v16askx1ha7prampksaj,ok,1
n20-nondet-demo-fast,hermit,"run --tmp=/tmp --no-rcb-time --max-timeslice disabled",/nix/store/a9rdw63mxl57glmrpw2abkny0lbvas77-nondet-demo.drv,/nix/store/4za0gqmiai5rlaic0dlvcajwsgs77c3c-nondet-demo,8,0wwlb5szq4v7q40366kxc20q2shcbh76v16askx1ha7prampksaj,ok,1
n20-nondet-demo-fast,hermit,"run --tmp=/tmp --no-rcb-time --max-timeslice disabled",/nix/store/a9rdw63mxl57glmrpw2abkny0lbvas77-nondet-demo.drv,/nix/store/4za0gqmiai5rlaic0dlvcajwsgs77c3c-nondet-demo,9,0wwlb5szq4v7q40366kxc20q2shcbh76v16askx1ha7prampksaj,ok,1
n20-nondet-demo-fast,hermit,"run --tmp=/tmp --no-rcb-time --max-timeslice disabled",/nix/store/a9rdw63mxl57glmrpw2abkny0lbvas77-nondet-demo.drv,/nix/store/4za0gqmiai5rlaic0dlvcajwsgs77c3c-nondet-demo,10,0wwlb5szq4v7q40366kxc20q2shcbh76v16askx1ha7prampksaj,ok,2
n20-nondet-demo-fast,hermit,"run --tmp=/tmp --no-rcb-time --max-timeslice disabled",/nix/store/a9rdw63mxl57glmrpw2abkny0lbvas77-nondet-demo.drv,/nix/store/4za0gqmiai5rlaic0dlvcajwsgs77c3c-nondet-demo,11,0wwlb5szq4v7q40366kxc20q2shcbh76v16askx1ha7prampksaj,ok,1
n20-nondet-demo-fast,hermit,"run --tmp=/tmp --no-rcb-time --max-timeslice disabled",/nix/store/a9rdw63mxl57glmrpw2abkny0lbvas77-nondet-demo.drv,/nix/store/4za0gqmiai5rlaic0dlvcajwsgs77c3c-nondet-demo,12,0wwlb5szq4v7q40366kxc20q2shcbh76v16askx1ha7prampksaj,ok,1
n20-nondet-demo-fast,hermit,"run --tmp=/tmp --no-rcb-time --max-timeslice disabled",/nix/store/a9rdw63mxl57glmrpw2abkny0lbvas77-nondet-demo.drv,/nix/store/4za0gqmiai5rlaic0dlvcajwsgs77c3c-nondet-demo,13,0wwlb5szq4v7q40366kxc20q2shcbh76v16askx1ha7prampksaj,ok,1
n20-nondet-demo-fast,hermit,"run --tmp=/tmp --no-rcb-time --max-timeslice disabled",/nix/store/a9rdw63mxl57glmrpw2abkny0lbvas77-nondet-demo.drv,/nix/store/4za0gqmiai5rlaic0dlvcajwsgs77c3c-nondet-demo,14,0wwlb5szq4v7q40366kxc20q2shcbh76v16askx1ha7prampksaj,ok,1
n20-nondet-demo-fast,hermit,"run --tmp=/tmp --no-rcb-time --max-timeslice disabled",/nix/store/a9rdw63mxl57glmrpw2abkny0lbvas77-nondet-demo.drv,/nix/store/4za0gqmiai5rlaic0dlvcajwsgs77c3c-nondet-demo,15,0wwlb5szq4v7q40366kxc20q2shcbh76v16askx1ha7prampksaj,ok,1
n20-nondet-demo-fast,hermit,"run --tmp=/tmp --no-rcb-time --max-timeslice disabled",/nix/store/a9rdw63mxl57glmrpw2abkny0lbvas77-nondet-demo.drv,/nix/store/4za0gqmiai5rlaic0dlvcajwsgs77c3c-nondet-demo,16,0wwlb5szq4v7q40366kxc20q2shcbh76v16askx1ha7prampksaj,ok,1
n20-nondet-demo-fast,hermit,"run --tmp=/tmp --no-rcb-time --max-timeslice disabled",/nix/store/a9rdw63mxl57glmrpw2abkny0lbvas77-nondet-demo.drv,/nix/store/4za0gqmiai5rlaic0dlvcajwsgs77c3c-nondet-demo,17,1l7h865j0qb3w82q51irw43lxw93rggz373ij6hmcdn9dcjx4pfn,ok,1
n20-nondet-demo-fast,hermit,"run --tmp=/tmp --no-rcb-time --max-timeslice disabled",/nix/store/a9rdw63mxl57glmrpw2abkny0lbvas77-nondet-demo.drv,/nix/store/4za0gqmiai5rlaic0dlvcajwsgs77c3c-nondet-demo,18,1l7h865j0qb3w82q51irw43lxw93rggz373ij6hmcdn9dcjx4pfn,ok,1
n20-nondet-demo-fast,hermit,"run --tmp=/tmp --no-rcb-time --max-timeslice disabled",/nix/store/a9rdw63mxl57glmrpw2abkny0lbvas77-nondet-demo.drv,/nix/store/4za0gqmiai5rlaic0dlvcajwsgs77c3c-nondet-demo,19,1l7h865j0qb3w82q51irw43lxw93rggz373ij6hmcdn9dcjx4pfn,ok,1
n20-nondet-demo-fast,hermit,"run --tmp=/tmp --no-rcb-time --max-timeslice disabled",/nix/store/a9rdw63mxl57glmrpw2abkny0lbvas77-nondet-demo.drv,/nix/store/4za0gqmiai5rlaic0dlvcajwsgs77c3c-nondet-demo,20,0wwlb5szq4v7q40366kxc20q2shcbh76v16askx1ha7prampksaj,ok,1
n20-nondet-seconds,native,"native",/nix/store/d5hjy2ka55hnrxn173fppg315l7q8cg4-nondet-seconds.drv,/nix/store/p2b9prkrh32gxqp8ix2kx2knmmsckxv1-nondet-seconds,1,0z0qx4cyqdi8pwzzvv9yq7qz8xnk2mzjnk0ab1fyc5h912dp8yq8,ok,0
n20-nondet-seconds,native,"native",/nix/store/d5hjy2ka55hnrxn173fppg315l7q8cg4-nondet-seconds.drv,/nix/store/p2b9prkrh32gxqp8ix2kx2knmmsckxv1-nondet-seconds,2,18z1nrhksb6cy0yp5wacs0rfk7v0fhn8b5zr4h6y3hmwyj7z0sdm,ok,1
n20-nondet-seconds,native,"native",/nix/store/d5hjy2ka55hnrxn173fppg315l7q8cg4-nondet-seconds.drv,/nix/store/p2b9prkrh32gxqp8ix2kx2knmmsckxv1-nondet-seconds,3,18z1nrhksb6cy0yp5wacs0rfk7v0fhn8b5zr4h6y3hmwyj7z0sdm,ok,0
n20-nondet-seconds,native,"native",/nix/store/d5hjy2ka55hnrxn173fppg315l7q8cg4-nondet-seconds.drv,/nix/store/p2b9prkrh32gxqp8ix2kx2knmmsckxv1-nondet-seconds,4,1y39pdknxv29ln7isvxwcsw0c8wbwylk241gpb4mjm2akksihbzf,ok,0
n20-nondet-seconds,native,"native",/nix/store/d5hjy2ka55hnrxn173fppg315l7q8cg4-nondet-seconds.drv,/nix/store/p2b9prkrh32gxqp8ix2kx2knmmsckxv1-nondet-seconds,5,1cci0mk9s64s6rwgq6mg631v8nziqnbi0d959jparadl29nqadwk,ok,0
n20-nondet-seconds,native,"native",/nix/store/d5hjy2ka55hnrxn173fppg315l7q8cg4-nondet-seconds.drv,/nix/store/p2b9prkrh32gxqp8ix2kx2knmmsckxv1-nondet-seconds,6,1ibvz8l48z6p6g982lxpbdpkd3jy71maswqbyqzjf4f78i71a9yi,ok,0
n20-nondet-seconds,native,"native",/nix/store/d5hjy2ka55hnrxn173fppg315l7q8cg4-nondet-seconds.drv,/nix/store/p2b9prkrh32gxqp8ix2kx2knmmsckxv1-nondet-seconds,7,03hvssabp0m07z2lh5cjnwkyyy07lr3cqpqsvb7s6hq90ys1flq4,ok,1
n20-nondet-seconds,native,"native",/nix/store/d5hjy2ka55hnrxn173fppg315l7q8cg4-nondet-seconds.drv,/nix/store/p2b9prkrh32gxqp8ix2kx2knmmsckxv1-nondet-seconds,8,03hvssabp0m07z2lh5cjnwkyyy07lr3cqpqsvb7s6hq90ys1flq4,ok,0
n20-nondet-seconds,native,"native",/nix/store/d5hjy2ka55hnrxn173fppg315l7q8cg4-nondet-seconds.drv,/nix/store/p2b9prkrh32gxqp8ix2kx2knmmsckxv1-nondet-seconds,9,0as1pdld6f0j4ysiycsp4h3n0kcj2d07cz53f5791imsjnvyhrhr,ok,0
n20-nondet-seconds,native,"native",/nix/store/d5hjy2ka55hnrxn173fppg315l7q8cg4-nondet-seconds.drv,/nix/store/p2b9prkrh32gxqp8ix2kx2knmmsckxv1-nondet-seconds,10,1cs03svcziy51sdh0zcc6g7jn5idw7k0wpgg1rmdr2fvx8wj2shv,ok,0
n20-nondet-seconds,native,"native",/nix/store/d5hjy2ka55hnrxn173fppg315l7q8cg4-nondet-seconds.drv,/nix/store/p2b9prkrh32gxqp8ix2kx2knmmsckxv1-nondet-seconds,11,01qzqmwbw82819gv3ik5fcfwx5rxm59n5w5xqsj4ni8wyw7p8sx5,ok,0
n20-nondet-seconds,native,"native",/nix/store/d5hjy2ka55hnrxn173fppg315l7q8cg4-nondet-seconds.drv,/nix/store/p2b9prkrh32gxqp8ix2kx2knmmsckxv1-nondet-seconds,12,1h6yk37w27j1kabvk2fz2i67afwqs0x8l7dld9438rvcc8x8fiy4,ok,0
n20-nondet-seconds,native,"native",/nix/store/d5hjy2ka55hnrxn173fppg315l7q8cg4-nondet-seconds.drv,/nix/store/p2b9prkrh32gxqp8ix2kx2knmmsckxv1-nondet-seconds,13,147jyld9zlj91c6a877g388bgfv548yprrji4msm6im9fykjbgrr,ok,1
n20-nondet-seconds,native,"native",/nix/store/d5hjy2ka55hnrxn173fppg315l7q8cg4-nondet-seconds.drv,/nix/store/p2b9prkrh32gxqp8ix2kx2knmmsckxv1-nondet-seconds,14,147jyld9zlj91c6a877g388bgfv548yprrji4msm6im9fykjbgrr,ok,0
n20-nondet-seconds,native,"native",/nix/store/d5hjy2ka55hnrxn173fppg315l7q8cg4-nondet-seconds.drv,/nix/store/p2b9prkrh32gxqp8ix2kx2knmmsckxv1-nondet-seconds,15,0fr8k6fcqvnk2b9g768gy0mgjp20icxsjf3ggrqzx98hh6i0x3cq,ok,0
n20-nondet-seconds,native,"native",/nix/store/d5hjy2ka55hnrxn173fppg315l7q8cg4-nondet-seconds.drv,/nix/store/p2b9prkrh32gxqp8ix2kx2knmmsckxv1-nondet-seconds,16,1fa73jcq80d6vqjcrnrzc0mwlkma6jascb22cka1466j73vzgjrg,ok,0
n20-nondet-seconds,native,"native",/nix/store/d5hjy2ka55hnrxn173fppg315l7q8cg4-nondet-seconds.drv,/nix/store/p2b9prkrh32gxqp8ix2kx2knmmsckxv1-nondet-seconds,17,1lyxhyw5hz723imcjlikil4845szhgyy4wswr6mby1gajld0ggax,ok,0
n20-nondet-seconds,native,"native",/nix/store/d5hjy2ka55hnrxn173fppg315l7q8cg4-nondet-seconds.drv,/nix/store/p2b9prkrh32gxqp8ix2kx2knmmsckxv1-nondet-seconds,18,1y3lij81nkh73m95p0akjapwjgja3kh7gwmib885yi1b7rrlzj31,ok,0
n20-nondet-seconds,native,"native",/nix/store/d5hjy2ka55hnrxn173fppg315l7q8cg4-nondet-seconds.drv,/nix/store/p2b9prkrh32gxqp8ix2kx2knmmsckxv1-nondet-seconds,19,03b5gpf7id9j0zwrxyqz6fyw42zakw9mhc593bnsqccsxqwq6cwa,ok,0
n20-nondet-seconds,native,"native",/nix/store/d5hjy2ka55hnrxn173fppg315l7q8cg4-nondet-seconds.drv,/nix/store/p2b9prkrh32gxqp8ix2kx2knmmsckxv1-nondet-seconds,20,03b5gpf7id9j0zwrxyqz6fyw42zakw9mhc593bnsqccsxqwq6cwa,ok,1
n20-nondet-seconds,hermit,"run --tmp=/tmp --no-rcb-time --max-timeslice disabled",/nix/store/2szz2b050n9z07aqjcqf90g06jv7dwsl-nondet-seconds.drv,/nix/store/6s0s7rmvdiv7bwbwj451j40qxg3n68yi-nondet-seconds,1,1hbrb115920np9f6i7ys5932grg4vz0gihll711pvzciq4rivm97,ok,1
n20-nondet-seconds,hermit,"run --tmp=/tmp --no-rcb-time --max-timeslice disabled",/nix/store/2szz2b050n9z07aqjcqf90g06jv7dwsl-nondet-seconds.drv,/nix/store/6s0s7rmvdiv7bwbwj451j40qxg3n68yi-nondet-seconds,2,1hbrb115920np9f6i7ys5932grg4vz0gihll711pvzciq4rivm97,ok,1
n20-nondet-seconds,hermit,"run --tmp=/tmp --no-rcb-time --max-timeslice disabled",/nix/store/2szz2b050n9z07aqjcqf90g06jv7dwsl-nondet-seconds.drv,/nix/store/6s0s7rmvdiv7bwbwj451j40qxg3n68yi-nondet-seconds,3,1hbrb115920np9f6i7ys5932grg4vz0gihll711pvzciq4rivm97,ok,1
n20-nondet-seconds,hermit,"run --tmp=/tmp --no-rcb-time --max-timeslice disabled",/nix/store/2szz2b050n9z07aqjcqf90g06jv7dwsl-nondet-seconds.drv,/nix/store/6s0s7rmvdiv7bwbwj451j40qxg3n68yi-nondet-seconds,4,1hbrb115920np9f6i7ys5932grg4vz0gihll711pvzciq4rivm97,ok,1
n20-nondet-seconds,hermit,"run --tmp=/tmp --no-rcb-time --max-timeslice disabled",/nix/store/2szz2b050n9z07aqjcqf90g06jv7dwsl-nondet-seconds.drv,/nix/store/6s0s7rmvdiv7bwbwj451j40qxg3n68yi-nondet-seconds,5,1hbrb115920np9f6i7ys5932grg4vz0gihll711pvzciq4rivm97,ok,1
n20-nondet-seconds,hermit,"run --tmp=/tmp --no-rcb-time --max-timeslice disabled",/nix/store/2szz2b050n9z07aqjcqf90g06jv7dwsl-nondet-seconds.drv,/nix/store/6s0s7rmvdiv7bwbwj451j40qxg3n68yi-nondet-seconds,6,1hbrb115920np9f6i7ys5932grg4vz0gihll711pvzciq4rivm97,ok,1
n20-nondet-seconds,hermit,"run --tmp=/tmp --no-rcb-time --max-timeslice disabled",/nix/store/2szz2b050n9z07aqjcqf90g06jv7dwsl-nondet-seconds.drv,/nix/store/6s0s7rmvdiv7bwbwj451j40qxg3n68yi-nondet-seconds,7,1hbrb115920np9f6i7ys5932grg4vz0gihll711pvzciq4rivm97,ok,1
n20-nondet-seconds,hermit,"run --tmp=/tmp --no-rcb-time --max-timeslice disabled",/nix/store/2szz2b050n9z07aqjcqf90g06jv7dwsl-nondet-seconds.drv,/nix/store/6s0s7rmvdiv7bwbwj451j40qxg3n68yi-nondet-seconds,8,1hbrb115920np9f6i7ys5932grg4vz0gihll711pvzciq4rivm97,ok,2
n20-nondet-seconds,hermit,"run --tmp=/tmp --no-rcb-time --max-timeslice disabled",/nix/store/2szz2b050n9z07aqjcqf90g06jv7dwsl-nondet-seconds.drv,/nix/store/6s0s7rmvdiv7bwbwj451j40qxg3n68yi-nondet-seconds,9,1hbrb115920np9f6i7ys5932grg4vz0gihll711pvzciq4rivm97,ok,1
n20-nondet-seconds,hermit,"run --tmp=/tmp --no-rcb-time --max-timeslice disabled",/nix/store/2szz2b050n9z07aqjcqf90g06jv7dwsl-nondet-seconds.drv,/nix/store/6s0s7rmvdiv7bwbwj451j40qxg3n68yi-nondet-seconds,10,1hbrb115920np9f6i7ys5932grg4vz0gihll711pvzciq4rivm97,ok,1
n20-nondet-seconds,hermit,"run --tmp=/tmp --no-rcb-time --max-timeslice disabled",/nix/store/2szz2b050n9z07aqjcqf90g06jv7dwsl-nondet-seconds.drv,/nix/store/6s0s7rmvdiv7bwbwj451j40qxg3n68yi-nondet-seconds,11,1hbrb115920np9f6i7ys5932grg4vz0gihll711pvzciq4rivm97,ok,1
n20-nondet-seconds,hermit,"run --tmp=/tmp --no-rcb-time --max-timeslice disabled",/nix/store/2szz2b050n9z07aqjcqf90g06jv7dwsl-nondet-seconds.drv,/nix/store/6s0s7rmvdiv7bwbwj451j40qxg3n68yi-nondet-seconds,12,1hbrb115920np9f6i7ys5932grg4vz0gihll711pvzciq4rivm97,ok,1
n20-nondet-seconds,hermit,"run --tmp=/tmp --no-rcb-time --max-timeslice disabled",/nix/store/2szz2b050n9z07aqjcqf90g06jv7dwsl-nondet-seconds.drv,/nix/store/6s0s7rmvdiv7bwbwj451j40qxg3n68yi-nondet-seconds,13,1hbrb115920np9f6i7ys5932grg4vz0gihll711pvzciq4rivm97,ok,1
n20-nondet-seconds,hermit,"run --tmp=/tmp --no-rcb-time --max-timeslice disabled",/nix/store/2szz2b050n9z07aqjcqf90g06jv7dwsl-nondet-seconds.drv,/nix/store/6s0s7rmvdiv7bwbwj451j40qxg3n68yi-nondet-seconds,14,1hbrb115920np9f6i7ys5932grg4vz0gihll711pvzciq4rivm97,ok,1
n20-nondet-seconds,hermit,"run --tmp=/tmp --no-rcb-time --max-timeslice disabled",/nix/store/2szz2b050n9z07aqjcqf90g06jv7dwsl-nondet-seconds.drv,/nix/store/6s0s7rmvdiv7bwbwj451j40qxg3n68yi-nondet-seconds,15,1hbrb115920np9f6i7ys5932grg4vz0gihll711pvzciq4rivm97,ok,2
n20-nondet-seconds,hermit,"run --tmp=/tmp --no-rcb-time --max-timeslice disabled",/nix/store/2szz2b050n9z07aqjcqf90g06jv7dwsl-nondet-seconds.drv,/nix/store/6s0s7rmvdiv7bwbwj451j40qxg3n68yi-nondet-seconds,16,1hbrb115920np9f6i7ys5932grg4vz0gihll711pvzciq4rivm97,ok,1
n20-nondet-seconds,hermit,"run --tmp=/tmp --no-rcb-time --max-timeslice disabled",/nix/store/2szz2b050n9z07aqjcqf90g06jv7dwsl-nondet-seconds.drv,/nix/store/6s0s7rmvdiv7bwbwj451j40qxg3n68yi-nondet-seconds,17,1hbrb115920np9f6i7ys5932grg4vz0gihll711pvzciq4rivm97,ok,1
n20-nondet-seconds,hermit,"run --tmp=/tmp --no-rcb-time --max-timeslice disabled",/nix/store/2szz2b050n9z07aqjcqf90g06jv7dwsl-nondet-seconds.drv,/nix/store/6s0s7rmvdiv7bwbwj451j40qxg3n68yi-nondet-seconds,18,1hbrb115920np9f6i7ys5932grg4vz0gihll711pvzciq4rivm97,ok,1
n20-nondet-seconds,hermit,"run --tmp=/tmp --no-rcb-time --max-timeslice disabled",/nix/store/2szz2b050n9z07aqjcqf90g06jv7dwsl-nondet-seconds.drv,/nix/store/6s0s7rmvdiv7bwbwj451j40qxg3n68yi-nondet-seconds,19,1hbrb115920np9f6i7ys5932grg4vz0gihll711pvzciq4rivm97,ok,1
n20-nondet-seconds,hermit,"run --tmp=/tmp --no-rcb-time --max-timeslice disabled",/nix/store/2szz2b050n9z07aqjcqf90g06jv7dwsl-nondet-seconds.drv,/nix/store/6s0s7rmvdiv7bwbwj451j40qxg3n68yi-nondet-seconds,20,1hbrb115920np9f6i7ys5932grg4vz0gihll711pvzciq4rivm97,ok,1
